﻿,리뷰,메뉴
0,맛나게 잘먹었습니다~^^,순살뿌링클/1
1,뿌링클 가루도 넉넉히 뿌려져서 오고 무엇보다 치즈볼을 진짜 맛있게 조리하시네요 치즈가 굳거나 이런 거 없이 쫀득하게 잘 늘어나서 넘 맛있어요ㅜㅜ 다만 양념소스를 추가했는데 저녁시간이라 바쁘셨는지 추가한 소스가 빠진채로 왔네요ㅜㅜ 담부터는 이런 부분만 좀 더 신경써주셨으면 좋겠어요!!,"순살뿌링클/1,달콤바삭치즈볼/1,양념소스/1"
2,맛있어요 좋아요 맛있어요,뿌링클＋뿌링감자/1
3,마라칸치킨 조카가 먹고 싶어해서 주문했는데 향이 독특했는데 괜찮았어요,마라칸/1(추가메뉴(뿌링치즈볼))
4,뿌링클치킨과 뿌링클소떡 울 아들이 애정하는 치킨이라 자주 먹네요,뿌링클（제）/1(추가메뉴(뿌링소떡))
5,오랜만에 먹은 치하오라 맛있게 먹었어요 뿌링치즈볼은 처음 먹어봤는데 맛있더라고요^^,치하오＋뿌링치즈볼/1(추가메뉴(뿌링뿌링소스))
6,크으 역시 치킨 맛나게 잘만들어용 최애치킨캬캬,"후라이드 반／양념 반/1(추가메뉴(뿌링치즈볼)),미니콜팝/1"
7,식어도 맛있어요ㅋㅋㅋ전 뿌링소스없이 먹는게 더 맛있는것 같습니다,"뿌링클/1(추가메뉴(양념소스,치킨무)),달콤바삭치즈볼/1"
8,다른 지역 BHC를 이용해본 적이 없어서 비교가 불가능하지만 매번 만족하며 먹고 있어요! 엄청 바삭하구 맛있습니당 👍,"뿌링클/1,달콤바삭치즈볼/1"
9,뿌링클치즈볼 역시나 맛있습니다~~,뿌링치즈볼/4
10,뿌링클치킨 좋아하는 막둥이가 이번에 다이어트 도전하겠다고 하더니 치킨은 오늘만 먹겠다고ㅎ,뿌링클＋뿌링치즈볼（제）/1
11,50분 걸린다고 했는데 예상보다 빨리 왔어요.,"뿌링클/1(추가메뉴(뿌링소떡,빨간소떡))"
12,늘 맛있게 잘 먹고 있어요 감사해요,"치하오/1,달콤바삭치즈볼/1"
13,치하오 처음 먹었는데 맛있었어요~,치하오순살/1
14,정말맛있게잘먹었습니다~,"맛초킹（한마리）/1,순살바삭클/1"
15,마시썽용 ㅠㅠㅠㅠㅠ,뿌링클（제）/1(추가메뉴(빨간소떡))
16,울동네 bhc중 맛 상위권이네용 굳굳 맛초킹은 역시 밥이랑 먹으면 쩌러여 콜팝은 신랑 최애,"맛초킹（한마리）/1(추가메뉴(콜라1.25L¸)),미니콜팝/1"
17,튀김색깔도 좀 까맣고 배달도 느리고 서비스가 좋지 않음,"해바라기후라이드치킨/1(추가메뉴(커리딥소스,양념소스)),미니콜팝/1"
18,치즈볼 진짜 맛있네요~~^^ 마라칸은 처음인데 통후추가 강하네 느껴지네요~~ 원래 먹던 맛으로 시킬듯요~(개인취향) 언제나 잘 먹고있습니다~~,순살마라칸/1(추가메뉴(뿌링치즈볼))
19,맛있게 잘먹었습니다,순살뿌링클/1
20,따끈따끈하고 진짜 맛있었어요,"뿌링소떡/2,빨간소떡/2,뿌링치즈볼/2"
21,치즈볼은 역시 여기,후라이드＋뿌링치즈볼（제）/1
22,배송은 괜찮았구요 뿌링클 치킨맛은 항상 옳습니다ㅎ굿~^^,"뿌링클（제）/1(추가메뉴(뿌링치즈볼)),달콤바삭치즈볼/1"
23,배달 빠르고맛잇엇습니다,뿌링클＋치즈볼（제）/1(추가메뉴(양념소스))
24,좋아요 맛잇어요 최고에용,맛초킹＋치즈볼（제）/1
25,개꿀맛이였어요 다른 치킨집보다 더 깔끔하,순살뿌링클/1(추가메뉴(뿌링치즈볼))
26,2인분 같은 1인분 줘서 감사합니다,후라이드＋뿌링치즈볼（제）/1
27,BHC 최고!! 뿌링클 치즈볼은 사랑입니다❤️,맛초킹（한마리）/1(추가메뉴(뿌링치즈볼))
28,제가 잘못 선택했나봐요..;; 맛이 진찐 짜고 노맛이네요.. 하지만 다른 bhc는 거의 맛나요 마라칸이 저랑 안맞는듯..,순살마라칸（제）/1
29,"뿌링클 순살은 첨 먹어보는데, 순살이 뻑뻑살로만 돼있네요ㅠㅠ 치킨 너겟 먹는 느낌이라 별로였어요",순살뿌링클/1
30,행사해서 시간 많이 걸릴 줄 알았는데 20분도 채 안되어 배달해주셨어요~순살인데 약간 너겟같은 느낌이네요 암튼 따뜻한 상태로 받아서 맛있게 잘 먹었습니다~~,순살뿌링클/1(추가메뉴(치킨무))
31,치킨 여기아니면 안먹어요 친절하시고 맛있고 배달도 빨라요 ㅎ,"순살뿌링클/1,달콤바삭치즈볼/1,사이다1.25L¸/1"
32,배달 한시간정도 걸린다면서 한 40분도 안 걸린거 같습니다 감사합니다 잘 먹었어요,"뿌링클（제）/1,콜라500ml/1"
33,뿌링클은 언제나 맛있어요!!,순살뿌링클/1(추가메뉴(뿌링치즈볼))
34,뿌링시리즈 최고에요,"뿌링치즈스틱/1(추가메뉴(콜라500ml,뿌링뿌링소스,뿌링소떡,뿌링감자,뿌링치즈볼))"
35,커리퀸을 드세요 bhc는 커리퀸이죠,순살커리퀸/1
36,맛도 괜찮고 배달도 빨리 오긴 했는데 양이 넘 적네요...ㅠ 가격도 똑같은 체인점인데 왜 더 비싼지 모르겠네요? 뿌링클 소스 깜박하고 안넣어주셨는데 전화하니 다시 갖다주시긴 하셨어요...,"뿌링클HOT/1,달콤바삭치즈볼/1"
37,배달도 예상보다 빨리오고 맛있게잘먹었어요,순살뿌링클/1(추가메뉴(콜라1.25L¸))
38,맛있어용 배달 생각보다 일찍와서 좋았어용,뿌링클＋뿌링치즈볼（제）/1
39,기름기만 좀 더 제거되면 좋겠어요~ 다른 치킨들은 사실 짠 맛이 강해서 더 맛있다 느끼는건데 여긴 짜지 않아 좋았어요,후라이드＋빨간소떡（제）/1
40,오랜만에먹어서 맛있엇어요,"순살뿌링클/1(추가메뉴(뿌링뿌링소스,뿌링치즈볼))"
41,맛있어요ㅠㅠㅠ 배달도 빨랐어요!!,뿌링클（제）/2(추가메뉴(뿌링치즈볼))
42,"깔끔하고 단백한 맛이 너무좋았어요,",뿌링클다리（제）/1
43,마라치킨에 고추는 많이 매워요,마라칸＋뿌링치즈볼（제）/1(추가메뉴(콜라500ml))
44,맛있어요~또 먹고 싶어요~,소떡강정（제）/1(추가메뉴(뿌링소떡))
45,말이필요없어요 그냥 맛있어요,"뿌링클（제）/1,달콤바삭치즈볼/1"
46,역시 믿고 먹는 핫후라이드,핫후라이드＋뿌링미니콜팝（제）/1
47,"뿌링 하도 맛있다고 해서 시켰는데, 허니버터칩 맛남 ㅋ 맛있었는데 치즈는 이미테이션 치즈인것인가~?","뿌링클＋뿌링치즈볼（제）/1(추가메뉴(콜라1.25L¸,커리딥소스))"
48,맛있었어요 또 먹고 싶네여,"커리퀸/1(추가메뉴(커리딥소스,뿌링치즈볼))"
49,적당히 매콤하고 맛있어요. 다음에도 맥주랑 같이 먹고싶은 맛이네요^^,치하오순살/1
50,배달도 빠르고 맛도 최고입니다,순살뿌링클/1
51,뿌링클 거부할수 없는맛,뿌링클＋뿌링치즈볼（제）/1
52,맛있는데 매운거 못먹는이는 힘들듯.,"뿌링클HOT/1(추가메뉴(뿌링치즈볼)),뿌링치즈볼/1"
53,맛있어서 이틀 연속으로 주문했네요. 추천이요.,"순살뿌링클HOT/1,해바라기후라이드치킨（제）/1,뿌링치즈볼/4,생맥주1000cc/1"
54,빠른스피드로 배달 해주시네요!,순살뿌링클/1
55,추천받아 먹어본 메뉴예요 치즈볼이 따끈따끈 맛있었고요! 뿌링클 소스 자체가 진해서 질리는 맛인데 ㅋㅋ 소스랑 무 콜라 덕에 넘길 수 있었어요 ㅋㅋ 밥이랑 같이 먹으면 더 괜찮고요,뿌링클＋뿌링치즈볼（제）/1
56,겉은 바삭하고 속은 부드럽고 촉촉하며 맛은 고소해서 만족 합니다.,"해바라기후라이드치킨（제）/1,생맥주1000cc/1"
57,배달 빨라서 좋아요,"뿌링치즈볼/2(추가메뉴(뿌링뿌링소스)),생맥주1000cc/1"
58,맛있어요ㅠㅠㅠㅠㅠ,뿌링클（제）/1(추가메뉴(빨간소떡))
59,가격이 중요하겠지만 누구와 먹느냐도 중요하죠. 누나들과 이사 후 함께 먹는 치킨은 3만원 그 이상의 값어치를 했습니다. 빠른 배달 고맙습니다.,"순살뿌링클/1(추가메뉴(콜라1.25L¸,양념소스,치킨무,뿌링치즈볼))"
60,뿌링클 사랑해요 엉엉,뿌링클（제）/1(추가메뉴(빨간소떡))
61,따뜻하게 배달 잘되서 맛있게 먹었어요,"뿌링클＋뿌링치즈볼（제）/1,콜라500ml/1"
62,아..전지현에게 속았네요 맛없어요 그러나 주인분이 친절하시고 배달도 금방 되니 다른 치킨을 도전해보겠습니다,맛초킹＋뿌링치즈볼（제）/1
63,캔콜라가 안왔는데 별도 주문해야되나요,순살뿌링클/1
64,제가 여태 먹었던 BHC중에 최악이예요.. 할인하는날이라고 다른 닭을쓰는건지... 둘이서먹었는데도 배가 고프네요..;; 닭도 퍽퍽하고 튀김도 얇고.. 다시는 여기서 안시킬것같아요.,맛초킹（한마리）/1(추가메뉴(뿌링치즈볼))
65,배달시간도 적당하고 맛도 있네요,뿌링클（제）/1(추가메뉴(뿌링감자))
66,너무 맛나게 잘먹었습니다,"뿌링소떡/1(추가메뉴(콜라1.25L¸,뿌링뿌링소스,빨간소떡,뿌링감자,뿌링치즈볼))"
67,"바삭하지않고, 눅눅하면서 양념가루도 조금이네요..","뿌링빅콜팝/1(추가메뉴(뿌링뿌링소스,뿌링치즈볼))"
68,맛있습니다~^^ 밥반찬으로 최고에요~~,치하오순살/1
69,애들이 뿌링클을 너무 좋아해요^^,"순살뿌링클/1,케이준프라이/1"
70,배달도 예상보다 빨리오고 조앗어요 치즈볼도 처음 먹어봣는데 맛잇엇습니당,"뿌링클（제）/1,달콤바삭치즈볼/1"
71,진짜 정말 맛있어요 ㄹㅇ로요,맛초킹（한마리）/1(추가메뉴(콜라1.25L¸))
72,맛초킹은 언제나 옳습니다,맛초킹（한마리）/1(추가메뉴(콜라1.25L¸))
73,배달은 예상시간보다 훠월씬 일찍 와서 조았슴다! 콜라가 같이 안오는걸 몰라서 안시킨게 쬐끔 아쉬워요ㅠㅠ,뿌링클＋뿌링치즈볼（제）/1
74,치즈볼이 참 맛있고 새롭다,"뿌링소떡/1(추가메뉴(뿌링뿌링소스,뿌링치즈볼)),달콤바삭치즈볼/1,뿌링치즈스틱/1"
75,배달이 조금 길지만 양도 좋고 맛도 좋아요,"뿌링클（제）/1(추가메뉴(콜라500ml,뿌링뿌링소스,뿌링치즈볼))"
76,뿌링클에 치즈볼은 항상맛있쥬^~^,"뿌링클（제）/1,달콤바삭치즈볼/1"
77,맛있게 먹었습니다 수고하세요~,순살뿌링클/1
78,맛있었어요~~ 기대이상입니다,"맛초킹（한마리）/1(추가메뉴(치킨무,뿌링치즈볼))"
79,언제나 잘 먹고있습니다~~^^,순살맛초킹/1
80,치즈볼 바삭바삭하고 너무 좋아요 뿌링클 가루가 더 소복했으면하는 바람이 조금 있지만 그래도 최고의 맛이였어요 매번 가재울점에서만 시키다가 리뷰은 처음쓰는데 뿌링클은 무조건 가재울점이네요,"뿌링클날개（제）/1,달콤바삭치즈볼/1"
81,뿌링클 너무 맛있고 배달도 금방 와서 치킨이랑 치즈볼이 따뜻했습니다,"순살뿌링클/1(추가메뉴(뿌링치즈볼)),뿌링뿌링소스/1"
82,맛나요 뿌링클 최고,"뿌링클＋치즈볼（제）/1(추가메뉴(콜라500ml,뿌링뿌링소스))"
83,단짠단짠 역시는 역시,"뿌링클다리（제）/1(추가메뉴(콜라1.25L¸,뿌링치즈볼))"
84,맛있고 양념도 많이주셔서 저는 항상 밥비벼먹어욯ㅎ 배달도 친절하시고 빨라요:),순살맵스터/1
85,바삭바삭 맛있어요ㅠㅠ,핫후라이드＋뿌링미니콜팝（제）/1
86,역시 뿌링클~! 맛있었어욤,뿌링클（제）/1(추가메뉴(뿌링소떡))
87,맛있네요~~^^ 순살도 가득하구요~,순살맛초킹/1
88,맛있는데 콜라를 왜 안주시는지 ㅜㅜ아쉽네요 마라칸 맛있어요!,마라칸（제）/1
89,핫후라이드 시켰는데 매운맛이 거의 없었지만 맛있어요~~,핫후라이드＋뿌링미니콜팝（제）/1(추가메뉴(뿌링치즈볼))
90,잘 먹었습니다 ~~,뿌링클（제）/1(추가메뉴(뿌링뿌링소스))
91,맛있게 잘 먹었습니다 굳,뿌링클＋뿌링치즈볼（제）/1
92,엄마 생신이라 시켰는데 매콤한 청양고추맛이 너무 좋아요! 순살로 시켰더니 엄마도 입맛에 맞으신지 잘 드시네요:) 배달도 친절하고 50분 정도 걸린다고 하셨는데 그보다 일찍 오셔서 잘 먹었습니다!,순살맵스터/1
93,너무너무 맛있공 좋았어요,"뿌링소떡/1(추가메뉴(콜라500ml,빨간소떡,뿌링치즈볼)),달콤바삭치즈볼/1(추가메뉴(뿌링뿌링소스))"
94,"ㅋㅋ 다신 안시킴 원래 콜라 줬었는데 요기요 앱으로 시키면 안주는걸로 바꼈다니 ㅋㅋ 언제부터요,,? 맨날 요기요 앱으로 시켰는데?ㅋㅋ 안그래도 비싼데 여기서 다시 안시킴",순살뿌링클/1
95,오랜만에 먹으니까 맛있네요! 잘 먹었습니다~~!!!,커리퀸/1(추가메뉴(뿌링감자))
96,따뜻하고 너무 맛나용~,"뿌링클（제）/1,달콤바삭치즈볼/1"
97,신메뉴 마라칸 얼얼하고 맛있었습니다,마라칸（제）/1(추가메뉴(콜라1.25L¸))
98,ㅇㅇㅇㅇㅇㅇㅇㅇㅇㅇㅇ,"순살뿌링클HOT/1(추가메뉴(콜라1.25L¸,뿌링치즈볼)),달콤바삭치즈볼/1"
99,맛있게 잘먹었습니당 그리구 항상 배달이 뻘라서 좋아욧 !!!,"해바라기후라이드치킨（제）/1(추가메뉴(뿌링소떡,빨간소떡)),달콤바삭치즈볼/1"
100,배달이 상당히 빨랐습니다!! 치즈볼이 생각보다 작아서 아쉬웟지만 맛잇었습니다,"후라이드＋치즈볼（제）/1,양념소스/1"
101,갓초킹 최애 배달음식이에요 진짜 낫있게 잘 먹었습니당,맛초킹다리（제）/1(추가메뉴(뿌링감자))
102,맛있게 잘먹었습니당,"해바라기후라이드치킨（제）/1,달콤바삭치즈볼/1"
103,참맛있게먹고있습니다 배달도 빠르고요,순살뿌링클/1(추가메뉴(뿌링소떡))
104,"마라샹궈, 마라탕 좋아해서 시켜 봤어요 막 되게 맵진 않고 매콤한 편이고 마라 향이 확 나서 저한테는 갠적으로 호예요~! 다소 짭쪼롬해서 치밥하기 좋을 거 같아영!",마라칸（제）/1
105,"비가 많이 와서 ‘예상 소요 시간보다 늦겠구나’ 싶었는데 너무 너무 빨리 와서 놀랐습니다 ! 맛도 있고 양도 있고 너무 좋았어요, 하지만 탄산 음료가 없어서 아쉬웠습니다ㅜㅜㅜㅜ 모르시는 분들 아시면 좋을 것 같아요 !",뿌링클（제）/1(추가메뉴(뿌링소떡))
106,맛있어요 배달도 빠르고 좋아요,"닭날개후라이드/1,뿌링치즈볼/2(추가메뉴(뿌링뿌링소스)),케이준프라이/1"
107,맛있어요 치즈볼 넘 맛있어요,"해바라기후라이드치킨（제）/1(추가메뉴(치킨무,빨간소떡,뿌링치즈볼))"
108,아쉽게도 사진을 못찍었네요~ 바삭하니 맛있게 잘 먹었습니다,"해바라기후라이드치킨（제）/1,생맥주1000cc/1"
109,뿌링클맛있네용 치즈볼도용~,순살뿌링클/1(추가메뉴(뿌링치즈볼))
110,맛있게 잘 막었어요~!,"뿌링왕콜팝/1(추가메뉴(뿌링뿌링소스)),달콤바삭치즈볼/1,뿌링치즈스틱/1(추가메뉴(뿌링뿌링소스)),콜라1.25L¸/1"
111,두본째 시켜먹었는데 역시 핵존맛!!!! 근데 어플로 시켜서 콜라 안와서 좀 난감.. 집에 탄산도 없는데 ㅋㅋㅋ 그래두 가슴살도 하나두 안퍽퍽하구 싹쓸이했어요~ 또 시킬께요 번창하세요^^,"해바라기후라이드치킨（제）/1,뿌링치즈스틱/1"
112,맛초킹 한번 먹은후리부터 이것만먹게되는거같아요 ㅎㅎ 중독성있는맛이랄까? 잘먹었습니다,"맛초킹（한마리）/1,사이다1.25L¸/1"
113,뿌링클은 사랑이죠. 배리부르게 잘먹었습니다 김사ㅐ요~,뿌링클다리（제）/1
114,배달 짱빠름요 뿌링클 역시나 맛있고요,콜라1.25L¸/1
115,알고보니 소떡강정이 다른곳보다 천원비싸더라고여 ㅠ 그거에 비해 떡이 얼마 없었어요 ㅠㅠ 하지만 뿌링감자는 다른곳 보다 많은것 같아요!! 바삭하고오 굿!,소떡강정（제）/1(추가메뉴(뿌링감자))
116,다 너무 맛있고 좋아요!!,커리퀸/1(추가메뉴(뿌링치즈볼))
117,생각보다 배달이 빠르게왔어요.맛도 좋았고 양도 많았어요~^^,뿌링클（제）/1(추가메뉴(뿌링치즈볼))
118,항상맛있게잘먹고있습니다~^^,순살뿌링클/1(추가메뉴(뿌링소떡))
119,넘나맛있어요 추천,"뿌링소떡/1(추가메뉴(치킨무,뿌링소떡,빨간소떡,뿌링감자,뿌링치즈볼))"
120,친구들이랑 맛있게 먹었어요 ❤️❤️,뿌링클다리（제）/3
121,배달이 너무 늦습니다 기다리다가 짜증나니 맛은 잘몰겠네요 다시는 안시켜 먹을겁니다,"해바라기후라이드치킨（제）/1(추가메뉴(치킨무)),달콤바삭치즈볼/1"
122,뿌링클은 맛있어요 ^^ 근데 뿌링 치즈볼을 시켰는데 그냥 치즈볼이 왔네요 ㅋㅋ ^^,"뿌링클（제）/1(추가메뉴(뿌링소떡,뿌링치즈볼))"
123,쫀맛이에염 ~ 뿌링클 ㅎ배달비는 받는게 좀 아쉽 ㅠㅜ,순살뿌링클/1(추가메뉴(뿌링치즈볼))
124,맛있어요! 늘 주문하는 곳이에요!,순살뿌링클/1(추가메뉴(치킨무))
125,"맛은 좋아요. 다만, 양과 배달은 이해하시길. .",순살뿌링클/1
126,역시나!!! 너뮤~~맛나 정말 맜있오!!,"뿌링클（제）/1,미니콜팝/1,콜라1.25L¸/1"
127,배달도 빠르고 맛있습니다~!!!,뿌링클＋치즈볼（제）/1
128,짱 마싯네요 진자 미쳢,"뿌링클（제）/1,해바라기후라이드치킨（제）/1(추가메뉴(뿌링감자))"
129,늘 맛있게 잘먹고 있습니다,"맛초킹（한마리）/1,뿌링소떡/1"
130,좋아용 좋아용 맛있어용,"뿌링클（제）/1,뿌링소떡/1(추가메뉴(뿌링소떡)),달콤바삭치즈볼/1,사이다1.25L¸/1"
131,좋아요! 맛있습니다 헤헤,
132,소떡강정이랑 치즈볼 너무 맛있었어요 치즈볼은 처음 먹어봤는데 또 사먹을 것 같아요 소떡강정은 다른 지점보다 천원 비싸서 아쉬었어요ㅜㅠ,"소떡강정（제）/1,달콤바삭치즈볼/1(추가메뉴(뿌링뿌링소스))"
133,정말 다 마음에 들었어용 !! 맛도 있었구 질감도 ㅠㅠㅠ 게다가 배달이 일찍와서 좋았어여 ㅠㅠ 사랑합니당 💕,"미니콜팝/1,뿌링소떡/2,빨간소떡/2,뿌링치즈볼/1"
134,항상맛있게잘먹고있습니다~^^,순살뿌링클/1
135,"뿌링클 순살과 마쵸킹 사진입니다. 뿌링클은 순살이라그런가 상자가 좀 작구요 맛은 아시는대로~ 애들은 치킨이 먹고싶은게 아니라 뿌링클을 먹고싶다고... 아내는 매번 아이들거 같이먹느라 매운거 먹고싶다던 차에 오늘은 큰맘먹고 2마리~ 선택은 마초킹 파닭느낌? 아이들은 파 향때문에 못먹을거에요. 입에 달달 약간 매콤하며 파향이 입에 파악~ 뭔맛인지 몰랐는데, 아내는 교촌에 양념치킨? 전 파맛에 매운양념치킨~ 표현은 먹어봐야아는걸로~ 이건 호불호가 분명할거같네요. 어중간하게 맛있는건 아닙니다. 맛은다좋구요 담엔 치레카에 도전하렵니다","맛초킹（한마리）/1,순살뿌링클/1(추가메뉴(뿌링소떡)),뿌링감자/1"
136,빠르고 맛있습니다 ㅋ,후라이드＋치즈볼（제）/1(추가메뉴(양념소스))
137,👍🏿역시🦶🏿🦶🏿🦶🏿🦶🏿!!!!!!!!,순살뿌링클/1(추가메뉴(뿌링소떡))
138,겉이 바삭한게 넘 맛있어요,"닭날개후라이드/1,콜라1.25L¸/1"
139,완전완전 맛나요 완전완전,"뿌링클（제）/1,뿌링소떡/1(추가메뉴(뿌링소떡)),달콤바삭치즈볼/1,사이다1.25L¸/1"
140,배달도 빨라요~~~~,"순살맛초킹/1(추가메뉴(뿌링뿌링소스,뿌링치즈볼))"
141,맛있어요~~~~굿!!!,"치하오순살（제）/1(추가메뉴(뿌링뿌링소스,뿌링치즈볼))"
142,순살은 처음 시켜봤는데 튀김옷이 밀가루 맛이 너무 많이 나네요. 그냥 뼈 있는게 나아요.,"순살뿌링클/1(추가메뉴(치킨무)),달콤바삭치즈볼/1"
143,역시 맛있는 마초킹과 치즈볼👍🏻👍🏻,맛초킹＋뿌링치즈볼（제）/1
144,오랜만에 먹은 치즈볼 맛나맛나~~,뿌링클＋뿌링치즈볼（제）/1
145,저는 대체적으로 간이 좀 쌨어요 ㅎ 그래도 맛있게 먹었습니다 ㅎ,"맛초킹다리（제）/1(추가메뉴(뿌링치즈볼)),콜라1.25L¸/1"
146,치즈볼이 달달하니 맛있네요 ㅎㅎ,"순살뿌링클/1,달콤바삭치즈볼/1"
147,맛있게 먹었어요~ ㅎㅎㅎ,맛초킹（한마리）/1(추가메뉴(뿌링치즈볼))
148,Gooooooood,"맛초킹＋빨간소떡（제）/1,달콤바삭치즈볼/1,케이준프라이/1"
149,맛났어요 다른 지점보다 오픈시간이 빨라서 좋음,"순살뿌링클/1(추가메뉴(뿌링뿌링소스,뿌링소떡)),뿌링감자/1,달콤바삭치즈볼/1,사이다1.25L¸/1,치킨무/1"
150,믿고 먹는 거죵~맛있어요^^,"소이바베큐/1,뿌링클（제）/1,콜라1.25L¸/1"
151,가격대비 맛은 보통이었으며 양은 중학생 두명이 먹기엔 적다고 생각되요.,소떡강정（제）/1
152,오늘유난히더뿌링클듬뿍~^^ 빠른배달~~ 잘먹었습니다,순살뿌링클/1
153,맛있아요~ 역시 치킨은 진리죠👍🏻,"뿌링클다리（제）/1(추가메뉴(빨간소떡)),달콤바삭치즈볼/1(추가메뉴(빨간소떡))"
154,배달 삼십분도 안돼서 옴 맛도 굿,"순살뿌링클/1,콜라1.25L¸/1"
155,치킨 맛있어요 다음에도 주문할겁니다,맵스터다리（제）/1
156,멍청하게 가격올린 경쟁 업체 대비 훌륭한 맛과 가격 늘 잘먹습니디,해바라기후라이드치킨（제）/1
157,맛있게 잘먹었습니다,"순살뿌링클/1(추가메뉴(뿌링소떡)),달콤바삭치즈볼/1,커리딥소스/1"
158,항상 뿌링클 순살이랑 치즈볼 시키는데 시킬 때 마다 맛있고 바삭하고 질리지 않는 맛이라서 좋아요 꼭 뿌링클 시킬 때 치즈볼 잊지마세요ㅜㅜㅜ 조합 최곱니다,"순살뿌링클/1(추가메뉴(뿌링뿌링소스)),달콤바삭치즈볼/1"
159,깔끔하고맛잇어요 특히치즈볼맛잇어요,달콤바삭치즈볼/3
160,배달도 빠르고 맛있게 잘 먹었습니다,"빅콜팝/1(추가메뉴(양념소스)),케이준프라이/1(추가메뉴(양념소스))"
161,파슬리 너무 뿌리셨어요,순살뿌링클/1
162,젓가락 따위 안 주시니까 야외에서 시키실 땐 큰 맘 먹고 주문하세여,"순살뿌링클/1,콜라1.25L¸/1"
163,역시 맛있어요 ^^,양념치킨/1
164,너무맛잇어요진짜 요즘치킨보다 더시켜먹네요,"달콤바삭치즈볼/3,콜라500ml/1,뿌링뿌링소스/1"
165,치즈볼맛잇어요~~~ㅎㅎㅎ,달콤바삭치즈볼/3
166,치즈볼이 이렇게 맛있는건줄ㅠ 너무늦게알았어요ㅠ,"순살뿌링클/1,달콤바삭치즈볼/1,콜라1.25L¸/1"
167,뿌링클도 충분히 많이 뿌려주셔서 맛있게 잘 먹었습니다,순살뿌링클/1
168,Gooooooood,"해바라기후라이드치킨（제）/1,뿌링왕콜팝/1(추가메뉴(뿌링뿌링소스)),달콤바삭치즈볼/2,케이준프라이/1"
169,오늘 뿌링클이상해요 핫뿌링클만들다가 만드신건가요 매워요 고추가루가 왜있는거죠??,"순살뿌링클/1,콜라1.25L¸/1"
170,깔끔하구 맛있어용,순살뿌링클HOT/1
171,일단 양이 다른치킨집에 비해서 많구요 그래서 치킨이 남을때면 눈물이 납니다 그래서 4점드리고요 50분 걸린다고 했었는데 30분만에 와서 행복했습니다 많이 시켜먹을게요,"맛초킹（한마리）/1,콜라1.25L¸/1"
172,치즈볼 너무 맛있어요,"해바라기후라이드치킨（제）/1(추가메뉴(양념소스)),달콤바삭치즈볼/1,사이다1.25L¸/1"
173,맛있어요!! ㅎㅎ 감사합니다,"맛초킹（한마리）/1,케이준프라이/1"
174,배달도 빠르고 맛있어요!!!,"순살뿌링클/1,달콤바삭치즈볼/1"
175,빠른배달굿 맛도 괜찮아요,
176,맛있어용 자주 시켜먹을 것 같아요.,"뿌링빅콜팝/1(추가메뉴(뿌링뿌링소스)),달콤바삭치즈볼/1,콜라1.25L¸/1"
177,배달시간이 좀 걸리긴 하지만 맛있어요~,치하오（제）/1
178,맛 있어요~~~^^,순살뿌링클/1
179,맛초킹은 고추가 토핑되어 있어서 매콤할 줄 알았는데 전혀 맵지는 않지만 뿌링클과 잘 어울렸어요,"맛초킹（한마리）/1,뿌링클（제）/1"
180,잘먹었습니다 다음에 또 시킬게요,"뿌링클（제）/1,케이준프라이/1,콜라1.25L¸/1"
181,뿌링클을 처음 시켜봤는데 처음에는 조금 걱정했지만 정말 맛있어요!!!!!!앞으로 최애 치킨이 될거 같아요,순살뿌링클/1(추가메뉴(양념소스))
182,치즈볼이랑 치킨이랑 먹으니 맛나네요,"소이바베큐/1,달콤바삭치즈볼/1"
183,맛있어요. 예상 시간보다 빨리 옵니다,"뿌링클（제）/1(추가메뉴(뿌링뿌링소스)),콜라1.25L¸/1"
184,삼일전인가 시켜먹었는데 또 먹네요 마성의 뿌링클,순살뿌링클/1
185,맛있는데 약간 짜요.,커리퀸/1
186,핫뿌링클 존맛입니다 .. 짜지만 자극적이구저하영,뿌링클HOT/1
187,맛있게 잘 먹었어요 근데 양이 좀 적은거같아요,"순살뿌링클/1,콜라1.25L¸/1"
188,양이 적어졌네요 ㅠㅠ 맛있는데 앗싀은느낌,뿌링클＋치즈볼（제）/1
189,맵스터 순살은 사랑입니다 ㅋㅋㅋ 점점 매워지는느낌이지만 맛있어요ㅠㅠ,순살맵스터/1
190,딱20조각이더라고요.ㅋ,닭날개후라이드/1
191,매번이거만 시켜먹는데 먹기편하고 맛나요,"닭날개후라이드/1,생맥주1000cc/1"
192,전 맛있어요. 순살이라 뼈바르랴 쓰레기치우랴 걱정 안하고 그 맛에 한순간 중독되어 이것만 먹었네요. 요즘도 가끔 땡겨서 주문하곤 합니다. 점점 양이 주는듯 통통하지않고 살들이 납작하고 덩어리가 점점 작아지는듯하지만...,순살뿌링클/1
193,맛은 괜찮은데 양이 너무 적어요... 한 마리 시켰는데 다리도 하나밖에 없었고 ㅜ 받아보고 양이 너무 적어서 놀랐네욤 ㅎㅁㅎ...,"뿌링클（제）/1(추가메뉴(뿌링뿌링소스,양념소스,치킨무)),콜라1.25L¸/1"
194,배달 안왔는데 배달 완료라고 뜨네요ㅡㅡ 그리고 전화 받으시는 분 불친절하세요. 다신 안 시켜 먹고 싶네요.,뿌링클＋치즈볼（제）/1
195,양이 점점 줄어들고 닭튀김이 딱딱해요.,"커리퀸/1,맛초킹（한마리）/1"
196,젊은 사람들은 좋아할 맛이네요.^^;;,커리퀸/1
197,치하오보단 뿌링클이랑 맛초킹이 맛있는거같아요,치하오（제）/1
198,맛있었고 닭이 신선한거 같아서 좋았네요 배달도 빠르고!,뿌링클（제）/1
199,초딩 아들이좋아하는 뿌링클 소스도 듬뿍 맛도 짱~~ 입짧은 우리아이 한마리 뚝딱~~ 순삭해서 사진을 못찍었네요 ㅠ,순살뿌링클/1
200,이번에는 사장님 기름교체 한지 꽤 되었는지 닭도 검게 튀겨진 것같고...기름진 맛이 느끼하네요.....담엔 신경써서 부탁드립니다...^^;,"뿌링클（제）/1,해바라기후라이드치킨（제）/1"
201,맛잇어요 ㅎㅇㅎ 또 이용할게용,순살뿌링클HOT/1
202,맛있어요 요새 이것만 주문해서 먹어요,치하오＋치즈볼（제）/1
203,BHC는 언제나 맛있어요^^,"치레카/1,콜라1.25L¸/1"
204,맛있는 뿌링클 치즈볼 빨리배달해줘서 감사해요,뿌링클＋치즈볼（제）/1
205,Gooooooood,"뿌링클＋치즈볼（제）/1,맛초킹（한마리）/1,콜라1.25L¸/1"
206,아이가 좋아하니까 .좀 짠듯하지만 어른 입맛엔 그러네영 아이들은 맛있게 먹네요,뿌링클（제）/1(추가메뉴(치킨무))
207,치즈볼 럽...! 치즈볼 시키세요 두번시키세요!!,뿌링클＋치즈볼（제）/1
208,뿌링클 가격이 천원이 비싼점과 양이 좀 적은 느낌때문에 별한개씩 덜드립니다..,뿌링클（제）/1
209,항상 맛있게 먹고있어요 배달도 빠릅니당,"순살맵스터/1,달콤바삭치즈볼/1"
210,맛은 있는데 덜 짜면 좋겠어요,뿌링클＋치즈볼（제）/1(추가메뉴(뿌링뿌링소스))
211,맛은 존맛이에요 근데 제가 맛초킹을 못해도 30번은 먹었는데 여기맛초킹이 양이 제일적었어요 몇조각인지 확인해볼걸 후회되네요 설마 5처넌 쿠폰으로 할인받았는데 그만큼 양도 적게주시는건가요??? 좀실망이에요,맛초킹（한마리）/1
212,맛있어서 자주 시켜 먹습니다 특히 소스가 맛있습니다,"스윗텐더/1(추가메뉴(뿌링뿌링소스)),달콤바삭치즈볼/2,콜라1.25L¸/1"
213,"예상 시간보다 더 빨리 배달해주셨고, 역시나 맛있었습니다bbbb","뿌링클（제）/1,달콤바삭치즈볼/1"
214,초인종누르고 문앞에 놔달라고 요청드렸는데 하도 안와서 혹시나 하고 나가봤더니 치킨이 있네요ㅜㅜ다음엔 젓가락도 같이 넣어주세요 시즈닝가루 많이 뿌려주셔서 감사해요 뿌링클은 정말 맛있어요,순살뿌링클/1
215,닭도 유난히 작고 기름상태가 않좋아보입니다,
216,일단 치즈볼은 진짜 꿀맛!!! 마초킹은 기본빵은 하는거라 시켰지만 뭐땜에 모르지만 속이쓰렸음 ㅠㅠ,맛초킹（한마리）/1
217,"왜 여기만 치하오 가격이 19,000원인지.... 요기요 2,000원 할인해서 먹을려니 가재울 dmc만 가격이 올려서 받네요. 올래 가격이 18,000 원인데. 맛도 별로. 닭상태도 소소....",치하오（제）/1
218,배달은 좀 느리지만 맛있어요,"뿌링클（제）/1,달콤바삭치즈볼/1"
219,항상 맛있어요 역시 뿌링클짱👍🏻,"뿌링클（제）/1(추가메뉴(뿌링뿌링소스)),달콤바삭치즈볼/1"
220,너무 잘해주셔서 감사합니다,
221,뿌링클은 배신을 안하네요 ㅋㅋ 맛있게 잘먹었습니다~,뿌링클（제）/1
222,Goodgoodgood,"순살커리퀸/1,순살뿌링클/1,콜라1.25L¸/1"
223,배달원도 친절하시고 맛있어욯,치레카/1(추가메뉴(뿌링뿌링소스))
224,너무 맛있어요 ❤️,양념치킨/1
225,뿌링클과 후라이드로 반반 요청했어요 둘다 맛있어요,뿌링클（제）/1
226,맛잇게 잘 먹었습니다 ~,치하오/1
227,상당히 맛있었습니다. 배달시간도 빠르게 와주셨구요.,치하오/1
228,밥이랑 먹으면 너무 맛있겠 어요,치하오순살/1
229,양이 너무 적어요,"커리퀸/1,달콤바삭치즈볼/1"
230,항상 치킨은 옳다여~~~ㅋㅋㅋ,맛초킹（한마리）/1(추가메뉴(치킨무))
231,양이조금적다요ㅠㅠㅠ,
232,맛좋음!!!!!!!!!!!,양념치킨/1
233,뿌링클 정말 맛있었어요 근데 원래 콜라는 안나오는건가요? 콜라가 없더라규요....,뿌링클（제）/1
234,새로나온 치하오 맛있어요,"치하오/1,콜라1.25L¸/1"
235,맛있네요 재주문할것같네요,치하오/1(추가메뉴(양념소스))
236,기대했던맛 그대로라 만족스럽습니다,뿌링클（제）/1
237,오늘 맛 왜이래요 ㅠㅠ 닭이 찔겨서 턱이 아플 정도 닭이 다 식어서 오고...,"뿌링클（제）/1,콜라500ml/1"
238,오늘 배달관련 제가 겪은 일을 올립니다. 앞으로는 이런일 없도록 신경 써 주시길 바랍니다. 1. 배달전표에는 주문 주소가 제대로 남겨져 있음 2. 사장님과 통화를 했더니 저희집 호수를 잘못 인지하고 계심 3. 아마도 배달대행에 잘못 인지한 호수를 알려줬음 4. 배달대행은 해당호수에 사람이 없으니 연락도 없이 그냥 현관에 걸어놓고 감 5. 해당 호수 사시는 분이 퇴근길에 치킨이 걸려있는데 전표에 우리집 주소가 있어 우리집으로 가져다 주심. 6. 치킨은 이미 식어있고 언제 걸어 놓고 간건지도 알수가 없음.,치하오/1
239,사진을 안찍었네요 ㅠㅠ! 오빠가 뿌링클을 안먹어 봤대서 시켜서 같이 먹었어요 맛있다고 하네요 ㅎㅎ bhc는 늘 양이 조금 마음아프지만 맛은 좋은것 같아요. 잘 먹었습니다 ^^!,
240,항상 맛있게 먹구있슴당,순살맵스터/1
241,부담이 없고 맛이 좋습니다 특히 감자가 맛있습니다,"스윗텐더/1(추가메뉴(뿌링뿌링소스)),달콤바삭치즈볼/2"
242,믿고 시키세요 맛있어요,뿌링클（제）/1
243,역시 치킨은 bhc 맛은 맵스터,맛초킹（한마리）/1
244,새로운 메뉴를 주문했는데 아주 맛이 좋아요,"스윗텐더/1(추가메뉴(뿌링뿌링소스)),달콤바삭치즈볼/1,콜라1.25L¸/1"
245,우리집 꼬맹이들이 너무 사랑하는 뿌링클^^,순살뿌링클/1
246,오래 걸리지도 안으면서 왜 배달예상시간을 55분 눌르는지 모르겠네요. 치킨은 맛있었고 양도 넉넉했어요! 다음엔 배달예상시간 정확히 눌러주세요,뿌링클（제）/1
247,맛나용 또시켜먹으러구용,"뿌링클（제）/1,달콤바삭치즈볼/1,콜라1.25L¸/1"
248,너무 맛있게 잘 먹었습니다.,"순살뿌링클/1,달콤바삭치즈볼/1,콜라1.25L¸/1"
249,그냥보통이에요~~~~,"뿌링클（제）/1,해바라기후라이드치킨（제）/1"
250,음식이 좀 식은 상태로 도착했더군요. 치킨은 뜨거워야 제맛인데...,순살핫소이바베큐/1
251,짭쪼름한게 맛있어요 ^^,소이바베큐/1(추가메뉴(치킨무))
252,맛있게 잘 먹었습니다ㅎㅎ,뿌링클（제）/1
253,맛있뎌요맛있져어어어,"순살소이바베큐/1,달콤바삭치즈볼/1"
254,정말 맛있게 먹었습니다,해바라기후라이드치킨（제）/1
255,짱짱짱짱짱짱짱짱짱짱,순살뿌링클/1(추가메뉴(치킨무))
256,맛있게 잘 먹었어요,"순살뿌링클/1,콜라1.25L¸/1"
257,매번 시켜먹었는데 오늘은 조금 닭이 안신선하구 튀김도 별로였어요,해바라기후라이드치킨（제）/1
258,치킨배달이라 맛있어요 ㅎ 배달이 조금 느려요,"뿌링클（제）/1,달콤바삭치즈볼/1"
259,첨먹어봤는데 맛있었어용,순살맛초킹/1
260,맛있는데 배달 속도가 약간 느려요,
261,배달은 빨랐습니다,"뿌링콜팝/1,달콤바삭치즈볼/3"
262,배달이 좀 느리네요ㅠㅠ,맛초킹（한마리）/1
263,순살맛초킹은 진리 배달도 빠르고 맛있게 매워요,"순살맛초킹/1,미니콜팝/1,생맥주1000cc/1"
264,맛있고 배달빨라서 좋아요 만족합니다ㅎㅎ,"커리퀸/1,달콤바삭치즈볼/1,뿌링뿌링소스/1"
265,배달시간. 맛 훌륭합니다.,
266,다른 지점보다 양념도 찐하고 고추도 많이 들어있고 먹을때마다 만족하면서 먹고 있어요^^,맛초킹（한마리）/1
267,배달시간이 예정보다 빠르고 기름이 많지않아 좋아요,해바라기후라이드치킨（제）/1
268,담부터 뼈는 안시키는걸로.. 커리 가루가많기도하구 몸통 뼈많은곳도많구 제취향은 아니네요..,"커리퀸/1,콜라1.25L¸/1,커리딥소스/1"
269,그럭저럭 맛있게 먹었습니당,"해바라기후라이드치킨（제）/1,달콤바삭치즈볼/1,양념소스/2"
270,맛 배달 양 만족스럽습니다,뿌링클다리（제）/1
271,맛나네요~~~~~~,"해바라기후라이드치킨（제）/1,달콤바삭치즈볼/1"
272,맛있어요 그리고 좋아요,"해바라기후라이드치킨（제）/1,머스타드소스/1,커리딥소스/1"
273,저번에 뿌링클 먹을만해서 오늘갈비래오를 시켜 봤더니 역대급으로 최악이네요 포장 여는순간 허여멀건하고 닭이 뿔어보이고 맛없어보이길래 먹어봣더니 역시나 최악이네요 처음먹어보지만 원래 갈비래오가 이럴꺼같지는 않은데 여기선 다신 먹고싶지 않네요,뿌링클（제）/1
274,뼈없어서 먹기 편합니다. 좀 더 달아도 맛있을 것 같네요,"순살스윗츄/1,뿌링치즈스틱/1"
275,좋아여 할인받아 먹으니 더 맛나요,뿌링클（제）/1
276,전 개인적으로 맛쵸킹이 젤 맛나네요.,"소이바베큐/1,케이준프라이/1"
277,배달 진짜 빨랐고 치킨이랑 치즈볼도 너무 맛있었습니다,
278,맛초킹 짱 강추합니다,순살맛초킹/1
279,저번에 쫀맛이라 월드컵 보면서 먹으려고 주문했는데 고기가 덜 익었어여... 대실망,맛초킹（한마리）/1
280,새로운 메뉴!! 생각보다 맛이 진하다보니 좀 질리는 듯.. 살짝 매콤한 맛도 있네요~,소이바베큐/1
281,양도 진짜 적고 배달도 진짜 느리네요 ㅡ ㅡ 배달 1시간 30분이나 걸렸네요,맛초킹（한마리）/1
282,달달~~맛나게 잘먹었씀돠~,뿌링클/1
283,맛초킹 단짠의 조화가 🤭👍🏻 존맛,맛초킹（한마리）/1
284,잘먹었습니다!!!!,해바라기후라이드치킨（제）/1
285,잘먹었습니다!!!!,뿌링클/1
286,맛있게 잘먹었어요.,치레카/1
287,먹다가 급하게 찍었네요 튀김도 그렇고 맛있었어요 할인쿠폰있어서 나름 저렴하게 시켰는데 집앞이라 픽업할까했는데 당연스레 배송비 받게 설정되어있어 아쉬웠어요,"해바라기후라이드치킨（제）/1,뿌링치즈스틱/1"
288,소이바베큐 처음먹었는데 맛있었어요 근데 왜 콜라 안주신거죠.... 콜라도 없고 연근도 말라 비틀어진 상태라서 좀 그랬어요,소이바베큐/1
289,그냥 후라이드보다 마싯슴,치바고（제）/1
290,배달이 느리네요...1시간 기다려 받앗네요 ㅠ 하지만 이 시간 기다리고 먹은 치킨 맛은 꿀맛이네요!! 맛은 정말 좋아요!!,해바라기후라이드치킨（제）/1
291,맛있게 잘 먹고있어요 고생하세요.,순살핫소이바베큐/1
292,항상여기서시켜요맛나요,양념소스/1
293,처음 시켜본 맛초킹인데 요리 같은 느낌이 나서 좋아요~~,"맛초킹（한마리）/1,해바라기후라이드치킨（제）/1,콜라1.25L¸/1"
294,맛있고 배달도 빨라요,소이바베큐/1
295,배달시간이 늦군요!,"맛초킹（한마리）/1,순살뿌링클/1,콜라1.25L¸/1"
296,맛있었어요!! 아이가 뿌링클 먹고싶어 해서 시켰는데 맛있더라구요,뿌링클/1
297,신메뉴라 기대했는데 기존 간장치킨하고 다른 점을 잘 모르겠어여. 연근이랑 고구마 들어간 게 다른 건가 싶은 ㅋㅋ,소이바베큐/1
298,조금 눅눅했어요 ㅠㅠ,뿌링클/1
299,닭기름이없어서 아이들 먹이기 좋아요,순살치레카/1
300,늘 아이들이 좋아하네요,순살맛초킹/1
301,배달도 예상시간보다 빠르고 ㅁ맛있어요~,"순살맛초킹/1,케이준프라이/1"
302,항상 잘먹고 있습니다,맛초킹（한마리）/1
303,너무맛이출중하여 글을남김,커리퀸/1
304,처음 먹어보는데 맛있어요 구우우욷 치밥하고 있습니당,맛초킹（한마리）/1
305,나가야 되서 쫌 오래걸린다길래 취소하려고 했는데 금방 갖다주신다고 하셔서 삼십분만에 받았어요 넘 감사해요ㅠㅠ 뚜껑 열어서 냄새 맡았을 땐 이게 뭐지 싶었는데 맛은 생각보다 맛있어서 완전 맛있게 먹었어요~!! 담에도 또 시킬 예정ㅎㄹ,
306,치킨 조각 사이즈가 너무 차이 나네요,"커리퀸/1,맛초킹（한마리）/1"
307,먹느라 클리어 인증샷을 남기게 되었네요 생각보다 맛있어요 첫입은 달아서별로였는데 게속땡기는 맛아네요 갈비맛도나고 맛나요 배달도 생각보다빨랐네요 질먹었습니다~~,"맛초킹（한마리）/1,뿌링치즈스틱/1"
308,맛있게 잘먹었습니다 배달 당연 스피드하고요,순살맛초킹/1
309,맛있게 잘먹었습니다 배달 당연 스피드하고요,순살뿌링클/1
310,아니 요청사항에 반반해달랬는데 걍 양념 띡...은 뮌가요? 요청내역도 고대로 인쇄했더만.. 신경을 안쓰는건지..,"양념치킨/1,치킨무/1"
311,빠르고 양 많습니다.,맛초킹（한마리）/1
312,항상 잘먹고있습니다,커리퀸/1
313,닭사이즈가 제각각이네요,커리퀸/1
314,맛도 좋고 양도 좋고 배달 시간도 빨라서 좋았어요~~,"해바라기후라이드치킨（제）/1,양념소스/1"
315,항상 맛초킹만 시켜 먹는데 깨끗하고 맛나요.,순살맛초킹/1
316,맛있게.잘먹었습니다 ㅋ 감사합니다~~~,순살뿌링클/1
317,맛있는 가재울점 추천합니다,스윗츄/1
318,맛나용!!!!!!!!!!!!!,순살커리퀸/1
319,배달도 빠르고 항상 맛있어요,후라이드 반／양념 반/1
320,갈비레오 맛나네요^^,
321,양념이 다소 염분이 높지만 좋아요,뿌링클/1
322,맛초킹 처음 주문했는데 깐풍기 맛도 나고 맛났어요 다음에 또 시킬려구요,맛초킹（한마리）/1
323,좀 오래 기다렸지만 맛있었어요,치레카/1
324,맛있어요배달도빠르고친절해요,맛초킹（한마리）/1
325,생각보다 양이 많지는 않았지만 맛있습니다.,해바라기후라이드치킨/1
326,주말이라그런지몰라도 1시간20분만에왔네요 맛은 맛있었습니다~,맵스터/1(옵션선택(기본))
327,맛있어요 역시 뿌링클 ;),뿌링클/1
328,배달시간도 딱 맞게 오고 엄청 바삭바삭하고 맛있어요,후라이드 반／양념 반/1
329,배달 엄청빠르고 양념 처음먹었는데 엄청 맛있네요ㅎㅎ,후라이드 반／양념 반/1
330,역시 뿌링클이네요 맛있어요,뿌링클/1
331,거의다먹어가여함냐함냐 여러분뿌링치즈스틱제발드세여개맛탱,"순살뿌링클/1,뿌링치즈스틱/1,사이다1.25L¸/1"
332,맛나게 먹었습니다^^,맛초킹（한마리）/1
333,눅눅하여 느끼함이 조금 있었습니다.,치레카/1
334,치킨 완전 맛있어요,"뿌링클/1,콜라1.25L¸/1"
335,뿌링클은 사랑 입니다 ㅎㅎㅎ 맛나요,뿌링클/1
336,아주 맛있어요 또 사묵을께영,뿌링클/1
337,간장치킨맛이 제대로네요~ 살짝매콤한정도라 느끼하지않고 맛있어요 배달은45분정도소요된다고하셨는데 그정도걸렸어요,맛초킹（한마리）/1
338,역시마초킹마시썽 키키또마셔야징,맛초킹（한마리）/1
339,맛있게 잘먹었어요~^^,치레카/1
340,항상 맛있게 먹고있습니다.,해바라기핫후라이드치킨/1
341,항상 가까워서 이용 잘 하고 있습니다,해바라기핫후라이드치킨/1
342,앗있어요 치킨은 어제나ㅎㅎ,"맛초킹（한마리）/1,뿌링클/1"
343,Goodgoodgood,"뿌링클/1,소주/1"
344,먹다보면 너무 느끼해요 ㅠ,해바라기핫후라이드치킨/1
345,맛나요 또 생각나요ㅠ 츄릅,뿌링클/1
346,Goodgoodgood,"맛초킹（한마리）/1,뿌링클/1"
347,맛있고 양념이 좋아요,"후라이드 반／양념 반/1,달콤바삭치즈볼/1,양념소스/1"
348,첨 먹어보는데 생각보다 맵네요..ㅋㅋ 고추가 넘 많이들어간듯,"순살맛초킹/1,콜라1.25L¸/1"
349,뿌링클 맛있어요ㅎㅎ,뿌링클/1
350,마싯쪙 마싯쪙 또 먹고파요,뿌링클/1
351,전화주문할때보다 양이 적은것같은...,스윗텐더/1
352,치킨 이즈 뭔들! 최고입니다 맛있게 잘 먹었어영 ㅋㅋㅋ,"뿌링클/1,해바라기후라이드치킨（제）/1,달콤바삭치즈볼/1,양념소스/1,커리딥소스/1,뿌링뿌링소스/1"
353,맛있고 신속한배달이 좋았어요,치레카/1
354,오늘은 조금 느끼하더라구여 ㅠㅠ 그래도 맛있게 먹었습니다 배달 55분 걸린다 하셨는데 약 25분만에 왔어용 비 오는데 빨리 갖다주셔서 감사해요~,뿌링클/1
355,급하게 먹느라 사진이 없네요 ㅜ.ㅜ 맛초킹은 언제나 사랑입니다♡ 항상 맛있게 먹고있습니다 배달하시는분도 너무 친절!! 시간도 안내해주신거보다 빨리왔구요 :),맛초킹（한마리）/1
356,여기서 내입맛엔 뿌링클 달달하니 맥주와 딱인듯 ㅎㅎ,뿌링클/1
357,굿.,순살바삭클/1
358,사진은 못찍었ㅇㅓ요 그리고 오늘 할인 굿,해바라기핫후라이드치킨/1
359,배달은 늦습니다 배달시간 문자보다 15분정도 늦게오고요 양은그럭저럭입니다 맛은 양념을 묻히다만듯하더라구요,맛초킹（한마리）/1
360,억수로 맜있었어요 ㅎㅎ,"뿌링클/1,뿌링클HOT/1,해바라기후라이드치킨（제）/1,사이다1.25L¸/1"
361,마시쪄여~~~~~~~,달콤바삭치즈볼/1
362,퍽퍽살 빼고 맛있어요 ㅋㅋ 바삭바삭하고요,해바라기핫후라이드치킨/1
363,배달도 빠르고 양념도 맛나게 해주시고 적극추천,
364,정말 맛있게 먹었습니다!,맛초킹（한마리）/1
365,아주아주아주아주 굳,"뿌링클/1,콜라1.25L¸/1"
366,주말이라 그런지 시간이 100분 가싸이 기다렸고 맛은 양념이 살짝 부족한 맛이었어요. 염지가 안 된 싱거운 맛,맛초킹다리（제）/1
367,뿌링클 여기서만 시켜요 진짜 빠삭하구 배달듀 빠르셔요ㅠㅠㅠ 짱!!,뿌링클/1
368,야구보면서 먹어서 그런지 맛나네요,"해바라기후라이드치킨（제）/1,콜라1.25L¸/1"
369,달달한 양념 치킨 . 아주살짝 매운정도 .올만에 양념먹네요 배달도 빠르구요,양념치킨/1
370,맛있는데 좀 짜서 치밥했더니 개꾸르맛,순살맛초킹/1
371,정말 맛있게 잘먹었씀돠 자주시켜먹을게요~ㅋㅋ,"순살맵스터/1(옵션선택(더매운맛)),치킨무/1"
372,치킨 맛없게하면 사실 벌받아야함 진짜 뿌링클 진짜 죤맛탱이다..,뿌링클/1
373,일주일에 한번씩은 시켜먹는데 아저씨가 배달도 잘해주시고 맛있어요,뿌링클/1
374,마초킹 맛있네요 조금더 매콤하면 더 좋을텐데 배송도 빠르고 괜찮습니다,맛초킹（한마리）/1
375,뿌링클이 더 나은 것 같아요 뭔가 뻑뻑하네여 ㅠㅠ 배달도 한시간 넘게 걸리구...,맛초킹（한마리）/1
376,새로나왔다 해서 먹어봤는데 아이들이 좋아할 맛이에요 계속 먹다보면 느끼하고 물리는 감이 없지 않아 있네요 맛은 좋아요 다만 양이 다른매장보다 적긴 적네요,"스윗츄/1,달콤바삭치즈볼/1"
377,오랜만에 치킨! 대기65분이었는데 55분?정도에 온거 같아요 덕분에 잘먹었습니다~,치레카/1
378,배달. . 지금 1시간째 기다리고있습니다. 출발했다했는데도 아직도 도착안하네요.,맛초킹（한마리）/1
379,배송 엄청 빠르고 맛있었어요 맛잇어서 양이 더 많았으면 좋겟어요,"치레카/1,콜라1.25L¸/1"
380,다른지점보다 가재울점 맛있네요,"뿌링클/1,달콤바삭치즈볼/1"
381,배달도 스피드하게오사좋았어요,스윗츄/1
382,맛있구요. 배달 빨랐어요. 2천원 할인 받아서 먹어 더 맛있었었어요,"후라이드 반／양념 반/1,치킨무/1,생맥주1000cc/1"
383,바삭바삭 깨끗한기름에 튀겨낸 후라이드 맛 끝내주고 배달도 예상시간보다 빠르고 친절하시네요,해바라기후라이드치킨/1
384,"뿌링클 여전히 맛있네요 근데 튀기는 기술이, 아님 집중안했는지 튀김끝이 딱딱해서 싫었어요 그거 빼고는 ok",뿌링클/1
385,뿌링클 너무 맛있어요 ㅎㅎ,뿌링클/1
386,가끔 시켜먹어 봤을때 맛에 대한 만족도가 너무 좋았는데 오늘은 어쩐지 갓 튀긴 느낌이 아닌 기름상태가 안좋은듯했습니다 참고부탁드립니다,뿌링클/1
387,아이들이 좋아하네요^^~~~ 바삭하고 맛있어요 너무 급하게 애들이 먹는 바람에 상자 사진만~~~,뿌링클/1
388,주문 소요 예상 시간 55분이었는데 삼십분만에 가져다 주셨어요!! 닭도 방금 튀기셨는지 엄청 뜨거웠고 시즈닝도 골고루 많이 묻어 있어서 좋았어요! 육질도 퍽퍽살 빼고는 쫄깃했습니다 이 지점에서 처음 시켜 먹어봤는데 조만간 또 주문할 것 같아요~,뿌링클/1
389,확실히 맛있네요. 두 번째 먹어봤지만 뿌링클은 진리네요!! 다음에도 또 주문할게요-!,뿌링클/1
390,오 신메뉴 단짠단짠!,
391,정말 맛있게 잘 먹었습니다! 배달이 조금 걸린 것 빼고는 정말 좋았어요ㅎㅎ,"맛초킹（한마리）/1,뿌링클/1"
392,"맛잇게 잘먹엇습니다. 연휴 잘 보내세요,","스윗츄/1,콜라1.25L¸/1"
393,음음음음음음음음음음,스윗츄/1
394,핫후는 언제나 추천,해바라기핫후라이드치킨/1
395,맛있더요,뿌링클HOT/1
396,"빠른배달, 맛도잇습니다","양념치킨/1,콜라1.25L¸/1"
397,다른지점이랑 맛이좀틀리네요 ㅠ 닭도더작고,
398,"예정시간 안에 도착. 겉은바삭, 속은 촉촉함 2~3개 먹으면 약간 느끼함. 초등학생 조카 좋아함.",스윗츄/1
399,먹고싶었던 맛초킹!! 듀근듀근하는 마음으로 배달시켰는데 배달시간 65분 떠서 좌절ㅠㅠ 그래도 65분까지는 안걸린거 같아요ㅎㅎ 한 50분정도 걸린거같습니다!! 배달도 안내해주신거보다 빨라서 좋았구요 배달상태도 양호양호♡ 맛은 뭐 말할거없이 최곱니다 ㅜ.ㅜ 여러분 맛초킹 드세요 두번드세요 알바아니에요 진짜 너무 맛있어요 엉엉,맛초킹（한마리）/1
400,뿌링클 너무맛있어여ㅠㅠ 시즈닝도 넉넉히 뿌랴주셔서 너무맛있네요! 전에시켰던데는 시즈닝을 거의 위에만 살짝뿌려서 실망했었는데..이번에는 너무 맛있어요! 배달도 예상시간만큼 소요되었구요,뿌링클/1
401,ㅎㅎ,
402,너무 달고.. 양도 적고..,스윗츄/1
403,맛초킹 짭조름허니 넘 맛있어요~!,
404,음 리뷰 처음인데...배달 한시간 걸리는건 그렇다 쳐요..여기 자주 시켜먹었었는데 기름상태가 너무 안좋은거 아닌가요 정말 얼마나 기름을 안갈았으면 튀김옷이 까만색...?제발 개선좀 해주세요..처음 먹었던거랑 너무달라..먹기싫은색ㅇ이야 와 어떡하지진짜..리뷰쓰면서도 고민중입니다 먹을까 전화할까..,해바라기핫후라이드치킨/1
405,부분부분 살이 너무 딱딱해서 턱빠지는줄알았어요...,맛초킹（한마리）/1
406,맛나게 잘먹었어요,
407,"베리굿인데, 두마리 시켰는데 서비스가 영! 그거 빼고는 맛은 좋았음!","뿌링클다리¸/1,순살뿌링클/1"
408,양이적다 같은 bhc데 양이다르다 아쉽다,후라이드 반／양념 반/1
409,배달속도 굿 굿굿 맛도 굿굿,"치레카/1,뿌링뿌링소스/1"
410,뿌링클 맛있어요!전에 다른지점에서 실패했는데 이번엔 성공! 하지만 배달은 50분 걸렸습니다,
411,맛있습니다,
412,매콤해요. 맛있어요.,순살맛초킹/1
413,얼마전 먹었던 다른 지점보다 별로였음. 오래된 기름에 튀긴 느낌..이런거 잘 안쓰는데 보자마자 짜증나서 씀.,
414,좋아요,（할인）뿌링클/1
415,늦은 시간인데도 배달와서 좋았구요 맛있게 먹었어요,
416,배달도 빠르고 맛도 굉장히 좋았습니다 ~ 다음에 또 시켜먹을께요,
417,맛있었어요,
418,진짜 맛없어요.... 원래 bhc치킨이 맛없는건지 여기점만 그런건지 모르겠는데 튀김옷 너무 두껍고 뻣뻣하고 완전 최악치킨,
419,호불호가 강해요.,
420,맛초킹. 이름값은 합니다!,
421,양이 너무 적어요,"붐바스틱/1,사이다1.25L¸/1"
422,순살메뉴 늘려주세용,
423,요일할인 되는날이라 시켜봤는데 맛있네요. 추천합니다.,순살맛초킹/1
424,뿌링클 4천원 할인받아서 먹었습니다 할인도많이되서 기분좋은데 환상적인뿌링클맛 정말 진리입니당~~~^^,（할인）뿌링클/1
425,마이쪙~,
426,항상순살로먹다가 쿠폰사용으로 저렴하게 뼈있는걸로 먹었네요 ㅋ 항상 맛있게 잘먹어요~~~^^,맛초킹（한마리）/1
427,맛있어요.,
428,맛있어요~~~~,
429,삘리오고죠았어요,
430,"저 치킨 여기서만 시켜먹어요! 뿌링클만 먹었었는데 맛초킹도 맛있네요! 무엇보다 치킨이 맛있고, 예상시간보다 빨리 가져다 주시고, 배달하시는 분도 친절하세요! 앞으로도 여기서만 시킬거에요~~~!!!",순살맛초킹/1
431,빠른배달은물론 친절하시네요^^ 무엇보다 치킨맛 짱입니다 완전 고소해요 다음에도 이렇게 맛난 치킨 먹게해주세요~ 자주 주문해겠습니다^^,
432,기름 오래된 냄새가 나요. 먹고나니 찝찝하네요.ㅜㅜ,
433,처음에는 닭도 신선하고 기름냄새도 안나서 이 지점에서만 시켜먹었는데 요즘은 조금 복불복이네요 ㅜㅜ 아니면 매뉴의 문제인가 앞으로는 양념많은 맵스터나 커리퀸만 먹어야겟어요. 닭다리 두개 먹고 나머지는 버렸어요. bhc는 맵스터만..,후라이드 반／양념 반/1
434,늘 먹는 지점이에요,후라이드 반／양념 반/1
435,"아니 주문한지 1시간20분 이넘었는데 30분전부터 매장,요기요두곳 모두 전화해도받지도않고 지금뭐하는거죠? 취소할래도할수도없고 진짜 답도없네",
436,맛있어요,
437,맛쵸킹이 젤 맛난거 같아요. 매콤하기도하고 빠른배송감사해요,
438,후라이드 바삭해서 좋아요~양념도 지나치게 달지 않은 느낌,
439,맛있게 잘먹었습니다~~ 화욜에 주문하고 ㅋ 3000원할인받았어요 ㅋㅋ,순살맛초킹/1
440,굿좝~맛있고 빠르네요~ 단골 할께요!,해바라기후라이드치킨/1
441,"기름도 깨끗하고, 배달도 빠르고, 배달 오신분도 친절하시고, 가분 좋게 치킨도 먹고 기분도 힐링 됐네요!~^^",
442,잘 받아 먹었습니다~,해바라기후라이드치킨/1
443,배달 시켯을때 거진 1시간정도 걸린다햇는데 예상보다 빨리와서좋앗고 조금식어서 왓지만 맛잇게 먹엇습니다~,
444,맛있어요^^,
445,"처음에 남가*점에서 시켰었는데, 가재울점이 훨씬 친절하고, 빠르고 맛있어요! 여기서만 세번째 주문이고, 앞으로도 여기서만 주문할거에요!!^^",순살뿌링클/1
446,..,
447,커리퀸 맛있네요. 닭이 엄청부드러웠어요 양념이 많이묻어와서 짠맛이 있었지만 양념은 조금만 넣어달라고하면 조금만 넣어준다고 하더군요... 이건 저의불찰이니 별점 5개남기고갑니다. 그리고 치즈볼은 사랑입니다,
448,항상 시켜 먹어요 무난히 맛있어요,커리퀸/1
449,늘 믿고 먹고있어요,순살맛초킹/1
450,AI영향 때문이지는 모르겠지만 치킨양이 많이 줄었네요. 20% 이상은 줄은듯합니다. 당분간 치킨은 자제해야겠어요.,"커리퀸/1,맛초킹（한마리）/1"
451,카레향이 좀 나네요.. 생각보다 뻑뻑해서 좀 실망스러웠어요,
452,맛나요!!,
453,맛있어요~~~,
454,뿌링클 처음 먹어보는데 맛있네요!!ㅎ.ㅎ배달도 빠른편이었구 따뜻해서 좋았어요~,뿌링클/1
455,배달빠르고 맛있어용,
456,빨리 오진 않았지만 포인트랑 쿠폰 써서 맛있게 먹었어요~ 좋아여 요기요!,해바라기후라이드치킨/1
457,화요일쿠폰으로 저렴하게 잘먹었습니다 ㅎ 개인적으로 조금 짜네요 ㅠㅜ,
