﻿,리뷰,메뉴
0,뿌링클 강추 입니다!!,뿌링클/1(추가메뉴(뿌링소떡))
1,마라칸을 시켰는데 양념이 묻다 말았네요 마라향도 너무 약하고.. 아쉽네요 그래도 집앞이라 배달은 빨랐네요..;;;;;,마라칸/1(추가메뉴(치킨무))
2,너무 맛있게 잘먹었습니다,"순살뿌링클/1,뿌링핫도그/1"
3,👍🏼👍🏼👍🏼👍🏼👍🏼👍🏼👍🏼👍🏼👍🏼👍🏼👍🏼,뿌링클/1
4,뿌링감자맛있어용~ 또 시킬게요,"해바라기핫후라이드치킨/1,뿌링감자/1,생맥주1000cc/1"
5,친절하시고 맛도좋아용,뿌링클다리¸/1
6,튀김도좋고 너무 맛있어요,뿌링클날개¸/1
7,맛있어요,"뿌링클/1,달콤바삭치즈볼/1"
8,뿌링클은 언제먹어도 맛있네요~! 식지않고 따뜻하게 잘먹었습니다^^,뿌링클＋빨간소떡/1(추가메뉴(뿌링치즈볼))
9,사이드메뉴만 시켰는데 맛있어요! 깔끔하게 포장해서 배달와서 조아영,"빨간소떡/1(추가메뉴(뿌링뿌링소스)),달콤바삭치즈볼/2,콜라245ml/1"
10,순살로 시켜서 아이들이 순식간에 다 먹었어요. 맛있네요~,순살뿌링클/1
11,맛있었어요! 비가 안와서 주문했는데 기사님 뵈니까 비 많이 맞으신거 같더라구요ㅠㅠ 다음엔 맑은 날 시킬게요!,뿌링클HOT/1
12,애들이 좋아하는 쁘링클^^,"뿌링클/1,케이준프라이/1,콜라500ml/1"
13,닭다리가 많이 다이어트 했네요.,뿌링클＋치즈볼/1
14,배달 굿이구요~ 뿌링클치즈볼 겉이 바싹하네요 맛있게.잘먹었어요~,치하오＋뿌링치즈볼/1
15,뿌링클 말할것도 없이 맛있죠 그런데.. 치킨이 너무 튀겨져서 너무 딱딱했어여 ㅠㅠ 딱딱한부분 씹어지지도 않아 이 아파서 그냥 버렸습니다..,"뿌링클/1,뿌링핫도그/1"
16,배달이 엄청 빨랐어요! 시킨지 30분도안되서 왔습니당 뿌링클핫도그도쫀득쫀득맛잇엇어요ㅎㅎㅎ,"뿌링클/1,뿌링핫도그/1"
17,맛있어요,"뿌링클/1,달콤바삭치즈볼/1"
18,바람부는 날씨였는데도 잘 배달해주셔서 감사합니다. 치킨도 넘 맛있어요!,뿌링클/1
19,최고❤️❤️❤️❤️❤️❤️❤️❤️,뿌링클/1(추가메뉴(뿌링치즈볼))
20,맛있어요 마라향이 좋아요,마라칸/1(추가메뉴(뿌링감자))
21,요기요 배달 첫 주문이였는데 배달도 빠르고 치킨도 마있어서 정말 좋았어요 ㅎㅎ 딱 하나 아쉬운 점은 치킨이 조금 식어서 아쉬웠지만 좋았어요 ㅎㅋ,순살뿌링클/1(추가메뉴(뿌링소떡))
22,좋아요좋아요좋아요맛있어요,해바라기후라이드치킨/1
23,맛있어서 후루룩 뚝딱 먹었어용 사이드만 시켜도 꿀맛,"뿌링치즈볼/1(추가메뉴(뿌링뿌링소스,뿌링감자)),달콤바삭치즈볼/1"
24,언제나 깔끔하게 배달 맛있게 먹었어요,순살뿌링클/1
25,시간은 좀걸렸지만 맛있었어요 또 먹을꺼에요,뿌링클＋치즈볼/1
26,먹는데 닭에서 냄새가 좀 나네요. 위에 뿌려주는 가루가 적어서 그런지 밑에는 이렇게 눅눅해져서 왔어요. 그래도 배달하시는 분이 너무 친절하셨어요.,뿌링클/1
27,맛나게잘먹었어용~~~~~~,"해바라기후라이드치킨/1,콜라1.25L¸/1"
28,다른 점은 껍질 엄청 두껍고 살쪼금인데 여기는 진짜 최고!! 살도많쿠요 배달진짜빨리옴~~ 감사합니다,해바라기닭다리후라이드치킨/1
29,오늘도 역시 빠름~~빠름~~ 맛있어요. 아들들 좋아하네요.,"뿌링클다리¸/1(추가메뉴(뿌링뿌링소스,뿌링소떡,뿌링감자,뿌링치즈볼))"
30,맛있어요,해바라기후라이드치킨/1
31,맛은 너무 당연하게 맛있었고 배달도 생각보다 빨라서 잘 먹었습니다!,뿌링클/1(추가메뉴(뿌링치즈볼))
32,최고 배달도 빠르고 감사합니다,후라이드 반／양념 반/1
33,맛있게 잘 먹었습니다~!,"치레카다리¸/1,맛초킹다리¸/1"
34,감사히 맛있게 잘 먹었습니다~!,맛초킹다리¸/1
35,맛있게 먹었습니다. 그런데 조금 짰습니다.,맛초킹（한마리）/1
36,배달도빠르고딷듯하고맛잇어요~감사합니다~,순살뿌링클HOT/1
37,넘 좋아요 ㅎㅎ 맛있어요,후라이드＋뿌링감자/1
38,역시나 짱짱 빠른배송깢,후라이드 반／양념 반/1
39,오늘 닭에서 냄새도 좀 나는거 같고 튀김색갈도 튀김 기름이 좀 된거 같고.. 오늘은 별로였음.,후라이드＋뿌링치즈볼/1
40,역시나 굿굿 잘먹었습니자,후라이드 반／양념 반/1
41,배달 늦었다고 사과하시면서 주셨는데 배달 안 느렸어요ㅎㅎ 빠르고 따뜻하게 배달해주셔서 감사하고 치킨 맛있어요! 뿌링클 최고🥰,뿌링클/1
42,배달도 빠르고 잘 먹었습니다,"뿌링클/1,뿌링감자/1"
43,항상 맛있게 잘해주셔요~,"순살뿌링클/1,달콤바삭치즈볼/1,콜라1.25L¸/1"
44,맛있게 먹었습니다^^,뿌링클/1
45,비오는 날 친절히 배달해주시고 따뜻하게 잘 먹었습니다,"뿌링클HOT/1(추가메뉴(뿌링뿌링소스,뿌링치즈볼))"
46,양도 많고 배달도 빠르고 맛있습니다!,"뿌링미니콜팝/1,뿌링감자/1,달콤바삭치즈볼/1(추가메뉴(뿌링치즈볼)),콜라245ml/1"
47,양반후반시켰는데 튀김옷이 좀 두꺼웠어요.. 더 딱딱했구.. 예전에 시켜먹었던 맛이랑 조금 변했어요 ㅠ.ㅠ 여기 사장님 되게 친절하셨던걸로 기억하는데.. 다시 튀김맛 잡으셨으면 해요~,"후라이드 반／양념 반/1(추가메뉴(치킨무)),미니콜팝/1,달콤바삭치즈볼/1,콜라1.25L¸/1"
48,너무 마싯네요 고맙습니다,후라이드 반／양념 반/1
49,잘 먹었습니다 ~~~,순살뿌링클/1
50,예전이랑 맛이 바뀌었어요 왜인지 모르겠네요 튀김반죽이바뀐걸까요 튀김입자도 다르고,해바라기후라이드치킨/1(추가메뉴(양념소스))
51,배달이 빠르고 반족스럽습니다 맛도 좋고여,뿌링클/1
52,감사합니다 항상 빠른배송,후라이드 반／양념 반/1
53,늘 감사합니다 배송도 빨라요,후라이드 반／양념 반/1
54,느끼하고...느끼하네요..소스가 제일 맛있었어요,"뿌링치즈볼/1,달콤바삭치즈볼/1(추가메뉴(뿌링뿌링소스)),케이준프라이/1"
55,핫후라이드는 진리입니다.,해바라기핫후라이드치킨/1(추가메뉴(뿌링치즈볼))
56,비 내리는 길 조심히 배달해주셔서 감사합니다. 잘먹었습니다~,뿌링클＋뿌링치즈볼/1
57,맛있어요~시즈닝도 듬뿍있고 잘먹었습니다,뿌링클날개¸/1
58,프링클 치킨 세트 좋습니다! 배달도 친절하고 좋습니다!,"순살뿌링클/1(추가메뉴(뿌링뿌링소스,뿌링소떡))"
59,치킨에서 마라맛이 나니 제 입맛에는 좀 어색해서 치하오가 더 맛있게 느껴지긴 했지만 시중에 나온 마라치킨 중엔 제일 마라에 가깝다고 생각합니다. 마라 좋아하시는 분들은 한번 드셔볼만해요^^ bhc는 새로운 치킨이 많이 나와서 좋아용~ 번창하세요 사장님!!,마라칸/1
60,오랜만에 야식 배부르게 먹엇습니다,"해바라기후라이드치킨/1,뿌링치즈볼/1"
61,맛있다.........,"뿌링클/1(추가메뉴(빨간소떡,뿌링감자))"
62,배달늦게옴 맛은보통,해바라기후라이드치킨/1(추가메뉴(뿌링소떡))
63,배달도 빨랐고 맛있었어요!,"뿌링클/1(추가메뉴(양념소스,뿌링치즈볼))"
64,리뷰보고 주문했는데.......... 시즈닝이 너무 축축하고.......... 닭은 너무 빠싹 익혀져서 딱딱했어요.... 너무 먹고싶어서 오픈시간 기다려서 주문했는데 아쉬워요....,뿌링클/1
65,맛있었어요 배달원분이 집 앞에서 소리만 안질러주셨음 좋겠네요,"뿌링소떡/1,달콤바삭치즈볼/2,콜라500ml/1,뿌링뿌링소스/1"
66,전에 다른 지점에서 시켜봤다가 대실망하고 bhc 는 여기서만 먹어요. 배달해주시는 분도 항상 친절하시고 치킨도 맛있습니다. 이날은 할인쿠폰땜에 배달도 늦게올줄 알았는데 20분만에 온것같아요.,순살맛초킹/1
67,늘 사장님이 친절하시고 뭔가 양념이나 튀김옷들도 풍성하게 해주셔서 항상 맛있게 먹고 있습니다. 감사드리고 번창하셨으면 좋겠어요~!,맵스터/1
68,맛있어요,"해바라기후라이드치킨/1,달콤바삭치즈볼/1"
69,맛있었어용 뿌링치즈볼 소스가 조금 더 묻어있었다면 더 좋았을테지만요 ㅎ,"미니콜팝/1,뿌링치즈볼/1(추가메뉴(뿌링뿌링소스,뿌링감자)),콜라500ml/1"
70,너무너무 맛있게 따듯하게 먹었습니다,치하오/1
71,닭튀김 사이에 개미가 있네요 다음부턴 위생에 살짝 신경부탁드려요,뿌링클/1
72,뿌링클 다리 맛있어요,"뿌링클다리¸/1,커리딥소스/1"
73,맛나고 양많고 배달요원 친절해서 좋았습니당,"해바라기후라이드치킨/1(추가메뉴(양념소스,뿌링소떡))"
74,맛있고 담백해서 좋았습니다,후라이드 반／양념 반/1
75,가격이 조금 나가도 맛은 최고,"뿌링클＋뿌링치즈볼/1,뿌링소떡/1"
76,맵스터가 제일 맛있어요~,맵스터/1
77,여기 뿌링클 넘 맛있어요 ㅠㅠ,"뿌링클/1,뿌링감자/1"
78,뿌링클은 항상 이 지점에서만 시켜요~,뿌링클/1
79,배달은 빨랐는데 튀김옷이 너무 딱딱했고 양도 별로 없었던거같네요ㅠ,뿌링클＋치즈볼/1
80,쁘링클 먹었습니다 어른보다는 어린이가 많이 좋아하는 맛이에요,뿌링클/1
81,항상 치킨 바삭하고 시즈닝 많이 뿌려주셔서 좋아요,뿌링클/1
82,맛있어요! 배달하는 분도 항상 친절하시고 좋아용,"뿌링미니콜팝/1,달콤바삭치즈볼/3"
83,닭이 안와요....복날도 아닌데...닭줘요..,"뿌링클날개¸/1,달콤바삭치즈볼/1"
84,어제 금욜에다가 복날이긴했지만 주문하고 두시간넘은 뒤에 받았어요 음식이 식진않았지만 너무 늦어져서 취소하려했는데 지금 나오고 있다는 말에 기다렸는데 그러고도 삼십분 넘어서 왔네요 사진은 막왔을때는 못찍고 담날 남은거 찍은거에요 맛은있었어요,"해바라기핫후라이드치킨/1,빨간소떡/1,달콤바삭치즈볼/1"
85,맛있게 잘먹었습니다,갈비레오/1
86,맛있고 조하용ㅇ 다들 날개만 시켜보세요~~,뿌링클날개¸/1
87,배달도 빠르고 치킨도 따뜻하고 맛있어요 ㅜㅜ 다음에도 시켜먹을게요!,해바라기후라이드치킨/1
88,배달도 빠르고 아주 맛잇어요!,"뿌링클/1(추가메뉴(뿌링소떡,뿌링치즈볼))"
89,뿌링치즈볼이 안오고 치즈볼 10개가 왔지만.. 치즈볼은 역시 항상 맛있어요!!,"미니콜팝/1,뿌링치즈볼/1,달콤바삭치즈볼/1,뿌링뿌링소스/2"
90,바삭바삭 맛있어요,"뿌링클/1,달콤바삭치즈볼/1"
91,믿고먹는 뿌링클입니다,뿌링클/1
92,맛있습니다....좋아요,맛초킹（한마리）/1
93,뿌링클 처음 먹어봤는데 맛있네요 사이드메뉴 주문한것들도 엄청맛있어요 담에 또 주문할게요,"뿌링클/1(추가메뉴(빨간소떡,뿌링치즈볼))"
94,맛있게 잘묵었어요~,"뿌링클/1,뿌링치즈볼/2,콜라1.25L¸/1"
95,뿌링클과 양념치킨을 좋아합니다 최고입니다^^,뿌링클다리¸/1
96,맛있게 잘먹었습니다,양념치킨/1
97,내가 젤 좋아ㅘ는 치킨 맛있습니다,해바라기핫후라이드치킨/1
98,뿌링클이라 달달하니 맛나네요. 4살 아이가 살짝 매워하는데 밥이랑 소스와 같이 먹더니 제법 잘 먹었습니다. 양은 요즘 타 업체보다는 확실히 좀 적지만... 맛은 확실합니다!,순살뿌링클/1(추가메뉴(뿌링소떡))
99,배달도 빠르고 역시 뿌링클은 맛있네용 ㅎㅎ,뿌링클/1
100,따끈하고 바삭하고 맛이좋습니다.,"뿌링클/1,달콤바삭치즈볼/1,사이다1.25L¸/1"
101,배달해주시는 분도 친절하시고 빨라요,"순살뿌링클/1(추가메뉴(뿌링뿌링소스,뿌링치즈볼))"
102,배달도 빠르고 배달원분도 친절하시네요 맛있어용,치레카/1
103,맛초킹 맛있는덷 오늘은 너무 짰어요..,"맛초킹（한마리）/1,뿌링감자/1"
104,배달은 좀 늦엇지만 맛있어용~,"뿌링클/1,달콤바삭치즈볼/1"
105,최고였습니다 언제나 최고,"해바라기후라이드치킨/1,양념치킨/1"
106,마초킹 대존맛 비오는날 시켜셔 죄송..,맛초킹（한마리）/1
107,좋아요~~~~~~~,"미니콜팝/1,빨간소떡/2,달콤바삭치즈볼/1,콜라1.25L¸/1"
108,배달앱은 양이 적다는 말을 들었는데 기대했던 것 보다 양도 많고 맛도 있습니다 무엇보다도 빠른 배달이 만족스럽습니다 감사합니다,순살마라칸/1
109,항상 배달도 빠르고 너무 맛있게 잘 먹고 있습니다!,"뿌링소떡/2,빨간소떡/1,뿌링치즈볼/1(추가메뉴(치킨무))"
110,맛있었습니답! 배달하시는 분도 친절하시구요:-),"해바라기핫후라이드치킨/1,달콤바삭치즈볼/1(추가메뉴(뿌링뿌링소스))"
111,거의 30분만에 빠르게 배달이와서 만족스러웠습니다!,뿌링클/1
112,배달시간 딱 맞게왔어요 다만 시즈닝가루가 너무 부족해서 뿌링클보다 그냥 후라이드 같았어요ㅜㅜ오늘 좀 아쉽,"순살뿌링클/1,사이다1.25L¸/1"
113,난 너무 맛있게 먹었는데 어머니께서는 향신료향을 싫어하심 호불호 갈림,마라칸/1
114,이란전 축구할때 보면서 먹으려고 주문했는데 잘 배달되서 맛잇게먹었습니다~~,"뿌링클다리¸/1,뿌링치즈볼/1"
115,잘먹었습니다굿굿!!,맛초킹（한마리）/1
116,갸꿀맛. 잘 먹었습니다~,뿌링클/1
117,맛있어요ㅏㅅ있어요~~,"양념치킨/1,뿌링치즈볼/1,콜라1.25L¸/1"
118,축구보면서 보려고 주문했는데 시간도 잘맞춰서 왓어요. 뿌링클은 언제나 진리...☆,뿌링클/1
119,솔직히 치즈볼은 무조건이지 무조건,"후라이드＋치즈볼/1(추가메뉴(양념소스,뿌링소떡))"
120,저번주문햇을때 넘나 맛잇게 먹엇엇는데ㅜ 오늘 배달온닭은 냄새가 넘나 나서 도저히 못 먹겟어요 ㅠㅠ 실망이에요,뿌링클/1
121,맛있게 먹었습니다 감사합니다,"뿌링클/1(추가메뉴(뿌링뿌링소스,뿌링치즈볼))"
122,굿굿굿굿굿굿굿귯귯귯굿굿굿,"순살뿌링클HOT/1,빨간소떡/1(추가메뉴(빨간소떡)),뿌링치즈볼/1,사이다1.25L¸/1"
123,뿌링클은 사랑입니다^^,"뿌링클/1,달콤바삭치즈볼/1"
124,"양념, 바삭치즈볼 넘 맛있어요♡♡","후라이드 반／양념 반/1,달콤바삭치즈볼/1"
125,둘이서 매콤하게 맛있게 먹었어요,치하오＋빨간소떡/1
126,간만에 먹었더니 아주맛있었어요 바삭바삭 따듯하게 딱이었습니다 ㅎㅎㅎ,뿌링클/1
127,잘먹겠습니다~~~~,뿌링클＋뿌링치즈볼/1
128,맛도 양도 배달도 좋았습니다,커리퀸/1
129,배송 빠르고 맛있어요 ~~,뿌링클/1
130,맛있네요 ~ ㅎㅎㅋㅋ,해바라기후라이드치킨/1
131,짜요.. 밥반찬~ 마라가 이런맛이군요.,"마라칸/1,사이다1.25L¸/1"
132,👏👏👏👏👏👏👏👏👏👏,뿌링클/1(추가메뉴(뿌링소떡))
133,주문 많은때 배달해주신건 감사하지만 마라? 소스가 섞인건지.. bhc에서 늘 먹던 맛쵸킹 맛이 아니라 중간중간 향식료 맛이 심하게 났어요. 미리 튀겨 놓으신건지? 배달코스중 마지막이라 식은건지? 온기없이 아예 식은 상태에 겉에 소스만 뭍혀서 보내주신 느낌이였구요 실망스러웠네요,"맛초킹（한마리）/1,뿌링치즈스틱/1"
134,맛잇게 잘먹엇어요~,해바라기후라이드치킨/1(추가메뉴(양념소스))
135,바사삭바사삭 하는 소리도 재미있고 맛도 너무너무 좋았어요~ 저녁에 살찌는 소리가 들리지만 젓가락 질을 멈출수가 없었지요~ 뼈가 없어서 간편하기도 하고 강추!! 입니다~♡,순살바삭클/1
136,배달기사님도 엄청 친절하시구 역시 맛있어욤!!,
137,뿌링클 역시 맛있어요ㅎㅎ,"순살뿌링클/1,사이다1.25L¸/1"
138,👏👏👏👏👏👏👏👏👏👏👏👏,맛초킹（한마리）/1
139,"급하게 먹느라 사진은 못 찍었네요ㅠ 아무튼 이 집 양도 맛(튀김상태, 간, 촉촉함)도 완벽합니다^^","해바라기후라이드치킨/1,콜라500ml/1"
140,마라칸 정말 맛있고 좋아요 푸욱 빠지겠사옵니다,마라칸/1
141,배송빠르고 맛있어요 배송빠르고 맛있어요,순살뿌링클/1
142,bhc는 첨 먹어보는데 후라이드 맛있네요. 치즈볼도 맛나용,"후라이드 반／양념 반/1,달콤바삭치즈볼/1"
143,언제나 jmt언제나 jmt언제나 jmt언제나 jmt,"해바라기후라이드치킨/1,매운맛양념치킨/1"
144,뿌링클은 왜 이렇게 맛있을까요ㅎㅎ질리지가 않아요,"순살뿌링클/1,사이다1.25L¸/1"
145,할인받아서 먹으니 더 꿀맛이네요~ ㅎㅎ,"치하오순살/1(추가메뉴(뿌링감자)),콜라1.25L¸/1"
146,전엔 되게 가루도 많고 맛도 좋아서 여기로만 먹었는데 이번엔 탄 것도 있고 껍질이 바삭보다는 딱딱한 게 꽤 있더라고요. 배달도 되게 늦음. 서비스는 여전히 친절하지만요,뿌링클/1
147,매콤해서 맛있어요 추천합니다,치하오/1
148,치킨도 치즈볼도 맛있었지만 배달이 인간적으로 너무 늦게 왔어요ㅠㅠㅠ 그래서 치즈볼에 치즈도 다 굳어 있었고..ㅠ 배달 빼곤 만족합니당!!,마라칸＋뿌링치즈볼/1
149,맛있어요ㅎㅎㅎㅎㅎㅎ,뿌링클HOT/1
150,맛나요맛나요맛나요맛나요,뿌링클HOT/1(추가메뉴(뿌링뿌링소스))
151,마라칸과 뿌링클 시켜먹었어요~ 깜박하고 먹다가 사진 찍었네요. 마라칸은 안에 어묵도 들어가 있어서 색달랐는데 엄청 매워요 ㅋㅋ 매운 거 못 먹는 분들은 고려해서 시키면 될 것 같아요!,"마라칸/1,뿌링클/1"
152,맛있게 먹었습니다~ 배달기사님께 죄송하다고 전달해주시면 감사하겠습니다ㅠ 인터폰이 고장나서 공동현관 문이 한번에 안열려서요ㅠㅠ 다시 인터폰 하실줄 알고 기다렸는데 살짝 텀이 있다가 다시 인터폰 하시더라구요ㅠ 밖에서 오래 기다리게 해드려서 죄송합니다ㅠㅠ 마침 제가 통화중이라 죄송하단 말도 못드리고 기사님 뵙고는 쉿표시를 해버려서 아차했어요.. 배달기사님께 꼭 죄송하다고 전해주세요ㅠ,뿌링클/1
153,배달도 예상시간보다 빨리왔고 치킨도 방금튀겼는지 김나고 엄청 뜨거웠어요. 다음에 또시킬려구요,"뿌링클다리¸/1(추가메뉴(뿌링뿌링소스)),달콤바삭치즈볼/1,콜라1.25L¸/1"
154,허겁지겁 먹느라 처음에 사진을 못 찍었네요. 맛있습니다 정말로용,"해바라기후라이드치킨/1,콜라500ml/1"
155,우리 딸이 뿌링클 노래를 불러 한번 시켜봤는데 맛이 없는건 아닌데 내 스타일은 아니네요..,뿌링클＋뿌링치즈볼/1
156,맛있게 잘 먹었습니다.,뿌링클/1
157,역시 맛있어요~~~~~~,"뿌링클/1(추가메뉴(뿌링치즈볼)),뿌링치즈스틱/1"
158,마라칸이 호불호가 갈리는,"마라칸다리/1,뿌링미니콜팝/1"
159,맛초킹시킨다는게 뿌링클시켜는데 완전맛있네요 배달아저씨도 너무친절하고 앞으로도 응암점으로 주문할께요,"뿌링클＋뿌링감자/1,빨간소떡/1"
160,맛있네요 다음에 또먹을게요,"해바라기후라이드치킨/1,콜라1.25L¸/1"
161,잘먹었어요~~~~좋아여~~,"뿌링소떡/1(추가메뉴(뿌링소떡)),뿌링감자/1,뿌링치즈볼/1(추가메뉴(뿌링치즈볼))"
162,완전 맛있어요~ㅎㅎ,뿌링클＋뿌링소떡/1(추가메뉴(뿌링감자))
163,양도 많고 바삭하고 맛있었어요~ 조금 매웠으면 더 맛있었을것 같아요!,맛초킹（한마리）/1
164,예전에는 퍽퍽살도 부드러워서 좋았는데 요즘은 너무 퍽퍽해서 콜라랑 먹기도 약간 힘드네요..,뿌링클/1
165,배달하시는 분도 친절하고 치킨도 맛나용,"순살맛초킹/1(추가메뉴(치킨무)),해바라기후라이드치킨/1(추가메뉴(양념소스))"
166,오랜만에 뿌링클 맛남,"순살뿌링클/1,케이준프라이/1"
167,맛있어요!! 뿌링치즈볼이랑 매운소떡 처음 시켜먹는데 진짜 맛있어요ㅋㅋㅋㅋㅋ 할인받아서 저렴하게 주문했고 배달도 잘해주셨어요!! 다음에 또 시킬게요,"빨간소떡/1,뿌링치즈볼/1,달콤바삭치즈볼/1,뿌링뿌링소스/1"
168,배달도 빠르고 맛도 최고에욤,"미니콜팝/1(추가메뉴(뿌링뿌링소스,뿌링소떡,빨간소떡,뿌링치즈볼))"
169,역시 치킨은 멀먹어도맛있음ㅎ,치하오/1
170,맛있게 잘 먹었습니다,"맛초킹（한마리）/1,해바라기후라이드치킨/1"
171,"너무맛나요,또 먹고싶어요",해바라기후라이드치킨/1(추가메뉴(뿌링치즈볼))
172,치하오 보다 먹을만 했습니다 쯔란 좋아하시는 분들은 즐겨 드실수 있을거 같아요,마라칸/1
173,좀 늦긴했는데 맛있어요,뿌링클/1(추가메뉴(뿌링치즈볼))
174,배달도 빠른 편이었고 매번 친절하게 가져다주시고 맛도 있어서 BHC는 여기만 주문합니다....담에도 주문할게요!,"뿌링소떡/2,뿌링치즈볼/2,치킨무/1"
175,이 동네에서 응암행복점이 젤 나은듯ㅎㅎ,"뿌링클/1,사이다1.25L¸/1"
176,특이하니 맛있네요 ㅎㅎ,마라칸＋치즈볼/1(추가메뉴(뿌링감자))
177,뿌링소떡이 너무 맛있어요..치즈볼도 원래 좋아해서 잘먹었습니당,"뿌링소떡/1,뿌링감자/1,달콤바삭치즈볼/1(추가메뉴(뿌링소떡))"
178,쁘링클은 사랑입니다^^ 치즈볼도 맛있어용,"뿌링클/1,달콤바삭치즈볼/1"
179,마라칸 맛있어요 소스가 딱 그맛~~,마라칸/1(추가메뉴(뿌링소떡))
180,음 역시 bhc는 저한테 맵스터가 진리. 마라칸도 맛은 있는데 쯔란같은 향이 더욱 강했으면 어쩔쓸까하네요 하지만 중식 좋아하시는분께 추천드리지만 집에 쯔란에 찍어서 드셔야헐듯,마라칸/1
181,배달해주시는 아저씨께서 너무너무너무 친절하세요!! 덕분에 기분좋게 잘먹었습니다 치킨은 항상 바삭하고 맛있어요 :),뿌링클/1
182,죽여줘요~^^ 어떻게 이렇게 맛있을 수 있어요~ 이렇게 맛있는 치킨 처음이라고 우리 아들이 말했어요,뿌링클＋뿌링감자/1(추가메뉴(치킨무))
183,배달도 정해진 시간에 양도 푸짐,뿌링클다리¸/2
184,맛있어용 여기서만 시켜먹을듯!,뿌링클날개¸/1
185,좀 짜네요 치즈볼은 양에비하면 너무 비싼거같아요,순살맛초킹/1(추가메뉴(뿌링치즈볼))
186,쏘쏘합니다..후추가 통이라서 맘에안듬 ㅠ,순살마라칸/1
187,배달이 늦었지만 맛있게 잘 먹었습니다^^,마라칸＋뿌링치즈볼/1
188,ㅈㅅㅈ슿ㄷㅅㄷㄴㅈㄴㅈㄱㅈㄱㅈㄱ,뿌링클/1
189,역시 치킨은 진리다,"뿌링클/1(추가메뉴(뿌링치즈볼)),달콤바삭치즈볼/1"
190,고맙습니다! 잘먹겠습니다! 이벤트때문에 많은 주문량때문에 고생많으십니다! 배달원님께서 늦어서 죄송하다 하셨는데 주문량이 많아서 이해하고 거리도 있어서 이해합니다! 늦으셔봣자 5분도 안늦으셧는데 ; 오히려 더 제가 죄송하네요! 덕분에 잘먹어요!! :-),뿌링클/1
191,마시나요요요요요요요요,"빨간소떡/1(추가메뉴(뿌링뿌링소스,뿌링소떡,빨간소떡,뿌링치즈볼))"
192,좀 짰어요ㅠㅠ 더 매운맛으로 하면 원래 좀 짠가요?ㅠ 배달은 빨랐고 뿌링 치즈볼은 늘 맛있었습니다 ㅎㅎ,"맵스터/1(추가메뉴(뿌링소떡,뿌링치즈볼))"
193,bhc는 역시 핫후라이드가 최고.,해바라기핫후라이드치킨/1
194,뜨거운 치킨 오랜만에 먹어봐요. 맛은 단연코 최고~ 배달기사님도 친절하시고요 ㅎ,"순살뿌링클/1,해바라기후라이드치킨/1"
195,요거트맛나는 소스에 찍어먹으니 맛있네요,"뿌링클/1,콜라500ml/1"
196,처음 시켜봤는데 애들이 잘 먹네요,맛초킹（한마리）/1
197,^^배달친절하고 맛도 좋았습니다 다음에도 먹고시퍼요,"뿌링클다리¸/1,뿌링소떡/2,빨간소떡/1,뿌링치즈볼/1"
198,친절하시고 맛도 최강,"뿌링클/1(추가메뉴(뿌링뿌링소스,뿌링치즈볼)),콜라1.25L¸/1"
199,맛있게 먹었지만 포장지가 좀 아쉽네여 ㅠㅠ,"갈비레오/1,맛초킹（한마리）/1,뿌링소떡/2,콜라500ml/1"
200,이틀 연속 시켰는데 뿌링가루도 많이 뿌려주시고 맛있었습니다!,"뿌링소떡/3,뿌링치즈볼/2"
201,맛있어용 다음에 또 시켜먹을게염,"순살뿌링클/1,달콤바삭치즈볼/1"
202,배달시간 딱 맞춰오셨어요. 따뜻하고 맛있는 치킨 잘 먹었습니다. ^^,맛초킹（한마리）/1
203,배달도 빨랐고 너무너무 맛있었어요!!!,"뿌링소떡/3(추가메뉴(치킨무)),뿌링치즈볼/1,콜라1.25L¸/1"
204,맛있어욤 날개만은 처음시켜보는데 너무 좋았어요 다음에 또 이거 시켜먹을게여,"뿌링클날개¸/1,뿌링치즈볼/1"
205,역시 프링클 맛나요,"순살뿌링클/1(추가메뉴(뿌링치즈볼)),콜라1.25L¸/1"
206,내입맛에 딱이네요.먹고 또먹고싶은맛,"해바라기후라이드치킨/1,콜라1.25L¸/1"
207,양 너무 작게 시켜서 죄송했는데 그래도 친절하게 배달해 주셨어요! 최소 주문 가격이 비교적 낮아서 혼자 시켜먹기 좋아요!,"미니콜팝/2,달콤바삭치즈볼/1(추가메뉴(뿌링뿌링소스)),콜라1.25L¸/1,뿌링뿌링소스/1"
208,완전 맛있어요~~~,"치하오/1(추가메뉴(치킨무,뿌링소떡))"
209,치즈볼이 좀 기름진거 빼곤 좋았어요!,"순살뿌링클/1(추가메뉴(뿌링뿌링소스)),뿌링소떡/1,뿌링치즈볼/1,달콤바삭치즈볼/1,사이다1.25L¸/1,뿌링뿌링소스/2"
210,👍🏼👍🏼👍🏼👍🏼👍🏼👍🏼👍🏼👍🏼👍🏼👍🏼👍🏼,뿌링클/1
211,배달은완전느리지만 맛있게 잘먹었습니다,뿌링클＋치즈볼/1
212,1시반 40분 만에 받았구요 다시는 선결제 안하고 전화로 시간약속받고 주문할랍니다 맛은 있어요 ㅎ,"맛초킹（한마리）/1,해바라기핫후라이드치킨/1"
213,Bhc는 갑입니다 너무 맛있어용,"뿌링빅콜팝/1(추가메뉴(뿌링뿌링소스)),달콤바삭치즈볼/1"
214,소떡강정은 약간 교촌 허니콤보랑 비슷한 맛이었어요. 허니콤보 맛에 소시지랑 떡 들어있고 청양고추가 올라가있었어요!! 아 그리고 뼈도 있는 치킨이에요 참고하면 될 것 같아요~ 배달은 아주 빨랐어요 ㅋㅋ,소떡강정/1(추가메뉴(뿌링감자))
215,역시 뿌링클!!!! 치즈볼과 소떡소떡의 조합은 행복이에요ㅋㅋㅋㅋㅋㅋ 배달도 빠르고 좋았어요!,뿌링클＋뿌링치즈볼/1(추가메뉴(빨간소떡))
216,치킨은 항상 옳아여 ㅎㅎㅎ,뿌링클＋치즈볼/1(추가메뉴(뿌링감자))
217,별루임 ㅜㅜ 나의 취향은 아닌듯,뿌링클/1
218,맛있었습니다 감사합니다,"맛초킹（한마리）/1,콜라1.25L¸/1"
219,너무너무 맛있고 좋아여~,"뿌링치즈볼/1,달콤바삭치즈볼/2,뿌링뿌링소스/1"
220,배달도 빨리 오고 맛있었어요,뿌링클날개¸/1
221,"깨끗한 기름 쓰시는 것 같아요 맛있고, 배달원분 너무 친절하세요^^","해바라기후라이드치킨/1,달콤바삭치즈볼/1"
222,뿌링클 너무 짜서 먹다 버림. 나트륨 과다섭취로 죽을지도~~~ 뿌링클 주의해서 주문하셔요.,뿌링클/1
223,맛있게 잘먹었습니다,뿌링클＋뿌링치즈볼/1
224,너무 맛있게 잘 먹었어요 또 주문할께요,"맛초킹（한마리）/1,뿌링소떡/1,달콤바삭치즈볼/1"
225,맛있어요 또 주문할께요,치하오/1
226,양이좀적은데 맛있네요,"뿌링클/1,콜라1.25L¸/1"
227,아쉬운점없이 너무 좋ㅇ았어욤~~~~~,"뿌링클다리¸/1,달콤바삭치즈볼/1"
228,맛있어요 배달 빨라요,뿌링클다리¸/1
229,밥하고 먹음 넘나맛있어요~,"갈비레오/1(추가메뉴(치킨무)),달콤바삭치즈볼/3"
230,맛있습니다~~ 배달해주시는분 너무 친절하세요!,해바라기핫후라이드치킨/1(추가메뉴(양념소스))
231,배달 취소 하려고 매장에 전화했는데 매장에서는 안들겠다는 말도 안해주고 그냥 요기요에서 취소하세요 라고만 해주고 자기들이 안만들어서 안배달해겠다고는 말도 안하고 그냥 배달안해줬네요 계속 기다리다가 매장에 전화해보니 취소한 줄 알고 안만들었다고만하고 그럼 전화했을 때 매장에서 주문 취소는 못하지만 그냥 저희가 안만들고 배달안할테니 주문 취소는 요기요에서 하세요라고 말씀해주시면 저희는 계속 안기다렸을텐데 좀 어이없네요 전화에서 물어보니까 계속 짜증내면서 전화받으시고 제가 말하는 도중에 그냥 끊으시네요 이건 정말 아닌거같아요,뿌링클/1(추가메뉴(뿌링소떡))
232,치하오 시켜봤는데 맛있어요!! 감자랑 소떡꼬치도 맛있더라구요!! 맛있게먹었어요 ㅋㅋ,"치하오＋뿌링감자/1,뿌링소떡/1(추가메뉴(빨간소떡))"
233,배달도 빠르고 맛도 좋아요. 치즈볼은 좀 아쉽더라고요 ㅠ,후라이드＋치즈볼/1(추가메뉴(양념소스))
234,"맛있어요~~^^짱,~~~~","뿌링클/1(추가메뉴(양념소스,뿌링감자))"
235,다음에 또 주문할게요. 맛있게 잘 먹었습니다.,맛초킹（한마리）/1
236,배달빠르고 뿌링클은 역시나 맛있네요~,순살뿌링클/1
237,일단 바쁜시간일텐데 빠른 딜리버리 감사하고요 그래서 식지않아 잘 먹었어요 또 주문할게요,"붐바스틱/1(추가메뉴(뿌링뿌링소스,뿌링치즈볼))"
238,치하오 하오하오 니하오 ㅋㅋㅋㅋ사천탕슉 느낌의 치킨이었어요,"치하오/1,달콤바삭치즈볼/1"
239,맛있어요~~~좋아요,"뿌링소떡/1(추가메뉴(빨간소떡,뿌링치즈볼)),뿌링치즈볼/1(추가메뉴(뿌링뿌링소스))"
240,후라이드치킨 넘 맛있었어요,"해바라기후라이드치킨/1,콜라1.25L¸/1"
241,맛있어요 생각보다 맛있어요,"뿌링소떡/1(추가메뉴(뿌링뿌링소스,뿌링소떡,뿌링치즈볼)),뿌링치즈볼/1"
242,치즈볼 최고.... 뿌링클 최고.....,"뿌링클다리¸/1,달콤바삭치즈볼/1"
243,뿌링클 치즈볼 대박 존맛 ㅠ,"뿌링클/1(추가메뉴(빨간소떡,뿌링치즈볼))"
244,항상 맛있게 먹고 있어요,"빅콜팝/1(추가메뉴(양념소스)),케이준프라이/1(추가메뉴(양념소스))"
245,뿌링감자가 다 쏟아져서왓어요.ㅜㅜ신경좀더 써주셧으면 하네요..배달도 40분이랫는데 거의 1시간걸림..맛은 좋앗어요,후라이드 반／양념 반/1(추가메뉴(뿌링감자))
246,원래 다른 브랜드 치킨 좋아하는데 치레카는 종종 시켜먹어요 맛있네용,"치레카/1(추가메뉴(양념소스,치킨무))"
247,둘 다 맛있네요. 사진은 못찍었네요,"치하오/1,콜라1.25L¸/1"
248,맛있게 잘 먹었습니다~,뿌링클＋뿌링치즈볼/1
249,맛초킹 완전 맛있어요^^!!,맛초킹（한마리）/1
250,다른 BHC보다 닭이 신선한것같아요! 튀김 기름도 깔끔한 편이구요,뿌링클/1
251,치킨은 여기가 최고네요 겉은바삭 속은 촉촉 시골계신 어머니가 오셔서 시켜드렸는데 너무 맛나시다 하시네요 감사합니다^^,"후라이드 반／양념 반/1(추가메뉴(치킨무)),뿌링감자/1(추가메뉴(치킨무,뿌링감자)),생맥주1000cc/1"
252,엄청 바쁘셨는지 배달도 한시간정도걸렸는데 감자가 좀 눅눅해졌더라구요 치킨도 좀 식었고 그래도 맛있게 먹었습니다,"치하오/1,뿌링클＋뿌링감자/1,생맥주1000cc/1"
253,맛있게 잘 먹었습니다,"뿌링클날개¸/1(추가메뉴(커리딥소스,양념소스))"
254,역쉬 맛나용~~~~~~,해바라기후라이드치킨/1
255,진짜 jmt 배달생각보다빨라서조흠,뿌링클/1(추가메뉴(뿌링치즈볼))
256,맛있어요. 치츠볼이랑 뿌링클 넘 좋아요,"순살뿌링클/1(추가메뉴(뿌링치즈볼)),콜라1.25L¸/1"
257,완전 바삭하고 맛있어요 배달도 친절하시구요~~,치레카/1
258,배달도 빨리오고 맛있네요ㅎㅎ,양념치킨/1
259,맛있게 잘 먹었습니다,"빅콜팝/1(추가메뉴(양념소스)),케이준프라이/1(추가메뉴(양념소스))"
260,뿌링클만 세번째 시켜먹는건데 이번에는 닭다리 부분이 두쪽 다 안 익은 상태로 왔습니다... 신경안쓰고 먹다가 큰일날뻔 했어요.,뿌링클＋치즈볼/1
261,쁘링클 아이들이 너무좋아해서 치즈볼과같이시켰어요 배송빠르고 맛있어요 good~~^^,뿌링클/1(추가메뉴(뿌링치즈볼))
262,순살은양이적지만 맛있었어요,"순살바삭클/1,달콤바삭치즈볼/1"
263,맛있데 잘 먹고 있어요,순살뿌링클/1
264,맛있어요 신메뉴 먹었어요,"미니콜팝/1,뿌링소떡/1(추가메뉴(뿌링소떡)),달콤바삭치즈볼/1,콜라500ml/1,뿌링뿌링소스/1"
265,레알 밥더덕입니당~~!,해바라기핫후라이드치킨/1
266,친절하시고맛있어요.,"뿌링클/1,해바라기후라이드치킨/1"
267,배달해주시는분 친절하시고 맛잇어요!,"맛초킹＋치즈볼/1,양념＋치즈볼/1"
268,맛나요 사장님 친절하세요,뿌링클/1
269,맛있었요.배달도 좋아요^^,뿌링클＋뿌링치즈볼/1
270,배달도 빠르고 배달하시는분도 친절하ㅅㅔ요~ 맛있어용 ㅋㅌㅋㅌ,"맛초킹（한마리）/1,달콤바삭치즈볼/1"
271,갈비레오 맛 좋네요 비x큐 스모크 말고 이거시켜먹을거에요,"갈비레오/1,뿌링빅콜팝/1"
272,믿고먹는 치킨 맛있게 잘먹었습니다 말씀 안드려도 소스도챙겨주시고 감사해요~~,해바라기후라이드치킨/1
273,너무 맛있었어요옹 자주 시켜먹을거 같네여,"뿌링클/1,달콤바삭치즈볼/1"
274,평타!!!!!!!!!,"뿌링클HOT/1(추가메뉴(뿌링뿌링소스)),달콤바삭치즈볼/1,콜라1.25L¸/1"
275,평소보다 오늘 약간 실망~ 맛도 살짝 양도 좀 작은거 같고 배달도 늦고 많이 바쁘셨나 봅니다~,치하오/1
276,다른 뿌링클 집은 따로 가루 골고루 뿌려주세요 ㅠㅠ 해도 그냥 무시하고 주는데 여기는 말 안 해도 잘 와서 너무너무 좋아요 ㅎㅎ,뿌링클/1
277,맛있어요 배달 빨라요,치하오다리/1
278,아이들이 이것만 시키내요.,"뿌링클/1,콜라1.25L¸/1"
279,처음먹어보는데 맛있어요 양은 처음보고 조금실망햇지만 배불러요,"순살뿌링클/1(추가메뉴(양념소스)),콜라1.25L¸/1"
280,양도 괜찮고 맛있어요~!!!,뿌링클/1
281,맛잇게 순삭햇슴다 ^^,순살뿌링클/1
282,신선한 맛이네요 배달도 빨라요~,치하오/1
283,역시 뿌링클은 최고아닙니까요 ㅠ,"뿌링클/1,달콤바삭치즈볼/1"
284,감사합니다 엄지척입니다,치하오순살/1
285,진짜 치즈볼은 행복,"달콤바삭치즈볼/2,커리딥소스/1"
286,와 치즈볼 너무 맛있어요ㅠ,
287,중국집에서 깐풍기보다 맛있어요,치하오/1
288,짱짱 맛있는 뿌링클~~ 감사합니다,뿌링클＋치즈볼/1
289,존맛존맛존맛 ㅋㅋㅋ,치하오순살/1(추가메뉴(뿌링뿌링소스))
290,맛 있네요. 치하오궁금해서 먹었는대 좋군요,"치하오/1(추가메뉴(머스타드소스,양념소스,치킨무))"
291,맛있습니다..양이적으니깐 쫌 아쉬운데..치킨 옷이 오늘은 많이 두꺼웠습니다..오늘은 배달도 빨랐습니다,
292,다리도 되게 크구 소스가 진짜 맛있더라구요. 2명이서 엄청 배부르게 먹었어여ㅎㅎ 진짜 추천합니다!!!😄,"뿌링클다리¸/1(추가메뉴(뿌링뿌링소스,치킨무))"
293,도착전에 배달완료가 떠서 당황했네요. 고거산 유의 하시면 됩니다..,
294,중말 맛나여 너무너무너무 좋아야 또 시켜먹어여지 ㅎㅎ,"붐바스틱/1,콜라1.25L¸/1"
295,주문한지 한시간을 훌쩍넘겼네요 전화했더니 방금 출발했다고 합니다 하지만 만든지 좀 됐는지 따뜻하게 먹어야 할 치킨이 다 식어있네요 ㅡ ㅡ,치하오/1
296,맛있어요..맵짠단예요 ㅎㅎ 양은 항상 아쉬우니깐...,치하오날개/1
297,가끔 시키는데 빠르고 좋아요,"빅콜팝/1,뿌링치즈스틱/1"
298,너무맛있어서 또시켜요.,"뿌링클/1,콜라1.25L¸/1"
299,최고! 짱 맛있습니당,"뿌링빅콜팝/1(추가메뉴(뿌링뿌링소스)),달콤바삭치즈볼/1,뿌링뿌링소스/1"
300,맛있게 잘 먹었습니다~,"빅콜팝/1(추가메뉴(양념소스)),케이준프라이/1,양념소스/1"
301,튀김옷 덜묻은거겠죠 세 조각이나 뜯어먹은것같은 튀김옷... 오해하겠어요,"맛초킹（한마리）/1,콜라500ml/1"
302,맛있었는데 치즈볼 사이즈가 다른지점보다 작았던 것 같아요,"뿌링빅콜팝/1(추가메뉴(양념소스)),달콤바삭치즈볼/1"
303,맛있어요 역시뿌링클이에요 배달도빨라서좋았어요,뿌링클/1
304,아들이 넘 좋아해요~ 자주 시켜먹네요^^,"빅콜팝/1(추가메뉴(양념소스)),케이준프라이/1,콜라1.25L¸/1,양념소스/1"
305,너무너무맛있어요🥔🥔🍠🍠🥐🥐,커리퀸다리¸/1
306,여러분!! 님이 무엇입니까? 언제나 그리운 이름입니다 우리가 사모하고 눈물 흘리며 오랜 세월을 목말라 해온 이름입니다 님은 바로 뿌링클의 낙원을 말하는 것입니다 여러분!!!,뿌링클/1
307,아이고맛나다아아아아,뿌링클다리¸/1(추가메뉴(뿌링뿌링소스))
308,예상시간보다 빨리와서 좋았구요 문의톡은 답변이 너무 늦어 짜증났네요,뿌링클/1
309,진짜 자주 시켜 먹어요ㅋㅋㅋ 응암행복점 최고,"뿌링클다리¸/1,달콤바삭치즈볼/1,콜라1.25L¸/1"
310,뿌링클은 무조건 응암행복점에서!! 다리살만 시켜서 먹는데 다리 진짜 통통하고 시즈닝도 많이 뿌려주샤서 항상 맛있게 먹고 있습니다,뿌링클다리¸/1
311,배달은 오래걸렸어요 그래도 bhc 👍👍,후라이드 반／양념 반/1
312,다음에는 돈 아끼지 말고 뿌링클 순살 시켜야겠어요 밀가루 튀김처럼 공갈인 것들이 많네요ㅠㅠ,"뿌링빅콜팝/1(추가메뉴(뿌링뿌링소스,양념소스))"
313,완전 맛있어요!!! 살도 보들보들 ㅎㅎ,후라이드 반／양념 반/1
314,좋아요^^ 신제품이라 시켜먹었는데.. 느끼함이있어요.,치하오/1
315,뿌링클 시켰는데 뿌링소스가 아예 안왔어요 .. 뭐죠 ㅜㅜ 아쉽네요,"뿌링클/1,달콤바삭치즈볼/1,케이준프라이/1,콜라1.25L¸/1"
316,배달이 너무너무 느려요ㅠㅠ 한시간 넘게 기다렸어요ㅜㅜ,뿌링클＋치즈볼/1(추가메뉴(뿌링뿌링소스))
317,순살이라 그런가 양이 조금 작은 것 같지만 배달도 빨리 오고 맛있게 먹었어요:),순살뿌링클/1(추가메뉴(뿌링뿌링소스))
318,잘먹었습니다 배송도 빠르고,"맛초킹＋치즈볼/1(추가메뉴(머스타드소스)),생맥주1000cc/1"
319,스트레스 해소엔 역시 뿌링빅콜팝입니당당 ㅎㅎㅎㅎㅎ계속 응암행복점에서만 시키게되네용 헤헤 최고입니다,"뿌링빅콜팝/1(추가메뉴(뿌링뿌링소스,커리딥소스))"
320,역시 최고에욤 뿌링클 매일먹고싶은 맛이에욤,뿌링클/1
321,진짜 맛있어요 다음에 또 시켜먹을게요,뿌링클/1
322,처음으로 커리딥소스도 시켰는데 맛있네요!! 오늘도 최고입니당😆😆 감사해용,"뿌링빅콜팝/1(추가메뉴(뿌링뿌링소스,커리딥소스))"
323,맛있어서 자주시켜 먹어요,뿌링클/1
324,울 아들 조카 다 맛있게 잘먹어서 좋네요~~,뿌링클/1
325,맛도 양도 괜찮아요!! 무엇보다도 배달해주신 분이 너무너무 친절하셨어요!!😊😊,뿌링클/1
326,이야 역시 응암행복점은 최고입니당❤️👍 오늘따라 양도 많은것같고 더 맛있어요😆 뿌링뿌링 소스는 잘못넣으신건지 ㅠ 아님 서비스로 주신지는 모르겠지만 두개가 왔네요!! 두번에 나눠먹는거 어떻게 아셨는지 >< 잘먹었었습니다,"뿌링빅콜팝/1(추가메뉴(뿌링뿌링소스,양념소스))"
327,매콤하면서 고소한 새로운맛 넘 맛있어요~,치하오/1
328,최악이네요...일단 먹긴했는데 치킨인지 기름인지 참....튀기고 기름에 담근줄알았어요.... 맘같아서는 다시 해달라고 전화할려다 배고파서 그냥먹었네여,"뿌링클/1,해바라기후라이드치킨/1"
329,역시 맛있네요!! 다음에도 먹을 거 같습니다,"뿌링클/1,콜라1.25L¸/1"
330,okokokokok,치레카/1
331,감사합니다........,"붐바스틱/1,생맥주1000cc/1"
332,뿌링클 순살이랑 치즈볼 시켰는데..배달은 정말 빠르고 좋았어요ㅎㅎ 사실 치킨보다 치즈볼 먹고 싶어서 시킨건데 치즈볼이 다른 지점에 비해 눅눅하다는 느낌이에요..반죽도 살짝 덜 익은것 같았구요ㅜㅜㅜ굉장히 기대하고 받았는데 슬퍼지는 저녁입니다...😭,"순살뿌링클/1,달콤바삭치즈볼/1"
333,역시 맛있네요 뿌링클,뿌링클/1
334,2000원 할인이라 주문했는데 맛쵸킹이 더 맛있는거 같애요,치하오/1(추가메뉴(치킨무))
335,맛있어요!!!👍👏👏😆,뿌링클날개¸/1(추가메뉴(뿌링뿌링소스))
336,빠른배 달 맛두있네요,해바라기후라이드치킨/1
337,치킨은 역시 JMT,"뿌링클/1,콜라500ml/1"
338,응암행복점 너뮤 좋아용❤️ 배달도 빠르고 맛도 좋아용😘 앞으로도 계속 이용할게용,"뿌링빅콜팝/1(추가메뉴(뿌링뿌링소스,양념소스))"
339,맛있어요 자주먹는 bhc,"치하오/1,해바라기후라이드치킨/1"
340,양도 많고 맛있네용,"뿌링빅콜팝/2(추가메뉴(뿌링뿌링소스)),달콤바삭치즈볼/2"
341,소스가 너무 많이 있어 치킨을 먹을 때 오히랴 더 맛이 좀 덜햤던 것 같아요,"뿌링클/1(추가메뉴(뿌링뿌링소스,치킨무))"
342,평일인데 배달도 늦었고... 그건 그렇다쳐도 닭상태가 메롱이고 뿌링클의 맛은 치즈가 기본인것을 치즈가 많이 부족했나봐요? 이런 뿌링클은 처음이네요. 참고하세요.,"뿌링클/1,콜라1.25L¸/1"
343,아주 맛나요~~~~!!!,치하오/1
344,맛있고 배달 빨라요 굿,치하오순살/1
345,맛 있 어 요 맛 읶,뿌링클/1
346,좋아요! 잘 먹고있습니다~,"후라이드 반／양념 반/1,콜라500ml/1"
347,굿맛 빠른배송 좋아요,
348,맛있게 먹었어요 수고하세요~~,뿌링클/1
349,항상 먹는 맛초킹 맛있어요,순살맛초킹/1
350,신메뉴라 시켜봤는데 괜찮았어요. 배달도 예상시간보다 훨씬 빨리 갖다주셨어요,치하오순살/1
351,?????? 1시간 넘게 배달 기다리고 있는데 안와서 전화해 봤는데 전화도 안받네요? 사이트도 준비중이라 뜨고 돈 결제까지 하고 기다리고 있는데 배달 오는건 맞나요?,"후라이드 반／양념 반/1,뿌링왕콜팝/1"
352,배달 빨라요 ㅎㅎ맛있어요,커리퀸다리¸/1
353,배달도 정확하고 맛도 좋네요,
354,늦은 리뷰지만 맛있어용!,"후라이드 반／양념 반/1,달콤바삭치즈볼/1"
355,따듯하고 바삭하고 너무 맛있게 먹었습니다.,달콤바삭치즈볼/1
356,치즈스틱에..치즈가없어요...한입 씹고 이상해서..ㅠㅠ 그리고 기름?같은것들이 주변에 너무 묻혀있었어요 ㅠㅠ 콜팝은 예전에 정말 맛있었는데 좀 오래된느낌..원래 여기 근방에 제일 맛있는 bhc인데 오늘은 쫌 실망이요 😭,"빅콜팝/1,뿌링치즈스틱/1"
357,맛나네여 앞으로 몇번 더 시킬듯,치하오/1
358,배달은 축구때문에 늦었지만 맛있게 먹었습니다,후라이드 반／양념 반/1
359,bhc는 항상 여기서 시켜먹는데 배달원분이 항상 친절하시고 배달도 빨라서 너무 좋아요! 맛은 항상 좋구요 ㅎㅎ,뿌링클＋치즈볼/1
360,배달 빨리왔어요! 맛있어요,치하오/1
361,배달시간 빼고 만족해요,"뿌링클/1(추가메뉴(뿌링뿌링소스,치킨무))"
362,맛있어서 또시켜요 이번엔딸이요,"뿌링클/1,콜라1.25L¸/1"
363,아들이 엄청좋아하네요,"뿌링클/1,사이다1.25L¸/1"
364,배달이 좀 늦게 왔어요,"뿌링클다리¸/1,달콤바삭치즈볼/1"
365,너무 좋습니다 여기서만 시켜먹는데 항상 만족합니다~!오늘도 힘내세요!,"뿌링클다리¸/1,달콤바삭치즈볼/1"
366,좋았어요~ 맛있게 잘 먹었어요,맛초킹（한마리）/1
367,맛나요~~~~~~~~~~,해바라기후라이드치킨/1
368,역시 맛초킹. 맛있습니다.,"맛초킹（한마리）/1,머스타드소스/1"
369,맛있게 잘먹었습니다. 따뜻하고 맛있네요.,"뿌링클/1(추가메뉴(뿌링뿌링소스)),달콤바삭치즈볼/1"
370,신메뉴 맛있네요 양념이 충분히 뭍혀지지 않아서 좀 하얘요 양념 자체 맛은 좋았는데 버무려진게 너무 부족하네요 ㅠㅠ 치즈볼은 바삭하고 맛나요,치하오＋치즈볼/1
371,항상 무난하게 맛있어용,"해바라기후라이드치킨/1(추가메뉴(양념소스)),달콤바삭치즈볼/1,양념소스/2"
372,겁나 맛잇어요!! 근데 양이 살짝 작은느낌 ㅠㅠ,맛초킹（한마리）/1
373,여기는 배달이 빨라서 좋아요 ㅎㅎㅎ 콜라 서비스 감사합니다! 정말 맛있어요,"빅콜팝/1,달콤바삭치즈볼/1"
374,맛있었어요~~~~!!!,치하오/1
375,배달빠르고 치하오 치즈볼 대박! 짱 맛잇어요 담에 또 먹을거에용,치하오＋치즈볼/1
376,배달도 빠르고 치킨도 따뜻하고 바삭해서 잘 먹었습니다. 치즈볼도 처음 먹어보는데 쫄깃하고 고소하고 맛있었습니다!,"후라이드 반／양념 반/1(추가메뉴(뿌링뿌링소스)),달콤바삭치즈볼/1"
377,으아아아아아아ㅏㅇㄱ 사진 한장으로 끝!! 조아요 행보갑니다...,양념치킨/1
378,냠냠했어요~~~~~,"해바라기후라이드치킨/1(추가메뉴(치킨무)),달콤바삭치즈볼/2"
379,첨 시켰는데 너무 맛있어요~~ 순살마쵸킹인데 고추가 좀 맵긴 했지만 그래도 맛있게 잘먹었습니다 무엇보다 배달이 너무 빨라서 감사했습니다 ~~,순살맛초킹/1
380,체인점도 지점마다 맛이다른데 여긴 맛있습니다~,"후라이드 반／양념 반/1,달콤바삭치즈볼/2"
381,비비큐 하실때부터 시켜먹었었는데 상호를 바꾸셔도 맛있습니다 배달하시는분이 항상친절하세요^^,해바라기후라이드치킨/1
382,맛있네요 딱 밥이랑먹으면 괜찮을정도 양도 남자혼자서 다먹을만하네요,갈비레오/1
383,빠른 배달과 친절하시고..바삭한 맛이 최고,"뿌링클/1,달콤바삭치즈볼/1,뿌링뿌링소스/2"
384,다 식은 치킨이 와서 먹다 남은 치킨 먹는 줄 알았습니다. 몇 시간 지난 치킨을 가져와서 누가 취소한 치킨 다시 보낸 줄 알았네요. 차갑지만 않았지 다 식은 치킨이었습니다. 상암점에서 먹은 치킨은 뜨끈하고 김이 모락모락 나서 바삭해서 굉장히 맛있었는데 여기는 다시는 안시킬듯 하네요.,후라이드 반／양념 반/1
385,배달하시는분도 친절하고 맛있어요,해바라기후라이드치킨/1(추가메뉴(양념소스))
386,후리이드 양념 다 맛있어요~~,후라이드 반／양념 반/1
387,맛있었어용ㅎㅎㅇㅇㅎ,해바라기닭다리후라이드치킨/1
388,맛이랑 양은 그저 그랬는데 배달 해주시는 분이 인사도 잘 해주시고 말도 걸어주시고 너무 착하셔서 좋았어요,뿌링클/1
389,치즈볼디 다 달라 붙었어욤,달콤바삭치즈볼/3
390,맛있었어여 뿌링클 가루도 많아서 만족함,순살뿌링클/1
391,맛은 좋은데 양이 넘 적다~,갈비레오/1
392,맛있뎌요맛있져어어어,"달콤바삭치즈볼/3,뿌링뿌링소스/1"
393,항상 친절하게 배달 해주시는 덕분에 치킨 도착과 동시에 행복이 배가 됩니당 ~~~! 사진을 못 찍었네요 ㅠㅠ 넘 급하게 막 먹음 👍 엄마가 기름 깨끗하다고 인정 하신 비에이치씨 ~~~,"뿌링클/1(추가메뉴(뿌링뿌링소스)),달콤바삭치즈볼/1,콜라1.25L¸/1"
394,치즈볼 맛있네요~ 맵스터는 양념을 너무 많이 버무려주셔서 밥이랑 먹었는데도 엄청 짰어요......ㅠㅠ,"맵스터/1,달콤바삭치즈볼/1"
395,맛있게 잘 먹었습니다~!,후라이드 반／양념 반/1
396,진짜 진짜 체고임다 ❤️,붐바스틱/1
397,맛잇네영 배달두 매우 정시를 지켜주시고 ㅋㅋㅋㅋ 아쉬운부분은 콜라 1.5리터루다가 추가하는 것이읍다는 것입니다,뿌링클/1(추가메뉴(요레요레소스（애플）))
398,양념 추가했는데 센스있게 배로 주시네요! 감사합니다.,해바라기후라이드치킨/1(추가메뉴(양념소스))
399,진짜 케이준 후라이 양 실화인가요~? 반만 담은듯한 양이네 ㅡㅡ,"맛초킹（한마리）/1(추가메뉴(치킨무)),케이준프라이/1"
400,잘먹었습니다 ㅋㅋㅋㅋ,소이바베큐/1
401,배송도 30분 일찍 왔고 배달원님도 너무 친절하시고 너무 맛있고 진짜 제발 응암 행복점에서 시켜드세요ㅠㅠㅠㅠ사랑합니다 ❤️❤️,"달콤바삭치즈볼/2,뿌링치즈스틱/1,뿌링뿌링소스/2"
402,정말 정말 맛있었습니다!!,뿌링클/1
403,맛있네요~~감사합니다!!,맛초킹（한마리）/1
404,간장치킨 먹는 맛이네요 맛잇네요,소이바베큐/1
405,후라이드 바삭하니 맛있어요,해바라기후라이드치킨/1
406,배달 빠르고 맛있어요~~,"양념치킨/1,생맥주1000cc/1"
407,먹다보니 사진을 깜 빡 했어요. 오늘 말복이라 안먹어본 메뉴 주문했는데 너무 맛있어요!!! 잘먹었습니다^^,소이바베큐/1
408,맛있어요,"뿌링클/1,케이준프라이/1"
409,배달 30분 정도 걸렸는데 바삭하고 뜨거운상태로 와서 잘 먹었습니다!,해바라기후라이드치킨/1
410,맛잇엇지만 양이 부좃햐서 조금아쉽,붐바스틱/1
411,굿 제입엔 마니 달긴한데 맛나여,맛초킹（한마리）/1
412,뭐가 아쉽네요 닭이 바뀐건가요??,후라이드 반／양념 반/1
413,엄청 빨리왔어요 감사합니다,붐바스틱/1
414,Goodgoodgood,"갈비레오/1,뿌링클/1,달콤바삭치즈볼/1"
415,뿌링클 소스를 배달 안해줬어요ㅠㅠㅂ 나중에는 3꼭 확인후 배달해주세요,"뿌링클/1,콜라1.25L¸/1,뿌링뿌링소스/1"
416,항상 기대에 딱~~~,맛초킹（한마리）/1
417,정말 빠른배달과 많은양이었습니다,해바라기후라이드치킨/1
418,너무 맛있고 배달도 빠르네요 조만간 또 시켜먹을 예정이에요ㅎㅎ,"붐바스틱/1,달콤바삭치즈볼/1"
419,배달 정확히 문자로 통보해준시간에 와서 좋았습니다!!!!! 다른곳은 안지켜지는 곳이 많은데 만족합니다~~,맛초킹（한마리）/1
420,맛있어요!배달도 빨랐어요!!좀 양이 적어요ㅠ,갈비레오/1
421,맛있어요,뿌링클/1
422,jmt존맛탱 진짜 맨날 여기서만 먹는데 닭다리 하나 어디다 두고 오셨나요 진짜 눈물나서 제대로 맛평가를 못 하겟네요 맛있었어용.......,후라이드 반／양념 반/1
423,맛있어요 배달도빠르시고 굿,"뿌링클/1,케이준프라이/1"
424,빅콜팝 양 진짜 혜자입니다ㅋㅋ 치즈볼은 언제나 맛있구요 배달도 만족ㅎㅎ,"빅콜팝/1,달콤바삭치즈볼/2"
425,배달도 빠르고 맛있었어요 고추가 있어서 좋았는데 살짝 매웠어요~,맛초킹날개¸/1
426,무난했습니다~~~~!!,맛초킹（한마리）/1
427,맛있습니다 감사합니다,맛초킹（한마리）/1
428,간장 치킨 먹는 느낌.. 치킨 식어서 와서 좀 별루네요~,소이바베큐/1
429,비 많이 왔는데도 하나도 안눅눅하고 맛있었어요! 감사합니다ㅎㅎ😊,뿌링클/1
430,역시 BHC는 응암행복점이에요ㅠㅠ 축구하는날이라 배달 늦을까 걱정했는데 40분만에 배달왔어요ㅠㅠ!! 잘먹고 있어요 늘 감사합니다,"순살소이바베큐/1,달콤바삭치즈볼/1"
431,맛있어요!! 자주 시켜먹을께요~,뿌링클/1
432,맛있었어용 또 시킬게요,"맛초킹（한마리）/1,콜라1.25L¸/1"
433,양념이 군데군데 잘 안발려진데가 있었어요,맛초킹（한마리）/1
434,3시간 기다리는 동안 전화한통도 없고 전화하면 안받는 응암행복 클라스,갈비레오/1
435,개맛짱맛 이 주위 후라이드중에 여기가 제일 맛잇어용,후라이드 반／양념 반/1
436,여기 지점이 최고입니다 ㅠㅠ 친절하시고 또 친절하세요!’ 음식은 당연 맛있고요 ㅠ 저번에 모르고 다른 점에서 시켰는데 시키고 너무 후회했어요 ㅠ 앞으로도 자주 이용할게요😍 행복합니다,"빅콜팝/1,뿌링치즈스틱/1"
437,쪼아요~~~~~!!!,뿌링클/1
438,맛있대요,순살치레카/1
439,맛있어요,뿌링클/1
440,치킨이 먹고 싶을때는 bhc 치킨이에요. 소스도 맛있고 바삭해서 강추입니다.,맛초킹（한마리）/1
441,맛있어요!시킬만해여,"후라이드 반／양념 반/1,생맥주1000cc/1"
442,맛있어요,"뿌링클/1,콜라1.25L¸/1"
443,튀김옷이 너무 떡져있네요.. 발린 소스도 부족하고.. 양은 적지는 안네요 혼자 일닭하는사람인데.. 반먹고 포기했으니.. 배달은 빠르나 배달하시는분이.... 재구매의사 없음,핫소이바베큐/1
444,맛나요맛나!! 굳굳,"후라이드 반／양념 반/1,콜라1.25L¸/1"
445,개인적으로 소이보단 갈비레오가 더 맛있는듯요~~ 친절한배달 감사합니당,소이바베큐/1
446,맛있었어요 ㅎㅎ 후라이드는 언제 먹어도 맛있는거 같아요,"해바라기후라이드치킨/1,사이다1.25L¸/1"
447,양도 많고 친절하셔서 좋아요!! 치즈볼 진짜 맛있네요 ㅎㅎ 콜라 큰사이즈도 주셔서 감사합니다,"빅콜팝/1,달콤바삭치즈볼/1"
448,"맛있네요......,",순살바삭클/1
449,먹을만합니다....,소이바베큐/1
450,치킨에 연근들어있어용 근뎅 맛은 맛초킹이더맛있듐!!,소이바베큐/1
451,맛있어요 바삭바삭 핫훼❤️,해바라기핫후라이드치킨/1
452,짭쪼름하니 맛있어요！ 치킨이랑 연근이 이렇게 어울릴줄은 몰랐네요 추천bb,순살소이바베큐/1
453,역시 맛초킹 젤 맛있는거같아요~!!,맛초킹（한마리）/1
454,맛있어요 근데 양이 좀 줄은듯한기분이..,맛초킹（한마리）/1
455,맛있네요 믿고먹는 bhc,커리퀸/1
456,너무맛있어요 ㅠㅠㅠㅠ 뿌링클최거,"뿌링클/1,뿌링뿌링소스/1"
457,튀김옷이 두꺼웠던거 말곤 좋았습니다~,해바라기후라이드치킨/1
458,맛나맛나맛나맛나맛요,"치레카/1,콜라1.25L¸/1"
459,배달해주신분도 친절하시고요 맛초킹맛있네요 맥주나 치밥으로 먹기에도 좋네요,맛초킹（한마리）/1
460,배달도 빠르고 배달하시는분 매우 친절합니다~~ 감사합니다! 뿌링클은 진리!!,뿌링클/1
461,치즈볼이랑같이먹었어용 ㅎㅎㅎ존맛!!,"맛초킹（한마리）/1,달콤바삭치즈볼/1"
462,맛있어요.......,후라이드 반／양념 반/1
463,"화요일 3시 14분 주문 30분내 도착 구성: 치킨무 , 코카콜라 245ml 빨간, 파란 고추가 양념에 섞여 있음 생각한거 보다 양이 적은 느낌 양념이 강하지 않고 적당함",갈비레오/1
464,맛있습니다!!바삭 매콤,"해바라기핫후라이드치킨/1,콜라1.25L¸/1"
465,걍 쏘쏘 그닥 맛없지도 맛있지도 않은 후라이드 치킨맛,해바라기후라이드치킨/1
466,만드는데 45분 걸린다고해서 담배좀 필겸 나가서 기달렸는데 먼저 늦었다고 하네요 ㅋㅋ ㅠㅠ 당황해가지고 ㅋㅋ 늦어서 밖에서 기달린거 아닌뎅..ㅋㅋ암튼 맛잇게 먹겠습니돱,"순살뿌링클/1,케이준프라이/1,콜라1.25L¸/1,치킨무/1,양념소스/1"
467,비비큐보다 비에치씨 후라이드가 더 깔끔,"해바라기후라이드치킨/1,양념소스/3"
468,맛있었어요ㅎㅎㅎㅎㅎ,맛초킹（한마리）/1
469,정신없이 먹느라 사진은 못 찍었어요 정말 맛 있었습니다,갈비레오/1
470,커리퀸 은 그냥 그래요,"커리퀸다리¸/1,해바라기핫후라이드치킨/1"
471,배달 넘 친절하고ᆢ 맛있네요,해바라기후라이드치킨/1
472,배달도 항상 친절하시고 빨라요 맛있게 잘 먹었습니다. 후라이드 시켰는데 닭이 더 커진 느낌이에요. 오랜만에시켜서 그런가.. 전 치킨 여기서만 먹습니다! 기름도 깨끗한것 같고 닭도 크고 바삭바삭 늘 맛있어요 ! 늘 감사드립니다 ㅎㅎ.,해바라기후라이드치킨/1
473,맛나서 또 시켰네요~~,맛초킹（한마리）/1
474,항상 그맛 유지 좋네요~~!!,맛초킹（한마리）/1
475,배달 빠른데 튀김옷이 눅눅ㅜㅜ,맛초킹（한마리）/1
476,진짜강추!는아닌그냥추천! 특히붐바스틱이갠적으로맛있는듯,"붐바스틱/1,달콤바삭치즈볼/1,콜라1.25L¸/1,치킨무/1"
477,사진을못찍어서 ...맛은있는데 양이 너무부족해요,갈비레오/1
478,보통 후라이드맛 기름지네요,"해바라기후라이드치킨/1,콜라1.25L¸/1"
479,빠르게 배달이 와서 좋았어요.,"붐바스틱/1,미니콜팝/1"
480,후라이드 담백하구 맛있어요ㅠ,"해바라기후라이드치킨/1,양념소스/2"
481,언제먹어도맛잇아용ㄹ,"뿌링클/1,콜라1.25L¸/1"
482,또 시켜먹을께요 맛있습니다,맛초킹（한마리）/1
483,맛있었어요 가까운곳이라 좋네요,"순살맛초킹/1,케이준프라이/1"
484,맨날 비비큐만 시켜먹었는데 여기가 훨씬 맛있는듯해요 달콤하고 약간 카레가루?아주약간 나는거같기도하구요 맨날 여기만 시켜먹을듯ㅎㅎ,"해바라기후라이드치킨/1,양념소스/1"
485,맛있어요 양념도 맛있네요,"뿌링클/1,양념치킨/1"
486,두마리 시켰는데 음료수 라지 하나 서비스 안주는군요! 양념장도 따로 챙겨달라고 했는데 갖다주지도 않네요! 계속해서,"순살뿌링클/1,매운맛양념치킨/1,사이다1.25L¸/1"
487,치킨이 바삭하고 촉촉하고 맛있네요,"후라이드 반／양념 반/1,치킨무/1"
488,맨날 비비뀨만 시켜먹다가 처음으로 bhc후라이드 먹어봤는데 진짜 훨씬 고소하고 바삭하고 담백하고 맛있었습니다ㅠㅠ조금 매콤했으면 더 맛있을텐데 다음엔 핫후라이드로 시켜먹어야겠어요ㅎㅎ,"해바라기후라이드치킨/1,양념소스/2"
489,배달원 분이 너무 친절하셨어요 바삭바삭하게 가져와주셔서 감사합니다 ㅎㅅㅎ 행복하세요♡,"달콤바삭치즈볼/2,콜라1.25L¸/1,치킨무/2,양념소스/1,뿌링뿌링소스/1"
490,친절하고 너무 맛있어용!!!!!,치레카/1
491,항상 잘 먹고 있어요~~,후라이드 반／양념 반/1
492,맛은 여전히 굿인데~~ 양이 좀 준거같아 아쉽네요ㅠㅠ,맛초킹（한마리）/1
493,바삭하게 잘 해주셨어요,"맛초킹（한마리）/1,해바라기후라이드치킨/1"
494,"맛은 여전히 맛있는데 닭크기가 작아진거같아요 서운.ㅎ 암튼 그래도 맛초킹 잘먹었습니다. 참, 배달하시는 분께서 너무 친절하고 밝게 인사해주셔서 좋았습니다. ^^",맛초킹（한마리）/1
495,빠르고 양 많습니다.,뿌링클/1
496,항상 잘먹고있습니다,치레카/1
497,맛초킹 진짜 맛나요~!,맛초킹（한마리）/1
498,치킨도 맛있고 배달도 빨라요! 전 개인적으로 뿌링클순살이 젤 맛있어요!!! 다음날 먹어도 바삭하고 넘 잘튀기시는 것 같아요ㅠㅠ,"순살뿌링클/1,달콤바삭치즈볼/1,사이다1.25L¸/1"
499,맛있게 잘먹었습니다 ㅎㅎ,뿌링클/1
500,그냥 프라이드치킨이 더좋을듯 합니다..,스윗츄/1
501,최근에 먹은 치긴중 맞있어요..추천요,뿌링클/1
502,맛있고 배달도 빨리 와요,뿌링클/1
503,양이조금 준듯 맛은있네요,"순살맛초킹/1,콜라1.25L¸/1"
504,뿌링클 맛있었어요 역시 ㅎㅎ 만족했습니다!,뿌링클/1
505,맛있어요짱!ㅋㅋㅎㅋ,뿌링클/1
506,역시 치즈볼이랑 뿌링클은 맛있어요....ㅠ,"순살뿌링클/1,달콤바삭치즈볼/1"
507,바삭바삭 달달 고소고소!!,후라이드 반／양념 반/1
508,맛있어용..반반은 사랑입니당..,후라이드 반／양념 반/1
509,맛나요~~ 진짜 갈비맛 응암행복점 짱!,갈비레오/1
510,닭이 너무 부드럽고 맛있어요,맛초킹（한마리）/1
511,맛. 있. 어. 요.,뿌링클/1
512,옆동네인데 배달도 와주시고 맛있게 잘먹었습니다,맛초킹（한마리）/1
513,매운거 땡겼는데 잘먹었슴다,맵스터/1(옵션선택(더매운맛))
514,잘 먹었습니다.!!,해바라기후라이드치킨/1
515,붐바스틱 첨 먹어봤는데 맛있었어요,붐바스틱/1
516,갈비레오 밥반찬으로는 괜찮네요,갈비레오/1
517,늘 잘먹고 있어요 감사해요,"순살맛초킹/1,달콤바삭치즈볼/1,사이다1.25L¸/1"
518,맛있으나 양이너무적어서,갈비레오/1
519,"첫 입을 먹었을 때, 내가 기억하는 최고로 맛있었던 닭요리가 생각났고 두 번째 다리를 뜯었을 때, 어릴적 포장마차에서 닭꼬치를 사먹은 추억이 떠올랐다. 세 번째 다리를 뜯었을 때, 배불리 먹을 수 있음에 행복했고 마지막 다리를 뜯었을 때, 아쉬움과 함께 떠나보내야했다. 추운 겨울 나에게 추억과 행복을 전해준 '붐바스틱'. 네 조각 다리에는 사장님의 정성과 배달원의 아름다운 땀방울과 나의 아련한 추억이 담겨져 있었노라..",붐바스틱/1
520,맛있어요 친절하고요,핫갈비레오/1
521,모든살이 다 촉촉해서 맛있어요! 치밥 해먹으니 맛나용~,핫갈비레오/1
522,치레카는 다른거보다 양적어요 여긴 맛초킹 너무 맛있게 먹어 4번째주문,치레카/1
523,여기는 3번째예요 bhc는 옳습니다,뿌링클/1
524,배달도 엄청 빠르고 치킨도 너무 맛있게 잘 먹었습니다,"순살커리퀸/1,달콤바삭치즈볼/1,콜라1.25L¸/1"
525,항상 기본빵 이상입니다,후라이드 반／양념 반/1
526,ㅂㅐ달도빠르고 맛도있어요,해바라기후라이드치킨/1
527,믿고 먹는 커리퀸 굿!!!!!,커리퀸/1
528,30분만에 왔어요!! 배달도 빠르고 치킨도 바삭해서 넘 좋습니다,순살뿌링클/1
529,배달 언제와요 ? 도대체 ㅋㅋ,"후라이드 반／양념 반/1,사이다1.25L¸/1,양념소스/1"
530,맛있게 잘 먹었습니다 :),맛초킹（한마리）/1
531,맛있습니다.! 너무너무너무,커리퀸/1
532,맛있습니다.! 너무너무너무,커리퀸/1
533,원래 먹던 맛난 맛초킹,맛초킹（한마리）/1
534,인정인정 굿굿굿굿ㅇ,"순살맛초킹/1,케이준프라이/1"
535,배달 짱빨라서 좋아요 앞으로도 많이 시켜먹을듯ㅎㅎㅎㅎㅎㅎ 뿌링클 존맛,뿌링클/1
536,오랜만에 뿌링클 시켜봤는데 역시나 맛있네요ㅎㅎ 감자튀김은 양이 좀 적은거 같아요ㅠ,"뿌링클/1,케이준프라이/1,사이다1.25L¸/1,뿌링뿌링소스/1"
537,아ㅣ주 굿쨥입니다! 실망시키지 않군요! 단 서비스만 빼고 서비스가 없군요,"순살뿌링클/1,콜라1.25L¸/1"
538,처음먹어봤는데 맛있네요,"뿌링클/1,치킨무/1"
539,✨✨✨✨✨✨✨✨✨짱,맛초킹（한마리）/1
540,치레카 원래 눅눅함?,치레카/1
541,전 북가좌동이어도 응암행복점에만 시킵니다. 이곳이 맛있기 때문이죠 마감시간 다되서 시켰는데도 잘 갖다주셔서 고맙습니다. 맛있어용,맛초킹（한마리）/1
542,생각보다 별로네요 ㅠㅠ.. 배달은 그냥저냥왔는데 너무 달고 맛도 더매운맛 시켰는데 안맵네요 양도 뼈만 너무 많고 쫌 실망입니다.. 가까운위치에 BBQ도 있는데 경쟁력에서 노력좀해주세요 .. ㅎㅎ,맵스터/1(옵션선택(더매운맛))
543,계속 여기에만 시키게 되네요! 두 말 필요없음,순살뿌링클/1
544,매우 빠른배달 아주 좋습니다!,"뿌링클다리¸/1,순살뿌링클/1"
545,닭다리여서그렇지만..양이 좀적은듯해서 별하나뺏어요,"맛초킹다리¸/1,사이다1.25L¸/1"
546,맛이...좀...다음번엔 안시킬듯요,"붐바스틱/1,후라이드 반／양념 반/1"
547,맛있어서 자주 시켜먹습니다!,해바라기후라이드치킨/1
548,순살이라 그런지 튀김옷이 좀 두꺼웠어요 ㅋㅋㅋㅋ그래도 맛있음,"순살뿌링클/1,뿌링뿌링소스/1"
549,맛있게 잘먹었습니다,스윗츄/1
550,맛있게 잘 먹었어용 새로나온 메뉴라 먹어봤는데 괜찮아요 맛탕같은느낌?아닌느낌? 달달합니다. 사람마다 입맛이 다르니 갠적으로 저는 다른메뉴가 더 맛있는듯요 ㅎㅎ 그래도 잘먹었어요~,스윗츄/1
551,맛있네요~ 생각보다 많이 안달아서 좋구요 배달해주시는분 친절하시구 배달 적당히 빠르구 뭐 그냥저냥ㅎ 근데 역시 뿌링클이 답이네요ㅎ,"스윗츄/1,달콤바삭치즈볼/1"
552,아주 좋습니다! 매우 만족합니다!,"순살뿌링클/1,콜라1.25L¸/1"
553,맛있어요 맛있어요,"뿌링클/1,달콤바삭치즈볼/1"
554,예정시간에 맞춰 따끈한 치킨이 왔어요 맛좋아요,후라이드 반／양념 반/1
555,맛있고 배달직원도 친절하고 좋아요,순살스윗츄/1
556,배송빠르고 후라이드 맛 있어요,해바라기후라이드치킨/1
557,뿌링클 시켰는데 역시 사스갓 뿌링클,뿌링클/1
558,비에이치씨가 진리 그 중 응암행복점이 진리 중 진리,붐바스틱/1
559,다리가 너무커서 속살까지 간은 안배었지만 비교적 맛있었습니다. 잘먹었습니다^^,간장골드다리¸/1
560,맛있고 배달 엄청 빠름,맛초킹（한마리）/1
561,뿌링클은 진짜 맛있어요,뿌링클/1
562,엄청 따끈하게 배달이 왔어요 맛있었어요,해바라기핫후라이드치킨/1
563,맛쵸킹진리..배달도 친절하시고 빨랐네요,맛초킹（한마리）/1
564,붐바스틱 맛있어요!양은 적네요,붐바스틱/1
565,맛있게 잘 먹었습니다~,맛초킹（한마리）/1
566,양도 많구... 맛초킹 처음 먹어보는데 맛있어서 놀랐어요!!ㅋㅋㅋㅋ 감사합니다,맛초킹（한마리）/1
567,최고에요 자주 시켜먹을거에요,맛초킹（한마리）/1
568,베리베리 굿! 맛있게 뜨겁게 배달 빨리 갖다주셔서 최고 최고,순살뿌링클/2
569,엄청 빨리왔어요 감사합니다:-),
570,너무 맛있어요! 베리베리베리 굿,"순살뿌링클/1,사이다1.25L¸/1"
571,짱짱 맛있어요! 다른 bhc 가게에 먹다가 응암행복점 치킨 먹으니까 더 바삭하고 소스도 더 맛있어요!,해바라기후라이드치킨/1
572,잘먹을께요,
573,사장님이닭을우유에재워서쓰신건지 닭이 진짜 부드럽고 너무맛있어요. 아빠가 드시고 너무 좋아하셔서 후기남깁니다!!!,후라이드 반／양념 반/1
574,마이쩡,뿌링클/1
575,맛있게 튀긴 양 많은 뿌링클 치킨시킬려면 응암행복점만 주문할 것입니다! 강츄~~,"순살뿌링클/2,커리딥소스/1"
576,아니 무슨 45분 예정이라고 해놓고 25분만에 와서 문짝을 아주 그냥 부술듯이 두드리시면.. 어쩌죠? 표정은 또 왜 그렇습니까 잠깐만 기다려 달라구한 말을 못들으셨다고 하니 죄송하긴한데요. 솔직히 10분 정도면 모르겠는데 아니 그럼 제가 45분 내내 대기 타야하는 것도 아니고 45분 예정이면 대충 비슷하게 오셔야 저도 제 할일 할거 아니겠습니까 무조건 빨리온다고 다 좋은게 아닙니다. 그럼 예정시간을 빠르게 해놓으시던가요. 이럴거면 대체 예정시간이 무슨 의미인가요? 똥도 못싸겠네요. 똥싸고 있었으면 문짝 다 터졌겠습니다. 배달하시는 분들 고생하시는건 알겠는데요. 그거 몇분 기다렸다고 죽을듯이 인상을 그렇게 씁니까? 그런 얼굴 보니까 죄송한 마음도 사라지네요.,
577,맛있어요 또먹고싶어요ㅜ ㅜ 치느님,"（할인）후라이드/1,커리딥소스/1"
578,항상 주변bhc보다 맛있어요 은평구에서 제일 나아요 배달사장님 표정만 좋았음 합니다. 과로하시나봐요,（할인）간장골드/1
579,굿굿!! 많이 달면 어쩌나 걱정했는데 달지도 않고 맛있음!!ㅎ 근데 생각보다 양이적고 비싸다ㅠ,
580,딱 문자에 써있는 시간에 맞춰서 오시고 배달할때 매우 친절하셨어요! 치킨도 엄청바삭해서 가족들이랑 만족하면서 먹었어요! 다음에도 시키고 싶내요,"치레카/1,（할인）뿌링클/1"
581,치킨은 항상 응암행복점에서 시켜요~!!!,"（할인）뿌링클/1,케이준프라이/1,콜라1.25L¸/1"
582,항상 여기만 주문해요 갑오브갑,（할인）후라이드/1
583,여기지점은 만족도가좋넹ㆍ느,（할인）후라이드/1
584,썸머잖아.. 너무맛있어요~ 배달도짱빨라요!!,붐바스틱/1
585,닭이 신선하네요~ 개인적으로 양념은 좀 별로였고.. 후라이드가 더 맛있어요~,
586,닭날개 한개가 없네요 배달기사님은 친절하시던데ㅡㅡ,（할인）후라이드/1
587,뿌링클을 시켜먹었습니다. 양도 많고 신경써주신 티가 많이 난 것 같아 맛있게 먹었네요^^,（할인）뿌링클/1
588,친절하시고 맛도 좋고 좋아요 앞으로 잘 이용할께요,（할인）뿌링클/1
589,후라이드 진짜 맛있었어요,"（할인）후라이드/1,콜라1.25L¸/1"
590,다좋은데 시즈닝 조금만 골고루 뿌려주세요 ㅠㅠ,（할인）뿌링클/1
591,배달40분정도걸렷구 반반시켯는데 바삭하고따듯하게도착햇어요 요청사항도잘들어주시고 양념후라이드 다맛잇내요 기름도잘털려서 안물리고^^ 잘먹엇습니다,후라이드 반／양념 반/1
592,오랜만에 먹으니 맛있네요ㅎ,
593,배달도 빨리 오시고 너무 맛있게 먹었습니당 ~~~,순살떡강정/1(순살떡강정 옵션선택(매콤한 맛))
594,대체로 BHC는 타브랜드보다 엄청 빨라요. 맛있게 잘 먹었습니다. 남가좌지점 이용하다가 한번 이용 해봤는데 대체로 만족 했는데 다만 기릉이 많아요.,（할인）후라이드/1
595,치킨이 너무 말라있네요. 딱딱해서 뼈인 줄 알았습니다. 전부 이상태는 아니지만 리뷰보고 이곳에서 시킨건데 실망이 있네요.,（할인）뿌링클/1
596,Good,
597,항상 친절하고 맛있어요,
