﻿,리뷰,메뉴
0,배달 빠르고 맛닜어요,"Best 디저트팩/1,NEW 핫치즈징거버거/1,NEW 징거버거/1"
1,배달도 빠르고 맛있어요,"블랙라벨폴인치즈버거세트/1(사이드변경(후렌치후라이),음료변경(콜라)),닭똥집튀김/1,롱치즈스틱/1"
2,역시 먹어봤던 맛~,"NEW 징거버거세트/1(사이드변경(후렌치후라이),음료변경(콜라)),NEW 징거버거세트/1(사이드변경(후렌치후라이),음료변경(스프라이트교환)),스위트칠리소스/1"
3,맛있게 잘 먹었습니다.,"NEW 타워버거세트/1(사이드변경(텐더떡볶이교환),음료변경(환타오렌지교환)),NEW 징거더블다운맥스/1"
4,배달양호 근데 식어서왔네요,블랙라벨치킨 6조각/1
5,잘받았습니다.,"NEW 타워버거세트/1(사이드변경(후렌치후라이),음료변경(콜라)),NEW 징거더블다운맥스/1"
6,K F C 핫윙 맛있어요~~,"오리지널치킨 1조각/1,핫윙박스 10조각/1,핫윙 4조각/1,환타오렌지/1"
7,배달도 빨라서 음식 항상 따뜻하게 도착해서 좋네요!,"트위스터세트/1(사이드변경(통오징어바이트 5조각교환),음료변경(콜라)),NEW 징거버거/1,트위스터/1"
8,맛있게 잘 먹었어요!,"블랙라벨폴인치즈버거세트/1(사이드변경(후렌치후라이),음료변경(코크제로교환)),NEW 타워버거/1"
9,배달빠르고 맛있어요 KFC최고~~~,"핫크리스피치킨 4조각/1,핫크리스피치킨 1조각/1,후렌치후라이（M）/1,스위트칠리소스/2"
10,요기요에서 처음 배달해봤어요. 편하게 잘 먹었습니다.,"갓양념치킨 1조각/2,블랙라벨치킨 1조각/1,핫크리스피치킨 1조각/1,오리지널치킨 1조각/2"
11,무난합니다. 햄버거 땡길때 추천,"Best 버거팩/1,닭똥집튀김/1"
12,잘먹었습니다 덕분에 살았습니다,핫크리스피치킨 1조각/6
13,맛있었습니다 또 주문할게요^^,"블랙라벨치킨 4조각/1,닭똥집튀김/1,코카-콜라 245mL/1"
14,맛있게 잘먹었습니다 잘먹었습니다,블랙라벨치킨 버켓 8조각/1
15,맛있게 잘먹었습니다 잘먹었습니다,"블랙라벨폴인치즈버거/1,블랙라벨 에그타워버거/1"
16,다리나 날개를 선택할수 있으면 좋겠어요.몸통은 싫어한답니다,"갓양념치킨 1조각/2,블랙라벨치킨 4조각/1"
17,배달은 45분 정도 걸렸구요 맛있게 잘 먹었습니다~!,"NEW 타워버거세트/1(사이드변경(후렌치후라이),음료변경(콜라)),올쉐킷치즈/1,롱치즈스틱/2"
18,닭이진짜 너무 작은거 아닙니까? 배달도 예상시간보다 30분늦고. 배달오신분은 친절하시네요.,"오리지널치킨 6조각/1,버터/3"
19,총알 배달이 와서 정말 맛있게 잘먹었어요!,"갓양념치킨 1조각/2,핫크리스피치킨 1조각/2,오리지널치킨 1조각/1"
20,최곱니다 시킬때마다 놀라워요,핫크리스피치킨 1조각/5
21,짱 역시 맛있어요 ㅋㅋ 배달 총알이네요,"블랙라벨치킨 1조각/1,핫크리스피치킨 1조각/1,닭똥집튀김/1,콘샐러드/1,코카콜라¸/1"
22,맛있었어요 좀 눅눅하고 기름이 많아서 느끼하게 느껴졌어요,"핫크리스피치킨 6조각/1,닭똥집튀김/1"
23,정말 맛있게 먹었습니다~~,핫크리스피버켓¸/1
24,거리가 그렇게 멀지 않은데 항상 식어서 오네요,"NEW 징거더블다운맥스세트/1(사이드변경(후렌치후라이),음료변경(콜라)),NEW 핫치즈징거버거세트/1(사이드변경(후렌치후라이),음료변경(콜라))"
25,맛있게 잘먹었네요 따듯하게 잘 도착,"치킨불고기버거/10,트위스터/23"
26,역시 크리스피가 최고예요.닭똥집은 특이한맛이네요,"핫칠리씨치킨1조각/1,핫크리스피치킨 1조각/2,닭똥집튀김/1,코울슬로/1"
27,맛있게 잘먹었습니다,"블랙라벨 에그타워버거세트/1,통오징어바이트 5조각/1,올쉐킷치즈/1"
28,배달 빠르고 좋아요~,"갓양념치킨 4조각/1,오리지널치킨 4조각/1,닭똥집튀김/1"
29,굿굿굿굿 넘. 맛잇음,"Best 버거팩/1,오리지널타워버거 세트/1(사이드변경(후렌치후라이（L）교환),음료변경(스프라이트교환)),치킨너겟 6조각/1,비스켓/1"
30,핫윙 맛있어요 ~~,"오리지널치킨 1조각/1,핫윙박스 10조각/1,환타오렌지/1"
31,저녁에는 케이에프씨가 갑이다!!!,"블랙라벨치킨 1조각/1,핫크리스피치킨 1조각/1,오리지널치킨 1조각/1,후렌치후라이（L）/1,비스켓/1,코울슬로/1,콘샐러드/1,버터/1"
32,잘먹었습니다ㅡ 수고하세요,"NEW 징거더블다운맥스/1,NEW 타워버거/1,버터/1"
33,똥집튀김 맛있어요~!,"Best 디저트팩/1,트위스터세트/1(사이드변경(통오징어바이트 5조각교환),음료변경(콜라)),닭똥집튀김/1"
34,배달빠르고 맛있어요 초창기에는 좀 이상했는데 요즘은 확실히 노하우가 쌓이는지 점점 발전하는 느낌입니다,"핫크리스피치킨 4조각/1,닭똥집튀김/1,버터/1"
35,맛이저저저저두두저줘우오어어오,"Best 디저트팩/1,블랙라벨치킨 1조각/2,닭똥집튀김/1"
36,마시쪙어어어어엉우어얼,"블랙라벨치킨 1조각/2,핫크리스피치킨 1조각/1,닭똥집튀김/1,코울슬로/1"
37,정말.... 환장하겠네요. 타워버거 한입 물었는데 시뻘건 생닭이 ㅠㅠㅠㅠ 덜 익은게 아니라 안익었어요.. 이게 뭔일인가싶어 전화하니 다시 갖다주셔서.. 입맛 다 달아났지만 타워버거가 너무 먹고싶어서 시킨거라 반잘라 단면익은거 확인하고 안심하고 먹었는데 다 먹어가는거 무심코 봤더니 이거 뭔가요..... 또 덜익은 닭이 ㅠㅠ 저 임신5개월차 임산부인데 구역질 올라와서 그대로 토했어요. 저거 제가 먹은거 잖아요 ㅠㅠ 진짜 환장합니다 정말 아직도 속이 울렁거려요,"핫크리스피치킨 1조각/1,오리지널치킨 1조각/1,NEW 타워버거세트/1(사이드변경(후렌치후라이),음료변경(콜라))"
38,배달도 예정시간 안에 맞게 도착했고 맛있게 잘먹었습니다~~ 사진이 먹다 찍어서 그렇긴 하지만.. 닭똥집 튀김도 괜찮고 버거도 맛있었어요!,"NEW 타워버거세트/1(사이드변경(후렌치후라이),음료변경(콜라)),트위스터세트/1(사이드변경(후렌치후라이),음료변경(콜라)),NEW 핫치즈징거버거/1,닭똥집튀김/1"
39,괜찮은데 튀김이 안좋은거 같아요 배달도 느리고,"NEW 징거더블다운맥스세트/1(사이드변경(후렌치후라이（L）교환),음료변경(코크제로교환)),블랙라벨클래식버거단품/1,닭똥집튀김/1"
40,바삭함을 살려주셧습니다,핫크리스피치킨 1조각/5
41,굿굿굿굿굿굿굿굿굿,"Best 버거팩/1,콘타르트/1"
42,예상시간보다 빨리와서 좋았아요 조각도 큼직한걸로 주셔서 잘먹었습니다,"핫크리스피치킨 1조각/3,비스켓/2,버터/2"
43,타워버거는 진리!!!,Best 버거팩/1
44,맛있러요!!!!!!,"New 치킨도버거도팩/1,닭똥집튀김/1"
45,맛 있어요~~~~~~.배달도 빠름,New 패밀리팩/1
46,간민에 kfc치킨이 먹고 싶어서 첨으로 배달시켰는데 박스에 양념이 다 묻은채로 온데다가 치킨은 다 식고 눅눅해서 돈이 아깝네요..다신 안시킬듯..ㅜㅜ,"핫칠리씨치킨팩/1,Best 디저트팩/1,텐더스트립스 4조각/1,올쉐킷치즈/1"
47,이번에는 조금 느끼했어요...,"핫크리스피치킨 6조각/1,환타오렌지/1"
48,음식 맛이 좀 짰어요,New 패밀리팩/1
49,배달 깔끔하게 잘 와서 좋아요. 잘 먹었습니다~^^,"블랙라벨치킨 1조각/1,핫크리스피치킨 1조각/1,올쉐킷치즈/1,롱치즈스틱/1,비스켓/1"
50,친구 둘이랑 보드카마시다가 치킨이 급땡겨서 시켰는데 맛있습니다!!,오리지널치킨 1조각/5
51,명절이라 그런지 꽉채워 한시간 걸렸네요. 다리가 너무 없고 ㅠ 양념은 너무 불어있어요 후기별 후한편인데 오늘은 조금 뺍니다..,"갓양념치킨 1조각/2,핫크리스피치킨 1조각/3"
52,빠르고 맛있어요~~,"Best 디저트팩/1,오리지널타워버거 세트/1(사이드변경(후렌치후라이（L）교환),음료변경(콜라)),NEW 징거버거/1"
53,잘 먹었습니다.,"갓양념치킨 1조각/1,블랙라벨치킨 1조각/2,핫크리스피치킨 1조각/2"
54,집앞에 kfc가 생겨서 행복합니다. 밤 9시만되면 kfc,블랙라벨치킨 1조각/5
55,배달빨라요 치킨은 편차가 있어요,"오리지널치킨 1조각/3,올쉐킷치즈/1,콘샐러드/1"
56,맛있게 잘 먹었습니다,Best 치킨팩/1
57,배달이 예상보다 일찍왔어요! 맛도 평소먹는거대로 맛있었어요!!,Best 버거팩/1
58,.,"오리지널타워버거/1,치킨불고기버거/1,닭똥집튀김/1"
59,맛있어요!!!!!!!!!!!!!!!!!!!!!!!!!,"NEW 징거버거세트/2(사이드변경(후렌치후라이),음료변경(콜라))"
60,햄버거는 항상 여기서,"블랙라벨클래식버거단품/1,NEW 징거버거/1,코울슬로/2"
61,맛있습니다 ㅎㅎ 자주 시켜요,"갓양념치킨 1조각/1,블랙라벨치킨 1조각/1,블랙라벨 에그타워버거세트/1"
62,양도 은근 많구 맛도 있어용 ~~~~,Best 버거팩/1
63,비가와서 그런지 너무 늦게 왔어요,Best 버거팩/1
64,배달도 빠르고 잘먹었어요,"New 치킨도버거도팩/1,핫크리스피치킨 1조각/2"
65,맛있게 잘먹었습니다 배송도 빨라요,"블랙라벨치킨 1조각/1,핫크리스피치킨 1조각/1,오리지널치킨 1조각/1,NEW 징거버거세트/1(사이드변경(후렌치후라이),음료변경(콜라))"
66,맛있었어요 블랙라벨 최고,"블랙라벨치킨 1조각/2,핫크리스피치킨 1조각/2,오리지널치킨 1조각/1,스위트칠리소스/2"
67,핫윙 맛있어요~~~~,"오리지널치킨 1조각/1,핫윙박스 10조각/1,환타오렌지/1"
68,다음에 또 시킬것 같아요,"핫칠리씨치킨1조각/1,갓양념치킨 1조각/1,핫크리스피치킨 1조각/2,코울슬로/1,콘샐러드/1"
69,잘먹고갑니대ㅓㅓㅓㅓㅓㆍ,"갓양념치킨 1조각/2,블랙라벨치킨 1조각/2,핫크리스피치킨 1조각/1,스위트칠리소스/1"
70,비오는 날이라 조금 늦었지만 괜찮아요 다만 환타 시켰는데 콜라주는건... 쫌..,"핫크리스피치킨 1조각/1,핫윙박스 10조각/1,환타오렌지/1"
71,예상시간보다 빨리왔어요,"핫크리스피치킨 1조각/9,코울슬로/2"
72,배달 빠르고 맛있어요,"오리지널치킨 4조각/1,후렌치후라이（L）/1,스위트칠리소스/1,스프라이트/1"
73,버거는 맛있엇는데 날씨때문인건지 오늘 감자튀김이랑 치킨 상태가 영 아니네요 크리스피 두조각시켯는데 한조각은 시꺼멓게 완전 눅눅해져서 오고 다른 한조각은 까맣지않지만 조금 눅눅해져서 왔네요 꺼먼거부터 꺼내서 걍 모르고먹었지만 맛있게 먹은것보다 그냥 배만 채운느낌이네요,"핫크리스피치킨 1조각/1,오리지널치킨 1조각/1,블랙라벨 에그타워버거세트/1,트위스터세트/1(사이드변경(후렌치후라이（L）교환),음료변경(콜라))"
74,ㅐㅢㅕㅓㆍ거ㅢㅓㅢㅓㅙㅓ,핫크리스피치킨 1조각/6
75,저지금 막 먹는데 여기는 왜시킬때마다 닭 상태가 다른가요? 이런대형업체에서는 늘똑같은 맛을 기대하고 시키는데 기대한시간보단 사십분안으로 너무빨리 왔는데 문제는 닭 상태 네요 너무별로에요 닭 다리 조차 뻑뻑한거 조금심하네요 환불전화하고싶어요,오리지널치킨 1조각/6
76,비오는 날인데도 따뜻한 배달 굿,"갓양념치킨 1조각/1,블랙라벨치킨 1조각/2,핫크리스피치킨 1조각/1,오리지널치킨 1조각/1,스위트칠리소스/2"
77,아주조음 치킨 나이트,"블랙라벨치킨 1조각/4,스위트칠리소스/2,코크제로/1"
78,배달도 빠르고 치킨도 맛있어요오,"갓양념치킨 1조각/1,블랙라벨치킨 1조각/2,핫크리스피치킨 1조각/2,코울슬로/1"
79,배달이긴 하지만 맛있어요!,"블랙라벨치킨 4조각/1,오리지널타워버거 세트/1(사이드변경(통오징어바이트 5조각교환),음료변경(코크제로교환))"
80,떡볶이에 닭고기 두조각 빼고 떡만 옴 양념 껍데기 반정도 벗겨진채로 옴,"갓양념치킨 1조각/1,핫크리스피치킨 1조각/1,치킨불고기버거/1,텐더떡볶이/1,코카콜라¸/1"
81,다 좋은데 음식이 전부 식어서 왔어요ㅠㅠ,"트리플리치오리지널버거세트/1(사이드변경(후렌치후라이),음료변경(콜라)),NEW 타워버거/1,비스켓/1"
82,다른지점에 비해 별로 인거 같음.,"오리지널치킨 6조각/1,NEW 징거버거/1,비스켓/1,콘샐러드/1,올쉐킷치즈시즈닝/1"
83,이이이이이이이이잉 기모륑,"오리지널타워버거 세트/1(사이드변경(후렌치후라이),음료변경(콜라)),NEW 핫치즈징거버거세트/1(사이드변경(후렌치후라이),음료변경(콜라))"
84,이이이이이이이이잉 기모링,New 패밀리팩/1
85,맛 양 배달 모두다 좋았어요,핫크리스피치킨 버켓세트/1
86,배달이 빨라서 좋았습니다,블랙라벨치킨 6조각/1
87,버거가 다 식어서 왔어요,"NEW 핫치즈징거버거세트/1(사이드변경(후렌치후라이),음료변경(환타오렌지교환)),NEW 징거버거세트/1(사이드변경(후렌치후라이),음료변경(환타오렌지교환))"
88,배송잘왔고요 쫌 식어서오긴했지만 맛있었어요,"갓양념치킨 4조각/1,롱치즈스틱/1,콘타르트/1,콘샐러드/1"
89,간식으로 잘 먹었습니다.,NEW 징거버거/3
90,맛있어요 맛있어요,블랙라벨치킨 6조각/1
91,배달이 빨라서 좋네요,"핫칠리씨치킨6조각/1,비스켓/1"
92,kfc는 원래 맛있습니다. 신규입점 해서 그런지 지금 더 좋습니다. 깔끔하니 좋네요,New 패밀리팩/1
93,333335555588889680,"New 치킨도버거도팩/1,블랙라벨치킨 1조각/1,스위트칠리소스/1,버터/1"
94,맛있어요 맛있어요~,"Best 디저트팩/1,NEW 핫치즈징거버거세트/1(사이드변경(후렌치후라이),음료변경(스프라이트교환)),올쉐킷치즈/1"
95,항상배달도빠르고좋습니다,"핫크리스피치킨 1조각/4,코울슬로/1,페트콜라（500ml）/1"
96,다좋은데 감자튀김이 매장에서 나온지 40분뒤에 먹는맛이에요 아쉽습니다,"Best 디저트팩/1,NEW 징거더블다운맥스/1,NEW 타워버거/1"
97,배달 빠르고 맛나요!,"Best 디저트팩/1,오리지널타워버거 세트/1(사이드변경(후렌치후라이（L）교환),음료변경(콜라)),후렌치후라이（L）/1"
98,맛있고 좋습니다 .,오리지널치킨 1조각/6
99,진짜 베리굿 블랙라벨로만 시켜먹을래여,"갓양념치킨 1조각/1,블랙라벨치킨 1조각/2,핫크리스피치킨 1조각/2,버터/2"
100,최고 케이에프시 씨,New 패밀리팩/1
101,잘 먹겠습니다☆☆☆☆☆☆,"블랙라벨치킨 1조각/2,오리지널치킨 1조각/2,비스켓/2"
102,배송도 빠르고 만족스럽습니다,"New 치킨도버거도팩/1,비스켓/1,아이스아메리카노/1"
103,저번에 치킨 주문했을땐 따뜻하고 맛있었는데 오늘은 모든 음식들이 미지근해요ㅜㅜ 감자튀김도 안에 감자가 바삭한게 아닌 튀긴 시간이 많이 지난 감자튀김처럼 사각사각 소리가 날 정도로 사과 씹는 식감이고 차갑고 맛이 없어 다 버렸습니다. 세트 말고 단품으로 시킬걸 그랬어요.,"Best 디저트팩/1,트리플리치오리지널버거세트/1(사이드변경(후렌치후라이),음료변경(콜라)),NEW 징거더블다운맥스/2"
104,자알 맛있게 먹었어요~^^,"New 치킨도버거도팩/2,핫윙 4조각/1,통오징어바이트 5조각/1,치킨너겟 6조각/1"
105,아주상당히 맘에듭니다,"블랙라벨치킨 1조각/3,NEW 타워버거/1"
106,아주 맛있게 잘 먹었습니다,Best 버거팩/1
107,ㅣㅟㅢㅓㅢㅢㅓㅢㅢㅢㅚㅢㅓ,핫크리스피치킨 1조각/7
108,ㅐㅢㅓㅢㅟㅢㅓㅢㅢㅓㅢㅢㅐㅢㆍ,"NEW 타워버거/1,NEW 핫치즈징거버거/1,NEW 징거버거/1"
109,역시 징거버거~ 잘먹었습니다.,"NEW 핫치즈징거버거세트/1(사이드변경(후렌치후라이),음료변경(콜라)),NEW 징거버거세트/1(사이드변경(후렌치후라이),음료변경(콜라))"
110,항상 맛있고 빨라요,"갓양념치킨 1조각/1,블랙라벨치킨 1조각/1,NEW 타워버거세트/1(사이드변경(치킨너겟 4조각교환),음료변경(콜라)),통오징어바이트 10조각/1"
111,배달이 빨라서 좋았습니다.,Best 치킨팩/1
112,배달빠르고 맛있어요! 배달료 안 받는게 제일 좋움,"NEW 핫치즈징거버거세트/2(사이드변경(후렌치후라이),음료변경(콜라))"
113,할인할때 주문했는데 후기에 에그타르트 맛있다고 해서 주문해봤는데 전 너무 달아요~ 다시 주문해 먹지는 않을것 같아요,"Best 디저트팩/2,에그타르트/3"
114,배달빠름 맛있어요.,"Best 디저트팩/1,갓양념치킨 1조각/1,블랙라벨치킨 1조각/1,핫크리스피치킨 1조각/2"
115,1+1 로 잘받았습니다 만족합니다,오리지널치킨 1조각/6
116,kfc는 그냥 갓양념만 믿고가자,"갓양념치킨 1조각/4,핫크리스피치킨 1조각/2,오리지널치킨 1조각/2"
117,"메뉴선택 실패,, 블랙라벨치킨은 개인적으로 별로였어서요 다른메뉴에 훨씬 나아서ㅜ","블랙라벨치킨 1조각/4,핫크리스피치킨 1조각/1,버터/1"
118,잘 먹었어요 냠냠긋,"Best 디저트팩/3,에그타르트/1"
119,에그타르트 맛집ㅇㅈ,"에그타르트/4,비스켓/1,코울슬로/2,버터/1"
120,또시킬듯......,"Best 디저트팩/1,핫칠리씨치킨1조각/1,NEW 징거버거세트/1(사이드변경(통오징어바이트 5조각교환),음료변경(스프라이트교환)),버터/1"
121,잘먹었습니다 bbb,"블랙라벨클래식버거단품/2,버터/3,딸기잼/2"
122,할인행사로 적당한 가격에 맛있게 먹었습니다.,"블랙라벨 에그타워버거세트/1,오리지널타워버거/1"
123,맛있게 잘먹었습니다 잘먹었습니다,핫크리스피버켓¸/1
124,갓양념치킨 개존맛... 콘티르트보다는 에그가 나아요,"갓양념치킨 1조각/1,NEW 징거버거/1,콘타르트/2,에그타르트/2"
125,잘먹었어요 수고하세요,"블랙라벨치킨 1조각/2,블랙라벨 에그타워버거/1,통오징어바이트 5조각/1"
126,치킨할인쿠폰으로 착한 가격에 맛나게먹네요~,"블랙라벨치킨 1조각/1,핫크리스피치킨 1조각/1,오리지널치킨 1조각/1,롱치즈스틱/2,코울슬로/1"
127,흠 현금결제 대비해서 거스름돈 들고다니지 않나요? 오늘 5만원지폐로 결제했는데 거스름돈 없다해서 10분 정도 기다렸네요,"NEW 핫치즈징거버거/1,NEW 징거버거/1,트위스터/1,비스켓/1"
128,브어어ㅓㅓㅓㅓㅓㅓ억,"오리지널타워버거 세트/1(사이드변경(텐더떡볶이교환),음료변경(콜라)),트리플리치오리지널버거/1"
129,브어어ㅓㅓㅓㅓㅓㅓㆍ억,"블랙라벨 에그타워버거/1,NEW 징거더블다운맥스/1,올쉐킷치즈시즈닝/1"
130,맛있게 먹었습니다!,"NEW 타워버거세트/1(사이드변경(후렌치후라이),음료변경(코크제로교환)),통오징어바이트 5조각/1,비스켓/2,버터/1"
131,kfc좋네요~~~~~,"블랙라벨클래식버거세트/1(사이드변경(후렌치후라이),음료변경(콜라)),NEW 징거버거/1"
132,구웃,"New 치킨도버거도팩/1,텐더떡볶이/1,스위트칠리소스/1,버터/1"
133,양 완전 많고 이거ㄹㅇ 개꿀맛 꼭 더블징거 먹ㅇㄷ세요,"NEW 징거더블다운맥스세트/1(사이드변경(후렌치후라이),음료변경(콜라)),치킨너겟 6조각/1,후렌치후라이（L）/1"
134,배달빠르고 맛있어요,"핫크리스피치킨 4조각/1,NEW 타워버거/1"
135,맛있게 잘 먹었습니다. 나중에 치킨만 주문해봐야겠어요.,"블랙라벨치킨 1조각/1,블랙라벨클래식버거세트/1(사이드변경(통오징어바이트 5조각교환),음료변경(콜라)),텐더스트립스 2조각/1,올쉐킷치즈시즈닝/1"
136,감자 라지로 변경했는데 기본으로 왔네요 음료는 얼음 다 녹고 김 다 빠져서 옴 패스트푸드는 대행 안쓰시는게..,"NEW 징거버거세트/1(사이드변경(후렌치후라이（L）교환),음료변경(환타오렌지교환)),치킨불고기버거/1,통오징어바이트 10조각/1"
137,빠른 배달 따뜻한 음식 감사요,"블랙라벨치킨 1조각/2,트리플리치오리지널버거세트/1(사이드변경(후렌치후라이（L）교환),음료변경(콜라)),스위트칠리소스/1"
138,빠르게와서 좋았어요! 맛있게먹었늡니다,"Best 치킨팩/1,NEW 징거버거/1"
139,맛있게 잘 먹었습니다,"NEW 타워버거세트/1(사이드변경(치킨너겟 4조각교환),음료변경(환타오렌지교환)),텐더떡볶이/1,아이스아메리카노/1,생수/1"
140,빨리 잘왔어요ㅎ역시 치킨은 KFC,"New 치킨도버거도팩/1,코울슬로/1,콘샐러드/1"
141,"햄버거 세트 주문시 거리, 배달시간 등 이런걸 고려해봤을때 콜라 대신 생수로 변경 할 수 있으면 좋겠습니다. 얼음 거의 다 녹고 밍밍한 콜라 먹느니..;","트위스터세트/1(사이드변경(후렌치후라이),음료변경(콜라)),NEW 징거더블다운맥스/1,코울슬로/1"
142,처음 시켰는데 배달도 빠르고 좋아요,"NEW 징거버거세트/3(사이드변경(후렌치후라이),음료변경(콜라))"
143,하나도 눅눅하지 않게 잘 왔고 음료도 깔끔하게 왔어요❤️ 타르트는 언제나 맛있네요,"NEW 핫치즈징거버거세트/1(사이드변경(텐더떡볶이교환),음료변경(환타오렌지교환)),콘타르트/1,에그타르트/2"
144,배달도 빠르고 맛있게 잘 먹었어요.,"핫칠리씨치킨1조각/1,NEW 핫치즈징거버거/1,에그타르트/1,비스켓/1,코울슬로/1"
145,먹을만 헌데 치킨이 약간 눅눅,Best 버거팩/1
146,버ㅓㅓㅓㅓㅓㅓㅓㅓㅓ억,"블랙라벨 에그타워버거세트/1,NEW 타워버거/1"
147,맛있게 잘먹엇어요 배달도 빠르고 따듯학 가져다 주셔서 감사합니다,NEW 징거버거/3
148,배달 빠르고 맛있어요,"에그타르트/7,버터/1"
149,이제 버거세트에서 사이드메뉴를 비스켓으로 못바꾸나봐요 ㅠㅠ,"NEW 타워버거세트/1(사이드변경(올쉐킷치즈교환),음료변경(환타오렌지교환)),비스켓/2,콘샐러드/1"
150,ㅋ,갓양념치킨 6조각/1
151,쿠폰 영향인지 월래이런건지 미리 미리 조리해둔 온도 다시 먹고 싶단 생각은 안들듯,"New 치킨도버거도팩/1,NEW 징거버거/1,올쉐킷치즈시즈닝/1"
152,kfc오랜만에 먹네요,"블랙라벨 에그타워버거세트/1,NEW 핫치즈징거버거/1,콘샐러드/1"
153,잘먹었습ㄴ디다.ㅂㅈㄱㄷ,"핫윙 4조각/1,텐더스트립스 4조각/1,치킨너겟 10조각/1"
154,거리가 꽤 먼데 배달이 빨리와서 놀랐어요 ㅎㅎ,핫크리스피치킨 버켓세트/1
155,나이트타임 최고에욤!,"핫크리스피치킨 1조각/4,코울슬로/1,페트콜라（500ml）/1"
156,내가 다시는 진짜 아무리 돈이 많아도 안먹는다,New 패밀리팩/1
157,맛있어요 ~맛있어요,"New 치킨도버거도팩/1,텐더떡볶이/1,버터/2"
158,다리살은 조금 매콤하네요.,"블랙라벨치킨 4조각/1,오리지널치킨 4조각/1"
159,맛있고 좋습니다 .,오리지널치킨 1조각/6
160,진거버거는 먹을때마다 왜 오징어가 아닌지 싶음,
161,버어ㅓㅓㅓㅓㅓㅓㅓㅓㅓ억,"NEW 징거더블다운맥스세트/1(사이드변경(후렌치후라이（L）교환),음료변경(콜라)),NEW 징거버거/1"
162,배달 예상시간보다 훨씬 빨리 오셨어요. 블랙라벨 치킨 첨먹어봤는데 넘 맛있어요. 좀 짜긴한데 맥주랑 같이 먹음 더 맛있을듯요. 양이 적어보였는데 순살이라 생각보다 배부르고요. 텐더도 맛있고 넘 잘먹었네요ㅋㅋ,"블랙라벨치킨 4조각/1,텐더스트립스 2조각/1,캔콜라/1"
163,잘먹었어요 수고하세요,"블랙라벨 에그타워버거세트/1,핫윙 2조각/1,코울슬로/1,콘샐러드/1"
164,배달도 빠르고 좋습니다! 감사합니다,핫크리스피치킨 버켓세트/1
165,맛있게 먹었습니다 ㅎㅎ,"갓양념치킨 1조각/3,블랙라벨치킨 1조각/1,핫크리스피치킨 1조각/1,코카콜라¸/1"
166,갓튀긴거 왓구요 배달도 빠름,"핫칠리씨치킨1조각/1,블랙라벨치킨 1조각/2,핫크리스피치킨 1조각/1,에그타르트/2"
167,실수로 안준건지 아까워서 안준건지....결국 콜라와 콘 안가져다 주시네요. 느끼해서 치킨에 손도 안가고... 이따위 마인드로 장사 하다니 대형체인점이라 망하진 않겠지만 피땀흘려 번돈으로 두번 다시 이따위 가계에서 안시켜 먹어야지 .....,핫크리스피치킨 버켓세트/1
168,맛 양 배달 굿입니다.,"후렌치후라이（M）/1,콘샐러드/1"
169,맛있게 잘먹었습니다^^,"NEW 핫치즈징거버거세트/1(사이드변경(후렌치후라이),음료변경(콜라)),NEW 징거버거세트/1(사이드변경(후렌치후라이),음료변경(콜라))"
170,항상 주문하는 음식이지만 만족합니다.,Summer버거팩/1
171,갈비치킨도 블랙레벨 치킨도 맛있었고 양도 그럭저럭 푸짐했는데 핫윙에 나오는 핫쏘스 좀 최대한 많이 챙겨달라고 요청사항까지 적었었는데도 단 한개도 안와서 매우 섭섭했어요... ㅠ.ㅠㅋ,"왕갈비 오븐치킨 4조각/1,블랙라벨치킨 4조각/1,핫크리스피치킨 1조각/2,핫윙 4조각/1,코울슬로/1"
172,맛있어요 매장에는 일회용 비닐장갑있던데 양념치킨먹을때 그거하나만 더 있었으면 정말좋았을거같아요,"갓양념치킨 1조각/1,블랙라벨치킨 1조각/1,오리지널치킨 1조각/1,트위스터/1,통오징어바이트 5조각/1,코울슬로/1"
173,배달 빠르고 맛있어요.,Summer버거팩/1
174,양이 많아요 떡볶이맛 나는 소스는 비추~,트리플리치오리지널버거팩/1
175,진짜 배달 극혐인게 소스 이리저리 다 묻고 콜라도 다 묻어있고 참..,"블랙라벨클래식버거세트/1(사이드변경(후렌치후라이（L）교환),음료변경(콜라)),NEW 타워버거/1"
176,역시 kfc 맛있어요,핫크리스피버켓¸/1
177,맛있게 냠냠~~~^^ 역시 치킨은 kfc 갓양념은 달짝..크리스피는 바삭하니 좋아요,"갓양념치킨 1조각/1,핫크리스피치킨 1조각/4,비스켓/1"
178,잘먹었습니다 ㅎㅎㅎㅎㅎ,트리플리치오리지널버거팩/1
179,바삭바삭 맛있게 잘먹었습니다.,핫크리스피치킨 6조각/1
180,조금 눅눅하고 튀긴지 오래된듯한 느낌이지만 그런데로 맛있고 배달 빠른편임,"NEW 치킨도버거도세트/1,갓양념치킨 1조각/1,블랙라벨치킨 1조각/1,핫크리스피치킨 1조각/1,오리지널치킨 1조각/1"
181,"솔직히 이런거 안쓰는데, 그냥 돈이 아깝네요","NEW 핫치즈징거버거세트/1(사이드변경(후렌치후라이),음료변경(스프라이트교환)),치킨너겟 6조각/1,롱치즈스틱/1"
182,맛좋구 포장 잘 해서 보내주시니 좋았습니다. 지난번 비오는날은 좀.. 포장상태가 별루였는데.이번엔 잘 받았습니다~,"베스트디저트팩/1,블랙라벨치킨 1조각/3"
183,맛있어요~~맛있게 먹으면 0칼로리겠지요ㅋㅋ,"왕갈비 오븐치킨 4조각/1,갓양념치킨 1조각/1,텐더스트립스 8조각/1,페트콜라（500ml）/1"
184,배달도 빨리오고 맛있어용,"NEW 징거더블다운맥스/1,핫윙 2조각/1,텐더스트립스 2조각/1,롱치즈스틱/1"
185,갓양념치킨 4조각시켰다니 갈비가왔네요 ㅎ,"갓양념치킨 4조각/1,NEW 징거버거세트/1(사이드변경(텐더떡볶이교환),음료변경(콜라))"
186,맛있게 먹어 습니다,트리플리치오리지널버거팩/1
187,오리지널 치킨 정말 좋아하는데 이날 오래된닭 쓰셨나봐요 누린내 나고 치킨 옷고 말라있었어요,오리지널치킨 6조각/1
188,맛있게잘먹었슥니다람쥐,"베스트디저트팩/1,블랙라벨클래식버거세트/1(사이드변경(후렌치후라이),음료변경(콜라))"
189,맛있어양 많이 두세여,트리플리치오리지널버거팩/1
190,맛있게 잘 먹었습니다!,"갓양념치킨 1조각/1,블랙라벨치킨 1조각/1,핫크리스피치킨 1조각/1,NEW 징거더블다운맥스/1"
191,맛있었어요 ㅎㅎ 배부르게 먹었어요~,"Summer버거팩/1,베스트디저트팩/1"
192,KFC는 언제나 맛있어요,"블랙라벨치킨 1조각/2,NEW 징거버거세트/1(사이드변경(올쉐킷치즈교환),음료변경(코크제로교환)),올쉐킷치즈시즈닝/1"
193,"햄버거는 대부분 맛있으나, 별로 맛없슴.",Summer버거팩/1
194,먹어도 먹어도 질리지 않는 여기 만의 특별 소스가 있는 거 같애요 정말 맛있어요 질리지 않아요,"오리지널치킨 1조각/4,올쉐킷치즈/1"
195,싹싹 비웠어요 Mail Mail 먹고 싶어요 그렇지만 자제 해야겠죠 Mail Mail 생각나는 그만 켄터키 프라이드 치킨,오리지널치킨 버켓세트/1
196,튀김이 조금 눅눅했지만 맛있었어요 또 시켜먹을거에요ㅎㅎ,핫크리스피치킨 버켓세트/1
197,오리지널 치킨 닭잡내 심합니다 콜라는 탄산감이 하나도 없었습니다,"NEW 치킨도버거도세트/1,오리지널치킨 1조각/1"
198,살이 살짝 붉은 부분도 있긴 했는데 잘 먹었어요!,"핫크리스피치킨 1조각/2,오리지널치킨 1조각/2,에그타르트/2"
199,늘 똑같아요 맛있어요,"NEW 징거더블다운맥스/1,NEW 징거버거/1,후렌치후라이（L）/2"
200,배송도 빠르고 맛도 좋네요.,"텐더스트립스 4조각/1,통오징어바이트 5조각/1,치킨너겟 4조각/1,콘샐러드/1,환타오렌지/1"
201,배달료 없어서 좋고 맛있어요!,"NEW 치킨도버거도세트/1,블랙라벨 에그타워버거세트/1"
202,배달도 빠르고 맛있네요,"핫크리스피치킨 1조각/4,비스켓/2,버터/1"
203,맛있네요 양도많고 나중애 또 시킬게요,"핫크리스피치킨 6조각/1,NEW 징거더블다운맥스세트/1(사이드변경(후렌치후라이),음료변경(코크제로교환))"
204,맛있네요. 거리가 좀 있어서인지 살짝식음,블랙라벨치킨 버켓 8조각/1
205,배달이 좀 느렸네요,"NEW 징거버거세트/1(사이드변경(텐더떡볶이교환),음료변경(환타오렌지교환)),트위스터/2"
206,치킨나이트 가즈아~,"왕갈비 오븐치킨 1조각/1,블랙라벨치킨 1조각/2,핫크리스피치킨 1조각/2"
207,튀김옷이 너무 눅눅해서 기존 KFC맛이 나지 않네요 아마 복날이라 배달이 오래걸려 그런듯 합니다,핫크리스피치킨 6조각/1
208,"맛은 있는데, summer 치킨팩에 포함되있는 텐더 4조각이 안왔어요 거의 다 먹었을때쯤 텐더가 없는걸 발견해서 사진은 못찍었는데 이런거좀 신경써서 보내주셨으면 좋겠네요",Summer치킨팩/1
209,"역시 에그타르트! 치킨이예요! 에그타르트는 모양은 이렇게 왔지만, 잘먹었어요!","핫크리스피치킨 1조각/1,오리지널치킨 1조각/1,에그타르트/6"
210,예상배달시간보다 20분이나 늦게 왔어요. 전화하려니까 벨누르네요. 요즘 계속 예정시간보다 20분정도는 늦어지네요. 라이더님들이 늦는건지 준비 자체가 늦는건지.. 버거세트에 감자튀김 대신 콘샐러드 바꿀수 있어서 좋았는데 없어졌네요.. 배달되는 감자튀김은 너무 눅눅해져서...,"오리지널치킨 4조각/1,NEW 징거버거세트/1(사이드변경(후렌치후라이),음료변경(환타오렌지교환))"
211,맛잇네요~너무 좋아요,"NEW 치킨도버거도세트/1,핫크리스피치킨 1조각/2"
212,늘 빠르고 맛있어요,"NEW 타워버거세트/1(사이드변경(후렌치후라이),음료변경(콜라)),NEW 징거버거/1"
213,코크제로굿 아메리카노도 나뿌지안음,"치킨불고기버거세트/1(사이드변경(비스켓교환),음료변경(코크제로교환)),코크제로/1,아이스아메리카노/1"
214,비스켓이맛잇습니다 올쉐킷맛릿움,"트위스터세트/1(사이드변경(비스켓교환),음료변경(코크제로교환)),통오징어바이트 5조각/1,코크제로/1"
215,너무 맛있고 배달도 빠르네요ㅎㅎ,핫크리스피버켓¸/1
216,버거 하나가 빠져서 실망했어요ㅠㅠ 콜라도 김이 너무 빠져있고! 버거랑 감자 다 식어있었어요..,"Summer버거팩/1,NEW 징거버거세트/1(사이드변경(후렌치후라이),음료변경(콜라)),트위스터/1"
217,자주 시켜먹는 맛있는맛 잘먹었습니다 ~,"NEW 핫치즈징거버거/1,트위스터/1,버터/5,아이스아메리카노/1"
218,맛있게 잘 먹었습니다.,"왕갈비 오븐치킨 1조각/1,오리지널치킨 4조각/1,스위트칠리소스/1"
219,"버거세트 두 개 시켰는데 콜라가 한 개 밖에 안와서 라이더분께 묻고, 콜센터 전화하고 결국 매장에 직접 전화해야 함을 깨닫고 매장에 전화드렸더니 주문량이 너무 많아 실수가 있었다며 잘 해결해 주셨습니다^^ kfc햄버거 너무 좋아하는데 이렇게 배달되서 편하게 먹을 수 있어 너무 좋네요! 타워버거 징거버거 따뜻하게 와서 맛있게 잘 먹었습니다","NEW 타워버거세트/1(사이드변경(롱치즈스틱교환),음료변경(콜라)),NEW 징거버거세트/1(사이드변경(후렌치후라이),음료변경(콜라))"
220,완전 맛있어요~♡-굿 역시 치킨은 KFC~!!,"파티버켓세트/1,텐더떡볶이/3"
221,아주 좋았습니다!!,"왕갈비 오븐치킨 4조각/1,트위스터/1"
222,약간 눅눅해져서 왔네요.. 크리스피 하지 않아여ㅠㅠ,핫크리스피버켓¸/1
223,맛있어요 또 시켜먹을거 같아요,핫크리스피치킨 1조각/8
224,좋아요 조아!!!!!,Summer버거팩/1
225,치킨은 역시 핫크리스피,"블랙라벨치킨 1조각/2,핫크리스피치킨 1조각/2,에그타르트/1,콘샐러드/1"
226,배달은 별로빠르지않아요,"베스트디저트팩/1,블랙라벨 에그타워버거세트/1"
227,다 쏟아져서 옴 종이가방 아래에 소스 다 묻음,"베스트디저트팩/1,왕갈비 오븐치킨 1조각/1,갓양념치킨 1조각/1,핫크리스피치킨 1조각/1,통오징어바이트 10조각/1"
228,맛있었는데 많이 눅눅했어요,"NEW 치킨도버거도세트/1,블랙라벨치킨 1조각/1,핫크리스피치킨 1조각/2,오리지널치킨 1조각/1"
229,맛있어 역시 케엪씨야,핫크리스피치킨 버켓세트/1
230,버거세트를 세개를 주문했는데 콜라도 안오고 콘샐러드도 안왔네요 배딜도 늦었는데 치즈스틱도 돌덩이네요,"NEW 핫치즈징거버거세트/1(사이드변경(롱치즈스틱교환),음료변경(콜라)),NEW 핫치즈징거버거세트/2(사이드변경(후렌치후라이),음료변경(콜라)),비스켓/1,콘샐러드/1"
231,버켓이 찌그러져서 오긴 했지만ㅎ 맛은 좋았어요~,오리지널치킨 버켓세트/1
232,잘 먹었습니다 다들 아시는 맛이죠,"NEW 치킨도버거도세트/1,올쉐킷치즈/1"
233,"항상 빠르고 따뜻하게 잘 와서 자주 시켜먹고 있는데요. 이번은 문제가 많았습니다 첫번째. 배달해주시는 분께서 문을 덜컹거릴 정도로 두드리셔서 가족들이 다 화들짝 놀랄 정도였구요. 누구시냐 여쭤봐도 대답 없으시다가 몇번 더 물어보니까 그제서야 배달이라고 하시더라구요. 더운 날 배달해주시는건 감사하지만, 늦은 저녁 배송에는 문을 되도록 조심히 두드려주세요. 두번째, 첨부한 사진처럼 콜라가 다 넘쳐있더라구요. 빨대 포장지 안까지 콜라가 차 있습니다. 너무 비위생적이라 콜라는 먹지 않았습니다. 앞으로 뚜껑 안 비닐 포장 신경 써주세요.","핫크리스피치킨 6조각/1,콘샐러드/1,코카콜라¸/1"
234,오늘은 배달도 20분이나 늦게 오고 치킨은 사이즈가 너무 작고.. 뻑뻑했네요... 징거버거는 맛있어요.,"오리지널치킨 6조각/1,NEW 징거버거세트/1(사이드변경(콘샐러드교환),음료변경(환타오렌지교환)),핫윙 4조각/1"
235,배달도 빠르고 좋숩니다,"왕갈비 오븐치킨 1조각/1,블랙라벨치킨 1조각/3,롱치즈스틱/1"
236,맛있어맛있다맛있어ㅎㄴㅎ,Summer버거팩/1
237,치킨 맛나게 먹었어요 9시 넘어 주문하니 1+1로 왔네요 감사합니다,"블랙라벨치킨 1조각/3,핫크리스피치킨 1조각/3"
238,맛잇어요 배달도 빨리오구요!!,"왕갈비 오븐치킨 1조각/1,핫크리스피치킨 1조각/1,NEW 핫치즈징거버거세트/1(사이드변경(후렌치후라이),음료변경(콜라))"
239,존나 늦게 오네 진짜,"베스트디저트팩/1,NEW 치킨도버거도세트/1,오리지널치킨 4조각/1"
240,양이 좀 적은감이있지만 너무 맛있네요,"핫윙박스 10조각/1,비스켓/1,콘샐러드/1"
241,배달도빠르고 맛있었어요,트리플리치오리지널버거팩/1
242,역시 믿고먹는 캐이에프씨,"핫크리스피치킨 6조각/1,스위트칠리소스/1,올쉐킷치즈시즈닝/1"
243,늦은밤에 주문해서 1+1으로 푸짐하게 먹었습니다.,"갓양념치킨 1조각/2,핫크리스피치킨 1조각/3,오리지널치킨 1조각/2"
244,트위스터는 갈수록 작아지는거 같아서 아쉽지만 맛있어요..,"베스트디저트팩/1,트위스터세트/1(사이드변경(후렌치후라이（L） 교환),음료변경(콜라)),트위스터세트/1(사이드변경(코울슬로교환),음료변경(콜라))"
245,Kfc는 치킨버거중 최고에요,"블랙라벨치킨 1조각/1,핫크리스피치킨 1조각/1,NEW 징거버거세트/1(사이드변경(콘샐러드교환),음료변경(스프라이트교환))"
246,맛나게 잘먹었어요 빠른배달,파티버켓세트/1
247,"치킨패티가 너무 두꺼웠어요. 상대적으로 해시브라운은 또 너무 얇아서 형체도 잘 안보였고,, 타워버거는 해시브라운이 포인트인데 닭가슴살 맛만나서 맛의 조화가 좀 아쉬웠네요.","블랙라벨치킨 1조각/1,NEW 타워버거세트/1(사이드변경(후렌치후라이),음료변경(콜라)),에그타르트/1"
248,맛있게 잘 먹었습니다.,"블랙라벨치킨 1조각/4,핫크리스피치킨 1조각/1,스위트칠리소스/1"
249,치킨은 호불호가 좀 갈리는 맛이네요,"갓양념치킨 1조각/1,블랙라벨치킨 1조각/1,핫크리스피치킨 1조각/1,NEW 징거버거/1,핫윙 2조각/1"
250,한개는 엄청 짜고 날개살은 엄청 퍽퍽하고 간이 약하네요 다음부터 검수하고 보내주세요,"핫크리스피치킨 6조각/1,롱치즈스틱/1,코울슬로/3,페트콜라（500ml）/1"
251,배달 빠르고 맛있어요,"트리플리치오리지널버거세트/1(사이드변경(후렌치후라이),음료변경(콜라)),NEW 타워버거/1,비스켓/1"
252,뭐 말이 필요한가?,"핫크리스피치킨 버켓세트/1,NEW 징거버거/1,스위트칠리소스/1"
253,배달이 느려서 조금 식어서 왔습니다. 식은것 빼고는 맛있고 양도 적힌 그대로 잘 왔습니다.,블랙라벨치킨 버켓 8조각/1
254,무조건 직접 가서 먹는걸로ㅠㅠ 다 식고 콜라는 김 다 빠져서 버려야됨..,"Summer버거팩/1,올쉐킷치즈시즈닝/1"
255,역시 빠르고 맛있는 켚씨,"NEW 징거더블다운맥스세트/1(사이드변경(비스켓교환),음료변경(콜라)),트리플리치오리지널버거세트/1(사이드변경(비스켓교환),음료변경(스프라이트교환))"
256,치킨은 언제나 최고!! 텐더떡볶이는 비추입니다 ㅜㅜ 너무 눅눅하고 별로예요,"블랙라벨치킨 1조각/2,오리지널타워버거 세트/1(사이드변경(후렌치후라이),음료변경(콜라)),텐더떡볶이/1"
257,케이 에프 씨 좋습니다 굿,Summer버거팩/1
258,개꿀맛이였어요 다른 치킨집보다 더 깔끔함,블랙라벨 에그타워버거세트/2
259,배달이 빠르고 맛있습니다,"왕갈비 오븐치킨 1조각/1,갓양념치킨 1조각/1,블랙라벨치킨 1조각/1,NEW 징거더블다운맥스/1"
260,일반 치킨집보다 훨씬 퀄리티있고 맛있어요 완전 최고!! 특히1+1 나이트 스페셜 강추에요,"갓양념치킨 1조각/3,핫크리스피치킨 1조각/2,오리지널치킨 1조각/1,코울슬로/1"
261,믿고 먹는 케에프씨~~~ 오징어 튀김볼인가 그거 최고예요ㅠㅠ여러분 꼭드세요,"블랙라벨 에그타워버거세트/3,트위스터세트/1(사이드변경(후렌치후라이),음료변경(콜라)),통오징어바이트 10조각/1,롱치즈스틱/3,비스켓/5"
262,오랜만에 징거버거 주문했는데 날이 습해서 조금 눅눅해지긴 했지만 맛있었어요. 포장도 꼼꼼하게 해 주셔서 감사해요~,"핫크리스피치킨 4조각/1,오리지널치킨 4조각/1,NEW 징거버거세트/1(사이드변경(콘샐러드교환),음료변경(환타오렌지교환))"
263,오랜만에 kfc치킨 먹었네요! 맛은 있는데 튀김옷이 두껍고 기름이 많달까.. 많이 먹기엔 무리가 있네용,핫크리스피치킨 버켓세트/1
264,kfc는 믿고먹는 치킨이지,"핫크리스피버켓¸/1,비스켓/2,딸기잼/2,페트콜라（500ml）/1"
265,집에서 편히 맛있게 먹었어요,"NEW 타워버거세트/1(사이드변경(후렌치후라이),음료변경(콜라)),치킨불고기버거세트/1(사이드변경(후렌치후라이),음료변경(스프라이트교환)),콘타르트/1"
266,"갈비치킨 상식적으로 소스를 맨날 흘리면서 배달할 거면, 호일을 씌우던지 포장 방법을 바꾸어야 하지 않을까요?","베스트디저트팩/1,왕갈비 오븐치킨 1조각/1,핫크리스피치킨 1조각/1,오리지널치킨 1조각/1,코카콜라¸/1"
267,맛있어요 역시 케이에프씨. 근데 거리가 좀 있어서 약간 눅눅해졌네요,오리지널버켓/1
268,항상 주문하지만 정말 맛있습니다 추천 합니다.,Summer버거팩/1
269,KFC는 크리스피한 식감이 좋은데...배달너무 느려서 눅눅하네요.날씨탓도 있겠지만...수고하세요.,"블랙라벨치킨 4조각/1,코울슬로/1,콘샐러드/1"
270,좋습니다아주좋아요흥,"블랙라벨치킨 1조각/1,핫크리스피치킨 1조각/2,오리지널치킨 1조각/2,비스켓/1"
271,믿고먹는케에프씨 너무 맛잇어요,"NEW 치킨도버거도세트/1,오리지널치킨 1조각/2"
272,진짜 맛있더라고요... 최고에요,"오리지널타워버거 세트/1(사이드변경(후렌치후라이（L） 교환),음료변경(코크제로교환)),롱치즈스틱/1,에그타르트/1,비스켓/1,버터/1"
273,맛있게 잘먹었습니다,트리플리치오리지널버거팩/1
274,배달도빠르고 맛있었어요,핫크리스피치킨 버켓세트/1
275,버거는 맛있었어요. 아쉬운 점은 콜라에 탄산이 많이 적었다는 점 말고는 없네요!,"NEW 타워버거세트/1(사이드변경(후렌치후라이),음료변경(콜라)),NEW 핫치즈징거버거세트/1(사이드변경(후렌치후라이),음료변경(콜라))"
276,치킨중엔 최고죠~~~,"파티버켓세트/1,텐더떡볶이/1"
277,맛있게 먹었어요 ^^,"왕갈비 오븐치킨 1조각/1,블랙라벨치킨 1조각/1,핫크리스피치킨 1조각/1,트위스터세트/1(사이드변경(후렌치후라이（L） 교환),음료변경(환타오렌지교환)),NEW 핫치즈징거버거/1,텐더떡볶이/1,비스켓/1"
278,치킨 할인받는 이벤트데이라 저렴하게 잘 먹었습니다!,오리지널치킨 버켓세트/1
279,차ㅏ음으로 예정시간 초과하심...,"NEW 징거더블다운맥스세트/1(사이드변경(코울슬로교환),음료변경(콜라)),오리지널타워버거 세트/1(사이드변경(후렌치후라이),음료변경(콜라)),NEW 타워버거세트/1(사이드변경(후렌치후라이),음료변경(콜라)),NEW 핫치즈징거버거세트/1(사이드변경(에그타르트교환),음료변경(코크제로교환)),치킨불고기버거세트/1(사이드변경(후렌치후라이),음료변경(콜라)),핫윙 4조각/1,통오징어바이트 5조각/1,후렌치후라이/1"
280,주문한지 1시간 29분만에 와써요 그것도 눅 눅하고 다 식어서... 매장문의한결과 여러개를 한꺼번에 배달해서 그렇다는데 말이여 막걸리여... 단골집 치킨 놔두고 도전한 결과는 참혹했네요,"파티버켓세트/1,코울슬로/1"
281,잘먹었습니다~ 이벤트 인데도 양 질 모두 좋아요~,"갓양념치킨 1조각/1,핫크리스피치킨 1조각/4,콘샐러드/1"
282,걍 kfc죠 뭐ㅋㅋㅋㅋㅋㅋ,"오리지널치킨 1조각/1,NEW 징거더블다운맥스세트/1(사이드변경(에그타르트교환),음료변경(콜라)),통오징어바이트 5조각/1"
283,치킨이 눅눅해져서 배달올까봐 걱정했는데 바삭바삭하네요.배달도 빠른편입니다.치킨나이트도 되니 저렴하게 먹었어요~,"갓양념치킨 1조각/3,핫크리스피치킨 1조각/2"
284,이틀만에 다시시켜먹게되는 ㅎㅎ..,"NEW 치킨도버거도세트/1,콘타르트/1"
285,맛있어욤^^ 배달되는지 몰랐다가 요기요깔고 알게되었어요!! 편하고 좋네요~,"갓양념치킨 1조각/1,NEW 징거더블다운맥스세트/1(사이드변경(후렌치후라이（L） 교환),음료변경(콜라)),핫윙 2조각/1"
286,"비도 오고, 거리도 있는데 빨리 갖다주셔서 따뜻할때 잘 먹었습니다~ 다음에 또 시킬게요!","핫크리스피치킨 6조각/1,스위트칠리소스/2"
287,간만에 먹었는데 그냥 그렇네요,Summer버거팩/1
288,거리때문에 배달느리지만(얼음 다녹음ㅋㅋ)맛있어요~,"NEW 핫치즈징거버거세트/1(사이드변경(후렌치후라이),음료변경(스프라이트교환)),NEW 징거버거/1,코울슬로/1"
289,배달빨라요 20붕정도에옴,오리지널치킨 버켓세트/1
290,맛잇어요 감사합니다.,"핫크리스피치킨 1조각/2,NEW 징거버거세트/1(사이드변경(후렌치후라이（L） 교환),음료변경(콜라)),코울슬로/1"
291,치킨나이트는 언제나 최고입니다.,"블랙라벨치킨 1조각/3,핫크리스피치킨 1조각/2,스위트칠리소스/1,코카콜라¸/1"
292,쿠폰적용하는 날임에도 빠른 배송에 감사합니다. 다리랑 날개는 괜찮은데 저 작은 조각도 한조각 값인건 조금 억울합니다,"오리지널치킨 4조각/1,트위스터세트/1(사이드변경(비스켓교환),음료변경(콜라)),NEW 징거버거/1,비스켓/1"
293,맛있게잘먹었어요 사진은 다먹어서 없네요.,"NEW 타워버거세트/1(사이드변경(후렌치후라이),음료변경(콜라))"
294,너무 맛있고요 형님 너무 맛있고요 형님~,"블랙라벨치킨 1조각/4,스위트칠리소스/2,올쉐킷치즈시즈닝/1"
295,너무 맛있고요 형님 너무 맛있고요 형님~,"블랙라벨클래식버거세트/1(사이드변경(롱치즈스틱교환),음료변경(스프라이트교환)),텐더스트립스 2조각/1,너겟 4조각/1"
296,너무 맛있고요 형님 너무 맛있고요 형님~,"블랙라벨치킨 1조각/2,NEW 징거버거세트/1(사이드변경(후렌치후라이),음료변경(스프라이트교환)),스위트칠리소스/1"
297,너무 맛있고요 형님 너무 맛있고요 형님~,"블랙라벨치킨 1조각/2,트리플리치오리지널버거세트/1(사이드변경(에그타르트교환),음료변경(코크제로교환)),스위트칠리소스/1,올쉐킷치즈시즈닝/1"
298,후렌치후라이 빼곤 다 좋았어요,"핫크리스피치킨 1조각/2,오리지널치킨 1조각/1,NEW 징거버거세트/1(사이드변경(에그타르트교환),음료변경(콜라))"
299,갓양념이랑 블랙라벨이 맛있네요,"왕갈비 오븐치킨 1조각/1,갓양념치킨 1조각/2,블랙라벨치킨 1조각/1,핫크리스피치킨 1조각/1"
300,맛있어요. 언제나 맛있어요,Summer치킨팩/1
301,맛있습니다.빠릅니다.양적절,"치킨불고기버거세트/1(사이드변경(후렌치후라이),음료변경(콜라)),트위스터/1,롱치즈스틱/1,캔콜라/1"
302,맛잇게잘먹엇어용ㅎㅎ,블랙라벨치킨 6조각/1
303,맛있어요. 좀 덜 식어서 오면 더 좋알거같아요.,오리지널치킨 버켓세트/1
304,맛있어요 조금은 배달이 늦어요,"치킨불고기버거세트/1(사이드변경(후렌치후라이),음료변경(콜라)),트위스터세트/1(사이드변경(코울슬로교환),음료변경(콜라)),에그타르트/1,스위트칠리소스/1"
305,배달은 예상시간보다 조금 늦었지만 맛있게 잘 막었어요.그런데 양념치킨은 배달중에 눅눅해지면서 박스가 찢어지기도 하니 유의 부탁드릴게요!,"파티버켓세트/1,갓양념치킨 4조각/1"
306,이거먹고 자다깨서 00시부터 06시까지 화장실 5번갔음 뒤질거같음... 남은건 버리든가 해야지...,Summer치킨팩/1
307,오늘 중복이라 쿠폰 사용해서 주문했는데 역시 이런 날엔 주문하면 안되나봐요. 배달 1시간 넘게 걸렸어요. 평소엔 20 분이면 왔는데.. 예상시간보다 15분정도 늦게 왔어요. 그건 괜찮아요. 날이 날이었으니까. 하지만 이건 아니지 않나요. 상자는 둘다 짖눌렸고 오리지날은 아예 상자 밑이 저래가지고 왔어요. 봉투에서 상자 꺼내려다 치킨 다 쏟을뻔했네요. 치킨 튀김옷은 벗겨져 오고 콜라는 얼마나 흔들어서 왔는지 뚜껑 돌리니 넘쳐흐르고 좀 짜증났네요. 바쁜건 이해하지만 그럴수록 포장은 더 잘 신경써야 되지 않나요.,파티버켓세트/1
308,배달시간초과하고 지점은 전화가 안되는 곳이네요. 새로나온 버거는 입맛에 맛지 않네요.,"블랙라벨 에그타워버거세트/1,NEW 징거버거/1,에그타르트/1"
309,잘먹었습니다~! 양 맛 배달 다 좋구요. 오늘 이벤트 있던데 또 시켜먹을거에요~! ㅎㅎ,"베스트디저트팩/1,갓양념치킨 1조각/1,핫크리스피치킨 1조각/2,올쉐킷치즈시즈닝/1"
310,9시이후에 1+1으로 시키면 개꿀,"왕갈비 오븐치킨 1조각/1,갓양념치킨 1조각/1,블랙라벨치킨 1조각/1,핫크리스피치킨 1조각/1,오리지널치킨 1조각/1"
311,맛있게 잘 먹었습니다.,"갓양념치킨 1조각/2,블랙라벨치킨 1조각/1,오리지널치킨 1조각/2"
312,딸기쨈이랑 냅킨 빠져서 왓어요 그래도 오랜만에 타워버거 먹은 타워버거는 맛있네여,"오리지널타워버거 세트/1(사이드변경(비스켓교환),음료변경(코크제로교환)),핫윙 4조각/1"
313,맛있어용 통오징어바이트 채고,"왕갈비 오븐치킨 1조각/1,갓양념치킨 1조각/1,핫크리스피치킨 1조각/1,NEW 징거버거/1,트위스터/1,통오징어바이트 10조각/1,롱치즈스틱/1,후렌치후라이（L）/1,코울슬로/1,코카콜라¸/1"
314,배달은 공지된 시간보다 양은 어째쫌 아싑네요 다행히 맛은 좋아요,핫크리스피치킨 6조각/1
315,KFC 치킨 완전 맛있어요. 타사 치킨에 빠져 있던 딸이 갈아탔네요~,"오리지널치킨 6조각/1,핫윙 4조각/1"
316,음료 안쏟기게 음료에 뭐씌어서 보내주어줘서 신경써주셔서 좋았구 맛있게 잘먹었습니다.,"오리지널타워버거 세트/1(사이드변경(후렌치후라이),음료변경(스프라이트교환)),오리지널타워버거 세트/2(사이드변경(후렌치후라이),음료변경(콜라))"
317,맛있어요 ㅎㅎㅎ 근데조금만빨리오면좋을거같아요,"NEW 징거버거/1,텐더스트립스 4조각/1,스위트칠리소스/1,올쉐킷치즈시즈닝/1,페트콜라（500ml）/1"
318,늦게옴,"파티버켓세트/1,블랙라벨치킨 4조각/1,비스켓/1,버터/1"
319,배달 빠르고 맛잇어요,"NEW 치킨도버거도세트/1,코울슬로/1"
320,항상 잘 먹고 있어요,블랙라벨치킨 버켓 8조각/1
321,배달하시는분은 친절해요 치킨은 너무 눅눅했어요,"갓양념치킨 1조각/2,블랙라벨치킨 1조각/1,핫크리스피치킨 1조각/2"
322,학교다닐 때 많이 먹던 치킨인데 근처에 매장이 없어서 못먹었는데 오랜만에 맛있게 먹었어요. 핫윙 엄청 좋아했었는데 예전의 튀김옷이 아니네요. 윙 자체는 맛있긴한데 튀김옷이 빵가루 느낌이라 아쉬웠네요...,"오리지널치킨 4조각/1,핫윙박스 10조각/1"
323,맛있고 양도적당함 ㅋ 1쁠1 좋아요,"갓양념치킨 1조각/1,블랙라벨치킨 1조각/1,핫크리스피치킨 1조각/1,오리지널치킨 1조각/1,코울슬로/1"
324,할인 받아서 더 기분좋게 먹었습니다.,핫크리스피치킨 버켓세트/1
325,제가좋아하는 고기질감이에용 짱인듯요~~~ 감자튀깅든잘먹었습니당,"갓양념치킨 6조각/1,NEW 핫치즈징거버거세트/1(사이드변경(후렌치후라이),음료변경(스프라이트교환)),통오징어바이트 10조각/1,올쉐킷치즈/1,후렌치후라이（L）/1,스위트칠리소스/1,올쉐킷치즈시즈닝/1"
326,양념치킨 맛있네요ㅎㅎ,"갓양념치킨 4조각/1,핫크리스피치킨 4조각/1,NEW 타워버거/1"
327,1+1 시간대라 6조각 시컸었는데 여름이라 썬텐시켰나요? 아니면 1+1 고객은 안중에도 없는건가요 장난하나 껍데기들 색갈보고 춘장 발라서 온줄알았음. 높은 온도로 짧은시간 바짝 튀긴듯 보임 거기다 두조각 빼고 심각하게 뻣뻣한 뻑뻑살 몇조각 부위별로 뻑뻑살 들어가는거는 인정하지만 이건 아니지 않나요? 그냥 칡 뿌리 씹어먹는게 맛있을듯 입맛만 버림. 두조각 먹고 세번째 뻑살치킨 먹다가 그냥 다 버렸음 다시 주문할일은 없을듯 입맛 버리며 시간버린게 돈 버린거보다 아까운 수준인것 같아요,"오리지널치킨 1조각/3,NEW 타워버거세트/1(사이드변경(후렌치후라이),음료변경(콜라)),코카콜라¸/1"
328,맛있게 잘먹었습니다,핫크리스피치킨 버켓세트/1
329,배달도 빠르고 맛있어용!!특히 콜라 안흐르게 되어있어서 센스 갑👍🏻,"NEW 치킨도버거도세트/1,코울슬로/1"
330,추천합니다. 맛있어서 만족합니딘,Summer버거팩/1
331,배달도 빠르고 맛있어요,"핫크리스피치킨 4조각/1,오리지널치킨 4조각/1"
332,따뜻하게 배달되서 맛있게 잘 먹었습니다,"핫크리스피치킨 1조각/2,오리지널치킨 1조각/2,코울슬로/1,콘샐러드/1"
333,맛잇게 먹엇습니다.,"블랙라벨치킨 1조각/3,핫크리스피치킨 1조각/2,스위트칠리소스/2"
334,역시 치킨은♡ 먹다 남은건 볶음밥으로 ㅋㅋㅋ,"베스트디저트팩/1,왕갈비 오븐치킨 1조각/2,핫크리스피치킨 1조각/2,오리지널치킨 1조각/2"
335,양념은 케챱맛 났어요 후라이드 튀김바삭해서좋았어요 배달 빨라서 개굿,"갓양념치킨 4조각/1,블랙라벨치킨 4조각/1"
336,오리지널 버거 맛있어요 9시 남으면 치킨 한 조각 1+1인것도 마음에 들구요,"핫크리스피치킨 1조각/1,오리지널치킨 1조각/2,NEW 타워버거/1"
337,블랙라벨 맛있네요.,"블랙라벨치킨 1조각/2,핫크리스피치킨 1조각/1,오리지널치킨 1조각/1,비스켓/1,스위트칠리소스/2"
338,양도 엄청 많고 맛있네요,"NEW 징거더블다운맥스세트/1(사이드변경(비스켓교환),음료변경(코크제로교환)),핫윙 4조각/1"
339,평소보다 좀 짜긴했는데 맛있게 잘먹었습니다,핫크리스피버켓¸/1
340,배달도 빠르고 너무 맛있게 먹고 있습니다~~,"NEW 타워버거세트/1(사이드변경(후렌치후라이),음료변경(콜라)),핫윙 4조각/1"
341,치킨나이트- 푸짐하고 맛있음,
342,맛있게잘먹었습니다 감자가너무식어서 전화했는데 뜨겁게다시 갖다주셔서 정말 감사해요,핫크리스피치킨 버켓세트/1
343,맛나게 잘 먹었습니다 ~,"갓양념치킨 1조각/1,핫크리스피치킨 1조각/1,NEW 징거버거세트/1(사이드변경(후렌치후라이（L） 교환),음료변경(코크제로교환))"
344,늘 맛있게 먹고 있아요~~,핫크리스피치킨 버켓세트/1
345,할인+치킨나이트라 배달 다소 오래 걸렸으나 맛은 있기에~,"갓양념치킨 1조각/1,블랙라벨치킨 1조각/2,NEW 징거버거/1"
346,"치킨 나이트 개이득 ㅜ 잘 먹었습니다 치킨은 역시 kfc,,","갓양념치킨 1조각/3,블랙라벨치킨 1조각/2,콘타르트/1"
347,배달이 좀 늦긴 했지만 늦은시간이구 늦는다 연락두 주시구 맛있게 먹을께요,"베스트디저트팩/1,왕갈비 오븐치킨 1조각/1,갓양념치킨 1조각/1,핫크리스피치킨 1조각/1,오리지널치킨 1조각/2"
348,켚씨 사랑해요..♡,"NEW 치킨도버거도세트/1,비스켓/1"
349,역시 치킨은 KFC♡,"오리지널치킨 버켓세트/1,비스켓/1"
350,맛있어요~ kfc 우리동네 생겨서 좋네요^^,"오리지널타워버거 세트/1(사이드변경(롱치즈스틱교환),음료변경(콜라)),오리지널타워버거 세트/1(사이드변경(후렌치후라이（L） 교환),음료변경(콜라))"
351,Gooooooood,Summer치킨팩/1
352,KFC의 맛. 전 좋습니다.,"핫크리스피치킨 버켓세트/1,에그타르트/6,비스켓/2"
353,왕갈비 소스 모자랍니다,"왕갈비 오븐치킨 1조각/2,갓양념치킨 1조각/2,오리지널치킨 1조각/1"
354,오랜만에 먹는 kfc 핫크리스피세트 매콥하니 맛잇네요!,핫크리스피치킨 버켓세트/1
355,30분에 혼자서 싹 비웠네여,"왕갈비 오븐치킨 1조각/1,갓양념치킨 1조각/1,핫크리스피치킨 1조각/1,오리지널치킨 1조각/1,오리지널버거/1"
356,너무 맛나용 잘 먹엇어요,"핫크리스피치킨 1조각/2,오리지널치킨 1조각/1,비스켓/1,코울슬로/2"
357,구냥 쏘쏘합니다 잘먹고잇어요,"NEW 징거버거세트/1(사이드변경(에그타르트교환),음료변경(환타오렌지교환)),텐더스트립스 4조각/1,오렌지쥬스/1"
358,역시 kfc핫크리스피 짱,"왕갈비 오븐치킨 1조각/1,갓양념치킨 1조각/1,핫크리스피치킨 1조각/2,에그타르트/1"
359,버거맛있는데 먹기는좀불편했네요 핫윙 맛잇어요 비스킷은 좀 퍽퍽햇습니다,"블랙라벨클래식버거세트/1(사이드변경(후렌치후라이),음료변경(환타오렌지교환)),핫윙 2조각/1,비스켓/1"
360,아..또먹고싶다.......,"핫크리스피치킨 1조각/4,핫윙 4조각/1,코울슬로/1,콘샐러드/1,페트콜라（500ml）/1"
361,핫크리스피가 오리지널로 왔어요ㅜㅜ 나머진잘먹었습니다!!,"갓양념치킨 1조각/3,핫크리스피치킨 1조각/3,비스켓/1"
362,역시 케이에프씨 실망시키질않네요,"NEW 징거더블다운맥스세트/1(사이드변경(후렌치후라이),음료변경(스프라이트교환)),핫윙 4조각/1,롱치즈스틱/1"
363,ㅆㅅㅌㅊ ㅇㅈ? ㅇㅇㅈ,"베스트디저트팩/1,블랙라벨클래식버거세트/1(사이드변경(후렌치후라이（L） 교환),음료변경(환타오렌지교환)),텐더스트립스 2조각/1,딸기잼/1"
364,ㅆㅅㅌㅊ ㅇㅈ? ㅇㅈ,"베스트디저트팩/1,NEW 징거버거세트/1(사이드변경(후렌치후라이（L） 교환),음료변경(코크제로교환)),비스켓/1,딸기잼/1"
365,ㅆㅅㅌㅊ ㅇㅈ? ㅇㅇㅈ,"베스트디저트팩/1,블랙라벨클래식버거세트/1(사이드변경(후렌치후라이（L） 교환),음료변경(코크제로교환)),통오징어바이트 5조각/1,딸기잼/1"
366,아 맛있었는데 치킨 닭다리 줘여어ㅓㅓ어어엉 몸통만 두개왔엉 ㅠㅠㅠㅠ근데 맛있음ㅋㅋ,"NEW 치킨도버거도세트/1,갓양념치킨 1조각/1"
367,맛있어요~ 이 매장이 생기길 얼마나 기다렸는지 몰라요ㅠㅠ,"NEW 징거버거세트/1(사이드변경(후렌치후라이（L） 교환),음료변경(스프라이트교환)),블랙라벨클래식버거단품/1,NEW 징거더블다운맥스/1,코울슬로/2"
368,너무 맛있게 먹었어요.,
369,좋습니다 따끈한 치킨,"갓양념치킨 1조각/1,블랙라벨치킨 1조각/1,핫크리스피치킨 4조각/1"
370,치킨 나이트 개꿀 맛있어요,"왕갈비 오븐치킨 1조각/1,갓양념치킨 1조각/1,핫크리스피치킨 1조각/1,비스켓/2,페트콜라（500ml）/1"
371,맛있어요 전화받으시는분도 엄청친절하시네여,"NEW 치킨도버거도세트/1,통오징어바이트 5조각/1,올쉐킷치즈/1"
372,살이 조금 싱거 움,"오리지널치킨 버켓세트/1,NEW 징거버거세트/2(사이드변경(코울슬로교환),음료변경(콜라))"
373,배달 직원분 친절하세요👍,"NEW 징거버거세트/1(사이드변경(후렌치후라이),음료변경(콜라)),NEW 타워버거/1"
374,블랙라벨치킨 진짜 맛있어용 ㅜㅜ 흑흑 콜라포장도 깔끔하게 해주히고 치킴은 kfc가 진리네요,"갓양념치킨 1조각/1,블랙라벨치킨 1조각/1,NEW 징거버거세트/1(사이드변경(후렌치후라이),음료변경(콜라)),코울슬로/1"
375,야식으로 잘 먹었습니다~,"NEW 징거더블다운맥스세트/1(사이드변경(후렌치후라이),음료변경(스프라이트교환)),NEW 핫치즈징거버거세트/1(사이드변경(에그타르트교환),음료변경(코크제로교환))"
376,치킨이 너무 시커멓고 누져있었어요ㅡㅜ,오리지널치킨 버켓세트/1
377,맛있게 먹고 갑니다!!!,핫크리스피치킨 버켓세트/1
378,맛있다. 기름지고 맛있는 치킨 그자체,"블랙라벨 에그타워버거세트/1,블랙라벨클래식버거세트/1(사이드변경(후렌치후라이（L） 교환),음료변경(스프라이트교환))"
379,역시kfc입니다!! 맛있어요!!,"핫크리스피치킨 6조각/1,에그타르트/1"
380,배달시간은 매우 빨라서 만족스러웠습니다. 하지만 맛은 약간 실망스러웠습니다.,핫크리스피치킨 버켓세트/1
381,빠른배달이고 바로 나온것처럼 따뜻했습니다,"갓양념치킨 1조각/1,핫크리스피치킨 1조각/1,NEW 핫치즈징거버거세트/1(사이드변경(후렌치후라이),음료변경(스프라이트교환)),에그타르트/1"
382,배달도 빠르고 맛도있었어요,"NEW 치킨도버거도세트/1,텐더스트립스 2조각/1"
383,치킨은 케이에프씨가 진리,"블랙라벨치킨 1조각/3,핫크리스피치킨 1조각/1,오리지널치킨 1조각/1"
384,very good,"NEW 치킨도버거도세트/1,핫크리스피치킨 1조각/1"
385,예상시간보다 빠른배달 최고예요,"NEW 치킨도버거도세트/1,NEW 징거버거세트/1(사이드변경(콘샐러드교환),음료변경(콜라))"
386,좋아요 음식도 따뜻하게 금방오네요,"핫크리스피치킨 6조각/1,비스켓/3,코울슬로/1"
387,항상 여기서 시켜먹는데 빠르고 좋아요,"핫크리스피치킨 4조각/1,비스켓/2,버터/2,딸기잼/2"
388,좋아요 배달도 빠르고,"오리지널치킨 1조각/1,NEW 징거더블다운맥스세트/1(사이드변경(후렌치후라이),음료변경(콜라)),통오징어바이트 5조각/1"
389,배달도 빠르고 좋아요,"블랙라벨치킨 1조각/2,NEW 징거버거세트/1(사이드변경(코울슬로교환),음료변경(스프라이트교환))"
390,맛은 별로에요. 매장에서 먹든 맛이 아니에요.,"왕갈비 오븐치킨 1조각/1,핫크리스피치킨 1조각/1,오리지널치킨 1조각/1,NEW 징거버거/1"
391,배달이 좀 늦긴했지만 맛있었어욤,"블랙라벨 에그타워버거/1,에그타르트/2,환타오렌지/1"
392,언제나 믿고 먹는 ㅋㅋㅋ 최애 햄버거가 될꺼같다능..,"베스트디저트팩/1,블랙라벨 에그타워버거세트/1,코울슬로/1"
393,배달 빠르고 맛도 좋고 굿굿,"블랙라벨 에그타워버거세트/1,코울슬로/1,환타오렌지/1"
394,역시 믿고시키는 케엪씌! 너무 맛있어여 배달분도 친절하시구 ㅎㅎ 리뷰를 생각 못하다 이제야 적네옹,"블랙라벨클래식버거세트/1(사이드변경(후렌치후라이),음료변경(콜라)),NEW 핫치즈징거버거세트/1(사이드변경(후렌치후라이),음료변경(콜라)),텐더스트립스 8조각/1,롱치즈스틱/1"
395,잘 먹었습니다!!!,"왕갈비 오븐치킨 8조각/1,콘샐러드/1"
396,맛있게 잘 무긋습니다,"베스트디저트팩/1,NEW 핫치즈징거버거세트/1(사이드변경(후렌치후라이),음료변경(콜라)),NEW 징거버거세트/1(사이드변경(후렌치후라이),음료변경(콜라))"
397,👍👍👍👍👍,"블랙라벨 에그타워버거세트/1,트위스터/1,비스켓/1"
398,맛잇어요. 식지않고 잘 왔네요,"오리지널타워버거 세트/2(사이드변경(후렌치후라이),음료변경(콜라))"
399,잘먹었어용 또시켜먹을게요~,
400,가격대비 그닥 재구매는 안할듯합니다,"핫크리스피치킨 1조각/2,NEW 타워버거/1,NEW 징거버거/1,에그타르트/2,비스켓/2"
401,프랜차이즈기에.무난. 배달시간만족,"핫크리스피치킨 1조각/1,오리지널치킨 1조각/2,NEW 징거더블다운맥스/1"
402,맛있게 잘먹었습니다 ^^,"핫크리스피치킨 1조각/5,오리지널치킨 1조각/1"
403,징거버거 세트 먹었습니다. 배달 빨랐습니다.,"핫크리스피치킨 1조각/1,NEW 징거버거세트/1(사이드변경(후렌치후라이),음료변경(환타오렌지교환)),콘샐러드/1,캔콜라/1"
404,KFC 는 사랑 입니다.,"NEW 타워버거세트/1(사이드변경(후렌치후라이),음료변경(콜라)),텐더스트립스 2조각/1,콘타르트/1,콘샐러드/1"
405,좋네요 배달되고되고되고,"베스트디저트팩/1,NEW 핫치즈징거버거/1,트위스터/1,스위트칠리소스/3"
406,Gooooooood,"NEW 치킨도버거도세트/1,NEW 징거더블다운맥스/1,텐더떡볶이/1"
407,맛있어요 배달 빨라요,"NEW 핫치즈징거버거세트/1(사이드변경(에그타르트교환),음료변경(코크제로교환)),NEW 징거버거세트/1(사이드변경(코울슬로교환),음료변경(코크제로교환))"
408,맛잇게먹엇어요~~!!,
409,맛있게 잘 먹었습니다.,"왕갈비 오븐치킨 1조각/2,갓양념치킨 1조각/1,블랙라벨치킨 1조각/2"
410,치킨버거는 KFC예요! 배달하신 분도 친절하고 좋았어요!,"오리지널타워버거 세트/1(사이드변경(후렌치후라이),음료변경(콜라)),NEW 핫치즈징거버거세트/1(사이드변경(비스켓교환),음료변경(콜라)),오리지널버거세트/1(사이드변경(후렌치후라이),음료변경(콜라)),NEW 징거버거세트/1(사이드변경(후렌치후라이),음료변경(콜라)),텐더스트립스 2조각/1,에그타르트/1"
411,kfc 원래 배달 안되서 넘 아쉬웟는데 이제 되니까 기뻐요! 쿠폰찬스 써서 혼자 배터질정도로 먹었습니당,"베스트디저트팩/1,블랙라벨 에그타워버거세트/1,버터/2,딸기잼/3"
412,빠른배달 잘먹었습니다,"블랙라벨치킨 1조각/1,핫크리스피치킨 1조각/2,NEW 핫치즈징거버거세트/1(사이드변경(후렌치후라이),음료변경(콜라))"
413,대체적으로 전부 다 마음에 들었어요~ 세트시켜먹았는데 배가너무불러서 다먹지도 못했어요~맛있었습니다.ㅎㅎ,
414,비스킷에 탄부스러기가 붙어서왔어요...음식에 딱히 영향을준건아니라...그냥먹긴하는데..괜히 찜찜하네요.. 다음부턴 꼭 확인하고 내보내셔야할거같아요^^,"NEW 치킨도버거도세트/1,오리지널치킨 1조각/1,비스켓/1"
415,뜨듯한 피자가 잘 배달되어와서 좋았습니다.,오리지널치킨 1조각/5
416,배송짱빠름 맛잇어용,"핫크리스피치킨 6조각/1,코울슬로/1"
417,맛있게 잘먹었어요 수고하세요,블랙라벨치킨 6조각/1
418,오랜만에 맛있게 먹었네요 상암에도 생겨서 좋아요~~,"오리지널치킨 버켓세트/1,콘타르트/1,에그타르트/1"
419,예전맛 아니여서 살짝 실망했어요,오리지널치킨 버켓세트/1
420,이날 주문은 아닌거같고 일주일에 연달아 시켜서 헷갈리네요. 오리지널 너무 좋아해서 큰통으로 주문햇는데9조각짜리요. 몇몇조각이 너무 심하게 뻑뻑해요... 내사랑 오지지날 돌려달라,"오리지널치킨 1조각/2,에그타르트/1,비스켓/1,코울슬로/1"
421,오리지날치킨 찬양하라,"오리지널치킨 4조각/1,NEW 징거버거/1,비스켓/1,코울슬로/1"
422,나는 진짜 이집 단골 인정해줘야함 오리지널치킨 날 가져요,"오리지널치킨 1조각/2,비스켓/1"
423,나좀 살려줘요. 오리지널닭다리 늪에서 헤어나오질못해요..어떡해 몇번째 주문이니.. 내 이번달 카드값......,"오리지널치킨 버켓세트/1,비스켓/1,코울슬로/1"
424,햄버거는 역시 KFC! 배송도 빠르고 만족합니다,통오징어바이트 10조각/1
425,KFC 배달 생겨서 행복합니다^^,"NEW 타워버거세트/1(사이드변경(후렌치후라이（L） 교환),음료변경(콜라)),NEW 징거버거/1,핫윙 8조각/1,통오징어바이트 10조각/1,텐더떡볶이/1"
426,맛있게 잘 먹었습니다^^,"텐더스트립스 4조각/1,통오징어바이트 5조각/1,텐더떡볶이/1"
427,간편하게 먹기 좋고 맛있어요 ㅋ,"블랙라벨클래식버거세트/1(사이드변경(후렌치후라이（L） 교환),음료변경(콜라)),트위스터/1,롱치즈스틱/1"
428,맛있게 잘먹었어요 수고하세요.,"왕갈비 오븐치킨 1조각/1,블랙라벨치킨 4조각/1,콘샐러드/1"
429,코우슬로 숟가락이 안왔네유,"핫크리스피치킨 버켓세트/1,스위트칠리소스/1"
430,굽는 치킨은 속까지 다 안 익힐꺼면 안 파는게 나아요 갈비 구운치킨만 속부분이 좀 안익었고 나머지는 다 맛있었네요 구운치킨 사진 올릴까하다가 보고 비위상하실 수도 있으니 안올릴께요 그리고 여기 점장은 리뷰 보고 관리좀 하셔야 겠네요 ^^,"왕갈비 오븐치킨 1조각/1,핫크리스피치킨 1조각/1,오리지널치킨 1조각/1,블랙라벨클래식버거단품/1"
431,빠른배송 맛 만족합니다,"블랙라벨클래식버거세트/1(사이드변경(코울슬로교환),음료변경(콜라)),블랙라벨클래식버거단품/1"
432,맛있게 잘먹었습니다,"트위스터세트/1(사이드변경(에그타르트교환),음료변경(코크제로교환)),트위스터/1,에그타르트/1,비스켓/1"
433,잘먹었습니다 맛있었어요,"블랙라벨 에그타워버거세트/1,핫윙 8조각/1,비스켓/1,딸기잼/1"
434,배달이 빠르고 넘 맛있어요,"오리지널타워버거/1,NEW 핫치즈징거버거/1,너겟 10조각/1,비스켓/1"
435,치킨이 좀 눅눅한게 아쉽네요 그래도 맛은 좋아요,오리지널치킨 버켓세트/1
436,맛있구 좋아용 특히 에그타르트는 최고~~,"핫크리스피치킨 버켓세트/1,너겟 10조각/1,에그타르트/3,페트콜라（500ml）/2"
437,핫크리스피를 시켰는데 오리지널이 왔네요... 그것도 오리지널에 핫크리스피 한두조각 섞여서요 그래도 맛은 있었습니다,"핫크리스피버켓¸/1,롱치즈스틱/1,콘타르트/1,에그타르트/1,스프라이트/2"
438,드뎌 kfc를 먹을수 잇어서 행복햇습니다.,"NEW 징거버거세트/1(사이드변경(후렌치후라이（L） 교환),음료변경(콜라)),핫윙 4조각/1,코울슬로/1"
439,맛잇네여맛닛네여맛잇네여,"핫크리스피치킨 1조각/1,NEW 징거더블다운맥스세트/1(사이드변경(후렌치후라이（L） 교환),음료변경(코크제로교환)),롱치즈스틱/1,올쉐킷치즈시즈닝/1"
440,배달 예정시간는 안 맞았어요,"NEW 치킨도버거도세트/1,에그타르트/1,후렌치후라이/1"
441,엄청 크고 맛있었어요,"왕갈비 오븐치킨 1조각/1,갓양념치킨 4조각/1"
442,콜라에 김이 다 빠져있었어요,오리지널치킨 버켓세트/1
443,맛있게 잘 먹었습니당,"오리지널타워버거 세트/1(사이드변경(후렌치후라이),음료변경(콜라)),오리지널버거세트/1(사이드변경(후렌치후라이),음료변경(콜라))"
444,왕갈비 치킨 맛있네요,"베스트디저트팩/1,왕갈비 오븐치킨 1조각/1,NEW 징거더블다운맥스세트/1(사이드변경(후렌치후라이（L） 교환),음료변경(스프라이트교환))"
445,맛도좋고 배달이 되니까 너무좋아요ㅠㅠ자주시켜먹겠습니다,
446,대만족 상암탄생 축하,"핫크리스피치킨 4조각/1,비스켓/1,코크제로/1"
447,배달이 약간 늦었지만 그래도 KFC 배달되서 좋아요,"왕갈비 오븐치킨 8조각/1,NEW 징거버거세트/1(사이드변경(후렌치후라이),음료변경(콜라))"
448,예전에 먹던 맛보다는 맵지 않았어요. 그래도 이벤트로 주문해서 값싸게 잘 먹었습니다.,"핫크리스피버켓¸/1,비스켓/1"
449,배달빠르고 왕갈비오븐치킨조각으로 첨 시켜먹어봤는데 부드럽고 맛있어서 다음에는 조각으로말고 한통으로 시키려합니다,"왕갈비 오븐치킨 1조각/2,핫크리스피치킨 1조각/1,NEW 징거버거세트/1(사이드변경(후렌치후라이),음료변경(콜라))"
450,배달 안왔는데 배달완료라고 뜸,블랙라벨치킨 버켓 8조각/1
451,알고있는 할아버지맛 입니다,비스켓/2
452,쿠폰써서 주문해봤는데 배달도 빠르고 빠뜨린것없이 맛있게 먹었어요,"핫크리스피치킨 6조각/1,NEW 핫치즈징거버거세트/1(사이드변경(후렌치후라이（L） 교환),음료변경(콜라)),코울슬로/1"
453,배달 빠르고요 맛있게 잘 먹었습니다,핫크리스피치킨 버켓세트/1
454,할인받아서 개꿀 맛있게 잘먹었어요,"갓양념치킨 1조각/1,핫크리스피치킨 1조각/1,콘타르트/1,비스켓/3,캔콜라/1"
455,"맛있음 ㅜㅜ 후라이드,양념치킨,타르트,비스켓 다만족","갓양념치킨 1조각/1,핫크리스피치킨 1조각/1,콘타르트/1,에그타르트/1,비스켓/2,캔콜라/1"
456,헐 블랙라벨? 버거 진짜맛있어요 최근먹은 프랜차이즈 버거중 으뜸인디요 낼또시켜먹을각입니다~,"오리지널치킨 1조각/2,블랙라벨 에그타워버거세트/1,비스켓/1"
457,kfc치킨은 역시 맛있네요. 배달이 빠른지 뜨거워서 좋았어요. 덕분에 맛있게 먹었습니다😊😊,"오리지널버켓/1,비스켓/2"
458,배달 30분 내외정도로 온거 같아요~ 빠른 배달 감사합니당 ! 비슷한 가격에 치킨 시키는 것보다 양 많고 다양한거 먹어서 좋았습니다:) 아쉬운게 있었다면 구성에 포함되어 있는 코울슬로 누락되어서 안왔어요ㅠㅠㅠ 담에 주문하게 된다면 치킨용 머스타드나 소스 챙겨주셨음 좋겠습니다! 감사했어요! 그리고 이 구성 프모 언제까진지도 알려주셨음 좋겠어요! 감사합니다.,New 타워앤징거팩/1
459,치킨나이트 행사 있어서 자주 먹을것 같아요. 양념 진짜 대박,"갓양념치킨 1조각/3,오리지널치킨 1조각/2,코울슬로/1"
460,콜라가 좀 밍밍하고 음식이 식어서왔아요,New 타워앤징거팩/1
461,오리지날 치킨은 제 최애 치킨입니다. 다음엔 사진도 올릴께요,"오리지널치킨 4조각/1,코울슬로/2"
462,맛있게 먹었습니다!!!,"블랙라벨 에그타워버거/1,블랙라벨클래식버거단품/1"
463,1시간이내에먹어야안전하다써있는데 이미 1시간지나서온것같습니다. 특히 감자류 딱딱해져서 다버렸고요 모든메뉴 다 식어서 왔어요 배달시간보다 25분늦게왔고요.. 먹고 빨리나가려했는데 그게 안되네요.. 할인기간이라 그런거겠죠? 이번에 처음시켰는데 그냥그렇습니다. 배달해주신분이 친절하셔서 늦게온건 그냥 이해했는데 음식이 이러니까 기분 별로네요 할인으로시켜서 푸대접받은것같고요. 특히 다른덴 할인껴서시켜도 배달은늦을지언정 뜨겁게배달왔었어서 더 그렇네요.,"트위스터/1,통오징어바이트 5조각/1,올쉐킷치즈/1,텐더떡볶이/1,비스켓/1,코울슬로/1"
464,배달빨리오고 맛있음,핫크리스피치킨 버켓세트/1
465,ㅜㅜ다음엔안먹을것같아요ㅠㅠ,"핫크리스피치킨 1조각/1,NEW 타워버거세트/1(사이드변경(후렌치후라이),음료변경(콜라)),롱치즈스틱/1"
466,새로생겨 주문해봤어요 감자칩이 너무눅눅하네요 버거는 맛있었어요,"NEW 징거버거세트/1(사이드변경(후렌치후라이（L） 교환),음료변경(콜라)),너겟 6조각/1,비스켓/1"
467,Gooooooood,"New 타워앤징거팩/1,치킨바베큐버거/1,트위스터/1,텐더떡볶이/1"
468,빠른 배달 좋아요 잘먹었습니다,오리지널치킨 버켓세트/1
469,케엡씨 넘 먹고 싶었는대 먼 거리에도 불구하고 배달 해주셨어요 아무리 동네 맛있는 치킨집들이 많다고는 하나 커널 샌더스의 튀김맛은 너무 중독성있어요 세월이 변해도 가끔 넌지시 생각이 나요 너무 맛있게 잘 먹었습니다,"왕갈비 오븐치킨 1조각/1,갓양념치킨 1조각/1,블랙라벨치킨 1조각/1,핫크리스피치킨 1조각/2,비스켓/1,코울슬로/2"
470,맛있었어요 급하게 먹어서 사진을 못 찍었네요,"블랙라벨치킨 1조각/2,NEW 핫치즈징거버거세트/1(사이드변경(에그타르트교환),음료변경(코크제로교환))"
471,배달이 17분 늦었다,"블랙라벨 에그타워버거/1,NEW 징거버거/1,에그타르트/1"
472,역시 KFC 치킨 나이트도 개꿀,"핫크리스피치킨 1조각/2,에그타르트/1,비스켓/3"
473,역시 케이에푸씨 ㅅㅅㅅ,오리지널치킨 버켓세트/1
474,동네에 KFC생겨서 좋아요!,"블랙라벨치킨 6조각/1,비스켓/1"
475,핫윙 맛있어요 다음에 또 시켜먹어야겠어요^^,"핫윙박스 10조각/1,페트콜라（500ml）/1"
476,배달 빠르고 포장도 꼼꼼해요!,"핫크리스피치킨 1조각/1,블랙라벨클래식버거세트/1(사이드변경(후렌치후라이（L） 교환),음료변경(콜라)),롱치즈스틱/1"
477,핫크리스피만의 매운맛이 전혀 없네요. 전화해보니 딜리버리 매장이라서 염제 작업을 못해서 그렇다는데.. 아무리 그래도 기대하는 맛이 너무 아닙니다.,핫크리스피치킨 버켓세트/1
478,다 좋은데 거리때문에 배달이 좀ㅠ 그래도 맛있게 잘 묵음,"블랙라벨클래식버거세트/1(사이드변경(후렌치후라이),음료변경(콜라)),NEW 핫치즈징거버거/1"
479,배달도 빠르고 맛있습니다,"블랙라벨치킨 4조각/1,핫크리스피치킨 1조각/1,코울슬로/1"
480,버거 맛있어요! 떡볶이에는 소스가 많이 부족했네요,
481,배달이 늦게 와도 기대를 했는데...그냥 별로요,"치킨바베큐세트/1(사이드변경(후렌치후라이),음료변경(콜라)),트위스터세트/1(사이드변경(후렌치후라이),음료변경(콜라)),텐더스트립스 4조각/1,에그타르트/2"
482,치킨은 역시 케이에프씨인듯,핫크리스피치킨 버켓세트/1
483,배달은 40분정도 걸렸는데 사이드 한가지를 안가져오시는 바람에 두번째 배달까지 총 1시간 30분정도 걸렸어요 조금 늦어졌지만 문의 잘 받아주시고 바로 보내주셔서 잘 받았습니다 따뜻한 상태로 잘 도착해서 맛있게 먹었습니다,"NEW 타워버거세트/1(사이드변경(코울슬로교환),음료변경(콜라)),올쉐킷치즈/1,롱치즈스틱/1"
484,동네에 kfc생겨서 넘좋아요><,"핫크리스피치킨 버켓세트/1,콘샐러드/2"
485,"먹어본, 아는맛입니다.","왕갈비 오븐치킨 1조각/2,블랙라벨치킨 1조각/1,코울슬로/2"
486,배달은 한시간쯤 걸렸어요~,"블랙라벨클래식버거세트/1(사이드변경(코울슬로교환),음료변경(콜라)),비스켓/2,딸기잼/1"
487,ㅡㄷㅈㅎㅂㄱㄴㄷㅈㅅㅂ,"왕갈비 오븐치킨 1조각/1,핫크리스피치킨 1조각/1,NEW 징거더블다운맥스세트/1(사이드변경(에그타르트교환),음료변경(콜라))"
488,좋았씁니다 많이 파세요,"트위스터세트/1(사이드변경(후렌치후라이),음료변경(콜라)),NEW 징거버거/1,코울슬로/1"
489,배달만 조금신경써주세용..,"베스트디저트팩/1,NEW 타워버거세트/1(사이드변경(후렌치후라이),음료변경(콜라)),블랙라벨 에그타워버거/1"
490,좀마니 눅눅해져서 와서 좀 그랫지만 맛잇엇네요,New 타워앤징거팩/1
491,주소 잧아 능력 더 열심히 해야 돼요,New 타워앤징거팩/1
492,맛있어요 KFC 제휴 기다렸는데 또 주문할께요 배달은 살짝 아쉽,"블랙라벨치킨 4조각/1,NEW 징거더블다운맥스세트/1(사이드변경(에그타르트교환),음료변경(콜라))"
493,맛이 예전같지가 않네요...,"블랙라벨치킨 버켓 8조각/1,블랙라벨 에그타워버거세트/1,NEW 징거더블다운맥스세트/1(사이드변경(후렌치후라이（L） 교환),음료변경(콜라)),페트콜라（500ml）/1"
494,버거는 맛있는데 감자 튀김은 진짜 별로다,"블랙라벨 에그타워버거세트/1,핫윙 2조각/1,에그타르트/1"
