﻿,리뷰,메뉴
0,맛있게 잘 먹었습니다~~,순살 슈프림양념치킨/1
1,슈프림양념치킨 처음 먹어보는데 진짜 맛있어요 ㅎㅎ 이벤트중이라 늦게 배달된다는 카톡 받았는데 그것보단 빨리 왔습니다 잘 먹었습니다^^,순살 슈프림양념치킨/1
2,와야지 먹지요......ㅠ,순살 슈프림양념치킨/1
3,Excellent,반반（순살후라이드반＋순살올리고당양념반）/1
4,역시 슈 프림이 짜세 입니나요,슈프림 양념치킨/1
5,Really good and tasty,반반（순살후라이드반＋순살올리고당양념반）/1
6,배달 너무 빨라서 신기했음,순살 올리고당 양념치킨/1
7,양은 좀 적지만 넘 맛있어요!! 양념은 역시 처갓집이죠!! 이사오고 배달되는 처갓집이 없었는데 생겨서 넘좋네요^^ 자주 먹을게요,순살 슈프림양념치킨/1
8,다른 리뷰에는 양이 엄청 적다고하지만 저는 개인적으로 적지는 않다고 생각돼요! 물론 많은양도 아니지만 적당해요 ㅎㅎ,슈프림 양념치킨/1
9,양도 많고 맛있었어요ㅎㅎ,순살 슈프림양념치킨/1
10,정말 맛있게 먹었읍니다,순살 슈프림양념치킨/1
11,튀김옷이 너무 딱딱하고 가격에비해 양이적어요,반반（순살와락간장반＋순살핫슈프림양념반）/1
12,맛은 좋으나 배달이 매우 느린 편,순살 슈프림양념치킨/1
13,맛있게 먹었습니다.,순살 슈프림양념치킨/1
14,역시 양념치킨은 처갓집,"두마리세트（후라이드＋올리고당양념）/1,1.25L 판매 /1"
15,마시바리니ㅣ뮤ㅓ밐aa,반반치킨（후라이드반＋올리고당양념반）/1
16,양념치킨 중에 최고 맛집,슈프림 양념치킨/1
17,역시 처갓집은 순살이 jmt 너무 맛있습니다,반반（순살올리고당양념반＋순살슈프림양념반）/1
18,슈프림순살완전맛있어요!!,반반（순살슈프림양념반＋순살레몬파닭반）/1
19,너무 느끼하고 나랑은 안맞음,반반（순살후라이드반＋순살슈프림양념반）/1
20,10시에 주문했는데 12시에 오는..2시간만에 배달옴,두마리순살세트（와락간장＋슈프림양념）/1
21,바삭바삭하고 양념도 맛있는데 양이 다른치킨과 비교해 현저히 적습니다,반반（후라이드반＋올리고당양념반）/1
22,맛잇엇어요~~~~~~~~,순살 슈프림양념치킨/1
23,잘먹었습니다. 소스도 많이 뿌려주셔서 더 맛났어요~,두마리세트（슈프림양념＋와락간장）/1
24,빠른배달 감사드리며 맛있어요,매운불양념치킨/1
25,맛있어용~~~ 신촌점에선 처음 시켜보는데 맛있네용 다음엔 그냥 일반 슈프림도 먹어보려구요,슈프림골드 양념치킨/1
26,와 슈프림 처음먹어봤는데 대박이네요 핫슈프림도 별로 안매워서 좋았어요,두마리순살세트（슈프림양념＋핫슈프림양념）/1
27,좀 많이 늦게 왔어요.. 하도 늦게 와서 다른 음식도 시키고 그랬네요 맛은 괜찮았던거 같습니다,슈프림 양념치킨/1
28,맛있어용!!!@!@@@!!!!,슈프림 양념치킨/1
29,맛있옸습니다ㅎㅎㅎㅎ,순살 슈프림양념치킨/1
30,역시 처 GOD집 닭강정은 최고네요,닭강정/1
31,맛있었습니다 슈프림양념소스 맛있네요,순살 슈프림양념치킨/1
32,맛있는데 양이 좀 적음. 사진관련무,순살 반반치킨/1
33,처갓집 양념치킨은 옳아요,순살 슈프림양념치킨/1
34,아니 진짜 배달도 60분 걸린다면서 28분만에 오고 맛도 겁나 맛있고 양도 너무 적당한거 실화입니까 ㅠㅠ 그리고 겨자소스랑 양념소스 따로 넣어주셔서 너무 맛있게 잘 먹었어요 ㅎㅎ 다음에 또 먹을 의향 100%이고 친절하십니다 감사합니다,반반（후라이드반＋올리고당양념반）/1
35,처갓집 슈퍼슈프림 짱입니다,순살 슈프림양념치킨/1
36,20분만에 배달 와서 깜짝 놀랐어요ㅎㅎ 양은 두명 먹기 적당하고 생각보다 느끼했지만 맛있었어요 양념이지만 바삭해서 더 좋았습니다 :),순살 슈프림골드양념치킨/1
37,배달빨리오네용~~~,"The.화이트치킨（골드치즈）/1,사이다 1.25L 판매 /1"
38,순살시켰는데 맛있었어요!,순살 슈프림양념치킨/1
39,좀느끼하깅항대 첫맛환상,（순살）슈프림양념반＋핫슈프림양념반/1
40,아이들이 맛있다고 먹는데 양이 좀 적네요,반반（순살후라이드반＋순살슈프림양념반）/1
41,맛있게 잘 먹었어요~ 양념도 많이 주셔서 감사합니다!,순살 슈프림양념치킨/1
42,후라이드는 고소한맛이네요 연한거같고요 양념은 달달하고 맛있습니다. 순살만 먹어보다 뼈있는치킨으로 먹었는데 맛있네요 특히 양념이 맛있었고요,두마리세트（후라이드＋올리고당양념）/1
43,항상 맛있게 먹고 있습니다.,다리 슈프림양념치킨/1
44,튀김이 생각보다 너무 딱딱해요ㅠ 점바점인지 좀 아쉽네요..,두마리세트（후라이드＋슈프림양념）/1
45,맛은있는데 양은 적어요,반반（순살와락간장반＋순살슈프림양념반）/1
46,"치킨이 제스타일이 아니었을뿐, 친구는 맛있다구 다 먹었어요:) 고추가루? 느낌이 물씬 나는 매운 양념이라 제 취향은 아니었네요ㅠㅠ 가까운곳은 배달비도 없어서 좋았고, 치킨도 튀김은 진짜 잘 튀겨져서 왔어요! 닭도 중간사이즈 느낌으로 양도 많아서 좋았습니단ㅎㅎ 다음엔 그냥 슈프림으로 먹을거같아요!",핫슈프림 양념치킨/1
47,정말 정말 맛있네요 또시킬게요,반반（순살치폴레반＋순살슈프림양념반）/1
48,최고 맛있어요~~~~!!!!! 소스도!!!,반반（순살후라이드반＋순살슈프림양념반）/1
49,언제나 먹어도 맛있습니다,슈프림 양념치킨/1
50,맛있는데 1.5인분이에여!,The.화이트치킨（슈프림）/1
51,양은 부족하지만 달달하니 맛있네요^^,순살 슈프림양념치킨/1
52,"닭이 너무 질겨요 ,,,,",핫슈프림 양념치킨/1
53,잘 먹었습니다! 양이 적어보였던건 기분탓이겠죠ㅜ,순살 슈프림양념치킨/1
54,맛은 있습니다. 다만 배달이 누락돼서 두시간만에 먹었네요.,순살 슈프림양념치킨/1
55,짱 맛있어요 최고,"반반（후라이드반＋슈프림양념반）/1,사이다 1.25L 변경 /1"
56,와우...가격대비 양은 적긴적은거같아요 열어보고 좀 놀란 다른 치킨집에 비해 적어서,
57,역시 최고에요 ㅜㅜ 너무 맛있어요,"두마리순살세트（후라이드＋핫슈프림양념）/1,1.25L 변경/1"
58,핫도 달콤하네요 잘 먹었습니다,순살 핫슈프림양념치킨/1
59,예정시간보다 빨리 배달왔고 처음 시켜봤는데 맘에 들어서 재구매 의사 있어요!!,순살 핫슈프림양념치킨/1
60,말해서 무엇합니까,"반반（후라이드반＋핫슈프림양념반）/1,무 추가/1"
61,항상 처갓집 슈프림 양념은 옳은것같습니다 신촌 지점상당히 맛있습니다~~!!,순살 슈프림양념치킨/1
62,핫슈프림은 질리지도 않고 식어도 맛있어요!,"순살 핫슈프림양념치킨/1,무 추가/1"
63,핫슈프림 하얀 소스는 그렇다 쳐도 빨간 소스도 위에만 뿌려서 나오는건가요? 양념이 위에만 있고 아래는 하나도 없네요,"반반（후라이드반＋핫슈프림양념반）/1,겨자소스/1"
64,배송은 친절한데요 맛이 없어요 눅눅하고 너무 퍽퍽해요 소스맛으로 먹는 느낌,The.화이트치킨（슈프림）/1
65,배달 시간도 빠른 편이였고 요구사항도 잘 들어주심,"순살 슈프림양념치킨/1,처음처럼/2"
66,처갓집은 처음이라 반반 시켰는데 정말 너무 양이 적어서 놀랬네요.. 소스는 맛있어요,반반（후라이드반＋올리고당양념반）/1
67,치킨하면 처갓집이죠,반반（후라이드반＋슈프림양념반）/1
68,배달 빨라요 맛괜찮아요,반반（후라이드반＋올리고당양념반）/1
69,다른 점보다 양이 많고 밋있오요,슈프림 양념치킨/1
70,살이 진짜 거의없고 튀김옷만 먹은느낌이에요,"닭강정/1,두마리순살세트（후라이드＋슈프림양념）/1"
71,엄청빨리왔어요!!!,슈프림 양념치킨/1
72,소스 양도 많고 맛있었어요! 다음에도 또 시킬거예요,"슈프림 양념치킨/1,1.25L 변경/1"
73,배달빠르고 맛있어요 굿굿굿,
74,맛잇었어요ㅎㅎㅎㅎ역시,"와락간장치킨/1,두마리세트（후라이드＋슈프림양념）/1"
75,처갓집 치킨.. 저는 처음 먹어보는데.. 너무 맛있었어요..ㅎㅎ 이제 양념치킨은 처갓집에서!!!,"순살 슈프림양념치킨/1,순살 핫슈프림양념치킨/1"
76,처갓집은 실패하지 않습니다,두마리세트（핫슈프림양념＋핫슈프림양념）/1
77,맛있게 먹었습니다ㅅㅅ,슈프림 양념치킨/1
78,진짜 맛있고 사장님도 너무 친절하십니다,두마리순살세트（후라이드＋올리고당양념）/1
79,양념 맛있어용~ 따뜻하게 배달이 와서 좋았습니당,두마리세트（와락간장＋슈프림양념）/1
80,양념이 너무 모자라네요 평소보다 양념이 덜달고 신맛이 좀났습니다,순살 슈프림양념치킨/1
81,가격은 좀 쎄네요!,두마리순살세트（후라이드＋올리고당양념）/1
82,양도 많고 맛있어요 사진도 못찍었네요ㅠㅠ 역시 치킨은 처갓집이야,반반（올리고당양념반＋슈프림양념반）/1
83,맛있게 잘 먹었습니다!!!,슈프림 양념치킨/1
84,너무나배달도빠르고엄청나게좋습니다,
85,많이 먹기엔 좀 느끼했지만 튀김 바삭바삭하고 양념 맛이 좋았습니다!!,순살 슈프림양념치킨/1
86,맛있게 먹었습니다!,"두마리세트（후라이드＋올리고당양념）/1,1.25L 판매 /1"
87,양념은 처갓집입니다.(진지),반반（순살와락간장반＋순살슈프림양념반）/1
88,슈프림 ㅠ ㅠ 믿고 먹는 맛!,슈프림 양념치킨/1
89,홍은까지 배달와주셔서 너무 감사드리고 정말 잘 먹었습니다 자주자주 시켜먹고싶어요,순살 슈프림양념치킨/1
90,아니 배달 너무 늦게 오네 주문이 얼마나 밀린 거야,순살 반반치킨/1
91,배달원도 진짜 친절하시고 빨리왔습니다! 맛있구요 또 주문할께요!,슈프림 양념치킨/1
92,다음엔 순살을 시켜볼게요 잘먹었습니다,슈프림 양념치킨/1
93,오랜만에 먹으니 맛있어요!^^,슈프림 양념치킨/1
94,반반메뉴가있음 좋켔음. 한마리 다 슈프림이니 질림,슈프림 양념치킨/1
95,처음 먹어보는데 맛있어서 놀랬어요,"순살 치즈슈프림양념치킨/1,1.25L 변경/1"
96,슈프림 순살 넘 맛나요 소스도 많이 주셔서 좋아요,순살 슈프림양념치킨/1
97,두마린데 양이 너무 적어요 혼자 다 먹었어요,"두마리순살세트（슈프림양념＋레몬파닭）/1,사이다 1.25L 변경 /1"
98,맛있었어요!! 처음 먹어보는데 생각날것 같네요,순살 슈프림양념치킨/1
99,yhAaaaaaaaaaaa,순살 슈프림양념치킨/1
100,달달하니 너무 맛있어요~,순살 슈프림양념치킨/1
101,정말 맛있었습니당!,순살 슈프림양념치킨/1
102,그저존맛 사진찍을새도없이 다머금ㅜㅜ,순살 슈프림양념치킨/1
103,뭔가 이것도 저것도 다소 아쉬운 느낌.,두마리순살세트（와락간장＋슈프림양념）/1
104,맛있어요! 가격대비 양이많지는 않지만 갠차나요,두마리순살세트（올리고당양념＋슈프림양념）/1
105,꺄아악~~~ 처음 먹었는데 우리집으로 배달 되는것에 무한 감사합니다!! 진짜 너무너무 맛있어요~^^ 이제 치킨을 처갓!갓집이요,슈프림 양념치킨/1
106,처음먹어보는데 은근히 끌리네여,슈프림 양념치킨/1
107,주문시간: 11시34분 전화한시간 12시36분 주문이늦어서 확인전화를해보니 출발하셨다고 말씀하셨음 그런데 배달기사님에게 12시57분에 '이제' 출발한다고 전화옴 주문밀린거 이해하고 늦는거 이해할수있는데 80분은 너무하고 전화했을때 기사님 출발하셨다고 거짓말하신것때문에 먹기도 전에 기분이 너무 나빠서 후기남깁니다.,반반（순살후라이드반＋순살핫슈프림양념반）/1
108,순살처음이였는데 나쁘지않았지만 껍질과 틔김이조금? 많은느낌이라 다음부턴 뼈로먹을것같고 소스는 역시맛납니디,두마리순살세트（와락간장＋슈프림양념）/1
109,슈프림 처음시켜먹는데 맛이있네요 다음에 또시켜먹을께요~!!,슈프림골드 양념치킨/1
110,소스가 생명인데 너무 작게 주셔서 맛있게 먹지 못햇어요 고객요청사항에도 소스마니 넣어달라요청햇는데 왜 적게 넣어주셧나요ㅠㅠ,슈프림골드 양념치킨/1
111,"소스가 위에만 있고 아래는 너무 적었어요,,",순살 슈프림양념치킨/1
112,goooooooooooood,"순살 슈프림양념치킨/1,1.25L 판매 /1"
113,원래 홍대점 시켜먹는데 이왕 배달팁 안받길래 쿠폰행사까지 해서 신촌점 주문했습니다 우선 배달 60분 시간 거의 다지켜서 왔습니다 그리고 양..? 장난하세요 제가 1인1닭 못하는 사람인데 혼자 다먹었습니다 그리고 다른지점이랑 비교되고 소스뿌리다 말았나요? 그냥 후라이드를 파는게 나으실듯 여기 원래 떡 안주나바요??? 심지어 콜라 겁나 미지근하네요 괜히 배달비 아낄려고 딴지점 시켰는데 처음이자 마지막 주문일듯 수고하세요^^ 제가 말한 내용쫌 개선하세요 고객들 다 떠납니다.,순살 슈프림양념치킨/1
114,신촌점은 처음 주문해봤는데 맛있네요 :) 양도 적당했어요,순살 슈프림양념치킨/1
115,처음 먹어서 기대했는데 기대한 만큼 맛있었어요 근데 1인1닭도 못먹는제가 혼자 다먹을 만큼 양이 좀 아쉬웠어요 딱 열자마자 적어보이기도ㅠ햏구요,반반（순살후라이드반＋순살올리고당양념반）/1
116,맛있었습니다 배달도 빨랐고요,순살 슈프림양념치킨/1
117,저번이랑 똑같은 거 시켜먹었는데 왜 맛이 달라졌는지 모르겠어요...쫀득쫀득하지도 않고 양념이 맛있지도않고,The.화이트치킨（슈프림）/1
118,"아무리 지점간의 차이가 있다쳐도 슈프림""양념""치킨인데 소스를 너무 조금 뿌려주셨네요. 여름이긴하지만 미지근한 콜라는 처음받아 봤습니다.",순살 슈프림양념치킨/1
119,처음 먹어봤는데 너무 맛있고 배달원도 친절하셨어요 :),순살 슈프림양념치킨/1
120,진짜 맛있게 먹었습니다 처돌짱,순살 슈프림양념치킨/1
121,치킨졸맛탱 !!!!!,순살 슈프림양념치킨/1
122,배달이 좀 오래 걸렸는데 넘나 맛나요!! 초딩이 너무 좋아해요!!,슈프림 양념치킨/1
123,두마리치킨이라고 해놓고 한마리 양만 오네요 전화해서 물어봤더니 두마리치킨이지만 한마리 반 양이라고 하네요 양 적냐고 물어보지도 않았으면서 왜 양 적냐고 따지냐고 하네요 당연히 이름이 두마리니까 2마리가 온다고 생각하는게 정상아닌가요? 너무 어이가 없습니다 맛은 괜찮으나 다른 지점에 비해 튀김의 질도 많이 떨어지는것 같고 여기서 시킬 이유가 없는것 같아요,두마리순살세트（후라이드＋슈프림양념）/1
124,너무너무너무 맛잇어요ㅠㅠ최고에요,순살 슈프림양념치킨/1
125,맛있고 빠른배달 !!!!!,반반（후라이드반＋올리고당양념반）/1
126,맛있게 잘 먹었어요 근데 배달이 너무너무 늦었어요...,두마리순살세트（슈프림양념＋레몬파닭）/1
127,대체적으로 만족합니다,The.화이트치킨（슈프림）/1
128,맛나네요 감사합니다,"올리고당 양념치킨/1,파채 추가/1,무 추가/1,겨자소스/1"
129,순살 양이 너무 적어요 다음엔 그냥 뼈 있는걸로 시켜야겠습니다ㅠ,"반반（순살핫와락간장반＋순살슈프림양념반）/1,1.25L 판매 /1"
130,저는 맛있고 좋습니다!!,반반（후라이드반＋올리고당양념반）/1
131,맛맀러용ㅎㅎㅎㅎㅎㅎ,The.화이트치킨（슈프림）/1
132,배달이 느린 점 빼고는 맛도 양도 일반 처갓집들이랑 비슷한거같아요~,핫슈프림 양념치킨/1
133,처음 시켰는데 맛있네요 양념이 너무 맵지도 않고 맛있음,반반（순살와락간장반＋순살슈프림양념반）/1
134,배달기사님이 길을 잘 못찾.........,순살 슈프림양념치킨/1
135,확실히 양념은 여기네요. 이름 날릴만합니다!,"핫슈프림 양념치킨/1,참이슬/2"
136,맛있게 잘 먹고 있습니다~,순살 슈프림양념치킨/1
137,진짜 양 겁나작아요 태어나서 이렇게 양 작은 치킨은 처음봐요......,반반（순살후라이드반＋순살슈프림양념반）/1
138,맛잇어 처갓집 ㄷ좋아ㅐ,슈프림 양념치킨/1
139,배터질것 같은디 못멈추는 맛,순살 슈프림양념치킨/1
140,양이 약간 적은듯 했지만 혼자먹기에는 딱 좋았어요! 잘먹었습니다,The.화이트치킨（슈프림）/1
141,너므너으 맛있어요 또시켜먹을래용,두마리세트（후라이드＋핫슈프림양념）/1
142,굉장히 맛있어요 또 먹을게요,두마리순살세트（와락간장＋슈프림양념）/1
143,정말로 맛있었습니다,순살 슈프림양념치킨/1
144,"처음 시켜먹어봤는데 맛, 양 모두 괜찮았어요. 배달하시는분도 친절하셔서 좋았습니다.",The.화이트치킨（슈프림）/1
145,잘 먹었어용~ 😀😀😀😀😀,"The.화이트치킨（슈프림）/1,겨자소스/1,올리고당양념소스 추가/1"
146,처갓집 치킨 맛있어용,반반（순살올리고당양념반＋순살슈프림양념반）/1
147,신촌에서 멀리까지 배달오는건 인정!̆̈ !̆̈ 근데 슈프림순살치킨.. 내가진짜싫어하는 치킨 순살인데 겉에 튀김옷이랑 껍질?̊̈ 닭기름덩어리.. 닭가슴살이 아니라서 그런것도 잇겟지만. 그냥 주관적인입맛으로 개불호여서 한입먹고 뱉은다음에 안먹고 가족줌.. 저처럼 뻑살충이나 닭기름이런거 싫어하는사람은 시키지마세요 그냥 일반시켜드삼~~,순살 슈프림양념치킨/1
148,굳.,순살 슈프림양념치킨/1
149,소스양이 너무 적어요....,"핫슈프림 양념치킨/1,1.25L 판매 /1"
150,다른 지점보다 양이 적게느껴졌어요 하지만 맛있습니다,The.화이트치킨（슈프림）/1
151,비와서 배달시간은 한시간 반 치킨맛있음 근데 다리가 하나만 있음,반반（후라이드반＋올리고당양념반）/1
152,넘나 맛있어요 항상 최고ㅠ,"순살 슈프림양념치킨/1,1.25L 변경/1"
153,처음 주문해 보는데 너무 맛있게 잘먹었습니다 다음에 또 이용할게요!,두마리순살세트（후라이드＋슈프림양념）/1
154,너무너무어뮤맛잇어요,"순살 올리고당 양념치킨/1,1.25L 변경/1"
155,"지난번 주문에도 1시간 걸린다더니 90분만에 오고, 이번에도 1시간 걸린다더니 100분 넘어서 오고. 다시는 안 시켜 먹는다.",반반（순살올리고당양념반＋순살와락간장반）/1
156,배달이 2분 정도 늦긴 했지만 엎질러지거나 한 것도 없었고 일단 괜찮았고 슈프림 양념치킨은 처음 먹는 건데 정말 맛있네요. 양도 bbq는 8조각인데 처갓집은 10개나 들어있었어요. 심지어 사이즈까지 더 컸습니다. 양념 듬뿍 쭈려주셨네요. 제가 사는 동네에도 처갓집이 있지만 다리만 들어있는 치킨은 없었고 배달비도 받아서 신촌으로 시켜뫘는데 성공했네요.ㅋ 배달 늦어질 것 같아서 전화도 해봤는데 친절하셨어요. 완전 강추입니다!,다리 슈프림양념치킨/1
157,맛있게잘먹었습니다,반반치킨（후라이드반＋올리고당양념반）/1
158,역시 수프림양념 ㅜㅜㅜ 맛있게 잘 먹었습니다,반반（와락간장반＋슈프림양념반）/1
159,처갓집은 처음인데...아들이 맛있다고 해서... 양념 시켰는데...맛있서요...,올리고당 양념치킨/1
160,닭이 너무 부드럽고 맛있었어요 ㅎㅎ,순살 슈프림양념치킨/1
161,맛있어용 감사합니당~~!!,"두마리순살세트（후라이드＋슈프림양념）/1,두마리순살세트（와락간장＋슈프림양념）/1"
162,맛있네요 눅눅해서 아쉬웠습니다 바삭하게 먹고 싶어요,순살 핫슈프림양념치킨/1
163,카드 결제하기로했는데 사전고지없이 배달와서 갑자기 카드기가 고장났다고 현금을 달라네~ 가게에 전화해서 확인해보니까 카드 결제기는 멀쩡하고 일부러 카드기 두고온거였네요~ 생긴지 얼마안된 가게같은데 말도안되는 서비스에 감탄^^,순살 슈프림양념치킨/1
164,슈프림양념치킨 기대하고 먹었는데 순살이어서 그런지 기대만큼은 아니었어요 뼈로 먹었으면 더 맛있었을 듯! 더화이트치킨은 양념있는걸로 먹어야 좋을 것 같아요 골드치즈는 너무 퍽퍽해요 그나저나 처돌이 때문에 더화이트 시켰는데 안주는건가봐요...,"The.화이트치킨（골드치즈）/1,순살 슈프림양념치킨/1"
165,왜이렇게맛있죠???,순살 슈프림양념치킨/1
166,왜들 슈프림 추천하는지 알겠어요 처돌이인형도 영원히 간직할거에요...☆,반반（순살후라이드반＋순살슈프림간장반）/1
167,오지도않았는데 무슨 리뷰를달라고,"두마리순살세트（와락간장＋슈프림양념）/1,무 추가/1"
168,역시나 처갓집 양념은 진리입니다...ㅎㅎ 떡은 제가 구운거 넣었는데 케미가 좋네요ㅋ,
169,양도 많고 맛있어요!! 간장 처음 먹는데 정말 맛있더라고요!!~,두마리순살세트（와락간장＋핫슈프림양념）/1
170,처돌이를..못받았지만 맛있게 먹었습니다 ㅠ ㅠ,The.화이트치킨（슈프림）/1
171,비싼 돈 주고 두마리 시켰는데 먹고나서 친구랑 저 모두 하루 종일 배가 아파 죽겠네요 재료 신선도가 이상한건지 소스가 이상한건지 하...,두마리순살세트（올리고당양념＋레몬파닭）/1
172,배달도 빠르고 처돌이도 맛있어요. 아니 치킨이 맛있고 처돌이는 귀여워요. 이번 신메뉴인 the 화이트 치킨 먹으니 처돌이보다 처돌아버릴 거 같아요. 완전 맛있어요 지금도 눈물 흘리면서 리뷰 쓰고 있어요... 처돌이 만세 아니 처갓집 만세,The.화이트치킨（슈프림）/1
173,조금 먼 곳에서 주문했는데도 예상시간대로 배달해주셔서 감사했습니다. 역시 양념은 처갓집이네요!!!!!! 너무 맛있어서 처돌이 될꺼같아요🐔🐔 번창하세요~,반반（후라이드반＋올리고당양념반）/1
174,빨리와서 좋네용~ 맛나게 먹을게유,올리고당 양념치킨/1
175,맛잇어요 역시 양념은 처갓집 양도 많구요 ㅎㅎ,슈프림 양념치킨/1
176,비추 특별한 날도 아니고 행사하는 것도 아닌데 1시간 15분 걸려서 왔는데 눅눅 미지근하고 콜라도 거의 실온수준 다신 안시킴 돈 아까움 최악,The.화이트치킨（슈프림）/1
177,처음 먹어봤는데 맛있어요 배달원님도 친절했어요,순살 슈프림양념치킨/1
178,처갓집 처음 먹어봤는데 맛있어요~~! 무도 하나 더 주시구 감사합니다 ^^,두마리세트（와락간장＋슈프림양념）/1
179,튀김은 바삭하고 맛있는데 조금 느끼했어요 ㅠ_ㅠ 하지만 여전히 맛있네요,The.화이트치킨（슈프림）/1
180,맛있어요!!!!! 처갓집 양념통닭 맛있다는 말은 많이 들었는데 처음 시켜 먹어봤어요 옛날통닭맛인데 닭냄새없고 양념도 완전 맛있네용.다만 많이 먹으면 약간 느끼하긴 합니다 배달시간도 1시간 정도 걸린다고 했는데 30분정도만에 왔어요~ 종종 시켜 먹어야겠네용! 번창하세요!,슈프림 양념치킨/1
181,배달온거보고 깜짝놀라서 리뷰 남겨요...빨리 온것도 아니고 60분 꽉채워 배달왔는데 이렇게까지 되어있으면 당황스럽네요 매번 그런건 아니니까 다음번엔 잘 좀 보내주세요,The.화이트치킨（슈프림）/1
182,배달도 예상시간보다 빨리 오고 처돌이 인형도 받아서 넘 좋아용~~~~ 처갓집 치킨은 언제 먹어도 맛있어용ㅎㅎㅎㅎ,The.화이트치킨（슈프림）/1
183,조금 눅눅했지만 맛있었어요!!,두마리세트（슈프림양념＋핫슈프림양념）/1
184,핫슈프림 시켰는데 그 흰색소스도 너무 적고 양념자체도 적은 느낌..? 둘다 바삭바삭하긴 했는데 예전에 먹은 슈프림의 감동은 못느껴서 아쉬웠던..,반반（후라이드반＋핫슈프림간장반）/1
185,완전 맛있어요. 신촌에서 슈프림을 먹다니,순살 슈프림양념치킨/1
186,정말로 정말...정말정말 맛있어요 양념많이달라고했더니 진짜 많이주셔서 햇반두애로 치밥해도 충분했고 암튼 순살인대 다 다리살이고 허벅지살이고 아니 그냥 완벽해요ㅠ,순살 슈프림양념치킨/1
187,그냥 시켜라 오늘도먹을까 고민중..,순살 슈프림양념치킨/1
188,배달이 엄청 늦네요ㅠㅠ한시간반정도 걸렸어요 그래도 맛있었어요,"순살 슈프림양념치킨/1,1.25L 변경/1"
189,집근처에처갓집이생겨레알로행복합니다 ㅠㅠ,슈프림 양념치킨/1
190,배달엄청빨라요 맛도 괜찮아요,반반（순살후라이드반＋순살핫슈프림간장반）/1
191,맛은 짱! 양도 짱! 그리고 배달 30분안에 왔어요! 짱짱짱!,The.화이트치킨（슈프림）/1
192,친구들이 맛있다고 해서 처음으로 먹어봤는데 정말 맛있네요 ㅠ ㅠ 따뜻할 때 먹으니까 존맛탱,슈프림 양념치킨/1
193,배달이 엄청 느린거빼고 백점,핫슈프림 양념치킨/1
194,믿고 먹는 처갓집 슈프림!,두마리세트（후라이드＋슈프림양념）/1
195,맛있게 먹었습니다 감사해요,"두마리순살세트（와락간장＋슈프림양념）/1,1.25L 변경/1"
196,느끼하지 않고 담백해서 너무 맛있게 먹었어요.,반반（후라이드반＋올리고당양념반）/1
197,처가집은 뭐~ 말이필요없죠,"두마리세트（후라이드＋올리고당양념）/1,1.25L 변경/1"
198,슈프림 양념 너무 맛있어용!!,두마리순살세트（슈프림양념＋와락간장）/1
199,맛있어요 짱짱 배달도 빨라용,순살 슈프림양념치킨/2
200,ㅋㅋㅋㅋㅋㅋㅋㅋㅋㅋ,순살 슈프림양념치킨/1
201,트리플 따봉 드립니다,순살 슈프림양념치킨/1
202,너무 맛있어염 ㅎㅅㅎ,"두마리세트（후라이드＋핫슈프림양념）/1,사이다 1.25L 변경 /1"
203,파닭인데 주먹만큼도 안주네요... 양념도 위에있는 치킨만 묻어있어서 아쉬웠습니다.,두마리세트（핫슈프림양념＋레몬파닭）/1
204,배달이 느리긴하지만 맛은 있네요,반반（후라이드반＋올리고당양념반）/1
205,엄청납니다 드디어 이 지역에서 슈프림을 ㅠㅠㅠ,슈프림 양념치킨/1
206,처갓집은 이름값 하는듯 ㅎㅎㅎ,반반（핫슈프림양념반＋레몬파닭반）/1
207,맛있어요 살이 촉촉함,반반치킨/1
208,먼가 추억의 맛이 느껴지는 치킨이었습니다 감사합니다ㅎㅎ,날개후라이드/1
209,처가집 진짜 너무 좋아요 완전 맛있어요^^,반반（순살후라이드반＋순살올리고당양념반）/1
210,좋습니다 맛잇네요 친절하고,"The.화이트치킨（슈프림）/1,1.25L 변경/1"
211,맛있어요 jmt추천합니다ㅋㅋㅋ,슈프림 양념치킨/1
212,"배달시간은 예상 시간을 초과한 1시간 이상 걸렸습니다. 치킨 맛은 후라이드는 괜찮았으나 양념은 별로였습니다. 처갓집하면 양념치킨이 대표적인 메뉴인데, 양념을 급하게 만드셨는지 맛이 따로 논다는 느낌을 받았고 농도도 연하여 전반적으로 실망스러웠습니다.",순살 반반치킨/1
213,배달 빠르고 양도많고 좋아요,두마리세트（후라이드＋올리고당양념）/1
214,양념치킨 먹고싶을땐 그냥 처갓집하자 얘들아,순살 슈프림양념치킨/1
215,맛있어요 ㅋㅋㅋ 잘 먹었습니다,순살 레몬파닭치킨/1
216,어릴적 할머니가 시켜주던 닭고기 맛 향수에 그만... 눈물 왈콱 ㅠ 슈프림 양념치킨은 첨먹어봤는데 무슨맛이지 ? 하다가 다먹었네요 갓갓집 양념치킨 추천이용,"반반（후라이드반＋핫슈프림간장반）/1,1.25L 변경/1"
217,차음 처갓집 시켜먹엇는데 오코노미야끼 맛이나고 맛있아요!,핫슈프림 양념치킨/1
218,wwwwwwwwwwwwwwwwwww,반반（순살후라이드반＋순살슈프림간장반）/1
