﻿,리뷰,메뉴
0,양은많았습니다 양념이 달달구리한게맛나게먹었습니다,순살반반치킨（후라이드반＋양념반）/1
1,콜라 미지근하게 갖다주실거면 왜 갖다주시나요? 콜라 냉장고에 시원하게 할 동안 치킨은 기다렸다가 먹으라는 뜻인가요? 상식적으로 생각해서 배달해주시기 바랍니다..,두마리 순살（후라이드＋양념）/1
2,양은 진짜 많았다. 맛은 시켜본 곳 중 제일 별로였지만 맛이 없다는 건 아니고 상대적인 평가다.,"두마리 순살（후라이드＋양념）/1,치킨무/1"
3,순살 가격도 저렴하고 맛있게 잘 먹었습니다 다르메뉴도 주문해볼게요,"두마리 순살（후라이드＋양념）/1,사이다 500mL/1"
4,맛잇어여 무난쓰..,"순살반반치킨（후라이드반＋양념반）/1,치킨무/1"
5,바삭해욤 아침에도먹을수있어서좋아요,후라이드 치킨/1
6,시켜서 4조각밖에못먹었지만..,"순살반반치킨（후라이드반＋양념반）/1,콜라 1.25L/1"
7,배달시간이 다 되어서 전화를 했더니 앞으로 20분이나 더 걸린다네요 80만에 닭 받았습니다 죄송하다는 말도 없이 그냥 취소 해드린다고 하네요 정말 기분 안 좋게 배달 받았습니다,순살반반치킨（후라이드반＋양념반）/1
8,배달이 오래걸렸어요ㅠㅠ,반반치킨（후라이드반＋양념반）/1
9,말복 쿠폰 이벤트 때문에 원래 시키던 곳은 다 주문을 안받아 기대감 없이 시켰는데 맛있어서 뚜껑 열자마자 순삭했어요 순살 시킬때 또 주문할께요,두마리 순살（후라이드＋양념）/1
10,배달 빠르고 닭도 커서 가족들과 맛있게 잘 먹었습니다 감사합니다,"두마리 순살（후라이드＋간장）/1,콜라 1.25L/1"
11,맛있었습니다 아주! 근데 약간 닭강정 느낌ㅎㅎ,"두마리 순살（양념＋간장）/1,콜라 500mL/1"
12,두 말할 필요 없이 맛있었어요 근데 배달이 좀 많이 늦었네요,"순살반반치킨（후라이드반＋양념반）/1,치킨무/1,콜라 1.25L/1"
13,치킨은 역시 통큰두마리치킨에서 시켜야겠습니다 너무 맛있네용,"순살반반치킨（후라이드반＋양념반）/1,사이다 1.25mL/1"
14,셋이서 먹는데 적당한 양이었고 맛있었어요,"순살반반치킨（후라이드반＋양념반）/1,치킨무/1,콜라 500mL/1"
15,"배달 시간 및 주소 실수는 그럴 수 있다고 봅니다. 튀김의 상태는 양호했으나, 닭 비린내가 심하게 납니다. 두번은 안시켜먹을 것 같아요.",두마리 순살（후라이드＋양념）/1
16,후라이드가 양념보다 4개 정도 적던데 딱봐도 양이 다르게 왓어요.. 왜지ㅜ 전 후라이드 더 좋아하는데요,순살반반치킨（후라이드반＋양념반）/1
17,좋아요,두마리 순살（후라이드＋양념）/1
18,새벽배달되는곳치고 진짜 존맛,치킨뱅이/1
19,맛있게먹었어요. 단 양념치킨은 먹은 후에 입에서 양념맛이 많이 났어요.,"반반치킨（후라이드반＋양념반）/1,콜라 500mL/1"
20,치킨한마리 시킨거에 한시간 40분도 넘게 걸림 정말 개판이고 여기서 안시키는거 추천,반반치킨（후라이드반＋양념반）/1
21,새벽에 배고파서 주문했는데 깔끔하게 잘 먹었습니다.,순살반반치킨（후라이드반＋양념반）/1
22,맛있네요 양이 많지않지만,반반치킨（후라이드반＋양념반）/1
23,맛있어요~~~~~~~~,두마리 순살 양념/1
24,콜라 1.25리터 추가인데 왜 기본제공 콜라 사이즈가 작아지나용?ㅜㅜ,"순살반반치킨（후라이드반＋양념반）/1,콜라 1.25L/1"
25,적당해요! 근데먹다보면 조금 물리는거같아요,두마리 순살（후라이드＋양념）/1
26,새벽에 먹는치킨인데 맛있었네요 간장이 조금부족해서 후라이드 같았던것만빼면,두마리 순살（양념＋간장）/1
27,배달빨라요! 확실히 양념 맛이 독특하긴 하네요.. 뒷맛이 약간 느끼한 기분?,"두마리 순살（양념＋간장）/1,콜라 1.25L/1"
28,순살 양념 간장 시켰는데 순살 간장 옴. 왜이러지?,"두마리 순살（양념＋간장）/1,콜라 1.25L/1"
29,양도 넉넉하고 맛도 괜찮네요 종종 시켜먹어야겠네요!,두마리 순살（후라이드＋양념）/1
30,아따 마 맛있고로잉,"두마리 순살（양념＋간장）/1,사이다 1.25mL/1"
31,양도 많고 맛있어용 다만 소스가 조금 부족하다는 느낌이 아직도 있지만...,두마리 순살（양념＋간장）/1
32,맛도 조우다 양도 넉넉히 가격대비 감사합니다 담에 또 재주문 합니다,두마리 순살（양념＋간장）/1
33,냠냠 쩢쩝 호로롯 줜나맛있넹~!,"두마리 순살（후라이드＋양념）/1,사이다 1.25mL/1"
34,잘먹었습니다! 근데 순살 나갈때 직접소분하시는거면 비계 제거하면 더좋을거같아요 ㅎㅎ,두마리 순살（후라이드＋양념）/1
35,처음시켜먹어봤는데 양은 뭐 그럭저럭 괜찮았던거 같습니다. 배달시간이 길어 튀김이 눅눅한것도 뭐 그럭저럭 참을수있었습니다. 근데 양념치킨이 정말 심각하더군요. 뭐라해야하지 오래되서 상한 물약같은 맛이 나더군요. 웬만해서 가리지 않고 다 먹는사람이라 후라이드는 다먹긴 먹었는데 양념은 도저히 못먹겠더라구요. 진짜 어렸을때 감기걸려서 먹는 그런 물약인데 오래되서 이상한 상한 맛같은게 났어요,반반치킨（후라이드반＋양념반）/1
36,1시간 40분걸리고 너무 ....,두마리 순살（후라이드＋양념）/1
37,맛있네용!! 담번엔 두마리 시켜볼게용,"순살반반치킨（후라이드반＋양념반）/1,콜라 1.25L/1"
38,먹을만 합니다 먹을만해요,순살반반치킨（후라이드반＋양념반）/1
39,분명 간장소스가 후라이드같을까 걱정돼서 소스 넉넉히 주시면 감사하겠다고 요청사항에도 썼는데 후라이드같은 간장이 왔어요..,두마리 순살（양념＋간장）/1
40,양은 많은데 닭 냄새 오지게남 먹다가 닭 되는줄,순살반반치킨（후라이드반＋양념반）/1
41,저번에 간장소스 많이 듬뿍 넣어주셨는데 이번에 간장이 안묻어 있어서 그냥 후라이드로 왔어요.. 간장소스 앞으로 듬뿍 넣어주새요..,두마리 순살（양념＋간장）/1
42,양하난 ㅇㅈ.. 혼자 다 못먹음 최곱니다 갠적으로 전 존맛탱이였아요,두마리 순살（후라이드＋간장）/1
43,배달시킨지한시간반짼데 배달안왔는데 배달완료떠있고 전화는 안받으시네여..사장님 지금이거무슨상황인가요..,양념치킨/1
44,후라이드+양념을 시켰는데 간장+양념이 왔어요 ..... 후라이드 말고는 안먹는 사람이 있었는데 ㅜㅜ 그래도 평가는 좋게 드립니다.. 다음엔 실수하지 말아주세요,두마리 순살（후라이드＋양념）/1
45,맛있네요~~~~~~~~~~~~~~,두마리 순살（양념＋간장）/1
46,콜라를 1.25짜리 시켰는데 안왔네요...맛과 양은 좋았습니다,"두마리 순살（양념＋간장）/1,콜라 1.25L/1"
47,맛있어요!!!!!!,"순살반반치킨（후라이드반＋양념반）/1,콜라 1.25L/1"
48,늦은 새벽시간에 시켜봤는데 맛도 먹을만하구요 배달 시간도 적당하고 만족스러웠습니다!,두마리 순살（후라이드＋양념）/1
49,그냥 그럭저럭 그랬어요,두마리 순살（양념＋간장）/1
50,회사에서 치킨먹었어요 통큰두마리,"두마리 순살（후라이드＋간장）/1,콜라 1.25L/1"
51,맛있어요,두마리 순살（후라이드＋양념）/1
52,양이진짜만아요 두마리급인듯,순살반반치킨（후라이드반＋양념반）/1
53,소스를 반만발랐나요 후라이드치킨 소금없이먹는기분입니다,두마리 순살（양념＋간장）/1
54,새벽에 먹기딱좋아욯ㅎㅎㅎ,후라이드 치킨/1
55,맛있어요~ 다음에 또 배달해먹을게요,"두마리 순살（후라이드＋간장）/1,콜라 1.25L/1"
56,맛있었음. 순살인데 가끔 뼈같이 잘안씹히는게 나와서 약간 불편,두마리 순살（후라이드＋양념）/1
57,"머 양은많아요, 큰기대는하지말고요 간장치킨은절대시키지 마세요 진짜 간장을 뿌렸더라고요;",두마리 순살（양념＋간장）/1
58,배달진짜 심각하게 늦네요 재미로 챔피언스리그 보면서 먹는거 아니냐 했는데 진짜 챔피언스리그 보면서 먹겠네요 사실 1시간15분 지난 지금도 안왔는데 공중제비 두바퀴 돌고갑니다. 도대체가 하림닭 안쓰고 병아리부터 길러서 닭까지 키워서 잡는지 정말 오래걸리네요,두마리 순살（후라이드＋간장）/1
59,ㅡㅡ; 어찌된 일인지 간장에 소스가 하나도 안묻고 한쪽에 고여있네요 후라이드인줄... 집에 있는 치킨소스 같이 먹었네요 글고 콜라를 시켰는데 코카콜라랑 펩시 작은걸 같이주네요? 뭐지,"두마리 순살（양념＋간장）/1,콜라 1.25L/1"
60,오~~~처음 주문했는데 굿 굿 굿 느끼하지않고 담백하고 계속 손이가는 맛 이네요~^^ 순식간에 클리어 했네요~~^^,두마리 순살（후라이드＋양념）/1
61,휴.. 배달시간 50 분보다 35분 더 늦어 배송됐습니다 그사이 전화해 배달 출발 여부 확인 했고 이미 출발했다고 한지 20분 지나 배달이 되었고요. 배송이야 바뻐서 그럴 수 있다고 하지만 문제는 이렇게 미지근한 치킨은 처음 받아 봅니다. 거기에 콜라도 미지근... 원래 미지근한 것이 업체의 컨셉이라면 할말이 없지만 이건 배달 문제가 좀 크네요 대행업체를 쓰는건지 직접 직원이 배달하는건지 몰라도 이렇게 미지근하게 배달 되는 정도에 박스 배달 상태를 보아하니 여러개 동시에 수거해서 한번에 도는거 같은데 쩝 할말을 잃었습니다,두마리 순살（후라이드＋양념）/1
62,빠른배달과 가성비 최고..강추,반반치킨（후라이드반＋양념반）/1
63,잘먹엇습니다!!!!!!!!,두마리 순살（후라이드＋간장）/1
64,잘먹었어여 감사해여,"순살반반치킨（후라이드반＋양념반）/1,콜라 1.25L/1"
65,👍🏼👍🏼👍🏼👍🏼👍🏼👍🏼👍🏼👍🏼👍🏼👍🏼👍🏼,순살반반치킨（후라이드반＋양념반）/1
66,양념 소스가 너무 달아서 치밥에 실패했습니다ㅠㅠㅠ 하지만 양념치킨 하나만 놓고 보면 징짜 맛있었어요. 양은 진짜 역대급!!진짜 배터질뻔 했어요,두마리 순살（후라이드＋양념）/1
67,꿀맛@@@@@@@@@@ 뜨끈뜨끈하게 오면 더 좋을듯함,순살반반치킨（후라이드반＋양념반）/1
68,양 개많고 배달이 좀 느릴쁀,두마리 순살（양념＋간장）/1
69,nicenicenicenice,두마리 순살（후라이드＋간장）/1
70,너무 멋있어서 지금 재주문 합니다 ~!,두마리 순살（후라이드＋간장）/1
71,너무 잘먹었습니다 감사해여,"순살반반치킨（후라이드반＋양념반）/1,콜라 1.25L/1"
72,절대 먹지 마세요 건강에 안좋아요,후라이드 치킨/1
73,"순살이라 먹기좋았능데 튀김옷이너무두껍고, 살짝 안익은 부분들이 있네요ㅠ",두마리 순살（양념＋간장）/1
74,맛있어요!!양도좋어요,"두마리 순살（후라이드＋간장）/1,양념소스/1,콜라 1.25L/1"
75,비밀번호 적어놨는데 안열린다고 그래서 내려가 봤더니 없길래 다시 집와서 전화했는데 주소에 떡하니 400-49로 되어있는데 영수증에는 400-29로 되어있다며 배달하는분이 끝까지 본인 잘못 없다는듯 400-49로 와서 음식 주면서까지 영수증엔 29라고 되어있다고 하고 가네요;;근데 보통 영수증이 상자에 붙어있는데 영수증이 없어서 그 사람 말을 믿을수가 없네요. 처음 시킨 곳인데 배달때문에 별로 먹고싶지 않고 다신 안시킬거 같아요.,"두마리 순살（후라이드＋양념）/1,사이다 1.25mL/1"
76,통이 정말 큽니다.,두마리 순살（후라이드＋양념）/1
77,맛도 좋고 양도 많습니다!,"두마리 순살（후라이드＋간장）/1,양념소스/1,콜라 1.25L/1"
78,예전에는 안그랬는데 오늘은 정말 아니네요. 이렇게 기름지고 느끼하고 기름 씹어먹는듯한 느낌들게하는 치킨은 살면서 처음이네요. 많이 실망했습니다.,"두마리 순살（후라이드＋간장）/1,순살양념/1"
79,맛잇게무거쓰요오요ᄋᆞㅠ옵,두마리 순살（양념＋간장）/1
80,여기치킨 괜찮고 먹을만하고 좋음.,"순살반반치킨（후라이드반＋양념반）/1,사이다 500mL/1"
81,진짜 이렇게 맛없는 치킨도 오랫만이네 욕나온다,"두마리 순살（후라이드＋양념）/1,사이다 1.25mL/1"
82,양은 많지만 반 이상이 튀김옷에 역한 맛이 좀 남. 맛있다가도 많이 먹으면 토할것같음.. 대신 양은 진짜 많으니 사람많을 때 시키시길,두마리 순살（후라이드＋양념）/1
83,😐,두마리 순살（후라이드＋간장）/1
84,출출해서 형님과 일끝나고 치킨을시켜먹었는데 배달도 오래걸리고 닭상태가 와... 저거 왜찍었냐면 진심.. 심각한수준입니다.. 저희도음식점하는데 닭이무슨 재탕?아니면 오래된것마냥 비린맛?상한맛? 참고먹어보려고 했는데 먹다가토나올려해서 뱉고 바로보내버렸습니다. 기분좋게먹을려했는데 기분더러워졌네요 그리고 전화받는사람도 태도가 영 맨날닭가져오신다하는데....에휴,반반치킨（후라이드반＋양념반）/1
85,통큰이라는 이름만큼 양 진짜 많아요. 맛도 나쁘지않고 영업시간이 길어서 좋네요!,두마리 순살（양념＋간장）/1
86,ㅇ,순살반반치킨（후라이드반＋양념반）/1
87,말있너요나나구어타느,두마리 순살（후라이드＋간장）/1
88,배달 예상 시간보다 빠르구요 두마리 순살로 잘못주신건지 모르겠는데 양이 진짜 많네요....,순살반반치킨（후라이드반＋양념반）/1
89,잘 먹었어요~~ 다음에도 주문할게요,두마리 순살（후라이드＋양념）/1
90,맛있게 먹었습니다.,두마리 순살（양념＋간장）/1
91,간단하고 맛난 치킨 ^^ 더하고 덜함도 없이 깔끔했어요,순살반반치킨（후라이드반＋양념반）/1
92,튀김 바삭하고 생각보다 먹을만했어요 근데 배달 상자가 눅눅해서 위생적으로 보기좋진 않았네용..,"두마리 순살（양념＋간장）/1,콜라 1.25L/1"
93,역시 싼만큼 닭이 안좋네요.. 맛은있어요,두마리 순살（후라이드＋양념）/1
94,이거 치킨에 털?이 박혀있는데 이거 뭔가요 먹다가 확올라오네요 ㅎㅎ 동생이랑 오랜만에 치킨같이먹을려고 시켰는데 뭐죠 저 털은..ㅎㅎ,"순살반반치킨（후라이드반＋양념반）/1,사이다 1.25mL/1"
95,두번째 시켜먹어봤는데 음식은 기본이중요하다고 여기는 후라이드가 진짜 맛나네요 양념도 맛나긴한데 제입맛에는 좀 달더라구요 ㅠㅠ 담에는 간장한번 먹어보도록 하겟습니다 ㅎㅎ,순살반반치킨（후라이드반＋양념반）/1
96,양이 많네요 배달도 빨랐어요,두마리 순살（후라이드＋간장）/1
97,죄송합니다. 시켰는데 술처먹느랴고 받지도 못했습니다..... ㅠㅠ,두마리 순살（양념＋간장）/1
98,👍🏼👍🏼👍🏼👍🏼👍🏼👍🏼👍🏼👍🏼👍🏼👍🏼,반반치킨（후라이드반＋양념반）/1
99,굿! 양도 많고 튀김도 바삭하고 전체적으로 맛있습니다!,"순살반반치킨（후라이드반＋양념반）/1,양념소스/1,콜라 1.25L/1"
100,새벽에 주문해서 배송요청사항에 절대 벨누르지말고 통화요청했는데 벨 눌러서 그냥 기분이 나빴어요 ;;,"두마리 순살（후라이드＋양념）/1,콜라 1.25L/1"
101,치킨 먹고 배아파서 설사했네요ㅠㅠ;;,두마리 순살（후라이드＋양념）/1
102,아아아아아아아아아아아아으으아아아아아앙 치르가즘하앙...♡,순살반반치킨（후라이드반＋양념반）/1
103,양도 많고 맛은 더 조우다 그래서 다시 재주문 합니다,두마리 순살（양념＋간장）/1
104,맛있습니다 양도 맛도 좋아요!,"두마리 순살（후라이드＋양념）/1,콜라 1.25L/1"
105,2마리 ㅋㅋ 양도많고 조우다 축구 경기 보다가 맛 죽인다 조우다 조우다,두마리 순살（양념＋간장）/1
106,안녕하세요.오늘 아침에 요기요 앱에서 카드결제하고 주문하고 취해서 잠들었는데 3번 전화오고 전화안받아서 폐기처리했다고합니다. 사장님께 죄송하다고 말씀드리니 어쩔수없는거라고 하셔서 돈만 날렸습니다. 제 잘못은 인정하지만 문앞에 걸어놓고 가시거나 안되면 다시주문하시면 뭐라도 챙겨주시겠다고했으면 좋았겠지만..상황대처가 굉장히 별로였던것같습니다.돈 날린건어쩔수없지만 마음도 같이 날아갔네요^^다시는 안시켜묵겠습니다^^수고하세요,양념치킨/1
107,맛있게 잘 먹었습니다 너무너무 맛있어요,두마리 순살（후라이드＋양념）/1
108,아완전 맛있어요 ㄱㅅ굿,두마리 순살（후라이드＋간장）/1
109,맛잇어요,두마리 순살（양념＋간장）/1
110,치킨 아주 맛있어요!,반반치킨（후라이드반＋양념반）/1
111,비린내도 너무 많이 나고 엄청 퍽퍽해서 남겼어요;여러분 이음식점 가지마세요...,양념치킨/1
112,새벽에 리버풀 맨시티 경기보면서 먹는데 머리카락 나오네요,두마리 순살 양념/1
113,👍👍👍👍👍👍👍👍👍👍,반반치킨（후라이드반＋양념반）/1
114,"튀김옷 반 고기 반 젓가락으로 긁으면 우수수 떨어짐. 몇몇 닭 질겨서 하루종일 입안에서 씹어야함. 간장이고 양념이고 이도 저도 아닌 그냥 애매모호한 맛. 브랜드 치킨집에서 알바 두세군데서 알바 2년정도 해봤는데, 대체 어느 업체에서 파는 닭이며 어느 부위로 만들었는지, 반죽은 어떻게해서 튀겨야 이런 치킨을 만들 수 있을까 궁금. 두마리치킨-콜라 큰거해서 24000원정도 결제했음. 이 가격이면 차라리 다른 브랜드 치킨 시켜 먹겠음. 도저히 24000원의 퀄리티가 아님. - 요약 - 장점 : 24시 단점 : 그 외 모든것","두마리 순살（양념＋간장）/1,콜라 1.25L/1"
115,좋습니다 배달도 빠릅니다,"후라이드 치킨/1,콜라 1.25L/1"
116,👍👍👍👍👍👍👍👍👍👍,반반치킨（후라이드반＋양념반）/1
117,"배달이 많은 날이라 좀 오래 걸렸지만 순살 시켰는데 양도 괜찮았고, 맛도 괜찮았어요!",두마리 순살（후라이드＋양념）/1
118,배달 양 맛 ㅅㅌㅊ임 여기만먹음,"두마리 순살（후라이드＋간장）/1,콜라 1.25L/1"
119,"배달도 느리고, 맛도 비리고 퍽퍽했으며, 양만 많았어요•••","반반치킨（후라이드반＋양념반）/2,콜라 500mL/1"
120,여기 맛 ㅍㅅㅌㅊ임 시켜드삼,두마리 순살（양념＋간장）/1
121,이 집 치킨이 질리기전까진 다른치킨은 배달 안시킬듯함,"순살반반치킨（후라이드반＋양념반）/1,양념소스/1,사이다 1.25mL/1"
122,양이 엄청납니다 최고에요 가성비 굳,순살반반치킨（후라이드반＋양념반）/1
123,설로만보다.뼈랑 있는게 더 맛있어요... 친절하고...상냥해서 좋았어요.,두마리 순살（후라이드＋간장）/1
124,굿x100000000000000,"순살반반치킨（후라이드반＋양념반）/1,양념소스/1,콜라 1.25L/1"
125,배달도빠르고맛도괜찮고완전마싯음,순살반반치킨（후라이드반＋양념반）/1
126,맛있었어요 다음에 또 사먹겠습니다,"두마리 순살（후라이드＋양념）/1,콜라 1.25L/1"
127,굿마시쪙@@@@@@,"순살반반치킨（후라이드반＋양념반）/1,사이다 1.25mL/1"
128,24시라 좋네요 맛이 좀 아쉽지만,두마리 순살（양념＋간장）/1
129,양이 확실히 많아서 다는 못먹었지만 좋았어용,"순살반반치킨（후라이드반＋양념반）/1,콜라 500mL/1"
130,거리가좀있는데도 배달도 빠르시고 친절합니다,"두마리 순살（양념＋간장）/1,콜라 1.25L/1"
131,여기 개맛있음 진짜 가성비 좋음,두마리 순살（후라이드＋양념）/1
132,맛있슴다,"순살반반치킨（후라이드반＋양념반）/1,콜라 1.25L/1"
133,맛있다아아아아앙~~,두마리 순살（후라이드＋양념）/1
134,엥 .. 난 마싯게 잘 먹고 간장은 저번에 넘 약해서 진하게해달러니까 진하게와써요..마싯뉸딩,"두마리 순살（양념＋간장）/1,양념소스/1"
135,ㅎㅎ치킨 다 썩은남새나요 한입만 먹고 남새가 심해서 버렸음 새벽에도 배달 되니까 가끔씩 주문한는데 오늘부터 바이바이네요 ㅈㄴ 양심옶어 씨부아ㄹ,반반치킨（후라이드반＋양념반）/1
136,튀김 의 상태는 바삭함 그런데 아니게지만 다시 튀긴듯한 느낌이고 안의 살은 너무 퍽퍽해서 먹고 싶지 않게 왔고 양념의 소스는 바르는 수준으로 너무 적어서 3/1도 못먹었음 표현이 맞는지는 모르지만 조금 먹었는데 물리는 느낌임 양은 우와 까지는 아니지만 그런대로 많았음 나는 치킨의 튀김보다 소스 보다 고기를 중요하게 보는데 고기는 진짜 너무 아님 10조각 먹었나 못먹겠음,두마리 순살（후라이드＋양념）/1
137,맛은 있는데 양은 두마리가 아니고 한마리를 두군데에 옮겨 놓은ㄴ듯 하네요 그러나 늦은 시간에 배달해주셔서 감사합니다,두마리 순살（후라이드＋양념）/1
138,가성비 최고 입니다,"두마리 순살（후라이드＋양념）/1,양념소스/1,콜라 1.25L/1"
139,가격대비 양도 많고 튀김 옷이 두껍지 않으면서 바삭하니 아주아주 맛있으나 배달 한시간걸려 받았는데 배달분이 본인이 잘못가서 기다려놓고 짜증을 부리길래 당황하서 입씨름좀 했어요. 간장치킨 주문했는데 후라이드가 와서 매장에 전화 드렸더니 그냥 드실수 있으시면.. 이 충격이었어요. 배달시간이 늦어지면 추후 서비스 라던가 아니면 우선순위로 간장치킨만 따로 가져다 주시던가 정 아니다 싶어서 저희가 소스만 달라하니 오래 걸려도 이해해달라고 해서 친절하게 말씀은 하시나 배려도가 영 없고 다시 온 배달원은 또 불친절....,두마리 순살（양념＋간장）/1
140,오랜만에 파닭먹으니 맛있네요,두마리 순살（후라이드＋양념）/1
141,간장을 시켰는데 후라이드가 잘못온줄알았어요ㅡ 솔직히 간장맛하나도 안나요 강 후라이드 시킨셈치고 먹을게요,두마리 순살（양념＋간장）/1
142,늦은 새벽까지 배달해주시고 맛도 좋네여!,두마리 순살（후라이드＋양념）/1
143,한 달 사이에 대체 무슨 일이있었던거죠? 팝콘치킨만한 덩어리가 대부분에 튀김옷이 너무 많네요! 덩어리 절반은 튀김 옷인 듯. 여전히 맛은 좋지만 가격도 2000원이나 올랐으면서 이런 품질이면 다시는 주문 못할 것 같네요.,순살치킨/1
144,잘먹엇습니다!!!!!!!!!!!,두마리 순살（후라이드＋양념）/1
145,친구가 치킨치킨 거려서 시킴,"두마리 순살（후라이드＋양념）/1,치킨무/1,콜라 1.25L/1,사이다 1.25mL/1"
146,음식 편차도 크고 양도 차이가나고 콜라도 500ml라고 써있었는데 245ml가 왔어요..,두마리 순살（양념＋간장）/1
147,음식 편차도 많이크고 콜라도 500ml 라고 써있는데 245ml짜리가 왔습니다..,두마리 순살（양념＋간장）/1
148,👍👍👍👍 밤새고 아침 8시에 먹는 치킨 레알 맛있졍~~,순살반반치킨（후라이드반＋양념반）/1
149,잘 먹었어요.........,"두마리 순살（양념＋간장）/1,콜라 1.25L/1"
150,양이 푸짐 맛은 평범,"두마리 순살（양념＋간장）/1,콜라 1.25L/1,사이다 1.25mL/1"
151,솔직히 늦은시간에 시키는거라 기대안했는데 훌륭했습니다,순살반반치킨（후라이드반＋양념반）/1
152,맛도 좋고 양도 많아요,"두마리 순살（후라이드＋양념）/1,콜라 1.25L/1"
153,주소를 잘보시고 배달하세요! 추운날씨에 저와 배달아저씨를 서로 힘들게 하시네요!,순살반반치킨（후라이드반＋양념반）/1
154,맛있어욥,두마리 순살（후라이드＋양념）/1
155,맛있었습니다....,"두마리 순살（후라이드＋양념）/1,콜라 1.25L/1"
156,양도 대박 맛도 대박.. 양념은 살짝 닭강정 소스 비슷하고 튀김이 일단 너무 바삭해요. 저희 부모님고 야식 안 드시는데 맛있다고 하시네요!! 단골이 되겠습니다.,두마리 순살（양념＋간장）/1
157,늦은 시간대 시킬만함,순살반반치킨（후라이드반＋양념반）/1
158,엄청 맛있네요 아침에도 주문되고 좋아요,두마리 순살（후라이드＋양념）/1
159,리뷰보고 맛없으면 어쩌지? 했는데 새벽3시쯤 시켰는데 바삭하고 괜찮았어요 후라이드 간장 해서 두마리 시켰는데 간장은 아예 별로에요. 후라이드는 괜찮았어요. 참 그리고 양념소스는 꼭 따로 시켜야하나봐요 치킨 시켰는데 양념소스 안주는집 처음봤네요ㅋㅋ 시켜드실분들은 양념소스 추가하세요~,두마리 순살（후라이드＋간장）/1
160,와 제가 왜만하면 후라이드판데요 여기 양념이네요,두마리 순살（후라이드＋양념）/1
161,양도 많고 배달도 빨리 왔는데 기름맛이 좀 나요ㅜ 그래도 무난하게 괜찮습니다,반반치킨（후라이드반＋양념반）/1
162,아침에 시켰는데도 배달도 빠르고 치킨의 튀김이 너무 맛있네요. 친구들이랑 맛있다고 계속 얘기하면서 잘 먹었습니다. 양도 많고 특히 양념이 너무 맛있어요. 다음이 또 시켜 먹겠습니다. 추천!!,"두마리 순살（후라이드＋양념）/1,두마리 순살（양념＋간장）/1"
163,양도 많고 맛있었슴,"두마리 순살（후라이드＋양념）/1,콜라 1.25L/1"
164,맛있엇슺니다ㅠ랴두어댄,두마리 순살（후라이드＋간장）/1
165,잘 튀긴 치킨의 맛을 제대로 느낄 수 있어서 좋아요 ^^,"두마리 순살（양념＋간장）/1,콜라 500mL/1"
166,치킨뱅이 맛있어요~ 양도 푸짐하고 좋아여 골뱅이는 간이 약간 강해서 다음날 남은 양념에 골뱅이랑 소면 삶아서 더 넣고 먹으니 딱 좋네요. 그리고 골뱅이무침에 오징어채가 있었다면 식감과 맛이 더 좋아질듯해요~,치킨뱅이/1
167,냠냠냠 냠냠냠 냠냠냠,"순살반반치킨（후라이드반＋양념반）/1,콜라 1.25L/1,사이다 1.25mL/1"
168,맛있게 잘 먹었습니다~~,순살치킨/1
169,괜찮은편.......,반반치킨（후라이드반＋양념반）/1
170,가성비 최고예요 ~,"두마리 순살（양념＋간장）/1,콜라 500mL/1"
171,늘 맛있게 먹고 있어요~~,순살치킨/1
172,맛이랑여,순살반반치킨（후라이드반＋양념반）/1
173,배달 거지같이오네요ㅋㅋㅋ 이거 구른거 같은데...,순살반반치킨（후라이드반＋양념반）/1
174,양 많고 맛 좋아요~~,순살치킨/1
175,음.. 이날만 그랬는지 양이 줄었네요.,순살치킨/1
176,이런게 혀르가즘.... 이런게 행복....? 참 좋다... 좋았다...,두마리 순살（후라이드＋간장）/1
177,거의 매주 시켜먹고 있네요~,순살치킨/1
178,오랜만에 치킨 먹고싶어서 시킴 간장이라 좀 짰는데 원래 짠거 드시는분들은 싱거울수도 저는 싱겁게먹는 편이라..ㅎ 양념치킨은 넘나 맛있는것ㅋㅋ 치킨 생각나면 또 시켜먹을께요~,두마리 순살（양념＋간장）/1
179,딱 맛나게먹었습니다 ㅋㅋ,"양념치킨/1,콜라 1.25L/1"
180,ㅡㅡ위생에신경좀쓰세요 와이프랑먹다가 그냥버렸네요,두마리 순살（양념＋간장）/1
181,delisious，,두마리 순살（후라이드＋간장）/1
182,치킨뱅이 또 시켰는데 이번에 양념이 좀 매웠어요 이번에 온 닭이 퍽퍽살 부위가 더 많았었던 느낌이 있고 콜라는 더 시원하면 좋겠어요,"치킨뱅이/1,콜라 1.25L/1"
183,치킨이랑 골뱅이 세트 존맛 또 시킬거야,치킨뱅이/1
184,배달원 사가지 조나 없내욘~치킨은맛있었어욤,두마리 순살（후라이드＋간장）/1
185,낮 시간에도 주문할 수 있어서 자주 이용하고 있어요~,순살치킨/1
186,맛있어요!! 양도 많고 양념도 맛있어요! 다음에 또 시킬 의항있습니다. 번창하세요옹~,순살반반치킨（후라이드반＋양념반）/1
187,그냥 그래요 그냥 그래요,반반치킨（후라이드반＋양념반）/1
188,딱 기본치킨맛 양념시켰는데 반반이왔더라고요 그래도 전화하니 양념이라도 더가져다주셨네 고생하세요,양념치킨/1
189,yummyyyuuu,"후라이드 치킨/1,양념소스/1,치킨무/1"
190,맛있게 잘 먹었어요~ 양도 좋네요^^,순살반반치킨（후라이드반＋양념반）/1
191,비린내가 나는걸 참고 먹는다는 가정하에 괜찮았음,두마리 순살（후라이드＋양념）/1
192,잘먹엇습니다 ~ 감사합니다,"두마리 순살（양념＋간장）/1,사이다 500mL/1"
193,배달도 잘해주시고 좀더 빠삭했으면 더 제취향이었을것같지만 취향이니 ㅋㅋㅋㅋ 감사합니다 많이파세요,순살반반치킨（후라이드반＋양념반）/1
194,양념은 그냥 일반영념맛인데 튀김이바삭한게 좋네요 심야치킨치고 좋네요,두마리 순살（양념＋간장）/1
195,배달빠르고 맛은괜찮아요,"두마리 순살（양념＋간장）/1,콜라 1.25L/1"
196,배달 *같이느리네 진짜 장난치나 주문완료쳐띄운지20분인데 아직까지도노배달 ㅋㅋㅋㅋ,순살양념/1
197,치킨에서 안좋은 냄새가나요 비린내라고해야하나 상한냄새같은게나서 못먹고 버렸네요,순살반반치킨（후라이드반＋양념반）/1
198,넘 맛있었고 좋았어요. 다음엔 사이다 주세용,"두마리 순살（양념＋간장）/1,사이다 1.25mL/1"
199,튀김옷이 너무 딱딱해서 포크로 찍히지를 않음 ㄷㄷ 치킨에 간장 소스도 잘안묻어있고 살도 안부드러움....... 원래 리뷰 안쓰는데 순살치킨억 포크 안들어가는거 보고 충격먹어서 씀 ㄷㄷ,두마리 순살（양념＋간장）/1
200,맛있어요~~~~~~~,반반치킨（후라이드반＋양념반）/1
201,순살 두마리 시켰는데 양이 진짜 많네요. 맛도 괜찮고 자주 시켜먹을께요,두마리 순살（양념＋간장）/1
202,맛도 좋고 배딸도 빨리하는데 시키는 거와 일치하지 않아요,"두마리 순살（후라이드＋양념）/1,콜라 1.25L/1"
203,그 시간까지 하는 치킨집이 별로 없는데 배달 빨라서 좋았어요~ 맛있게 먹었습니다,두마리 순살（후라이드＋간장）/1
204,진짜 여기는 그냥 맛이없네요 ㅋㅋ 2번까지는 속았는데 3번은 속찌않고 절대로 안시켜먹을께요 ㅎㅎㅎ,"두마리 순살（후라이드＋간장）/1,양념소스/1,콜라 1.25L/1,사이다 500mL/1"
205,맛있어요 먹을만해요!,두마리 순살（양념＋간장）/1
206,괜춘했어요 맛은 그냥,두마리 순살（양념＋간장）/1
207,양도 좋고 배달도 빨리하고 맛도 참 좋다,"두마리 순살（후라이드＋간장）/1,콜라 1.25L/1"
208,잘먹엇습니다아아아아아어아,두마리 순살（양념＋간장）/1
209,나름 먹을만하고 괜찮았음,순살반반치킨（후라이드반＋양념반）/1
210,really good and very good service.,순살반반치킨（후라이드반＋양념반）/1
211,정말 잘 먹엇어요 감사합니다,
212,양념소스 챙겨주시지도않고...간장 맛이조금나고 너무별로인데요?,"두마리 순살（후라이드＋간장）/1,양념소스/1,치킨무/1,콜라 1.25L/1"
213,ㅋㅋㅋ ㅋㅋㅋ ㅋㅋㅋ,두마리 순살（후라이드＋간장）/1
214,맛있어요~ ㅎㅎ 처음 먹어봤는데 괜찮은것 같아요 ㅎ,반반치킨（후라이드반＋양념반）/1
215,맛은 솔직히 진짜 별로... 그래도 배달하시는 분이 친절하세요,순살양념/1
216,맛있었어요~ 감사합니다,순살반반치킨（후라이드반＋양념반）/1
217,신선하고 맛 좋았어요. 또 주문하고 싶네요,순살반반치킨（후라이드반＋양념반）/1
218,이른시간에 시켜먹느라 여기밖에열린곳이 없어서 시켜먹었는데 양도많았고 후추맛이 많이나서 좋았어요 맛있게먹었습니다!,후라이드 치킨/1
219,완전 맛있어요!! 양도 많고 배달도 빨리와여,두마리 순살（양념＋간장）/1
220,양많고 좋았습니다!!!!,"후라이드 치킨/1,콜라 1.25L/1"
221,마시써요~ 😁😁😁,두마리 순살（양념＋간장）/1
222,양이 정말많았음 근데 튀김이 덜익은건..?,순살반반치킨（후라이드반＋양념반）/1
223,양이진짜 다른곳 보다 많은데 튀김옷이 넘 많아유 살코기 양만 따졌을땐 보기보다 양이적음...,두마리 순살（양념＋간장）/1
224,진짜 살다살다 치킨이 쓰고 딱딱해서 도저히 씹질 못할 정도로 맛 없는 치킨은 처음 맛 봅니다. 질보다 양인가 진짜 최 악 입니다.,"순살반반치킨（후라이드반＋양념반）/1,치킨무/1,사이다 500mL/1"
225,배달은좀느리지만 맛은보장해요배달은좀느리지만 맛은보장해요배달은좀느리지만 맛은보장해요배달은좀느리지만 맛은보장해요,두마리 순살（양념＋간장）/1
226,맛있어요!!!!!!,두마리 순살（양념＋간장）/1
227,양이 좀 아쉬웠지만 맛있어요!! 굿굿!!,두마리 순살（양념＋간장）/1
228,최악이네 20분오바되서 배달와서 취소함,"순살반반치킨（후라이드반＋양념반）/1,콜라 500mL/1"
229,배달시킨지 지금 1시간35분째 안오고있고요 전화하니까 전에갔다고 해서 15분뒤전화하니까 5분전에갔다고 계속 그러네요 지금 55분뒤배달온다떳는데 1시간40분째야되서 받았는데 다식어서오고 다시는안시켜먹어야겠네요 별 1개도아까워요,순살반반치킨（후라이드반＋양념반）/1
230,리뷰가 늦어서 연속으로 씁니다~ 며칠 사이에 두 번 연속으로 시켜먹어버렸네요 ㅋㅋㅋ,"두마리 순살 양념/1,콜라 1.25L/1"
231,정말 맛있고 양도 푸짐한 통큰두마리치킨! :-),두마리 순살 양념/1
232,굿입니당 ㅎㅎㅎㅎ맛잇어요,
233,간장개맛잇어욬ㅋㅋㅋㄱ,"두마리 순살（후라이드＋간장）/1,콜라 1.25L/1"
234,의외의 맛집이었음 양도 푸짐함,순살반반치킨（후라이드반＋양념반）/1
235,맛은 그럴듯해요 배고프니까요 배달도 빨랐죠 40분 양많이가 이 많이인가요? 다른곳에서 한마리시킨양인데? 난 두미리시켰는데? 사이즈가 손가락3마디 넘어서는게 없어요 순살의 고증이다? 아니죠? 3번사진보세요 사진 더 올릴수있었으면 bbq랑 네네치킨이랑 여기치킨이랑 비교하는거 보여드릴탠대 진심 너무하시네요. 참고로 마지막사진은 bbq순살 한마리 따로시킨겁니다 손님들이 불만 말할때 바꾸셔야 장사 오래갑니다 진심이에요,"두마리 순살 후라이드/1,콜라 1.25L/1"
236,맛은 그냥그랬어요 기름에 너무쩔구 튀김옷만많구 그래서그런지 양은 무지많았습니다 가성비 나쁘지않아요 배달시간도 잘지켜주셨습니다,두마리 순살（후라이드＋양념）/1
237,맛닛어요 짱짱맨 짱짱,"두마리 순살（후라이드＋간장）/1,양념소스/1,사이다 1.25mL/1"
238,싼맛...기초적인 맛이 필요할때 딱 좋은 맛~ ㅎㅎ,두마리 순살（후라이드＋양념）/1
239,콜라 500ml제공이라고써있는데 245ml쩌리줬어요 맛은있어요,두마리 순살（양념＋간장）/1
240,전화로 바로튀긴게아닌거같다고 말씀드렷더니 아니라고하시면서 잡아때시네요 간장치킨인데 간장찍먹 치킨같고 밑에국물이 잔뜩잇어서 짜고 조미료맛네 극혐이고 양념은 짠맛조절도안되잇고 튀김상태도 튀김맛도안나고 질겅질겅씹히네요 다시는 안시키려고합니다 만구처넌 날렷네요,두마리 순살（양념＋간장）/1
241,밤늦게도 배달빠르다,후라이드 치킨/1
242,배달도 빠르고 양도 많고 진짜 다 좋은거 같아서 자주 이용하게 됩니다,두마리 순살（양념＋간장）/1
243,진짜 배고플 때만 드세요.,후라이드 치킨/1
244,아니 배달이 늦으면 애초에 소요시간을 길게 보내던가 시발 소요시간은 45분정도라고햐놓고 한시간이 넘어도 쳐 오지를 않네 시발,두마리 순살（양념＋간장）/1
245,🐔🐔🐔🐔🍺🍺🍺🍺하하하하하,두마리 순살（후라이드＋양념）/1
246,먹을거 없을때 찾다찾다 시키는집 치킨이 참 질김 턱주가리 나감 엄청짬,두마리 순살（양념＋간장）/1
247,그냥 시켜먹을데가 없을때 여기서 먹어요 전 악평남길정도로 맛이 나쁘진않은데.. 뭐 사람마다 느끼는건 다르니까요..ㅋ 근데 배송요청사항은 안읽는게분명함 한번도 뭔가 요청한데로 온적이 없음.,순살반반치킨（후라이드반＋양념반）/1
248,정신을 어따놓고 장사하나 뼈있는거 시켯는데 순살 온게 벌써 몇번째야,
249,양념반 후라이드반이요~ 가격대비 양도 많고 괜찮은데 왜이렇게 평이 안좋은지 모르겠네요 야식으로 맥주랑 먹기에 괜찮은 맛,순살반반치킨（후라이드반＋양념반）/1
250,치킨이 이렇케 맞업는 맞은 처음 느껴봐요~~샘내가 나는것같기도하고~~처음으로 맞업는치킨 먹어봣어요~~ㅡㅡ,
251,서비스는 좋은거 같지만 닭상태는 좋지 않은거 같아요 껍질이 딱딱한 것도 많고 안에 살이 질긴 것도 많고 별로네요,"순살반반치킨（후라이드반＋양념반）/1,사이다 500mL/1"
252,진짜 맛잇어요 만족합니다 돟아요,
253,"쫌 먹고나서 찍은사진이긴 하지만 양도 많고, 맛있습니다. 배달예정시간에 맞춰서 배달 해 주셨고, 친절하셨습니다. 감사합니다~~~!!",순살반반치킨（후라이드반＋양념반）/1
254,배달하는 아저씨분이 정말 좀 그렇네요 주소를 잘못입력한건 제잘못이지만 저도 예의를 갖추고 장소이름도 말씀드렸는데 말투부터 기분나쁘게 그러시면 안되죠 ㅎㅎ,
255,콜라 500ml 준다고 써있는데 막상 온건 245ml네요..,
256,맛없음...,
257,ㅕ,
258,맛있게해달라고부탁하면 뭐하나 만들어놓은치킨 재탕해서와서 뻑뻑함 배달하시는분은친절하시나 치킨이정말별로였음 평점자체가아까움,"후라이드 치킨/1,콜라 500mL/1"
259,그냥그랫습니다 야식이어서 잘 먹엇슺니다,
260,어재 잘먹어읍니다,
261,맛있어요!!! 배달도 진짜 빠르고~~~,반반치킨（후라이드반＋양념반）/1
262,역시 리뷰는 리뷰인듯 처음에 주문 전 리뷰를 보고 사람마다 차이가 있겠지라고 생각했다가 망함 ㅎㅎㅎㅎ 리뷰 나름 믿을만하네요 친구들이 이런치킨은 어떻게 만들어야하는지 궁금하기까지 합니다.ㅎㅎㅎㅎㅎㅎㅎㅎ 번창하세요~~~,
263,배달도 빨리오시고 양도 괜찮고 맛도 좋았는데 치킨 한조각에서 머리카락 비슷한게 같이 튀겨졌네요 조리하실때 조금만 신경써주시면 좋을거같아요!,
264,튀김조각이 더 많음,
265,치킨이 생각보다 괜찮았어요 아저씨가 진짜 너무너무 친절하시다는점이 정말 좋네요 괜찮았어요 ㅎ,
266,양이 너무너무 적네요 무슨 동네6000원짜리 강정먹는것같아요 ㅋㅋㅋ,
267,굿,
268,맛있게 잘먹었어요 친구도 맛있다고하네요,
269,순살양념+순살후라이드 바삭바삭 맛있는식감 맛도좋고 양도 많아 좋았습니다!!^-^/,
270,새벽야식굿,후라이드 치킨/1
271,아푸신 엄마께서 치킨 드시고 싶다고해서 시켜드렸는데 맛있게 드셨다고 하네요^^,
