﻿,리뷰,메뉴
0,바삭바삭 맛있네요. 배달도 빨리 와서 따뜻하게 먹었습니다.,"크리스피치킨/1,양념 순한맛/1"
1,가감없이 말하지만 그냥 별로에요. 부어치킨 맛있다는 얘기듣고 크리스피 양념 간장 세가지맛 세트 시켜 먹어봤는데 일단 크리스피 첫입부터 닭내 확 나구요 양념은 무슨 소주를 탔는지 시큼한 맛 투성이여서 치킨이 맛없을 수도 있다는 걸 깨달았어요. 그나마 간장은 보통 이었어요. 부위가 너무 큼직하게 나눠져 있어서 불편했지만 둘이 먹기에 양은 넉넉했구요. 다리가 세개에 목살도 없고 부위도 엉망이던데 이미 체념한 터라 그냥 안따지고 먹었네요. 개인적으로 비추합니다.,세트1（크리스피 ＋ 양념 ＋ 델리간장＋콜라 500ml ）/1
2,잘먹었습니다....,크리스피치킨/1
3,맛있긴한데 양념에 무언가가 생강?인가 모르겠는데 맛이랑 향이 좀 쌘거같네요,양념치킨/1(추가 선택(순살로 변경))
4,양념이 땡겨서 시켜먹었는데 맛있었어요 생각했던 것보단 좀 특이한 맛이었은데 나쁘지 않았어요 치킨무만 시원한걸로 주시면 더 좋을듯!!,양념치킨/1(추가 선택(순살로 변경))
5,맛! 비교거부입니다. 정말 바삭바삭 최고중의 최고지요. 매장에서도 맛있게 먹고 배달로도 맛있게 먹고 정말 추천입니다. 오늘도 정말 맛있게 먹었답니다. 감튀 서비스 감사합니다. 남김없이 먹었어요.,세트3 （크리스피 ＋ 어니언 ＋ 맛쇼킹＋콜라 500ml）/1
6,할인이벤트해서 배달은 조금 오래걸렷어요 소스가 누락되서 다시 전화드렷더니 바로 다시갖다주셧어여 배달하시는분도 친절하시구 치킨은 머 언제나 맛잇습니당,"땡초치킨/1(추가 선택(순살로 변경)),갈릭/3"
7,저한텐 좀 매웠지만 좋았어요,땡초치킨/1
8,배달도 빠르고 맛있어요! 매운소스 따로요청드렸는데 가져다 주셔서 감사합니다. 부어치킨 가성비라고 얘기하지만 그냥 맛있어요. 다른 말 필요없습니다 ㅎㅎ 앞으로도 많이 이용할게요~^^,세트2 （크리스피 ＋ 양념 ＋ 맛쇼킹＋콜라 500ml）/1
9,양도 가격도 최고였습니다! 배달도 27분 만에 문 앞으로 도착! 치킨은 살짝 텁텁했지만 (부어 치킨은 처음 먹어봐서 원래 그런건지는 잘 모르겠습니다) 담백하게 건강한 맛으로 생각하고 그런대로 잘 먹었습니다! 감사합니다!,크리스피치킨/1
10,여기 맛있네요 자주시켜먹을게요,"양념치킨/1,추가 무/1,콜라 1.25L/1"
11,후라이드는 정말 단백해요ㆍ,크리스피치킨/1
12,매운게 당겨서 소스 넉넉히 요청드렸는데 제대로 반영해주셔서 감사해요. 바삭한 것도 당기는데 반반 메뉴가 없는게 좀 아쉽네요. 담번엔 후라이드로 도전! 깔끔한 매운맛에 기름냄새도 안나고 맛있어요. 잘 먹겠습니다^^,"땡초윙봉/1,어니언/2"
13,맛있습니당ㅎㅎㅎㅎㅎ,"델리（간장）치킨/1,콜라 500mL/1"
14,맛있네요~ 배달해주신분도 친절하시고 잘먹었습니다!,세트1（크리스피＋양념치킨＋콜라 500ml）/1
15,맛있었어요!!! 가격짱,크리스피치킨/1
16,"처음 주문을 해봤는데, 짭조름하면서 부드러우며 바삭하고 맛있네요. 가족들도 만족해 합니다. 덕분에 기분좋게 배부르게 잘 먹었습니다.",세트2（크리스피＋델리간장치킨＋콜라 500ml）/1
17,무난하게 맛있어요 소스가 다양해서 좋네요,"크리스피치킨/1,양념 매운맛/1,어니언/1,갈릭/1"
18,우리아파트 아래 있는곳이라 그냥 동네치킨인줄 알고 안시켰는데 땡초 진짜 존맛이였다. 근데 닭이 작았는지 평소에 남기는 닭이 오늘은 없었다. 그래도 또 시켜먹을 생각 있음.,맛쇼킹치킨/1(추가 선택(순살로 변경))
19,ㅣㅟㅢㅢㅢㅓㅢㅢㅓㅓㅓㅓㅢㅡ,크리스피치킨/1
20,맛있어요!!배달도 빠르고!!,델리（간장）치킨/1(추가 선택(순살로 변경))
21,너무 바삭하다 못해 딱딱합니다...맛은 맛있게 먹었습니다,크리스피치킨/1
22,굿굿굿굿굿굿굿굿굿굿,양념치킨/1
23,잘먹었습니다~^^ㅋㅋ,양념치킨/1
24,평소에 무신론자인 저는 신을 믿지 않았는데 댁이 튀긴 치킨을 한입 베어무는 순간 눈앞에 신을 보았습니다... 치느님... 치렐루야... 자주시켜먹을게요,크리스피치킨/1
25,맛있게 잘 먹었습니다 감사합니다 수고하세요,크리스피치킨/1
26,배달도 예정 시간보다 빨리왔고 맛도 괜찮아요~~ ^^,델리（간장）치킨/1
27,배달 하시는분들 메모 확인좀 하시지..,크리스피치킨/1
28,넘 배고팠는데 맛있게 먹네요ㆍ감사합니다ㆍ리뷰약속도 감사해요ㆍ,크리스피치킨/1
29,치킨이 조금 딱딱해요..,크리스피치킨/1
30,부어치킨은 처음인데요 왜이제시켰는지 후회되는맛 맛있어요,세트1（크리스피 ＋ 양념 ＋ 델리간장＋콜라 500ml ）/1
31,사소한 실수가 있었지만 사장님 응대에 좋게 생각 하려합니다 서비스 일을 하시면서 여러가지 일들이 있겠지만 고객을 배려하는 마음 좋습니다 ㅋㅋㅋㅋ 치킨은 아주 맛나게 먹었습니다 굳!!!!,"크리스피윙봉/1,양념 순한맛/1"
32,배달 빨리오고 바삭한 후라이드 치킨이에요~,크리스피치킨/1
33,빠르게 와서 맛나게 먹었습니다.,델리（간장）치킨/1
34,맛있게먹었습니다~~~~,크리스피치킨/1
35,ㅅㄸㄹㄱㆍㄴㄷㅊㅅㄴㄱㅂ,크리스피치킨/1
36,요청사항도 들어주시고 치킨 튀김옷이 바삭하니 짱 맛있어요!! 담에 또 시켜먹을게용! 감사합니당,크리스피치킨/1
37,3일째 닭 먹네요 먹어도 안질려요ㅋㅋ,파닭치킨/1(추가 선택(순살로 변경))
38,진짜 맛있고 양도 든든하고 배달도 감사하구 10000점이요! 근디 콜라랑 양념 추가해야하는걸 몰랐어용 담엔 잊지말아야겠습니다 :),크리스피치킨/1
39,치킨쿠폰이 와서 시켜먹어봤는데 넘나 맛있너용~~제 입맛엔 뭔가 더 짜고 자극적이엇으면싶은뎈ㅋㅋ요새 다들 싱겁게 먹더라구영 ㅜㅜ으흑흑흑 그래두 맛낫어요~~또시켜먹을게용♥ 간장치킨 최고!!!!!,델리（간장）치킨/1(추가 선택(순살로 변경))
40,20분만에 왓네요 대박쓰,크리스피치킨/1
41,바삭바삭하고 맛있네요~~,크리스피치킨/1
42,집에서 가까워서 그런지 배달 엄청 빠르네요 :) 부어치킨 처음 시켰는데 맛있어요! 바삭하고!!,크리스피치킨/1
43,바삭하고 기름도 깨끗한거 쓰시는지 향도 맛도 좋습니다. 시간 지나도 바삭하고 배달도 만족 합니다.,크리스피치킨/1
44,2번째 주문 바삭하고 닭이 커서 좋아요 자주 주문할게요!,크리스피치킨/1
45,바삭하고 맛있어요 근데 양은 그냥 보통 이에요,크리스피치킨/1
46,먼저 난지캠핑장에서 시켜먹었는데 배달 추가요금이 들어서 아쉬웠습니다. 그 이외에는 맛이나 양 모두 적당했구요. 난지캠핑장아니면 시켜먹기 좋습니다. 양념치킨 맛잇네요,세트1（크리스피＋양념치킨＋콜라 500ml）/1
47,파닭 맛나요 동네에 이런곳이 생겨서 좋습니다,파닭치킨/1
48,만족합니다 가성빕킹,크리스피치킨/1
49,배달 빠르고 닭도 아주 따끈따끈합니다. 잘 먹었습니다 사장님 번창하세요~,크리스피치킨/1
50,딱딱해서 입천장 다까졌네여 그래도 맛있습니다 추천,"크리스피치킨/1(추가 선택(순살로 변경)),양념 순한맛/2"
51,좀 딱딱했고 제대로 안익은듯 했어요,양념치킨/1
52,맛있고 좋네요 다음에도 ....,크리스피치킨/1
53,부어치킨 배달도되는줄몰랐는데 너무 좋아요! 믿고먹습니다,델리（간장）윙봉/1
54,"맛있긴 한데, 조금만 더 따뜻하게 오면 좋겠습니다.",크리스피치킨/1(추가 선택(순살로 변경))
55,배달 예정시간보다 10분이상 늦음. 배달요청사항에 치킨무 먹지 않으니 보내지밀라고 했는데 그냥 보냄. 주문서를 꼼꼼히 안보나봄. 맛은 괜찮으나 양념에서 독특한 향이남.,양념치킨/1(추가 선택(순살로 변경))
56,ㄷㅂ는ㅂㄷ니ㅜ극ㄴㄷㄴ,크리스피치킨/1
57,싸고 빠르고 맛있습니다 양념치킨 양념 아끼지 않으시고 푹 담궈서 옵니다 치밥으로 먹어도 좋아요,양념치킨/1
58,ㅅㄱㄴㄱㅈ븯ㄱㅈㅂㅈㅂ,크리스피치킨/1
59,새로 생긴 듯 해서 시켜먹었는데 맛있어요! 근데 껍질이 너무 딱딱해서 조금 물렁해지면 좋을 것 같아요!!,"크리스피치킨/1,어니언/1"
60,가성비 최고입니당 너무좋앙ㆍ느,크리스피치킨/1
61,맛있게 잘먹었네요.,크리스피치킨/1
62,기대이상으로 맛있어요~앞으로 치킨은 이곳에서만 먹을껍니다~!ㅋㅋㅋ,"크리스피치킨/1,양념 순한맛/1"
63,ㅎ혀ㅕㅕ7효7ㅛㅛ호ㅕ,치즈스프린클/1(추가 선택(순살로 변경))
64,"양념소스 2개 추가로 주문했는데,1개만 왔습니다. 치킨집에 전화해서 문의했더니 처음 전화 받으셨던 분이 배달료 3500원이다 뭐다 어쩌고 얘기하더니, 바쁘다고 500원 환불해준다고 계좌 알려달라고 하네요. 그 다음 다른분이 전화받더니 죄송하다고 직접 가져다 준다하는데, 처음부터 이렇게 얘기했어야 되는것 아닌가요? 정말 기분나쁘게 먹었습니다.","크리스피치킨/1,양념 순한맛/2"
65,배달이 엄청 빠릅니다 잘먹엇어요,"크리스피치킨/1,양념 매운맛/1"
66,그냥 먹던 맛입니다,델리（간장）윙봉/1
67,가격도 맛도 좋습니다. 사진은 못찍었는데 서비스로 주신 소스 감사했습니다.,크리스피치킨/1
68,부어치킨 가성비치킨입니다. 2번시켜먹었는데 둘다 만족했어요,세트4（크리스피＋맛쇼킹＋콜라 500ml）/1
69,맛있습니다.가성비 좋아요.,세트1（크리스피＋양념치킨＋콜라 500ml）/1
70,배달빠르고 맛나네요 화이팅,갈비맛치킨/1
