﻿,리뷰,메뉴
0,친절하고 맛있어요,"스위트고구마 피자 L/1(도우 선택 L(추가 안함),토핑 추가 선택 L(파인애플 8개 추가)),치즈스틱 5개/1"
1,포테이토 피자를 시켰는데 감자가 염지가 잘됐고 피자가 아주 맛있어요,포테이토 피자 L/1
2,치즈 추가가 정말 조금밖에 안 되는 거 제외하고는 만족스러웠습니다,"숯불갈비 피자 L/1(도우 선택 L(치즈크러스트 추가),토핑 추가 선택 L(치즈 추가))"
3,요구사항도 잘 반영해주시고 짱맛!!!,스위트고구마 피자 L/1(도우 선택 L(추가 안함))
4,맛있네요 생각보다 배송도 빠르게와서 놀랬어요,불고기 피자 M/1(도우 선택 M(치즈크러스트 추가))
5,먹느라 사진을 못 찍었는데... 하와이안 피자는 파인애플 제일 많았었어요..유명브랜드보다 갑입니다.최고요..,"명품 반반피자 L/1(반반 피자 선택(슈퍼슈프림피자,하와이언피자),도우 선택 L(추가 안함)),콜라 1.25L/1"
6,빨리오구 항상 잘 만들어주세요~,"스위트고구마 피자 M/1(도우 선택 M(추가 안함)),콜라 1.25L/1"
7,모든게 완벽해요. 피자도 존맛이고 배달도 빠르고 굿굿,"싱글세트（오리지널크러스트M＋치즈오븐스파게티＋콜라 500mL）/1(오리지널크러스트 선택(페퍼로니 피자),도우 선택 M(추가 안함))"
8,늘 먹던 포테이토 말고 고구마시켰는데 이것도 진짜 맛있어요!,"스위트고구마 피자 M/1(도우 선택 M(추가 안함)),콜라 1.25L/1"
9,배달도 빠르고 맛도 좋았어요! 처음 시켜봤능데 만족합니다,슈퍼슈프림 피자 L/1(도우 선택 L(치즈크러스트 추가))
10,버섯좀 빼달라고 요청사항에 남겼는데 시원하게 무시하고 그냥 왔네요 조리 특성상 뺄 수가 없는건지 실수인지 아무 노티도 없고 맛도 별로네요,"명품 반반피자 L/1(반반 피자 선택(불고기피자,갈릭스테이크피자),도우 선택 L(추가 안함))"
11,배달도빠르고 맛있었어요,"베이컨포테이토골드 피자 L/1(도우 선택 L(치즈크러스트 추가),토핑 추가 선택 L(고구마 무스 추가))"
12,완전 맛있었어요 또 시킬게요~,"명품 반반피자 M/1(반반 피자 선택(슈퍼슈프림피자,페퍼로니피자),도우 선택 M(추가 안함))"
13,맛있었어요 항상 맛있어요,
14,너무너무 맛있어서 매주 시켜먹는곳입니다!! 대박나세요~~,"슈퍼슈프림 피자 L/1(도우 선택 L(추가 안함)),콜라 500mL/1"
15,진짜 맛있어요. 스파게티도 맛있고,"대박세트（오리지널크러스트 L＋치즈오븐스파게티＋콜라 1.25L）/1(명품 오리지널크러스트 선택(페퍼로니 피자L),도우 선택 L(추가 안함))"
16,very good!,슈퍼슈프림 피자 M/1(도우 선택 M(추가 안함))
17,술과 함께 딱입니다!,"치즈 피자 M/1(도우 선택 M(치즈크러스트 추가),토핑 추가 선택 M(페퍼로니 8개 추가))"
18,좋네요.여기. 마음에 들어요,"페퍼로니 피자 L/1(도우 선택 L(추가 안함)),콜라 500mL/1"
19,피자소스인지 도우에 발려진게 넘 많아서 좀 그랬네요. 케첩맛만 가득했어요. 그래도 먹어보려고 애썼는데 ...평이 좋아서 시켜봤는데 제입맛엔 그래요. 많이 탄듯한 느낌도 좀 아쉬운듯,페퍼로니 피자 L/1(도우 선택 L(치즈크러스트 추가))
20,오...처음인데 맛잇네요...일단 오늘 한번 더,"SET3 （명품오리지널피자 L＋치킨텐더 6개＋치즈오븐스파게티＋콜라 1.25L）/1(SET메뉴 피자선택(페퍼로니피자L),도우 선택 L(추가 안함))"
21,항상 잘 먹고 있습니다.,"SET2（명품오리지널피자 L＋버팔로윙 5개 or 치즈스틱 5개＋치즈오븐스파게티＋콜라 1.25L）/1(SET메뉴 피자선택(슈퍼슈프림피자L),도우 선택 L(추가 안함),추가 선택(버팔로윙5개))"
22,맛있게 잘 먹었습니다,"대박세트（오리지널크러스트 L＋치즈오븐스파게티＋콜라 1.25L）/1(명품 오리지널크러스트 선택(슈퍼슈프림 피자L),도우 선택 L(추가 안함))"
23,잘먹었습니다 ㅎㅎㅎ,슈퍼슈프림 피자 L/1(도우 선택 L(추가 안함))
24,피자 도우도 얇고 마싯습니다!!!,페퍼로니 피자 L/1(도우 선택 L(추가 안함))
25,👍🏻👍🏻👍🏻👍🏻👍🏻👍🏻👍🏻✈️✈️✈️✈️,페퍼로니 피자 L/1(도우 선택 L(추가 안함))
26,맛있고 배달 아주 빨리 왔습니다! 다음에 또 주문하겠습니다!,"페퍼로니 피자 M/1(도우 선택 M(추가 안함)),스프라이트 1.25L/1"
27,맛있어요~~잘먹었습니다,슈퍼슈프림 피자 L/1(도우 선택 L(추가 안함))
28,맛잇엇어요 또 시켜먹겟슴다,"스위트고구마 피자 M/1(도우 선택 M(추가 안함)),치즈오븐스파게티/1,스프라이트 500mL/1,스프라이트 1.25L/1"
29,맛있아요 ㅋㅋㅋ 양도 많아요,"불고기 피자 M/1(도우 선택 M(추가 안함),토핑 추가 선택 M(고구마 무스 추가))"
30,✌🏻✌🏻✌🏻✌🏻✌🏻✌🏻✌🏻✌🏻✌🏻✌🏻,"싱글세트（오리지널크러스트M＋치즈오븐스파게티＋콜라 500mL）/1(오리지널크러스트 선택(불고기 피자),도우 선택 L(추가 안함),토핑 추가 선택 M(페퍼로니 8개 추가))"
31,맛있게 잘먹었습니다~,"슈퍼슈프림 피자 M/1(도우 선택 M(추가 안함)),핫소스 1개/1"
32,여느때처럼 맛있어요~~,슈퍼슈프림 피자 L/1(도우 선택 L(추가 안함))
33,트리플 따봉 드리겠습니다.,슈퍼슈프림 피자 M/1(도우 선택 M(추가 안함))
34,치즈크러스트로 시켰는데 빵쪽에 있는 크러스트가 생각보다 적어서 조금 아쉬웠어요... 전체적인 맛은 무난했습니다,"핫치킨 피자 L/1(도우 선택 L(치즈크러스트 추가)),갈릭디핑소스/3"
35,도우도 얇고 맛잇어요,SET1（명품오리지널피자 L＋치즈스틱 5개＋버팔로윙 5개＋콜라 1.25L）/1(SET메뉴 피자선택(불고기피자L))
36,맛있었어요 ㅎㅎㅎㅎㅎㅎㅎㅎ,페퍼로니 피자 M/1(도우 선택 M(치즈크러스트 추가))
37,베이컨체다치즈프라이 꿀맛 입니다. 강추합니다,베이컨체다프라이 피자 L/1(L사이즈 추가선택(치즈크러스트 추가))
38,맛있네요 토핑좋고 도우도 쫄깃해서 퍽퍽하지 않아요 잘먹었습니다 앞으로 피자는 여기서 주문해야겠네요,"슈퍼슈프림 피자 L/1,갈릭디핑소스/2"
39,피자는 임실치즈피자지요~ 진짜 맛있어요~^^,"페퍼로니 피자 L/1(L사이즈 추가선택(골드추가,치즈추가),추가선택(고구마무스 추가))"
40,다맜있게 먹고 있어요!,"페퍼로니 피자 L/1(L사이즈 추가선택(치즈크러스트 추가)),치즈 피자 L/1"
41,도우도 특이하고 토핑도 푸짐하고 정말 맛있습니다 ♡♡,포테이토 피자 M/1
42,쏘오쏘해씀다 갠찬슴네다,"SET4（명품프리미엄피자L＋버팔로윙 5개＋치즈스틱 5개＋콜라 1.25L）/1(명품 프리미엄피자 선택(숯불갈비 피자),L 추가 선택(골드추가,치즈크러스트 추가))"
43,"전화받는 분도, 배달하시는 분도 친절하고, 피자도 맛있어요.",SET A（명품오리지널피자L＋훈제치킨＋콜라 1.25L）/1(SET메뉴 피자선택(하와이언피자L))
44,ㅎㅎㅎㅎ 늦은시간까지 항상 감사합니당,"베이컨체다프라이 피자 L/1,갈릭디핑소스/2,스프라이트 1.25L/1"
45,맛나게 잘 묵었어요... 좀 남아서 담날 먹었는데도 맛나요.. ㅋ,허니버터 포테이토 피자 L/1
46,항상 맛있어요~~~ ㅎ,"SET1（명품오리지널피자 L＋치즈스틱 5개＋버팔로윙 5개＋콜라 1.25L）/1(SET메뉴 피자선택(불고기피자L),L 추가 선택(치즈크러스트 추가),추가선택(파인애플 8개 추가))"
47,맛있고 배달도 빠릅니다 근데 제가 생각했던 포테이토피자가 아니었네요 맛은 있었습니다,허니버터 포테이토 피자 M/1
48,담백하고 맛있어서 피자는 항상 여기서 시켜용ㅋㅋ,"SET5（명품프리미엄피자L＋버팔로윙 5개 or 치즈스틱 5개＋치즈오븐스파게티＋콜라 1.25L）/1(명품 프리미엄피자 선택(갈릭스테이크 피자),L 추가 선택(치즈크러스트 추가),추가 선택(버팔로윙5개))"
49,피자 너무 맛있어용!!!!!,"쉬림프골드 피자 L/1,콜라 1.25L/1"
50,토핑 풍부하고 맛있네요,불고기 피자 M/1
51,아이가 먹기에는 참 맵군요ㅠㅠㅎㅎㅎ 그래도 맛나요,"치킨바베큐 피자 L/1(L사이즈 추가선택(치즈크러스트 추가)),치즈스틱 5개/1,스프라이트 1.25L/1"
52,배달부름 사람은 음식물을 땅바닥에 놓다가 돈을 받아서 뛰어갔어요 ..태도 엉청 싫다고,SET3 （명품오리지널피자 L＋치킨텐더 6개＋치즈오븐스파게티＋콜라 1.25L）/1(SET메뉴 피자선택(불고기피자L))
53,너무너무너무너무너무 맛. 있습니다.,스위트고구마 피자 M/1
54,잘묵었습니다~~~~~,"대박세트（오리지널크러스트 L＋치즈오븐스파게티＋콜라 1.25L）/1(명품 오리지널크러스트 선택(스위트고구마 피자L)),갈릭디핑소스/3"
55,치즈가 진짜 맛있어요!,슈퍼슈프림 피자 L/1(L사이즈 추가선택(치즈추가))
56,그냥 먹기에 무난했습니다,"갈릭스테이크 피자 L/1(L사이즈 추가선택(치즈크러스트 추가)),치즈스틱 5개/1,핫소스 1개/1,허니머스타드소스/1,피클/1,콜라 1.25L/1"
57,맛있었습니다!!^^,"슈퍼슈프림 피자 M/1(M사이즈 추가선택(치즈추가)),치즈오븐스파게티/1"
58,맛있어요^^ 바비큐 치킨 짱!,"SET1（명품오리지널피자 L＋치즈스틱 5개＋버팔로윙 5개＋콜라 1.25L）/1(SET메뉴 피자선택(치킨바베큐피자L),L 추가 선택(치즈추가))"
59,항상 너무 잘 시켜먹고있습니다~,"SET1（명품오리지널피자 L＋치즈스틱 5개＋버팔로윙 5개＋콜라 1.25L）/1(SET메뉴 피자선택(슈퍼슈프림피자L),L 추가 선택(치즈크러스트 추가)),핫소스 1개/4"
60,맛있게잘먹었습니다 감사합니다,쉬림프골드 피자 L/1(L 피자 치즈 추가(치즈크러스트 추가))
61,시간도 딱맞게도착하고 맛있었어요,"불고기 피자 M/1(M사이즈 추가선택(치즈크러스트 추가,치즈추가))"
62,고르곤졸라 피자 맛있어요!!!,고르곤졸라피자 M/1
63,항상 맛있게 잘 먹고있어요 피자가 땡길때는 여기서..,슈퍼슈프림 피자 M/1
64,처음 시킨곳인데 생각보다 도우도 쫄깃하면서 치즈도 많이 들어가있어서 맛이 좋았습니다~ 사장님도 친절하시고 앞으로 피자 생각나면 여기서 시켜먹을게요 번창하세요^^,슈퍼슈프림 피자 L/1
65,피자시켰는데 배달도 이딴식으로 오고 갈릭소스 하나더 추가했는데 안와서 다시 갔다달라고했는데 마지막에 전화끊으시면서 들으란식으로 있는짜증을 다내시네요 다들렸어요~^^ 손님대하는 태도를보면 음식또한 어떻게 만들지 안먹어도 보이겠네요~ 기분잡쳐서 다버리고 다른데서 다시 시켰습니다,"페파로니 피자 M/1(M사이즈 추가선택(치즈크러스트 추가)),갈릭디핑소스/2"
66,맛있게 잘 먹었습니다~~~,"슈퍼슈프림 피자 L/1(L사이즈 추가선택(치즈크러스트 추가)),치킨텐더 6개/1"
67,올리브가 많이들어가서 신맛이 강했습니다,슈퍼슈프림 피자 L/1
68,웅디응디응데시티~~~~~,"쉬림프골드 피자 M/1,버팔로윙 5개/1,스프라이트 500mL/1"
69,잘 먹었습니다 맛있어요,"SET2（명품오리지널피자 L＋버팔로윙 5개 or 치즈스틱 5개＋치즈오븐스파게티＋콜라 1.25L）/1(SET메뉴 피자선택(슈퍼슈프림피자L),L 추가 선택(치즈크러스트 추가),추가 선택(버팔로윙5개))"
70,그냥... 그냥..,슈퍼슈프림 피자 M/1
71,맛잇엇는데 도우가좀 별로에요,포테이토 피자 M/1
72,새벽에 맛있게 맛있게 먹었습니다,"치즈오븐스파게티/1,스프라이트 1.25L/1"
73,늘 시켜먹는 jmtgr 맛,"SET2（명품오리지널피자 L＋버팔로윙 5개 or 치즈스틱 5개＋치즈오븐스파게티＋콜라 1.25L）/1(SET메뉴 피자선택(슈퍼슈프림피자L),L 추가 선택(치즈추가),추가 선택(버팔로윙5개)),갈릭디핑소스/2"
74,맛있게 먹었어요! 콜라가 같 오는지 알았는데 아니네오 ㅠ,직화스테이크 피자 L/1
75,빵식감이 별로 안좋았어요,"슈퍼슈프림 피자 M/1,치즈오븐스파게티/1"
76,배달이 너무늦네요 이시간에 여기밖에없어서 시켜먹고는있는데 주문할때마다 좀그러네요,"옥수수피자 L/1(L사이즈 추가선택(치즈크러스트 추가)),미트소스스파게티/1"
77,맛있었어요! 더음에 다른 메뉴 먹어보고싶네용,슈퍼슈프림 피자 M/1(M사이즈 추가선택(치즈추가))
78,이야...양도 많고 맛도 좋고 배터지는 줄 알았네요.,
79,전체적으로 맛있었습니다,"치즈 피자 L/1,콜라 1.25L/1"
80,고르곤졸라에 왜 파인애플을 넣으세요ㅠ,고르곤졸라피자 M/1(M사이즈 추가선택(토핑 추가))
81,핫소스 4개 계산되고 1개왔어요 어쩔수 없지만 담엔 이런실수 하시지 말기를...,"슈퍼슈프림 피자 L/1,핫소스 1개/4,스프라이트 1.25L/1"
82,맛있어요 치즈도 좋고,SET1（명품오리지널피자 L＋치즈스틱 5개＋버팔로윙 5개＋콜라 1.25L）/1(SET메뉴 피자선택(슈퍼슈프림피자L))
83,너무너무 맛있고 배달도 빨라서 매번 이것만 시켜먹습니다 !!,슈퍼슈프림 피자 L/1
84,"1. 배달하시는 분이 엄청친절하셔서 여타 딱딱하거나 늘 급하시거나 불친절한 배달직원에 대해 실망하는 첫인상은 아님. 너무너무 좋으심 2. 치즈덕후라서 명품오리지널 슈퍼슈프림에 치즈 추가했는데 역시 임실치즈만의 쫄깃하고 맛있는 치즈향에 반함. 치즈가 도우 두께만큼 올라감. 더말이필요없는JMT 3. 버팔로윙 짭짤해서 맥주안주로 개굳. 4. 치즈오븐스파게티는 면은 부드럽게 삶아졌고, 소스가 넉넉하고 치즈 듬뿍올려주셔서 소스랑 팍팍비벼서 먹어도 소스가 남을정도! 5. 늦은시간인데2-30분만에 뜨겁게 배달옴 6. 아무튼 두번 세번 먹을거임❤️","SET2（명품오리지널피자 L＋버팔로윙 5개 or 치즈스틱 5개＋치즈오븐스파게티＋콜라 1.25L）/1(SET메뉴 피자선택(슈퍼슈프림피자L),L 추가 선택(치즈추가),추가 선택(버팔로윙5개)),갈릭디핑소스/2"
85,진짜 맛없네요 포테이토에 가장중요한 통감자도 없고 허니포테이토인데 꿀은찍어먹는거고 맛은또 왜이리 싱거운건지 너무 실망이네요 내 이만원...,"허니버터 포테이토 피자 L/1(L사이즈 추가선택(씬도우 추가)),치즈오븐스파게티/1"
86,토핑은듬뿍들어가서 좋았으나 치즈양이아쉬움ㅜㅜ,허니버터 포테이토 피자 L/1
87,맛있고 고구마무스가 기본으로 있어서 좋아요 조각의 사이즈가 랜덤인건 아쉽지만 맛있으니 ㅎㅎ 피자는 여기서 시켜먹으려구요,포테이토 피자 M/1
88,씬도우가 아닌데 빵부분이 없어서 놀랬어요. 개인적으로 딥핑소스를 좋아서 빵부분을 기대했었는데..ㅠ 그래도 맛있게 잘먹었습니다^^,하와이언 피자 L/1
89,고르곤졸라가 제일 맛있는집,"고르곤졸라피자 M/1,치즈스틱 5개/1"
90,저번에 시켜먹고 맛있어서 시켜먹었는데 주문하고 1시간 넘어서 왔는데 피자는 다 식어서 렌지에 데워 먹었네요 남은피자 데워 먹듯이요 날이 너무 추워서 그런가요,"슈퍼슈프림 피자 L/1(L사이즈 추가선택(치즈크러스트 추가)),갈릭디핑소스/1,피클/2,콜라 500mL/1"
91,토핑이 젊은사람들 입맛에 잘 맞을듯 합니다. 달콤한거 싫어하는 저같은 나이먹은 사람들은 조금... 그래두 늦은시간에 피자먹구싶어서 두조각 맛있게 잘 먹었어요~^^,불고기 피자 M/1
92,엄청 다네요 ㅎㅎㅎㅎ,스위트고구마 피자 M/1(M사이즈 추가선택(치즈크러스트 추가))
93,다음에 또 시켜머글게영~~~,"포테이토 피자 L/1,갈릭디핑소스/2"
94,역시 임실치즈피자 짱짱 맛있음 낄낄,"대박세트（오리지널크러스트 L＋치즈오븐스파게티＋콜라 1.25L）/1(명품 오리지널크러스트 선택(슈퍼슈프림 피자L),추가 선택 L(치즈 추가))"
95,되게 맛있고 도우도 특이해서 좋네요 맛있게 잘먹었어요,포테이토 피자 M/1
96,그냥 동네피자맛 새벽에 시킬곳없어서 시킴... 맛없진않음,"SET2（명품오리지널피자 L＋버팔로윙 5개 or 치즈스틱 5개＋치즈오븐스파게티＋콜라 1.25L）/1(SET메뉴 피자선택(포테이토피자L),추가 선택(버팔로윙5개))"
97,사장님 치즈크러스트추가했는데 그냥왔어요,고르곤졸라피자 M/1(M사이즈 추가선택(치즈크러스트 추가))
98,역시 임실피자 꿀맛,갈릭스테이크 피자 M/1
99,역시 치즈는 임실치즈가 짱,슈퍼슈프림 피자 L/1(L사이즈 추가선택(치즈크러스트 추가))
100,고구마가 약간 덜익은듯한 느낌이였습니다...,"스위트고구마 피자 M/1,버팔로윙 5개/1"
101,맛있어요 콜라가 없어서 아쉬웠어요,슈퍼슈프림 피자 L/1(L사이즈 추가선택(치즈크러스트 추가))
102,배달도 빠르고 피자만 시켯는데 파스타도 주셔서 너무 잘 먹엇습니다 감사해용,"스위트고구마 피자 M/1(M사이즈 추가선택(씬도우 추가)),스프라이트 500mL/1"
103,맛있에 잘 먹었습니다~,치킨바베큐 피자 L/1
104,늦은시간에도 빠르게 배달되서 맛있게 잘먹었습니다,"SET3 （명품오리지널피자 L＋치킨텐더 6개＋치즈오븐스파게티＋콜라 1.25L）/1(SET메뉴 피자선택(페파로니피자L),L 추가 선택(치즈크러스트 추가)),갈릭디핑소스/2"
105,내용물이 한쪽으로 쏠려서 왔구요. 쉬림프골드피자는 먹는데 토핑이 우수수 떨어져서 젖가락으로 다시 집어 넣어 먹었네요ㅠ 맛은 괜찮았어요~,"명품 골드 피자 L 두판/1(명품골드두판피자（L）선택1(쉬림프골드피자L),명품골드두판피자（L）선택2(베이컨포테이토골드피자L))"
106,잘먹었습니다아아아아,"SET8（명품오리지널크러스트L＋버팔로윙 5개 or 치즈스틱 5개＋치즈오븐스파게티＋콜라 1.25L）/1(명품 오리지널크러스트 선택(스위트고구마 피자L),추가 선택(치즈스틱5개)),핫소스 1개/1,갈릭디핑소스/2"
107,맛잇게잘먹었습니다 감사합니다,"슈퍼슈프림 피자 M/1(M사이즈 추가선택(치즈크러스트 추가)),콜라 1.25L/1"
108,맛있음 도우가 안두꺼워서 먹기좋았음,"슈퍼슈프림 피자 M/1(M사이즈 추가선택(치즈크러스트 추가)),갈릭디핑소스/1,콜라 500mL/1"
109,정말 맛있어요 항상 감사합니다,"핫치킨 피자 L/1(L사이즈 추가선택(치즈크러스트 추가)),갈릭디핑소스/2,콜라 1.25L/1"
110,맛있게 잘먹었어요~배달도빠르고 친절하세요,불고기 피자 L/1(L사이즈 추가선택(치즈크러스트 추가))
111,늘 잘먹고잇어요~~~,스위트고구마 피자 M/1
112,맛있어요,"하와이언 피자 M/1,버팔로윙 5개/1,콜라 1.25L/1"
113,피자가 맛이 좋았습니다,"슈퍼슈프림 피자 L/1(L사이즈 추가선택(씬도우 추가)),버팔로윙 10개/1"
114,배달도 완전빨라서 얼마 기다리지도 않았네요 언제먹어도 맛있어요!!~,"슈퍼슈프림 피자 M/1,콜라 1.25L/1"
115,"맛,있습니다. 야식으로 딱이에요 보통 오리지날 도우보다 약간 얇아서 당황하긴했는데 만족하면서먹었습니다.",슈퍼슈프림 피자 L/1
116,배달도 빠르고 피자도 맛있게 먹었습니다^^ 감사합니다,불고기 피자 M/1
117,치즈가 푸짐합니다. 맛은 살짝 밍밍한 편,슈퍼슈프림 피자 M/1
118,담백하고 맛있어요 양은 좀 작아요,슈퍼슈프림 피자 M/1
119,맛있당!!!!!!!,"슈퍼슈프림 피자 M/1(M사이즈 추가선택(치즈크러스트 추가)),핫소스 1개/1,콜라 500mL/1"
120,벌써 두번째 주문! 포테이토 피자 맛있어요. 감사합니다. 번창하세요.,"포테이토 피자 M/1,콜라 500mL/1"
121,배달은 빨랐는데 핫소스 많이 달라고 요청했는데 세개 주셨더라구요.. 밍밍해서 조금 아쉬웠어요.. 추가요금내고 핫소스 추가 할 수 있게 해주시든 하셔야할거같아요,"SET8（명품오리지널크러스트L＋버팔로윙 5개 or 치즈스틱 5개＋치즈오븐스파게티＋콜라 1.25L）/1(명품 오리지널크러스트 선택(불고기 피자L),추가 선택(버팔로윙5개))"
122,맛있게 잘 먹었습니다.,포테이토 피자 M/1(M사이즈 추가선택(치즈크러스트 추가))
123,배달은 보통이고 스파게티 맛나서 꼭 샅이 시켜먹어요^^ 자주 시킬 테니까 서비스 넣어주세요 다음엔~<,"슈퍼슈프림 피자 M/1,치즈오븐스파게티/1"
124,맛있었습니당 양이좀적긴했지만 배달도빠르고 맛있어썽요! 다음엔 큰걸로시켜먹어야겟어요,"스위트고구마 피자 M/1(M사이즈 추가선택(치즈크러스트 추가)),핫소스 1개/3,치즈가루 1개/1,갈릭디핑소스/2"
125,맛있어요! 잘 먹었습니다,"페파로니 피자 L/1(L사이즈 추가선택(치즈크러스트 추가)),콜라 1.25L/1"
126,역시 시킬때마다 맛있습니다~~,치즈 피자 M/1(M사이즈 추가선택(치즈크러스트 추가))
127,너무맛있어요ㅜㅜㅜㅠㅜㅜㅜㅜ,대박세트（오리지널크러스트 L＋치즈오븐스파게티＋콜라 1.25L）/1(명품 오리지널크러스트 선택(포테이토 피자L))
128,처음시켜먹었는데 제가 좋아하는 불고기피자 스타일입니다ㅎㅎ 맛있게 잘먹었어요~,"불고기 피자 L/1,콜라 500mL/1"
129,양이 엄청 많네요 맛있었어요,"포테이토 피자 L/1,치킨바베큐 피자 L/1"
130,맛있었어요~~ㅎㅎㅎ,"불고기 피자 M/1(M사이즈 추가선택(치즈크러스트 추가)),치즈스틱 5개/1,콜라 1.25L/1"
131,맛있어요!!!!!!,"포테이토 피자 M/1(M사이즈 추가선택(치즈크러스트 추가)),갈릭디핑소스/1"
132,한달에 네번이상은 여기서 치킨+피자 시켜먹는데 *** 비도 얼마오지도않는데 왜 다들러붙어서 오는건지 배달업체가 배달통을 열고다니나 피자도 다식어있고 치킨도 다찌부되서오고 *** 다버리고 라면끓여먹습니다. 추가로 배달도 항상 50분걸린다고하고 30분내로왔는데 오늘50분넘게걸렸네요 이거는 원래50분걸린다고왔으니 그냥기다린거고 무튼 한시간기다리고 음식먹을생각에 기뷴좋게 열었는데 ***,SET A（명품오리지널피자L＋훈제치킨＋콜라 1.25L）/1(SET메뉴 피자선택(페파로니피자L))
133,맛있었다.,치즈 피자 L/1(L사이즈 추가선택(치즈크러스트 추가))
134,사장님친절하시고 음식도맛잇어요 감사합니다~~굿굿,갈릭스테이크 피자 L/1
135,맛있어요 토핑 많아서 잘먹었습니당,갈릭스테이크 피자 L/1(L사이즈 추가선택(골드추가))
136,어머니하고 먹었는데 맛있다고합니다~~제 입에도 딱 좋아요!,페파로니 피자 M/1(M사이즈 추가선택(토핑추가))
137,배달도 빠르고 맛있어요~~~,"SET2（명품오리지널피자 L＋버팔로윙 5개 or 치즈스틱 5개＋치즈오븐스파게티＋콜라 1.25L）/1(SET메뉴 피자선택(슈퍼슈프림피자L),추가 선택(버팔로윙5개))"
138,배달도 빠르고 진짜 맛잇어여,"포테이토 피자 M/1,콜라 1.25L/1"
139,맥주랑 먹으니까 진짜 맛있습니다~~,"베이컨체다프라이 피자 M/1(M사이즈 추가선택(치즈추가)),치즈오븐스파게티/1"
140,사이드메뉴는 맛있었는데 메인인 피자에서 좀 이상한 냄새났어요 ㅠㅠ,"SET2（명품오리지널피자 L＋버팔로윙 5개 or 치즈스틱 5개＋치즈오븐스파게티＋콜라 1.25L）/1(SET메뉴 피자선택(슈퍼슈프림피자L),L 추가 선택(치즈크러스트 추가),추가 선택(버팔로윙5개))"
141,언제나 늘 맛있습니다,스위트고구마 피자 L/1
142,맛있어요 양도 많구요,"SET2（명품오리지널피자 L＋버팔로윙 5개 or 치즈스틱 5개＋치즈오븐스파게티＋콜라 1.25L）/1(SET메뉴 피자선택(슈퍼슈프림피자L),추가 선택(버팔로윙5개))"
143,치즈너무고소하고 맛있어요,"스위트고구마 피자 M/1,스프라이트 500mL/1"
144,"포테이토 라지 치즈크러스트를 먹었는데요, 잘 안 갈라져서 조금 불편했지만 맛은 짜지도 않고 딱 좋았어요 !","포테이토 피자 L/1(L사이즈 추가선택(치즈크러스트 추가)),콜라 500mL/1"
145,너무 짜고 일반적인 고르곤졸라가 아니었습니다.그리고 발효된 치즈가 식성에안맞고 약간 토할것같은 맛과 생김이어서 모짜렐라 치즈부분만 좀뜯어먹고 다버렸습니다. 여기서 고르곤졸라는 절대 시키지 말아야겠습니다.,고르곤졸라피자 M/1
146,치즈도 감자도 너무 맛있어요!,포테이토 피자 L/1
147,오랜만에 먹는 피자얏는데ㅜ맛나게 먹엇음 하지만 버팔로윙이 튀겨진게 아니라 구워진거라서 조금 아쉬웟음 대체로 맛있게 먹음,"치즈 피자 M/1,버팔로윙 5개/1,갈릭디핑소스/1,스프라이트 1.25L/1"
148,맛있게 잘 먹었습니다. 감사합니다~,포테이토 피자 L/1
149,진짜맛잇어요 괜히인기잇는게 아닌듯,대박세트（오리지널크러스트 L＋치즈오븐스파게티＋콜라 1.25L）/1(명품 오리지널크러스트 선택(슈퍼슈프림 피자L))
150,너무 맛있어용!! 치즈랑 토핑도 엄청 많구요. 또 시켜먹을 것임,"포테이토 피자 M/1,콜라 500mL/1"
151,피자는 여기서만 시켜먹게 되네요 진짜 맛있어요 토핑도 많고!,슈퍼슈프림 피자 M/1
152,맛있어요 또 시켜먹을게요,"갈릭스테이크 피자 L/1(L사이즈 추가선택(치즈크러스트 추가)),갈릭디핑소스/1"
153,맛있어요!!!! 이거 한마디면 될거 같아요~,"페파로니 피자 M/1,스프라이트 1.25L/1"
154,맛있어요,치즈 피자 M/1(M사이즈 추가선택(치즈크러스트 추가))
155,평범합니다~ 딱 그정도,"페파로니 피자 M/1,갈릭디핑소스/2,스프라이트 1.25L/1"
156,베이컨포테이토로 시켰는데 다른게 왔네요.. 이전에도 여러번 시켜먹었어서 맛은 있겠지만 새우를 못 먹어서ㅠㅠ 일단 배고프니까 발라서 그냥 먹을게요 다음엔 안 헷갈리게 배송 부탁드려요~,"베이컨포테이토골드 피자 M/1(M 피자 치즈 추가(치즈크러스트 추가)),콜라 1.25L/1"
157,오늘도 잘 먹었습니다 항상 맛있어요!,"SET2（명품오리지널피자 L＋버팔로윙 5개 or 치즈스틱 5개＋치즈오븐스파게티＋콜라 1.25L）/1(SET메뉴 피자선택(슈퍼슈프림피자L),추가 선택(버팔로윙5개))"
158,씬으로 주문했는데 너무 맛나네요~^^,"슈퍼슈프림 피자 M/1(M사이즈 추가선택(씬도우 추가)),치즈오븐스파게티/1"
159,배달도 빠르고 핫치킨 피자 맛있습니다. 다음번엔 포테이토 먹어보고 싶습니다.,"슈퍼슈프림 피자 L/1,콜라 500mL/1"
160,배달도 예정보다 빨리오고 맛있어요!리뷰대로 치즈가 맛있네요 페퍼로니에 이렇게 피망 들어간 건 처음 봤는데 제 입맛엔 잘 어울려서 좋았습니다! 치즈를 추가해서 그런지 자꾸 토핑이 흘러내려서 먹기 조금 불편한 것 빼곤 전부 만족했아요,"페파로니 피자 M/1(M사이즈 추가선택(치즈크러스트 추가,치즈추가)),콜라 1.25L/1"
161,역시 임실치즈피자입니다 치즈가 정말 맛있고 느끼하지 않아 좋았습니다!,"페파로니 피자 M/1(M사이즈 추가선택(치즈추가)),콜라 1.25L/1"
162,먹어봤는데 맛있네요 그리고 마늘맛 찍어먹눈양념도 추가로 준건가?,"슈퍼슈프림 피자 L/1,핫소스 1개/1,치즈가루 1개/1,갈릭디핑소스/1,피클/1"
163,맛도좋고 다좋습니다 콜라 안오니참고하길,포테이토 피자 L/1(L사이즈 추가선택(치즈크러스트 추가))
164,저번에 야채 시키고 이번에 스위트고구마 라지로 시켰는데 정말 맛있었습니다. 피자 먹고 싶을 때마다 자주 이용할게요~,스위트고구마 피자 L/1
165,잘 먹었어요! 근대 치즈크러스트가 있으나 마나네요,"슈퍼슈프림 피자 M/1(M사이즈 추가선택(치즈크러스트 추가)),핫소스 1개/1"
166,그저그렇게 먹었습니다.,"SET2（명품오리지널피자 L＋버팔로윙 5개 or 치즈스틱 5개＋치즈오븐스파게티＋콜라 1.25L）/1(SET메뉴 피자선택(슈퍼슈프림피자L),추가 선택(버팔로윙5개))"
167,피자 스파게티 다 괜찮았어요 맛있게먹었어요 아쉬운점은 피자가 식어서 와서 너무 아쉬웠네요 따뜻하면 더 맛있었을듯요,"슈퍼슈프림 피자 M/1(M사이즈 추가선택(씬도우 추가)),치즈오븐스파게티/1"
168,피자가 크고 맛있어요 다릌곳에 비해 살짝비싸지만 치즈됴너무 맛있고 다시시켜먹을거에요.,"대박세트（오리지널크러스트 L＋치즈오븐스파게티＋콜라 1.25L）/1(명품 오리지널크러스트 선택(슈퍼슈프림 피자L),추가 선택 L(씬도우 추가))"
169,호텔에서 시켜먹었는데 너무 맛있었어용!!ㅎㅎ,슈퍼슈프림 피자 L/1(L사이즈 추가선택(치즈크러스트 추가))
170,먹을만합니다.,포테이토 피자 M/1(M사이즈 추가선택(씬도우 추가))
171,임실 치즈향이 좋긴 좋은가봐요. 가격대비 품질이 좋은 피자 같습니다. 신촌점 잘 만드는거 같아요!,"슈퍼슈프림 피자 L/1,불고기 피자 L/1"
172,맛나요 ㅋ 피자 맛나요,"SET2（명품오리지널피자 L＋버팔로윙 5개 or 치즈스틱 5개＋치즈오븐스파게티＋콜라 1.25L）/1(SET메뉴 피자선택(치즈피자L),추가 선택(치즈스틱5개))"
173,"맛있어요. 치즈 늘어나는게 좋구요, 남은거 다음날에 렌지에 돌려 먹어도 맛나네요~",페파로니 피자 M/1
174,매운거 좋아하시는 분 지립니다 땀 뻘뻘 흘리면서 혼자서 다 쳐묵음,"불닭 피자 M/1,갈릭디핑소스/1,콜라 1.25L/1"
175,배달도 빠르고 맛있습니다. 보통 피자 먹으면 속이 더부룩 한데 웰빙이라 그런지 그런 게 없었어 좋았어요.,야채 피자 M/1
176,너무너무마시씁니다아,슈퍼슈프림 피자 M/1
177,배달은 좀 늦었지만 애들이 너무 좋아하고 맛있네요,"SET1（명품오리지널피자 L＋치즈스틱 5개＋버팔로윙 5개＋콜라 1.25L）/1(SET메뉴 피자선택(스위트고구마피자L),L 추가 선택(치즈크러스트 추가))"
178,맛있어요 적당히 짭쪼름하고 가격도 적당하고 잘 먹겠습니다 배고파서 지금 생각남 후딱 먹다가,"쉬림프골드 피자 L/1,갈릭디핑소스/1,콜라 1.25L/1"
179,배달시간도 적당하고 맛도 적당하고 양도 적당한거 같아요!! 무난합니다 ㅎㅎ,"페파로니 피자 M/1(M사이즈 추가선택(치즈크러스트 추가)),콜라 500mL/1"
180,역시 치즈가 엄청 맛있었고 도우 끝에 고구마무스도 너무 좋았어요!! 늦은시간인데 배달도 금방 왔네요 잘먹었습니다~ㅎㅎ,포테이토 피자 M/1
181,맛있어요!도우가 다른 피자집들과 달라서 신기하고 배달도 빨라서 좋아요!,"야채 피자 M/1,사이다 500mL/1"
182,너무 맛있어요~~재주문할게요ㅎㅎ,대박세트（오리지널크러스트 L＋치즈오븐스파게티＋콜라 1.25L）/1(명품 오리지널크러스트 선택(포테이토 피자L))
183,아......불닭 안 맵다는 리뷰를 봤는데 너무 매워요 ㅠ 그래도 토핑은 큼지막하고 맛있었어요,불닭 피자 L/1
184,우루과이 화이팅!!!!!,페파로니 피자 M/1(M사이즈 추가선택(치즈크러스트 추가))
185,믿고배달하는집ㅋㅋ 항상시킬땐 많은거같은데 어느순간 다먹고 사라져있음ㅋㅋㅋ 항상 쉬림프만먹는데 다음에는 다른것도 먹어보고싶네요ㅋㅋ 다음에도 또 주문할께요~ 오늘하루도 수고하세용ㅋㅋㅋㅋ,"쉬림프골드 피자 M/1(M 피자 치즈 추가(씬도우 추가,토핑추가)),버팔로윙 10개/1"
186,님들 베이컨에그프라이피자 추천해요 씬도우로 먹으니 더욱 맛있다!! 허니 소스도 주시고 사진 또못찍음 제길 다음에또시킬거임 존맛,베이컨체다프라이 피자 M/1(M사이즈 추가선택(씬도우 추가))
187,배달해주시는 분이 친절하시더라구요. 피자도 따뜻하게 와서 진짜 좋았어요! 도우도 쫄깃하고! 완전 맛있어요!! 강추!!,"핫치킨 피자 M/1,콜라 1.25L/1"
188,잘 먹었습니다! 처음 주문했는데 피자 뿐만 아니라 치킨이랑 스파게티도 너무 맛있습니다. 또 시킬게요!,"SET2（명품오리지널피자 L＋버팔로윙 5개 or 치즈스틱 5개＋치즈오븐스파게티＋콜라 1.25L）/1(SET메뉴 피자선택(하와이언피자L),추가 선택(버팔로윙5개))"
189,배달 빠르고 맛있습니다!!!!!,포테이토 피자 L/1
190,👍👍👍👍👍👍👍👍👍👍,"하와이언 피자 M/1,버팔로윙 10개/1,콜라 1.25L/1"
191,갈릿맛이 많이 나고 자극적이지도 않고 맛있었어요!,"SET4（명품프리미엄피자L＋버팔로윙 5개＋치즈스틱 5개＋콜라 1.25L）/1(명품 프리미엄피자 선택(갈릭스테이크 피자),L 추가 선택(치즈크러스트 추가))"
192,ㅎㅎㅎㅎㅎㅎㅎㅎㅎㅎㅎ,갈릭스테이크 피자 L/1(L사이즈 추가선택(치즈크러스트 추가))
193,역시 피자가 다르네요 맛있습니다 가족과 저녁 해결했어요 담에 또 주문할게요,슈퍼슈프림 피자 L/1
194,👍👍👍👍👍👍👍👍👍👍,"스위트고구마 피자 M/1(M사이즈 추가선택(씬도우 추가,토핑추가)),치즈가루 1개/1,벌꿀/1"
195,토핑과 치즈를 추가해서 먹었는데 아주 만족했습니다. 역시 여타 피자집과는 치즈의 질이 다르네요 :),"슈퍼슈프림 피자 M/1(M사이즈 추가선택(치즈추가,토핑추가)),치즈오븐스파게티/1,콜라 500mL/1"
196,맛도 배달도 빠르고 양도 많고 좋았음,"SET10（명품골드피자L＋버팔로윙 5개＋치즈스틱 5개＋콜라 1.25L）/1(골드피자 선택(쉬림프골드 피자L),추가 선택 M(치즈크러스트 추가,치즈 추가))"
197,토마토소스가 잘느껴져서 좋았습니다,"SET2（명품오리지널피자 L＋버팔로윙 5개 or 치즈스틱 5개＋치즈오븐스파게티＋콜라 1.25L）/1(SET메뉴 피자선택(슈퍼슈프림피자L),추가 선택(버팔로윙5개))"
198,아....맛은 괜찮은데. 배달받구 먹을려구 보니까 이게 먼가요. ..ㅠ ㅠ 면뿔구 피자 한쪽으로. 다 쏠리구.,"SET2（명품오리지널피자 L＋버팔로윙 5개 or 치즈스틱 5개＋치즈오븐스파게티＋콜라 1.25L）/1(SET메뉴 피자선택(치킨바베큐피자L),L 추가 선택(씬도우 추가),추가 선택(버팔로윙5개))"
199,배달도정말 빠르구 맛두 정말 일품입니다!! 굳굳!!><,
200,배달도 신속하고 따끈따끈했어요~ 만족스러운 야식이었어요,"슈퍼슈프림 피자 M/1(M사이즈 추가선택(치즈크러스트 추가)),치즈가루 1개/1,갈릭디핑소스/1"
201,항상 잘 먹고 있습니다. 맛있어요! 다른 피자 종류도 시켜보고 싶네요,"SET2（명품오리지널피자 L＋버팔로윙 5개 or 치즈스틱 5개＋치즈오븐스파게티＋콜라 1.25L）/1(SET메뉴 피자선택(스위트고구마피자L),추가 선택(버팔로윙5개))"
202,저렴한 가격에 맛있게 ㅁ닉었엉ㄹㄷ,"슈퍼슈프림 피자 M/1(M사이즈 추가선택(치즈추가,씬도우 추가))"
203,배달도 빠르고 맛있었어요!!!!!,"쉬림프골드 피자 M/1,갈릭디핑소스/1,피클/1"
204,정말 맛있게 먹었습니다...^^배달도 엄청빠르고 선생님들 께서 근래에 시켜먹었던 피자중에 최고 였다고 하내요...치즈스틱 꿀조합 정말 좋았습니다..^^,"SET2（명품오리지널피자 L＋버팔로윙 5개 or 치즈스틱 5개＋치즈오븐스파게티＋콜라 1.25L）/1(SET메뉴 피자선택(스위트고구마피자L),L 추가 선택(치즈크러스트 추가,씬도우 추가),추가 선택(치즈스틱5개))"
205,스위트고구마 피자 맛있어여~~,"스위트고구마 피자 L/1,포테이토 피자 L/1,콜라 1.25L/1"
206,굿!굿굿굿굿굿!완전 좋아요!,"SET2（명품오리지널피자 L＋버팔로윙 5개 or 치즈스틱 5개＋치즈오븐스파게티＋콜라 1.25L）/1(SET메뉴 피자선택(스위트고구마피자L),추가 선택(버팔로윙5개))"
207,피자는 항상여기서 시켜먹을정도로 너무 맛있습니다👍🏻 근데 이런말까지 안할려고햤는데 배달원분 서비스 그냥 엉망입니다 시비말투에 이래라 저래라 스트레스를 나한테 나푸는건지 진짜 화가너무많이낫습니다 왠만하면 다참는데 이번 배달원분은 정말엉망이십니다 그래도 피자는 짱짱,"슈퍼슈프림 피자 M/1,갈릭디핑소스/2,콜라 500mL/1"
208,치즈가 참맛있네요 잘먹었습니다,"치즈 피자 M/1(M사이즈 추가선택(치즈크러스트 추가,씬도우 추가))"
209,가격도 적당하고 맛도 괜찮습니다,스위트고구마 피자 L/1
210,배달 도 바르고 너무 맛시다,SET1（명품오리지널피자 L＋치즈스틱 5개＋버팔로윙 5개＋콜라 1.25L）/1(SET메뉴 피자선택(불고기피자L))
211,괜찮았어요 배달이 엄청 빨랏어요,슈퍼슈프림 피자 L/1
212,즈으으응말 좋았습니다 맛도 양도 좋았어요 라지는 남자 여자 둘이먹으면 딱 한판 다먹더군요,"포테이토 피자 L/1(L사이즈 추가선택(치즈크러스트 추가)),갈릭디핑소스/1,콜라 1.25L/1"
213,진짜 치즈가ㅜ남다르고 맛있음 넘좋음 추천,대박세트（오리지널크러스트 L＋치즈오븐스파게티＋콜라 1.25L）/1(명품 오리지널크러스트 선택(하와이언 피자L))
214,"정말정말 맛있었어요❤️ 양도 많고 토핑도 정말 푸짐하고.. 정말 맛있게 잘 먹었습니다. 다만 여기 갈릭디핑소스가 저한테는 너무 안맞네요ㅜㅜㅜ 약간 머스타드? 와사비? 향이 심하게 나서 갈릭맛 보다는 비린 맛이 강했여요ㅜㅜ 결국 추가한건 먹지도 못하고 버렸어요 흑흑,, 다른 분들 타프렌차이즈점이랑 소스맛이 다르니 유의하고 주문하세용! 아, 주문하실 때 콜라는 따로 같이 안나가니 추가 주문하셔야해요ㅎㅅㅎ","베이컨포테이토골드 피자 M/1(M 피자 치즈 추가(치즈크러스트 추가)),갈릭디핑소스/2"
215,맛있게 잘 먹었습니다. 근데 배달하시는 분이 한쪽으로 기울이셔서 피자가 한쪽으로 찌그러져 있네요... 다음부턴 배달에만 조금 더 신경 써 주세요,"명품 오리지널 피자 L 두판/1(명품오리지널두판피자（L）선택1(불고기피자L),명품오리지널두판피자（L）선택2(스위트고구마피자L))"
216,굿,"포테이토 피자 M/1(M사이즈 추가선택(치즈크러스트 추가)),콜라 500mL/1"
217,사진 못가져왔어요 진짜 토핑 푸짐 다만 캐쳡양념이 진해서 좀 짰어요 그거 빼면 맛있다,포테이토 피자 M/1
218,스파게티도주고맛좋고짱입니더,"SET2（명품오리지널피자 L＋버팔로윙 5개 or 치즈스틱 5개＋치즈오븐스파게티＋콜라 1.25L）/1(SET메뉴 피자선택(불고기피자L),추가 선택(버팔로윙5개)),갈릭디핑소스/2,피클/1"
219,완벽 그 자체. 한번 더 주문합니다,포테이토 피자 M/1(M사이즈 추가선택(치즈크러스트 추가))
220,짱!!!!!!!!!,슈퍼슈프림 피자 L/1(L사이즈 추가선택(치즈크러스트 추가))
221,저녁먹고 테레비에서 피자나오길래 배부른데도 먹고싶어서 주문했는데 정말 거짓말아니고 너무너무너무 맛있습니다 ㅠㅠ 혼자 반판을 먹어버렸네요 ㅠㅠ 사실 다 먹을 수 있을 것 같은데 신랑오면 좀 먹이려고요 ㅠㅠㅠㅠ 자주 주문하겠습니다!! 너무 맛있는 피자 정말 감사드려요!!!,포테이토 피자 L/1
222,맛ㄴㅅ게 잘묵엇어요,슈퍼슈프림 피자 L/1(L사이즈 추가선택(골드추가))
223,😁😁😁😁😁😁😁😁😁😁,"하와이언 피자 M/1(M사이즈 추가선택(치즈크러스트 추가)),버팔로윙 5개/1,콜라 1.25L/1"
224,넘모넘모맛잇게잘먹엇습니다,슈퍼슈프림 피자 M/1(M사이즈 추가선택(치즈크러스트 추가))
225,양도 적당하고 맛있네요,스위트고구마 피자 L/1
226,맛있어요~또먹어요~,슈퍼슈프림 피자 L/1
227,맛있었어요 다시 시키고 싶네요!,"대박세트（오리지널크러스트 L＋치즈오븐스파게티＋콜라 1.25L）/1(명품 오리지널크러스트 선택(포테이토 피자L),추가 선택 L(씬도우 추가)),핫소스 1개/2,치즈가루 1개/2,갈릭디핑소스/2"
228,많이 식어와서 좀 딱딱한 감이 있었네요.,슈퍼슈프림 피자 M/1(M사이즈 추가선택(치즈크러스트 추가))
229,맛있어요~~~~~~~,슈퍼슈프림 피자 L/1
230,양도 괜찮고 맛도 괜찮았습니다.,"SET1（명품오리지널피자 L＋치즈스틱 5개＋버팔로윙 5개＋콜라 1.25L）/1(SET메뉴 피자선택(핫치킨피자L),L 추가 선택(치즈크러스트 추가))"
231,오늘도 너무나 맛있습니다 치즈오븐스파게티도 맛있어요^^,"SET5（명품프리미엄피자L＋버팔로윙 5개 or 치즈스틱 5개＋치즈오븐스파게티＋콜라 1.25L）/1(명품 프리미엄피자 선택(갈릭스테이크 피자),L 추가 선택(치즈크러스트 추가),추가 선택(치즈스틱5개))"
232,여기 맛집(브랜드)군요! 치즈 맛이 진짜 좋네요,허니버터 포테이토 피자 L/1(L사이즈 추가선택(치즈크러스트 추가))
233,배달왔을때 거의 식어있어서 치즈크러스트가 굳었더라구용..ㅠㅠ개인적으로 하와이안피자에는 햄+파인애플의 조합이 중요하다고 생각했는데 토마토소스 베이스+파인애플+치즈 끝이네용! 햄은 못찾았어요..ㅎㅎ 어딘가 모르게 아쉬운 맛이었어요. 양은 레귤러 시켜도 라지보다 조금 작은 크기에 6조각 나와서 3명이서 배불리 먹었네요! 맛은 그냥..ㅠㅠ,하와이언 피자 M/1(M사이즈 추가선택(치즈크러스트 추가))
234,포테이토 피자 강추 ^.^,"명품 오리지널 피자 L 두판/1(명품오리지널두판피자（L）선택1(포테이토피자L),명품오리지널두판피자（L）선택2(슈퍼슈프림피자L)),콜라 1.25L/1"
235,배달 빠르고 맛있습니다,"SET2（명품오리지널피자 L＋버팔로윙 5개 or 치즈스틱 5개＋치즈오븐스파게티＋콜라 1.25L）/1(SET메뉴 피자선택(하와이언피자L),추가 선택(버팔로윙5개))"
236,매번 너무 잘먹고있어요~~ 너무맛있어요 ㅎㅎ,핫치킨 피자 M/1
237,배고파서 그런지 양이 작았지만 역시 맛은 임실피자 좋아요!!,"SET2（명품오리지널피자 L＋버팔로윙 5개 or 치즈스틱 5개＋치즈오븐스파게티＋콜라 1.25L）/1(SET메뉴 피자선택(슈퍼슈프림피자L),L 추가 선택(치즈크러스트 추가),추가 선택(버팔로윙5개))"
238,진짜 짱짱 맛있어요 오늘 시험점수가 잘나와서 재일 맛있다는 임실치즈피자 시켜먹었어요!!!! 현장에서 현금결재하는데 5만원권이라서 중간에 문제가 있었지만 그래도 피자가 너무 맛있어서 다시 행복해졌어요!!! 너무 맛있어요 또 사먹을게요♡♡ 맛있는 피자만들어 주셔서 감사합니다~,슈퍼슈프림 피자 L/1(L사이즈 추가선택(치즈크러스트 추가))
239,매번 치킨만 시켜먹다가 피자가 먹고싶어서 처음시켜봤는데 맛있습니다. 도우에 치즈크러스트 추가하려다가 안했는데 기본도 맛있네요. 오늘은 처음주문이라 그냥 무난한 맛으로 주문했는데 다음에는 다른맛으로도 시켜먹어보고싶습니다~! 잘먹었습니다~!,"슈퍼슈프림 피자 L/1,핫소스 1개/1,갈릭디핑소스/1,피클/1,콜라 1.25L/1"
240,존맛 그 자체 최고 존엄,"포테이토 피자 L/1(L사이즈 추가선택(치즈크러스트 추가)),콜라 1.25L/1"
241,"간만에 배달 주문 해서 잘 먹었습니다. 그런데 토핑 추가 했는데 추가 되서 온건지 의문입니다. 기존에도 토핑은 많았 던 점포라서... 잘 모르겠더라구요, 그 전과의 차이를....","슈퍼슈프림 피자 M/1(M사이즈 추가선택(치즈크러스트 추가,토핑추가)),치즈가루 1개/1,콜라 500mL/1"
242,피자별로안좋아하는데먹은것중에제일맛있었음 굿.,불고기 피자 M/1
243,👍👍👍👍👍,"포테이토 피자 M/1,콜라 1.25L/1"
244,피자는 늘 옳아요. 일인 일판 ㅋㅋ,포테이토 피자 M/1(M사이즈 추가선택(치즈크러스트 추가))
245,양도 많고 소스도 많이 주시고 배달도 예정시간보다 빠르고 완전 만족합니다,SET1（명품오리지널피자 L＋치즈스틱 5개＋버팔로윙 5개＋콜라 1.25L）/1(SET메뉴 피자선택(치즈피자L))
246,맛있게 잘 먹었습니다! 도우가 얇고 토핑이 많아서 더 맛있었어요~,허니버터 포테이토 피자 M/1
247,맛있어요^^^^^^^,슈퍼슈프림 피자 M/1
248,맛있게 잘 먹었습니다. 짱!,
249,치즈가 많이 올라와서 너무 좋아요 ♥♥ 근데 한 조각 크기가 커서 먹기 좀 힘들었어요 요청하면 8조각으로 잘라주시나요?,"쉬림프골드 피자 M/1,사이다 500mL/1"
250,맛있게 잘 먹었습니다,"불고기 피자 M/1,슈퍼슈프림 피자 L/1(L사이즈 추가선택(치즈크러스트 추가)),콜라 1.25L/1"
251,맛있게 잘 먹었습니다,"슈퍼슈프림 피자 L/1(L사이즈 추가선택(치즈크러스트 추가)),콜라 1.25L/1"
252,맛있어서 또기킬려구요,
253,조금 비싸긴 하지만 비싼 값을 하는 피자!! 맛있게 잘 먹었습니당,"포테이토 피자 M/1(M사이즈 추가선택(씬도우 추가)),핫소스 1개/1,치즈가루 1개/1"
254,맛있는 피자라면 임실...,"슈퍼슈프림 피자 L/1(L사이즈 추가선택(골드추가)),사이다 1.25L/1"
255,맛있고 배달도빨라서 좋아요~!,"슈퍼슈프림 피자 L/1,콜라 1.25L/1"
256,아 사진찍는 것도 까먹고 다 먹어버렸을 정도로 정말 맛있었어요ㅠㅠㅠㅠ 배달도 예정보다 빨리 와주시고 양도 맛도 만족스러운 식사였습니다. 감사합니다:D,"허니버터 포테이토 피자 L/1,핫소스 1개/2,갈릭디핑소스/1,콜라 1.25L/1"
257,24시간이라 너무 편하고 맛도 좋아용,"베이컨체다프라이 피자 L/1(L사이즈 추가선택(치즈크러스트 추가)),콜라 1.25L/1"
258,고구마가 맛있고 치즈크러스트라 너무 좋았어요!,스위트고구마 피자 L/1(L사이즈 추가선택(치즈크러스트 추가))
259,맛있어요~~~~~~,스위트고구마 피자 M/1
260,맛잇고배달도빨리와서좋았습니다,
261,도우가 정말 맛있어요 쫄깃,갈릭스테이크 피자 L/1
262,진짜 맛나요 치즈도 최고,"더블치킨찹스테이크 피자 L/1(L사이즈 추가선택(치즈크러스트 추가)),콜라 1.25L/1"
263,맛있게 잘먹었습니다,"대박세트（오리지널크러스트 L＋치즈오븐스파게티＋콜라 1.25L）/1(명품 오리지널크러스트 선택(페파로니 피자L)),핫소스 1개/1,치즈가루 1개/2,갈릭디핑소스/2"
264,굿 맛있습니다. ^^^^,"포테이토 피자 M/1,콜라 500mL/1"
265,Very good pizza,페파로니 피자 M/1
266,미쳐써욤 짱맛...,"슈퍼슈프림 피자 M/1,갈릭디핑소스/1"
267,도우는 쫀득&담백 부담이 없네요 도우에 큰 점수를 주고 싶습니다 소스는 제건 좀 많이 발렸나봐요 짜지 않다는 리뷰 보고 시켰는데 쬐금 짜용 ㅎㅎ,"슈퍼슈프림 피자 M/1,콜라 500mL/1"
268,배달 빠르고 맛있게 먹었습니다~,"불고기 피자 M/1,사이다 500mL/1"
269,여기 맛있음 피자기본에 충실한맛... 스파게티도 맛남 세트로시키길 추천,대박세트（오리지널크러스트 L＋치즈오븐스파게티＋콜라 1.25L）/1(명품 오리지널크러스트 선택(슈퍼슈프림 피자L))
270,"리얼굳 친절, 음식",
271,주문하고 40분 소요 됐구요 맛은 매콤하면서 도우는 쫄깃하도 좋았어요 양도 먹을만하구요,슈퍼슈프림 피자 L/1
272,처음시켜봤는데 너무너무 맛있어요! 도우도 담백하고 그렇게 두껍지도 않아서 먹기에 부담이 없어요. 감자도 크고 해서 M시켰지만 아쉬움 없이 먹을거 같아요. 잘 먹겠습니다^^,포테이토 피자 M/1
273,맛있어서 싹 먹었어요 더 좋은 피자집 되시길~,슈퍼슈프림 피자 L/1
274,흠...........,스위트고구마 피자 M/1
275,저희주소 오는 배달원 바꿔주시죠.. 무슨 올때마다 내려와서 받으라고 전화하나요 이번엔 안받앗더니 현관문에서 엄청 궁시렁 대시고 피자박스도 되게 찌끄러져있고 안에 피자도 한쪽으로 팍 쏠려서 반은 거의 접힌 수준이엇습니다 맛과 양은 만점인데 배달원은 진짜 영 아닙니다,"SET2（명품오리지널피자 L＋버팔로윙 5개 or 치즈스틱 5개＋치즈오븐스파게티＋콜라 1.25L）/1(SET메뉴 피자선택(슈퍼슈프림피자L),추가 선택(버팔로윙5개))"
276,배달도 빠르고 피자도 맛있습니다. 다음에 또 주문할게요~,"슈퍼슈프림 피자 L/1(L사이즈 추가선택(치즈크러스트 추가)),콜라 1.25L/1"
277,맛있었어요 감사합니다,"허니버터 포테이토 피자 L/1,콜라 1.25L/1"
278,정말 맛있었어요 ~ 감사합니다 :),"SET2（명품오리지널피자 L＋버팔로윙 5개 or 치즈스틱 5개＋치즈오븐스파게티＋콜라 1.25L）/1(SET메뉴 피자선택(치즈피자L),추가 선택(치즈스틱5개))"
279,피자는 바껴서 오고 배달도 늦고 .. 다음엔 제대로 부탁드립니다. 한시간이나 기다렸는데 주문한 피자 못먹는건 좀 그렇잖아요.. 피자는 맛있어요 근데 스파게티에도 감자넣는건 별로인거같네요.. 맛없어요,"SET2（명품오리지널피자 L＋버팔로윙 5개 or 치즈스틱 5개＋치즈오븐스파게티＋콜라 1.25L）/1(SET메뉴 피자선택(불고기피자L),추가 선택(치즈스틱5개))"
280,진짜맛있어요+!! 가성비도최고ㅎㅎ,허니버터 포테이토 피자 M/1(M사이즈 추가선택(치즈크러스트 추가))
281,맛있엉.........,"슈퍼슈프림 피자 M/1(M사이즈 추가선택(치즈크러스트 추가)),콜라 500mL/1"
282,짱 맛있어요 ~~~고구마 강!!추~,스위트고구마 피자 L/1
283,맛있어요 씬도우로 먹으니 부담이적어요,"쉬림프골드 피자 L/1(L 피자 치즈 추가(씬도우 추가,토핑추가)),콜라 1.25L/1"
284,맛있었어요 빨리 왔구요,대박세트（오리지널크러스트 L＋치즈오븐스파게티＋콜라 1.25L）/1(명품 오리지널크러스트 선택(슈퍼슈프림 피자L))
285,진짜 맛있어요!!! 근데 약간 짠거 같기도 해요 먹고나서 물 엄청 마시게 되더라구요ㅠㅜㅜ 그래도 콤비네이션 피자 중에 젤 맛난거 같아요,슈퍼슈프림 피자 M/1
286,굿굿굿굿굿굿굿굿굿굿,
287,조금 식었지만 맛있었어요,"슈퍼슈프림 피자 M/1(M사이즈 추가선택(치즈크러스트 추가)),콜라 500mL/1"
288,굿 맛있어요. 추천합니다.,"SET2（명품오리지널피자 L＋버팔로윙 5개 or 치즈스틱 5개＋치즈오븐스파게티＋콜라 1.25L）/1(SET메뉴 피자선택(스위트고구마피자L),추가 선택(버팔로윙5개))"
289,맛있어요 스파게티에 올라간게 감자인가? 다맛있어요,"SET2（명품오리지널피자 L＋버팔로윙 5개 or 치즈스틱 5개＋치즈오븐스파게티＋콜라 1.25L）/1(SET메뉴 피자선택(슈퍼슈프림피자L),L 추가 선택(골드추가),추가 선택(버팔로윙5개))"
290,와너무 맛있어요!! 배달하시는뷴 너무 친절하세용,"슈퍼슈프림 피자 L/1(L사이즈 추가선택(치즈크러스트 추가)),치즈오븐스파게티/1,갈릭디핑소스/2,콜라 500mL/1"
291,무난한 피자가 먹고싶을 때,슈퍼슈프림 피자 M/1(M사이즈 추가선택(치즈크러스트 추가))
292,30분안에와서 좋았어요! 싱겁다는 리뷰가 있어서 기대했는데 소스를 팍팍 넣어주셨는지 저는 좀짰네요. 같이먹은 동생은 맛있게 잘먹었어요. 담에 또 시킬게요~,불고기 피자 L/1
293,두번째 시켰에요.맛있어요.,하와이언 피자 M/1
294,진짜 맛있어요!!추천,"하와이언 피자 M/1,콜라 1.25L/1"
295,짱맛있어요,슈퍼슈프림 피자 M/1(M사이즈 추가선택(치즈크러스트 추가))
296,다좋아요. 너무좋아요,스위트고구마 피자 L/1(L사이즈 추가선택(치즈크러스트 추가))
297,맛있고 배달빨라 좋았어요,"치즈오븐스파게티/1,미트소스스파게티/1,콜라 1.25L/1"
298,"친구랑 간단하게 피맥하려고 시켰어요! 무난무난하게 맛있었습니다. 일반 피자랑은 다르게 곡물도우에다가 ,, 제가 느끼기엔 덜 짠 것 같았어요. 건강한 맛 :) 작은 사이즈 시켰는데도 토핑도 듬뿍듬뿍 올라가 있어서 배불렀어요. 조금 아쉬운 점이 있다면 치즈 크러스트 추가했는데 치즈가 생각했던 것보다 좀 적었던 거 ,,? 그거 빼고는 다 좋았어요. 감사합니당! ❤️",불고기 피자 M/1(M사이즈 추가선택(치즈크러스트 추가))
299,늦지 않게 와서 잘 먹었습니다,대박세트（오리지널크러스트 L＋치즈오븐스파게티＋콜라 1.25L）/1(명품 오리지널크러스트 선택(페파로니 피자L))
300,간밤에피자가너무먹고싶었는데너무맛있게잘먹었어요,슈퍼슈프림 피자 M/1(M사이즈 추가선택(치즈크러스트 추가))
301,맛잇어요 잘먹었습니다~,슈퍼슈프림 피자 M/1
302,맛도 양도 아주좋습니다!!! 저는 피자 항상 여기서 포테이토를시켜먹는데 먹어도먹어도 생각납니다 추천👍🏻,"포테이토 피자 M/1,사이다 500mL/1"
303,양이 엄청 많아서 가족끼리 먹기좋았어요,슈퍼슈프림 피자 L/1
304,배달빠르고 맛도있었어요 ~~,"스위트고구마 피자 L/1(L사이즈 추가선택(골드추가)),치즈스틱 5개/1,콜라 1.25L/1"
305,맛도 좋고 다좋았습니다ㅎㅎ 그런데 배달이 좀 안좋네요... 요즘은 매장에서 직접배달안하고 배달대행업체통해서 배달하는 추세인거같은데 오늘 배달 오신분은 너무 늦게 오시고 기분나쁘게 불친절하시고..좀 아쉬움을 넘어서 기분이 안좋네요...미안하다는 말한마디만 했었어도 그런가보다 했을텐데..덕분에 미지근하게 식은 피자를 속상하게 스케쥴 늦어가며 먹었네요...! 전화해서 따지자니 사장님잘못은 아니니까 엉뚱한분께만 따지는꼴이 되서...리뷰에 배달에 대한 별점줄수있어서 리뷰로 대신합니다! 비록 배달은 좀 많이 안좋지만 맛은 식어도 맛있었어요~,
306,간만에 정말 맛나게 드시는엄마를 보고 넘 만족했어요! 피자 안좋아하시는데 맛있다며 잘 드시더라고요!,"SET2（명품오리지널피자 L＋버팔로윙 5개 or 치즈스틱 5개＋치즈오븐스파게티＋콜라 1.25L）/1(SET메뉴 피자선택(슈퍼슈프림피자L),추가 선택(치즈스틱5개))"
307,good good,"하와이언 피자 M/1(M사이즈 추가선택(치즈크러스트 추가,치즈추가,씬도우 추가,토핑추가)),치즈오븐스파게티/1"
308,맛도좋고 배달도빨라요 좋아요. 또시켜먹을거같아요,스위트고구마 피자 M/1(M사이즈 추가선택(치즈크러스트 추가))
309,새벽에 배달하신 분께 죄송한 마음이 드네요ㅠ 그래도 수고해주신 덕에 맛있게 먹었습니다,"SET2（명품오리지널피자 L＋버팔로윙 5개 or 치즈스틱 5개＋치즈오븐스파게티＋콜라 1.25L）/1(SET메뉴 피자선택(슈퍼슈프림피자L),추가 선택(버팔로윙5개))"
310,Good!!!!!!,불고기 피자 M/1
311,맛과 배달이 좋았습니다,SET A（명품오리지널피자L＋훈제치킨＋콜라 1.25L）/1(SET메뉴 피자선택(불고기피자L))
312,맛있어요 맛있어요 10자,슈퍼슈프림 피자 M/1
313,처음 시켜먹는데 배송도 빠르고 완전 맛있었어요!!!골드 추가했더니 더 맛있더라고요! 다음에 또 시켜먹을게요!,슈퍼슈프림 피자 M/1(M사이즈 추가선택(골드추가))
314,맛있어요 배달하시는분도 괜찮고,야채 피자 M/1
315,맛있어요 추천 합니다,치즈 피자 M/1(M사이즈 추가선택(치즈크러스트 추가))
316,맛있게 잘먹었습니다~~,"페파로니 피자 L/1,치즈스틱 5개/1,치즈오븐스파게티/1,갈릭디핑소스/2"
317,치즈가 가 괜찮은거 같음,대박세트（오리지널크러스트 L＋치즈오븐스파게티＋콜라 1.25L）/1(명품 오리지널크러스트 선택(슈퍼슈프림 피자L))
318,맛있게 잘먹었습니다 :),"SET3 （명품오리지널피자 L＋치킨텐더 6개＋치즈오븐스파게티＋콜라 1.25L）/1(SET메뉴 피자선택(스위트고구마피자L),L 추가 선택(치즈크러스트 추가))"
319,먹으면서 쓰고 있어용 ㅋㅋ 양도 푸짐하고 맛있어요~ 생얼이 창피해서 음식은 현관문 앞에 두고 가시라고 주문사항 남겼더니~배달하시는 분께서 친절하게 전화까지 하시고~현관문 앞에 두고 가면 누가 가져가는거 아닌지~걱정도 해주시고~너무 친절 하십니다~!!!,"SET2（명품오리지널피자 L＋버팔로윙 5개 or 치즈스틱 5개＋치즈오븐스파게티＋콜라 1.25L）/1(SET메뉴 피자선택(핫치킨피자L),추가 선택(치즈스틱5개))"
320,웬만한 피자 L만큼 양이 많았고 도우도 맛있었어요ㅋㅋ,슈퍼슈프림 피자 M/1
321,맛있네요 추천합니다 짱,슈퍼슈프림 피자 L/1
322,양도 많고 맛도 나요,"SET2（명품오리지널피자 L＋버팔로윙 5개 or 치즈스틱 5개＋치즈오븐스파게티＋콜라 1.25L）/1(SET메뉴 피자선택(핫치킨피자L),추가 선택(치즈스틱5개))"
323,배달온 피자의 반이 날아갔네요. 이런 최악의 배달 처음이에요 1시간 기다려서 받았는데,"SET A（명품오리지널피자L＋훈제치킨＋콜라 1.25L）/1(SET메뉴 피자선택(스위트고구마피자L),L사이즈 추가선택(치즈크러스트 추가)),갈릭디핑소스/2"
324,자주시켜먹는 피자집 맛있고 매우친절,슈퍼슈프림 피자 L/1
325,진짜맛있었어요~~~~!!!!,포테이토 피자 L/1
326,콜라가 업는게 아쉽지만... 맛은 언제나 옳아요,"SET1（명품오리지널피자 L＋치즈스틱 5개＋버팔로윙 5개＋콜라 1.25L）/1(SET메뉴 피자선택(불고기피자L),L 추가 선택(골드추가,치즈크러스트 추가)),갈릭디핑소스/2,피클/1"
327,두판이라 배달이 조금 오래걸린감이있디만 만족해요!,"불고기 피자 M/1,스위트고구마 피자 M/1,콜라 1.25L/1"
328,★★★★★,"스위트고구마 피자 L/1(L사이즈 추가선택(치즈크러스트 추가)),치즈스틱 10개/1"
329,ㄹㅇ 맛있네요 다음에또시켜야징,"슈퍼슈프림 피자 L/1,콜라 1.25L/1"
330,생각보다는 별루였어요 너무 기대했나봅니다,"명품 오리지널 피자 L 두판/1(명품오리지널두판피자（L）선택1(핫치킨피자L),피자1. 추가선택(치즈크러스트 추가),명품오리지널두판피자（L）선택2(슈퍼슈프림피자L))"
331,다른건 다 마음에 들었는데 배달시간이 조금오래 걸리네요.,"명품 오리지널 피자 L 두판/1(명품오리지널두판피자（L）선택1(불고기피자L),명품오리지널두판피자（L）선택2(치킨바베큐피자L)),감자튀김/1,버팔로윙 10개/1,콜라 1.25L/1"
332,친구가 휴가나와서 시켰는데 둘 다 맛있게 잘 먹었습니다ㅎㅎ 다른 메뉴들도 먹어보고 싶네요,"SET2（명품오리지널피자 L＋버팔로윙 5개 or 치즈스틱 5개＋치즈오븐스파게티＋콜라 1.25L）/1(SET메뉴 피자선택(슈퍼슈프림피자L),추가 선택(버팔로윙5개))"
333,"베이컨포테이토 라지시켜서 먹었는데, 2명에서 먹기에 양도 적당하고 맛도 좋았어요. 추운 날씨에도 일찍 배달해주셔서 맛있게 잘 먹었습니다.","포테이토 피자 L/1,콜라 1.25L/1"
334,맛나네요 잘먹었습니다,"페파로니 피자 L/1,콜라 500mL/1"
335,처음 시켜봤는데 배달도빠르고 좋네요!!!,페파로니 피자 L/1
336,맛있어요!! 치킨 텐더도 맛있고 피자도 기대한 만큼 맛있었어요!,SET3 （명품오리지널피자 L＋치킨텐더 6개＋치즈오븐스파게티＋콜라 1.25L）/1(SET메뉴 피자선택(불고기피자L))
337,맛있어요! 완전 추천!!,슈퍼슈프림 피자 M/1
338,처음 시켜먹어봤는데 정말 맛있었어요,대박세트（오리지널크러스트 L＋치즈오븐스파게티＋콜라 1.25L）/1(명품 오리지널크러스트 선택(치즈 피자L))
339,양이 진짜 장난아니게 많이 왔어요! 배부르게 잘 먹었습니다ㅎㅎ 골드링도 치즈크러스트도 좋았어요!! 앞으로도 잘 부탁드립니다ㅏ,"SET2（명품오리지널피자 L＋버팔로윙 5개 or 치즈스틱 5개＋치즈오븐스파게티＋콜라 1.25L）/1(SET메뉴 피자선택(슈퍼슈프림피자L),L 추가 선택(골드추가,치즈크러스트 추가),추가 선택(버팔로윙5개))"
340,치즈 추가해서 먹었더니... 꿈에 치즈되는꿈 꿨어요 헐,치즈 피자 M/1(M사이즈 추가선택(치즈추가))
341,먹을수록 먼가 좀 아쉬웠습니다 느끼하기도 했고요,SET1（명품오리지널피자 L＋치즈스틱 5개＋버팔로윙 5개＋콜라 1.25L）/1(SET메뉴 피자선택(슈퍼슈프림피자L))
342,빨리오고 친절했어요~,"불고기 피자 L/1(L사이즈 추가선택(치즈크러스트 추가)),콜라 1.25L/1"
343,평일 새벽 1~2시에 피자 배달 되는 곳 잘 없는데 너무 맛있는 피자 잘 먹었습니다^^ 다음에 또 시킬게요 ㅎㅎ,스위트고구마 피자 M/1(M사이즈 추가선택(골드추가))
344,맛나게 먹었읍니당 담에 또 먹으께요,"슈퍼슈프림 피자 M/1(M사이즈 추가선택(치즈크러스트 추가,씬도우 추가))"
345,너무 맛있어요~나중에 다시 올 거예요,불닭 피자 M/1
346,맛있고 배달도 빨랐어요 :),쉬림프골드 피자 L/1
347,맛잇어요ㅎㅎㅎㅎㅎㅇㅎㅎㅎㅇㅇ,슈퍼슈프림 피자 M/1
348,맛있었어요~~ 다음에 또 주문할게요,핫치킨 피자 L/1
349,맛있게 잘 먹었습니다!,불고기 피자 M/1
350,"피자두 맛있구 콜라두 ""코카콜라""라 매우 만족합니다 !!! 둘이서 배터지게 먹었어욥 !!",SET1（명품오리지널피자 L＋치즈스틱 5개＋버팔로윙 5개＋콜라 1.25L）/1(SET메뉴 피자선택(페파로니피자L))
351,.............,SET1（명품오리지널피자 L＋치즈스틱 5개＋버팔로윙 5개＋콜라 1.25L）/1(SET메뉴 피자선택(포테이토피자L))
352,빠른배송으로 뜨끈뜨끈하게 피자 잘 받았어요 ~ 오늘도 맛있네요 👍,"쉬림프골드 피자 M/1,콜라 500mL/1"
353,갑자기 피자가 먹고싶어서 시킨 임실치즈피자-스위트고구마피자!! 처음먹어본 피자이지만 후회없는 결정이였다 고구마도 맛있고 피자 자체에 피자치즈가 많아서 좋았다 ㅎㅎㅎㅎ 맛도 좋고 양도 좋고 배달시간도 좋다 별 다섯개 받을만한곳!! 피자만드시고 배달하시느라 수고하십니다!! 감사합니다,스위트고구마 피자 L/1
354,양도많고 도우가 쫄깃해서 조아요!,"포테이토 피자 M/1(M사이즈 추가선택(골드추가)),콜라 1.25L/1"
355,콜라도 없고 버팔로윙은 비싸네용ㅠㅠ 아쉬워요 맛은 그럭저럭 먹을만했는데 약간 짠것 같았습니다! 그래도 잘 먹었어요ㅎ,"포테이토 피자 M/1,버팔로윙 5개/1"
356,음........맛있긴한데 빵부분이... 고구마부분도...너무없어요 그냥 그냥 그래요...,SET1（명품오리지널피자 L＋치즈스틱 5개＋버팔로윙 5개＋콜라 1.25L）/1(SET메뉴 피자선택(포테이토피자L))
357,맛있었어요~ㅎㅎㅎ 둘이서 한판 다 먹었습니다.,쉬림프골드 피자 L/1
358,다음엔 치즈크러스트 안시켜야 겠어요ㅠ 여기처럼 치즈가 적은 치즈크러스트는 처음봤네요ㅠ,"스위트고구마 피자 L/1(L사이즈 추가선택(치즈크러스트 추가)),콜라 1.25L/1"
359,언제나 맛있는 피자에요,"스위트고구마 피자 L/1(L사이즈 추가선택(치즈크러스트 추가)),콜라 1.25L/1"
360,배달이 빠르고 맛나게 먹었어요~ 근데 콜라는 따로 주문을 해야했는가봐요ㅠㅠㅠㅠ,치킨바베큐 피자 L/1(L사이즈 추가선택(치즈크러스트 추가))
361,항상 같은 메뉴만 먹어요 ㅋㅋㅋ맛있으니깐 피자가 두툼하고 배엄청 불러요 ㅎㅎ,"SET2（명품오리지널피자 L＋버팔로윙 5개 or 치즈스틱 5개＋치즈오븐스파게티＋콜라 1.25L）/1(SET메뉴 피자선택(포테이토피자L),추가 선택(버팔로윙5개))"
362,그냥 평범해요. 별로. .,슈퍼슈프림 피자 L/1(L사이즈 추가선택(치즈크러스트 추가))
363,맛있어요! 도우도 밋밋하지않고 토핑도 적은건 아니고 좋아요,"포테이토 피자 L/1,콜라 500mL/1"
364,맛있게 잘먹었어요 ㅎㅎ,"슈퍼슈프림 피자 M/1(M사이즈 추가선택(치즈추가)),치즈오븐스파게티/1,콜라 500mL/1"
365,잘 먹었습니다~~~~,하와이언 피자 M/1
366,맛있게먹어습니다,베이컨체다프라이 피자 M/1(M사이즈 추가선택(골드추가))
367,따끈따끈~ 배달빠르고 맛나요 가성비짱~!!,"슈퍼슈프림 피자 M/1(M사이즈 추가선택(치즈크러스트 추가)),버팔로윙 5개/1,갈릭디핑소스/1"
368,언제나 맛나용 남으면 보관했다가 데워서 다시 먹는데 그래도 꿀맛이에용,"SET12（명품골드피자L＋치즈오븐스파게티＋치킨텐더 6개＋콜라 1.25L）/1(골드피자 선택(베이컨포테이토골드 피자L),추가 선택 M(치즈 추가,토핑 추가)),핫소스 1개/2,치즈가루 1개/1,갈릭디핑소스/1"
369,야식으로 먹었는데 배달 빠르고 맛도 괜찮았음 스파게티도 그냥 보통은 되는것 같음,"허니버터 포테이토 피자 M/1,미트소스스파게티/1,갈릭디핑소스/1,콜라 500mL/1"
370,그냥 먹을만 했어요,페파로니 피자 M/1
371,너무 맛있어요. 배달 하신 분도 너무 친절해요.,슈퍼슈프림 피자 M/1
372,배달도 빠르고 맛도 좋아요! 포테이토 좋아해서 맨날 포테이토 시키는데 여기는 감자가 커서 더 좋아요+_+,SET1（명품오리지널피자 L＋치즈스틱 5개＋버팔로윙 5개＋콜라 1.25L）/1(SET메뉴 피자선택(포테이토피자L))
373,맛잇엇어용ㅎㅎㅎㅎㅎ,대박세트（오리지널크러스트 L＋치즈오븐스파게티＋콜라 1.25L）/1(명품 오리지널크러스트 선택(슈퍼슈프림 피자L))
374,슈퍼슈프림에 치즈추가해서 잘 먹었습니다. 남은 피자 얼려뒀다가 해동해서 먹었는데 도우가 더 쫄깃바삭해져서 식감꿀맛이었어요. 치즈스틱이랑 버팔로윙도 맥주안주로 끝내줌. 겨울엔 집에서 밀린드라마 보면서 피맥이 짱이쥬. 배달해주시는 아저씨도 옴청나게 친절하셔서 감사했어요 추운날 배달해주셔서 감사합니다. 덕분에 맛있는 음식 따뜻하게 잘 먹었어요.,"SET1（명품오리지널피자 L＋치즈스틱 5개＋버팔로윙 5개＋콜라 1.25L）/1(SET메뉴 피자선택(슈퍼슈프림피자L),L 추가 선택(치즈추가)),갈릭디핑소스/1"
375,배달이 빨라서 치즈 늘어나게해서 잘먹었어요!,핫치킨 피자 L/1
376,골드리치 개꿀입니당....맛잇어요,슈퍼슈프림 피자 L/1(L사이즈 추가선택(골드추가))
377,매일 시켜먹는데 이제는 소스도 더 챙겨주시는 것 같아요 ㅋㅋㅋ 시킨 것보다 더 오고 맛도 여기가 제일 좋아서 매일 여기서만 시켜먹습니다! 배달도 적당하고 아주 좋음,"SET12（명품골드피자L＋치즈오븐스파게티＋치킨텐더 6개＋콜라 1.25L）/1(골드피자 선택(베이컨포테이토골드 피자L),추가 선택 M(치즈 추가,토핑 추가)),핫소스 1개/3,치즈가루 1개/2,갈릭디핑소스/2"
378,이번에도 맛있어요.,SET1（명품오리지널피자 L＋치즈스틱 5개＋버팔로윙 5개＋콜라 1.25L）/1(SET메뉴 피자선택(슈퍼슈프림피자L))
379,맛ㅇㅅ엇어요.. 굳굳,"포테이토 피자 L/1,콜라 500mL/1"
380,진짜 맛있게 먹었습니다.,불고기 피자 M/1(M사이즈 추가선택(골드추가))
381,고구마피자 시켰는데 페퍼로니가 왔어요 새벽이라 그냥 참고 먹었는데 이런거 신경잘써줬으면 좋겠네요,스위트고구마 피자 L/1(L사이즈 추가선택(치즈크러스트 추가))
382,괜찮아요 가격대비 좋음,베이컨체다프라이 피자 L/1(L사이즈 추가선택(치즈크러스트 추가))
383,양이나 가격이나 배달 다 좋았지만 맛에서 조오오오금 떨어졌어요! 페페로니는 원래 좀 매콤한 향이 나는게 좋은데 그런게 없더라구요,"SET1（명품오리지널피자 L＋치즈스틱 5개＋버팔로윙 5개＋콜라 1.25L）/1(SET메뉴 피자선택(페파로니피자L),L 추가 선택(치즈크러스트 추가))"
384,맛잇엇어요ㅠㅠ 늦은시간 배달도 죄송햇지만..,"슈퍼슈프림 피자 M/1,콜라 1.25L/1"
385,맛있어요! 간도 맞고 잘먹었습니다,"SET2（명품오리지널피자 L＋버팔로윙 5개 or 치즈스틱 5개＋치즈오븐스파게티＋콜라 1.25L）/1(SET메뉴 피자선택(스위트고구마피자L),L 추가 선택(골드추가),추가 선택(버팔로윙5개))"
386,피자에감자도 많고 베이컨도 많고 도우도 진짜 맛있고 애가 훈제치킨이 맛있는지 다리를 두개나 다먹었네요!!,SET A（명품오리지널피자L＋훈제치킨＋콜라 1.25L）/1(SET메뉴 피자선택(포테이토피자L))
387,너무 맛있었어요ㅎㅎ 다음에도 다시 시켜먹겠습니다!,"SET10（명품골드피자L＋버팔로윙 5개＋치즈스틱 5개＋콜라 1.25L）/1(골드피자 선택(베이컨포테이토골드 피자L),추가 선택 M(치즈크러스트 추가))"
388,맛있습니다.추천해요,슈퍼슈프림 피자 L/1
389,맨날 매겨야 겠어요 ㅋㅋ,"SET2（명품오리지널피자 L＋버팔로윙 5개 or 치즈스틱 5개＋치즈오븐스파게티＋콜라 1.25L）/1(SET메뉴 피자선택(불고기피자L),추가 선택(버팔로윙5개))"
390,외국놈 매겼는데 맛있다고 환장 하네요,불고기 피자 M/1
391,m사이즈였는데 양은진짜많았어요! 맛있긴했는데 스파케티가 밍밍해서아쉬웠어요ㅠㅠ 그래도꿀맛!,"불고기 피자 M/1(M사이즈 추가선택(치즈크러스트 추가)),치즈오븐스파게티/1,버팔로윙 5개/1,핫소스 1개/1,허니머스타드소스/1,갈릭디핑소스/1,피클/1"
392,고기 많네요~~ 배달이 좀 느렸지만 잘 먹었어요.,"불고기 피자 L/1(L사이즈 추가선택(치즈크러스트 추가)),갈릭디핑소스/7"
393,치킨텐더는 별로였지만 피자는 맛있었어요!,"슈퍼슈프림 피자 M/1,치킨텐더 6개/1"
394,맛있게 잘먹었으용.,"명품 오리지널 피자 L 두판/1(명품오리지널두판피자（L）선택1(불고기피자L),명품오리지널두판피자（L）선택2(슈퍼슈프림피자L)),콜라 1.25L/1"
395,첨 먹어 봤는데 맛있고 좋았음 피자는 그러나 스파게티는 역시 평범 하였음 피자는 만족 스파게티는 보통,"포테이토 피자 M/1,미트소스스파게티/1,콜라 500mL/1"
396,흠 먹어봐야 알 수 있습니다.,"포테이토 피자 M/1,갈릭디핑소스/1"
397,맛있어요! 배달도 엄청 빠르고. 근데 기름기가 엄청 많아서 빨리 느끼해져요. 느끼한거 잘 드시는 분은 상관없을것같아요.,포테이토 피자 M/1(M사이즈 추가선택(골드추가))
398,오븐치킨 맛있네요 피자도 흑미도우?라 더 맛있는듯 날씨춥고 길도 안좋은데 시간 딱 맞춰주셨네요!!,SET A（명품오리지널피자L＋훈제치킨＋콜라 1.25L）/1(SET메뉴 피자선택(슈퍼슈프림피자L))
399,맛나게 무것네요!!8,슈퍼슈프림 피자 L/1
400,피자 무난하게맛있어요!,"포테이토 피자 M/1(M사이즈 추가선택(치즈크러스트 추가)),슈퍼슈프림 피자 L/1"
401,너무 맛있고 배송도 빨라용🙈,스위트고구마 피자 L/1
402,배달이 안좋네요 피자가 다 엎어져있고 훈제치킨은 기름이 다새서오고..뭐 먹으란건지 말라는건지,"SET A（명품오리지널피자L＋훈제치킨＋콜라 1.25L）/1(SET메뉴 피자선택(스위트고구마피자L),L사이즈 추가선택(치즈크러스트 추가))"
403,배달도 빠르고 맛있었어요 ㅎㅎ 갈릭소스 따로 추가안해도 주셔서 좋아요!,슈퍼슈프림 피자 M/1(M사이즈 추가선택(치즈크러스트 추가))
404,이렇게 맛잇는 피자는 간만에 먹어보네요,"슈퍼슈프림 피자 L/1(L사이즈 추가선택(씬도우 추가)),콜라 1.25L/1"
405,좋네요 배달도 빠르고 맛있어요,슈퍼슈프림 피자 M/1
406,피자 포장 상태가..... 박스가 다 젖어서왔네요,"SET3 （명품오리지널피자 L＋치킨텐더 6개＋치즈오븐스파게티＋콜라 1.25L）/1(SET메뉴 피자선택(핫치킨피자L),L 추가 선택(치즈크러스트 추가))"
407,좋아요. 맛있습니다.,"슈퍼슈프림 피자 M/1(M사이즈 추가선택(토핑추가)),치즈스틱 5개/1,콜라 500mL/1"
408,골드추가 필수에여 너무 맛잇어요 ㅠㅠ,슈퍼슈프림 피자 L/1(L사이즈 추가선택(골드추가))
409,처음먹어봣는데 마싯어요! 배달도 엄청빨리왓구요 도우도 쫄깃하구 이제 여기계속 시킬래요~~,"불고기 피자 M/1,사이다 1.25L/1"
410,정말로 맛있어요!!!,"SET8（명품오리지널크러스트L＋버팔로윙 5개 or 치즈스틱 5개＋치즈오븐스파게티＋콜라 1.25L）/1(명품 오리지널크러스트 선택(슈퍼슈프림 피자L),추가 선택(치즈스틱5개))"
411,진짜맛있어용............. 감사함니다!!!!!!!!!!,"SET2（명품오리지널피자 L＋버팔로윙 5개 or 치즈스틱 5개＋치즈오븐스파게티＋콜라 1.25L）/1(SET메뉴 피자선택(포테이토피자L),추가 선택(버팔로윙5개))"
412,배갈 빠르고 양도 많고 맛있음,"슈퍼슈프림 피자 M/1(M사이즈 추가선택(치즈추가)),콜라 500mL/1"
413,임실치즈의 풍미를 잘 못느끼겠음...배달은 상자부서져서왔고 피자는 반쯤 식어서 그런지도...,불고기 피자 L/1
414,맛있어요 아주맛있어요,"하와이언 피자 M/1,갈릭디핑소스/1,벌꿀/1,콜라 1.25L/1"
415,맛있쩌여!!!!!!!!!,"SET2（명품오리지널피자 L＋버팔로윙 5개 or 치즈스틱 5개＋치즈오븐스파게티＋콜라 1.25L）/1(SET메뉴 피자선택(핫치킨피자L),추가 선택(버팔로윙5개))"
416,맛있게 먹었어요 ~~,슈퍼슈프림 피자 L/1
417,배달이 오래걸리긴했지만 더럽게 맛있음;;;,"SET2（명품오리지널피자 L＋버팔로윙 5개 or 치즈스틱 5개＋치즈오븐스파게티＋콜라 1.25L）/1(SET메뉴 피자선택(페파로니피자L),L 추가 선택(치즈크러스트 추가),추가 선택(버팔로윙5개))"
418,맛나게 즐겨먹는곳임,"SET2（명품오리지널피자 L＋버팔로윙 5개 or 치즈스틱 5개＋치즈오븐스파게티＋콜라 1.25L）/1(SET메뉴 피자선택(포테이토피자L),추가 선택(버팔로윙5개))"
419,맛났음 즐겨 먹는곳,대박세트（오리지널크러스트 L＋치즈오븐스파게티＋콜라 1.25L）/1(명품 오리지널크러스트 선택(포테이토 피자L))
420,여자 전화알바 완전 새침떼기네염 칭찬은아님 피자는 맛났어요 ㅎ,"하와이언 피자 M/1(M사이즈 추가선택(골드추가,토핑추가)),콜라 1.25L/1"
421,배달이 좀 늦네요.,슈퍼슈프림 피자 L/1(L사이즈 추가선택(치즈크러스트 추가))
422,빠르고 맛있습니다.,슈퍼슈프림 피자 M/1(M사이즈 추가선택(치즈추가))
423,도우가 흑미인지 맛이좋더군요~,SET1（명품오리지널피자 L＋치즈스틱 5개＋버팔로윙 5개＋콜라 1.25L）/1(SET메뉴 피자선택(슈퍼슈프림피자L))
424,너무맛잇엇습니다.,포테이토 피자 M/1(M사이즈 추가선택(씬도우 추가))
425,왠만한 피자가게집보다맛있는듯 ㅜ 개맛있우요,포테이토 피자 M/1
426,좀 멀리서 시켰는데 와줘서 좋아요! 치즈피자 자주 시키는데 다른 곳보다 치즈도 많이 주고 맛있어요! 오늘도 방금 또 주문했어요. 앞으로도 잘 부탁드려요 ^^,치즈 피자 L/1
427,배달도 빠르고 마싯어요!!,페파로니 피자 L/1
428,10분좀 늦게 왔네요. 입에 안 맞았습니다... 고구마인데... 이게 무슨 맛인지...ㅠㅠ,스위트고구마 피자 M/1
429,맛도좋고 배달도 빨라서좋아용,"불고기 피자 M/1(M사이즈 추가선택(치즈크러스트 추가)),피클/1"
430,배달도 빨링오고 맛도 좋아요!!!,페파로니 피자 M/1
431,피자도 맛있고 훈제치킨도 맛나는데 돈추가해서 치즈크러스트로 시켰는데.. 치즈는 정말 쪼끔 들어있어여 다음에 또 먹게되면 그때는 그냥 추가없이 먹을거예여,"SET A（명품오리지널피자L＋훈제치킨＋콜라 1.25L）/1(SET메뉴 피자선택(핫치킨피자L),L사이즈 추가선택(치즈크러스트 추가))"
432,꿀맛 꿀맛~~~~ㅎ,대박세트（오리지널크러스트 L＋치즈오븐스파게티＋콜라 1.25L）/1(명품 오리지널크러스트 선택(슈퍼슈프림 피자L))
433,새벽에시켰는데 너무 맛나게 잘먹었습니다!,"하와이언 피자 L/1,치킨텐더 6개/1"
434,만족합니다.,"하와이언 피자 M/1,페파로니 피자 M/1"
435,맛있어요 치즈맛 굳,슈퍼슈프림 피자 L/1
436,맛잇어요 치즈크러스트에 치즈가 좀 적긴함,불고기 피자 M/1(M사이즈 추가선택(치즈크러스트 추가))
437,완전맛잏음 추천합니다,"대박세트（오리지널크러스트 L＋치즈오븐스파게티＋콜라 1.25L）/1(명품 오리지널크러스트 선택(페파로니 피자L)),핫소스 1개/3,치즈가루 1개/5,갈릭디핑소스/3"
438,피자 진짜 맛이다 !!,"치즈 피자 M/1,치즈 피자 M/1(M사이즈 추가선택(치즈크러스트 추가)),갈릭디핑소스/1"
439,맛 있어요 치즈추가꼭하세요,슈퍼슈프림 피자 M/1(M사이즈 추가선택(치즈추가))
440,너무너무 맛있습니당 최고,대박세트（오리지널크러스트 L＋치즈오븐스파게티＋콜라 1.25L）/1(명품 오리지널크러스트 선택(포테이토 피자L))
441,ㅅㅅㅅㅅㅅㅅ맛잇ㅅ어어요,"갈릭스테이크 피자 L/1,숯불갈비 피자 L/1"
442,50분걸린다고 했는데 빨리와서 좋았고~ 처음시켰는데 맛나게 잘먹었어요,"숯불갈비 피자 L/1,콜라 1.25L/1"
443,굿 배달도 엄청빠룸,"핫치킨 피자 M/1(M사이즈 추가선택(치즈크러스트 추가,토핑추가))"
444,여러판을 시켰는데 배송 빠른편입니다,"페파로니 피자 L/1,명품 오리지널 피자 L 두판/1(명품오리지널두판피자（L）선택1(포테이토피자L),명품오리지널두판피자（L）선택2(치킨바베큐피자L)),명품 오리지널 피자 L 두판/1(명품오리지널두판피자（L）선택1(슈퍼슈프림피자L),명품오리지널두판피자（L）선택2(슈퍼슈프림피자L)),콜라 1.25L/2,사이다 1.25L/1"
445,언제나 적절한 가성비 피자도 맛있습니다,대박세트（오리지널크러스트 L＋치즈오븐스파게티＋콜라 1.25L）/1(명품 오리지널크러스트 선택(페파로니 피자L))
446,배달 빠르고 맛있어용,"슈퍼슈프림 피자 M/1(M사이즈 추가선택(치즈추가)),콜라 500mL/1"
447,👌👌👌👌👌👌👌👌👌👌,SET1（명품오리지널피자 L＋치즈스틱 5개＋버팔로윙 5개＋콜라 1.25L）/1(SET메뉴 피자선택(치킨바베큐피자L))
448,맛있게 잘 먹었네요,스위트고구마 피자 M/1(M사이즈 추가선택(치즈크러스트 추가))
449,"맛,배달,청결도 모두 만족","SET8（명품오리지널크러스트L＋버팔로윙 5개 or 치즈스틱 5개＋치즈오븐스파게티＋콜라 1.25L）/1(명품 오리지널크러스트 선택(불고기 피자L),추가 선택(버팔로윙5개))"
450,치즈추가했더니 치즈 딱 좋게 많이 왔구요.. 도우가 막 무식하게 안 두꺼워서 좋아요!!! 도우 얇은 거 너무 최고예요>< 덕분에 빵도 안 질리고 맛있게 먹었어요!!,"SET2（명품오리지널피자 L＋버팔로윙 5개 or 치즈스틱 5개＋치즈오븐스파게티＋콜라 1.25L）/1(SET메뉴 피자선택(슈퍼슈프림피자L),L 추가 선택(치즈추가,치즈크러스트 추가),추가 선택(버팔로윙5개))"
451,치즈추가 했더니 흐르는 치즈를 봤어요.. 뜬금없이 생각나더라구요. 배달도 잘 해주셔서 좋았어요,"슈퍼슈프림 피자 M/1(M사이즈 추가선택(치즈크러스트 추가,치즈추가)),콜라 500mL/1"
452,맛있어요 배달도 빨라요,불고기 피자 M/1
453,뭐...괜찮았습니다,"슈퍼슈프림 피자 L/1,불고기 피자 L/1,포테이토 피자 L/1,핫치킨 피자 L/1,하와이언 피자 L/1"
454,맛도 배달도 괜찮은거 같아요,갈릭스테이크 피자 M/1
455,치즈크러스트인지 그냥 일반 씬인지...치즈가 고루고루 들어가 있지 않아서 좀 실망이었어요..,하와이언 피자 M/1(M사이즈 추가선택(치즈크러스트 추가))
456,배달 빨르고 피자도 맛있어용~^^,"슈퍼슈프림 피자 M/1(M사이즈 추가선택(치즈크러스트 추가)),버팔로윙 5개/1,콜라 500mL/1"
457,맛은 있구괜츄하네요,SET A（명품오리지널피자L＋훈제치킨＋콜라 1.25L）/1(SET메뉴 피자선택(불고기피자L))
458,배달오는데 다 쏠려서옴 오떻게 먹으라는겨,갈릭스테이크 피자 L/1(L사이즈 추가선택(골드추가))
459,가격 대비 잘 먹고 좋네요.,SET A（명품오리지널피자L＋훈제치킨＋콜라 1.25L）/1(SET메뉴 피자선택(포테이토피자L))
460,도우 너무 얇고 치즈크러스트에 치즈도 별로 없.. 맛은 임실치즈 평타는 치는편,"슈퍼슈프림 피자 L/1(L사이즈 추가선택(치즈크러스트 추가)),콜라 1.25L/1"
461,delicious.,스위트고구마 피자 M/1
462,친구한테 여기 치즈맛 괜찮다며 소개하면서 시켰는데 조금 난감했어요 전체적으로 피자가 바꼈다고 느꼈어요 도우가 원래 이렇게 얇았나요? 그 때문에 쫄깃했던 특유의 느낌이 없어졌어요 혹시 치즈크러스트는 도우가 두툼한가요? 얇은데 애매하게 흑미도우 식감은 남아서 질긴 느낌만 받았네요 치즈는 임실 치즈 향이 좋았던 건데 치즈 추가를 안해서인지 치즈 양이 줄어든건지 별로 느껴지지 않았어요 메뉴 선택을 잘못했나 후회했네요 콜라1.5는 김 다 죽은것 옵니다,"SET2（명품오리지널피자 L＋버팔로윙 5개 or 치즈스틱 5개＋치즈오븐스파게티＋콜라 1.25L）/1(SET메뉴 피자선택(치킨바베큐피자L),추가 선택(버팔로윙5개))"
463,존맛탱,"SET2（명품오리지널피자 L＋버팔로윙 5개 or 치즈스틱 5개＋치즈오븐스파게티＋콜라 1.25L）/1(SET메뉴 피자선택(핫치킨피자L),추가 선택(버팔로윙5개))"
464,맛없진않은데 전체적으로 다른 가게도우보다 얇고 치즈크러스트를 주문한 의미가없어여 치즈가 진짜 없음,슈퍼슈프림 피자 M/1(M사이즈 추가선택(치즈크러스트 추가))
465,너무 맛있어요！！！,"SET4（명품프리미엄피자L＋버팔로윙 5개＋치즈스틱 5개＋콜라 1.25L）/1(명품 프리미엄피자 선택(더블치킨찹스테이크 피자),L 추가 선택(치즈추가))"
466,맛은좋은데 씬피자아닌데 피자가얇아요..,"슈퍼슈프림 피자 M/1,갈릭디핑소스/1"
467,맛은 최곤데 배달 오다가 피자치즈가 한쪽으로 쏠려서 도우 손잡는데 까지 나와 버렸습니다. 배달 주의 좀 부탁 드립니다.,"치즈 피자 M/1(M사이즈 추가선택(치즈크러스트 추가,치즈추가,씬도우 추가))"
468,훈제치킨은 그저그런데 피자가 맛있어용 굿,
469,맛있어,
470,스파게티 존맛.............,"치즈 피자 M/1,치즈오븐스파게티/1"
471,맛있어요~,"SET1（명품오리지널피자 L＋치즈스틱 5개＋버팔로윙 5개＋콜라 1.25L）/1(SET메뉴 피자선택(페파로니피자L),L 추가 선택(치즈크러스트 추가))"
472,피자전체맛은좋아요 다좋았는데 저콜라안먹는데 콜라가왓네요 다음엔더신경써주세요,
473,피자 짱 맛남 ^^,
474,이렇게 형편없고 빈약한 피자는 제평생 처음입니다 [명품임실치즈피자-신촌점] 고객님이 주문 하신 고르곤졸라피자는 씬도우로만 제공돼서 피자 두께가 원래 얇습니다. 고르곤졸라에는 고른곤크림.아몬드.마늘.파인애플. 고르곤크럼블(고르곤졸라치즈)이 토핑되고 있습니다.,
475,真的好吃,
476,이욜 역시 우수 음식점이라~ 생각했어요ㅎㅎ 맛있게 잘먹었고 배달도 빠르고 라이더님 친절했어욥!,치즈 피자 M/1(M사이즈 추가선택(치즈크러스트 추가))
477,진짜 맛있어ㅛ어요,
478,만족스러웠어요~,"포테이토 피자 L/1,사이다 1.25L/1"
479,맛있어요,"SET A（명품오리지널피자L＋훈제치킨＋콜라 1.25L）/1(SET메뉴 피자선택(슈퍼슈프림피자L),L사이즈 추가선택(토핑추가))"
480,맛있게 잘 받았습니다 감사합니다,"슈퍼슈프림 피자 M/1(M사이즈 추가선택(치즈크러스트 추가,치즈추가,토핑추가))"
481,멀어만 해요 배달 빠릅니다,
482,다먹음 ㅋ,
483,!!!,
484,맛나요,"대박세트（오리지널크러스트 L＋치즈오븐스파게티＋콜라 1.25L）/1(명품 오리지널크러스트 선택(스위트고구마 피자L)),버팔로윙 10개/1"
485,소스랑 하나씩 서비스로 들어와서 좋은뎅 피클이랑 콜라가 없어서 아쉬웠습니다 ㅠㅠ 그리고 고구마 피자가 무스 아니라 엄청 안타까웠지만 짜지읂게 먹었어요 맛난요 ㅎㅅㅎ 사진은 저희집 고양이 자랑할려고요 귀엽쮸 ? [명품임실치즈피자-신촌점] 소스는 피클 한개 갈릭소스 한개 치즈가루 한개 핫소스 한개가 기본적으로 세팅이 되고 있어 빠질 수가 없습니다. 그리고 음료수는 별도 주문입니다. 저희는 고구마 무스를 8줄 뿌려드리고 그 위에 고구마 조각도 올려드립니다. 뭔가 착오가 있었던 것 같네요.,"스위트고구마 피자 L/1,치즈가루 1개/1,갈릭디핑소스/3"
486,배달은 빨랐는데.. 피자에서 동물뼈 같은게 나왔네요... 첫 주문인데 또 시켜먹지는 않을거같아요ㅠ [명품임실치즈피자-신촌점] 죄송합니다 고객님 고기에 포함되어 있는 드셔도 무방한 물렁뼈입니다.,
487,윙은 맛은있는데 좀 짰어요. 피자는 애가 많이좋아했네여.,"슈퍼슈프림 피자 M/1(M사이즈 추가선택(치즈크러스트 추가)),버팔로윙 10개/1"
488,배달이 넘 늦어서 피자랑 스파게티가 식어서 ㅜ좀 아쉬웠어요 ㅠㅠ 그래도 맛있게먹었어요,
489,맛있습니다.,
490,임실치즈피자 첨먹어봤는데 담백하구 너무맛잇어요 도우가쫄깃해요,
491,배달 굿 서비스 굿 맛 ㅇㅋ,포테이토 피자 M/1
492,맛잇게 잘 먹었어요!! (허니치즈 맛있음),
493,나쁘지 않았어요.,
494,친절하고 배달빨라요,"포테이토 피자 M/1(M사이즈 추가선택(치즈추가)),콜라 500mL/1"
495,치즈듬뿍에 감자 완젼맛있어요 새벽에시켰는데 완젼빨리오고,허니버터 포테이토 피자 L/1
496,치즈크러스트부분이 쪼금 딱딱했는데 전체적으론 맛있었어요!!,"포테이토 피자 M/1(M사이즈 추가선택(치즈크러스트 추가)),사이다 500mL/1"
497,전에 한번 시켜먹어봤는데 괜찮길래 또 시켰어요ㅋㅋ 맛있어요 ㅋㅋ,불고기 피자 L/1
498,평이 좋아서 시켰는데 버팔로윙은 닭냄새나고 페페로니 피자는 밀가루가 너무 많아서 치즈맛 페페로니 햄맛이 제대로 안느껴져요 페페로니는 비추입니다,"페파로니 피자 M/1(M사이즈 추가선택(치즈크러스트 추가)),버팔로윙 5개/1"
499,20분만에 왔구요. 맛은 쏘쏘입니다:),
500,"식어도 맛있던데 추"","""","","","",추천",대박세트（오리지널크러스트 L＋치즈오븐스파게티＋콜라 1.25L）/1(명품 오리지널크러스트 선택(치즈 피자L))
501,새벽두시에 시켰는데 배달도 빠르고 토핑도많이넣어주시고 핫소스 추가해달랬더니 3개나 주셨네요ㅋ,핫치킨 피자 L/1
502,포테이토 덕후라서 시켜먹는데 아 여기 포테이토 저 완전 반했어요 피자왔을때 너무 뜨거워서 바로 먹으니까 존맛 맛있게 잘 먹었습니다~ 배달하시는분도 친절하시고 이제 피자는 여기로 시켜먹을게요~,포테이토 피자 L/1
