﻿,리뷰,메뉴
0,맛있었어요~ 도우가 아주 두껍지 않고 쫄깃해서 부담없이 먹을수 있었네요,"쉬림프골드 피자 M/1(도우 선택 M(추가 안함)),버팔로윙 5개/1"
1,피자 도우가 맛있었어요 새우자체는 칵테일 냉동새우 같아서 별로였어용,쉬림프골드 피자 L/1(도우 선택 L(추가 안함))
2,밤에 시켰는데도 배달도 빠르고 크러스트도 완전 제대로라서 넘 맛있게 잘 먹었습니다,"핫치킨 피자 M/1(도우 선택 M(골드（스트링치즈, 고구마무스,체다치즈）추가))"
3,깨끗한맛이에요 굿 잘먹엇습니다,"불고기 피자 L/1(도우 선택 L(치즈크러스트 추가),토핑 추가 선택 L(치즈 추가,버섯 20g 추가,페퍼로니 8개 추가,베이컨 8개 추가)),치즈오븐스파게티/1,미트소스스파게티/1,핫소스 1개/3,콜라 1.25L/1"
4,여기서 피자 처음시켜봤는데 생각보다 맛있고 푸짐했어요. 1인1피 가능할줄 알았는데 결국 친구와 나눠먹었습니다. 맛있게 잘 먹었어요!,불고기 피자 M/1(도우 선택 M(추가 안함))
5,매우매우 맛있었습니다. 치즈피자 위에 토핑으로 치즈 올렸는데 맛있어요~~ 빨리 먹어버려서 사진은 없습니다ㅜㅜ,"명품 반반피자 M/1(반반 피자 선택(페퍼로니피자,치즈피자),반반 도우 선택 M(추가 안함),토핑 추가 선택 M(치즈 추가))"
6,마시써요 배달이 좀 늦기는 했지만,"SET2（명품오리지널피자 L＋버팔로윙 5개 or 치즈스틱 5개＋치즈오븐스파게티＋콜라 1.25L）/1(SET메뉴 피자선택(스위트고구마피자L),도우 선택 L(골드（스트링치즈, 고구마무스,체다치즈）추가),추가 선택(버팔로윙5개))"
7,버팔로윙이 안와서 전화드렷더니 너무너무 죄송하다 하시면서 다시 해서 주시겠다고 말씀도 이쁘게 해주셨어여! 맛은 짜지도 않고 자극적이지 않아서 너무 좋고 또 다른 사이드메뉴도 맛있어서 추천해요! 더 자주 시켜먹을께여~,"SET2（명품오리지널피자 L＋버팔로윙 5개 or 치즈스틱 5개＋치즈오븐스파게티＋콜라 1.25L）/1(SET메뉴 피자선택(슈퍼슈프림피자L),도우 선택 L(치즈크러스트 추가),추가 선택(버팔로윙5개)),치즈스틱 5개/1"
8,진리입니다 파인애플피자 ㅎ,하와이언 피자 M/1(도우 선택 M(추가 안함))
9,항상 맛있게 먹고 있습니다.,"하와이언 피자 L/1(도우 선택 L(추가 안함)),야채 피자 L/1(도우 선택 L(추가 안함)),콜라 1.25L/1"
10,원래 시키던 집이 안해서 시켜봤는데 맛있어요 근데 버섯 빼달라고했는데 안빼주셔서 슬펐어요 영수증에 버섯××× 적힌거 보니 신경써주셨는데 조리하다 깜빡 잊으셨나봐요 열심히 골라먹었어요!,"베이컨포테이토골드 피자 M/1(도우 선택 M(치즈크러스트 추가)),갈릭디핑소스/1"
11,새벽시간대라 기대 5 밖에 안했는데 몇몇 리뷰와 조금 다르게 맛있게 먹었습니다 ㅎ 기본에 충실한 딱 피자였던거 같네요 ^^,"명품 반반피자 M/1(반반 피자 선택(슈퍼슈프림피자,페퍼로니피자),반반 도우 선택 M(추가 안함)),콜라 1.25L/1"
12,씬 도우는 비추에요 도우 자체가 맛이 없고.. 치즈가 오래됐는지 냄새가 나서 먹다가 그만 먹었어요 ㅠ,"명품 반반피자 M/1(반반 피자 선택(하와이언피자,옥수수피자),반반 도우 선택 M(씬도우 추가),토핑 추가 선택 M(블랙 올리브20개 추가)),스프라이트 1.5L/1"
13,파인애플피자 존맛b,"스위트고구마 피자 M/1(도우 선택 M(치즈크러스트 추가)),하와이언 피자 M/1(도우 선택 M(치즈크러스트 추가)),콜라 1.25L/1"
14,배달 빠르고 맛도 좋았습니다,"싱글세트（오리지널크러스트M＋치즈오븐스파게티＋콜라 500mL）/1(오리지널크러스트 선택(페퍼로니 피자),도우 선택(골드（스트링치즈, 고구마무스,체다치즈）추가))"
15,잘먹었습니다!!!!,쉬림프골드 피자 L/1(도우 선택 L(추가 안함))
16,1인 1피자 하면 배부를 것 같은 사이즈예요 가격이 조금 비싼가 싶더라도 위 토핑이 푸짐해서 ㅎㅎ 고구마 사랑하시는 분들이 좋아할 것 같아요,스위트고구마 피자 M/1(도우 선택 M(치즈크러스트 추가))
17,전반적으로 괜찮았어요 3명이서 먹기에도 좋은 값어치였던거 같아요,"슈퍼슈프림 피자 L/1(도우 선택 L(추가 안함)),스위트고구마 피자 L/1(도우 선택 L(추가 안함)),치즈오븐스파게티/1,콜라 1.25L/1"
18,진짜 피자는 명품임실치즈피자야,"베이컨포테이토골드 피자 M/1(도우 선택 M(추가 안함)),치즈오븐스파게티/1"
19,피자가 실하고 맛있어요. 구워진 정도가 좋아서 잘먹었습니다.,"야채 피자 M/1(도우 선택 M(추가 안함)),콜라 500mL/1"
20,올리브 추가 했는데 너무 감동했어요 ㅠㅠㅠㅠ 스파게티도 토핑이 넉넉해서 맛있게 먹었습니다!,"명품 오리지널 피자 L 두판/1(명품오리지널두판피자（L）선택1(슈퍼슈프림피자L),피자1. 추가선택(치즈크러스트 추가),토핑 추가 선택 L 1(옥수수 20g 추가,블랙 올리브20개 추가),명품오리지널두판피자（L）선택2(치킨바베큐피자L),피자2. 추가선택(치즈크러스트 추가),토핑 추가 선택 L 2(블랙 올리브20개 추가)),치즈오븐스파게티/1"
21,배달도 엄청 빠르고 따듯하게 잘 먹었어용,"슈퍼슈프림 피자 L/1(도우 선택 L(치즈크러스트 추가)),갈릭디핑소스/2"
22,얇은 도우를 좋아해서 요청드렸는데 딱 제가 좋아하는 두께로 맛있게 해주셔서 감사합니다. 부모님모두 맛있다구 넘 잘먹었다구 후기 남기랬어요ㅎㅎㅎ 간만에 맛있는 피자 먹었다고 좋아하셨습니당 챙겨주신 소스들도 야무지게 잘 먹었어요!!! 번창하세요!,스위트고구마 피자 L/1(도우 선택 L(치즈크러스트 추가))
23,맛잇어요 치크도다르고 넘좋은것,"페퍼로니 피자 M/1(도우 선택 M(씬도우 추가)),통살치킨칩 8개/1,핫소스 1개/2,갈릭디핑소스/1,피클/2"
24,흑미 피자였어요. 간은 보통 피자 느낌. 늦은밤에 시켜먹기 나쁘지 않았어요.,"명품 반반피자 M/1(반반 피자 선택(슈퍼슈프림피자,스위트고구마피자),반반 도우 선택 M(추가 안함)),콜라 500mL/1"
25,피자가 이렇게 왔네요. 정말 실망이 크네요.,페퍼로니 피자 L/1(도우 선택 L(추가 안함))
26,잘 먹고 있습니다.,"갈릭스테이크 피자 L/1(도우 선택 L(골드（스트링치즈, 고구마무스,체다치즈）추가),토핑 추가 선택 L(베이컨 8개 추가))"
27,맛있어여.서비스좀주세여,"불고기 피자 L/1(도우 선택 L(치즈크러스트 추가)),버팔로윙 10개/1"
28,어머니가 시키라고 해서 또시킴,슈퍼슈프림 피자 L/1(도우 선택 L(추가 안함))
29,엄니가 당뇨이신데도 맛있다고 드셔요,슈퍼슈프림 피자 L/1(도우 선택 L(추가 안함))
30,페퍼로니피자가 먹고싶어서 주문했는데 콤비네이션이 왔어요....시간도 늦고 그냥 먹긴 하는데 주문 신경 싸주세요,"싱글세트（오리지널크러스트M＋치즈오븐스파게티＋콜라 500mL）/1(오리지널크러스트 선택(페퍼로니 피자),도우 선택(추가 안함))"
31,도우 과자같음.. 얇은거 시키긴 했는데 그건 그렇다 치고.. 토핑이나 소스도 굉장히.. 얇다는 느낌..,슈퍼슈프림 피자 L/1(도우 선택 L(씬도우 추가))
32,피자는 괜찮았는데 감자튀김이 왜 이렇게 양이 적고 눅눅하죠?..,"명품 반반피자 M/1(반반 피자 선택(슈퍼슈프림피자,포테이토피자),반반 도우 선택 M(추가 안함)),감자튀김/1,콜라 1.25L/1"
33,잘 먹었습니다 ㅎㅎ,"슈퍼슈프림 피자 M/1(도우 선택 M(추가 안함)),불고기 피자 L/1(도우 선택 L(추가 안함)),핫치킨 피자 L/1(도우 선택 L(추가 안함)),핫소스 1개/13"
34,맛있고 빠르고 다해요♥,"치즈스틱 5개/1,치즈오븐스파게티/1,버팔로윙 5개/1"
35,소금에 피자를 뿌려주네요. 세조각먹고 나가리....,"베이컨포테이토골드 피자 M/1(도우 선택 M(추가 안함),토핑 추가 선택 M(포크불고기 50g 추가))"
36,맛있어용!!!!!!!,"슈퍼슈프림 피자 M/1(도우 선택 M(치즈크러스트 추가),토핑 추가 선택 M(포크불고기 50g 추가))"
37,잘먹었습니다 잘먹었습니다,"미트소스스파게티/1,버팔로윙 5개/1"
38,굳............,"슈퍼슈프림 피자 M/1(도우 선택 M(추가 안함)),치즈오븐스파게티/1"
39,빠른배송너무감사합니다,"명품 반반피자 L/1(반반 피자 선택(슈퍼슈프림피자,페퍼로니피자),반반 도우 선택 L(씬도우 추가))"
40,빠른배송너무감사합니다,슈퍼슈프림 피자 L/1(도우 선택 L(씬도우 추가))
41,빠른배송너무감사합니다,슈퍼슈프림 피자 L/1(도우 선택 L(씬도우 추가))
42,역시 고구마 피자는 옳다,스위트고구마 피자 M/1(도우 선택 M(추가 안함))
43,언제나 잘 먹고 있어용,"치킨바베큐 피자 L/1(도우 선택 L(추가 안함),토핑 추가 선택 L(블랙 올리브20개 추가))"
44,사정상 다 식은뒤에 먹었는데도 맛있네요~,"슈퍼슈프림 피자 L/1(도우 선택 L(추가 안함)),치즈오븐스파게티/1,갈릭디핑소스/1"
45,포테이토 가격이 올라서 슬프지만 무스가 있어서 맛있고 치즈도 많고 좋아요 이거먹고나선 가격차이가 나도 피X스쿨은 못먹..,포테이토 피자M/1
46,맛있어서자주먹어용ㅅㅅ,"야채 피자 M/1(도우 선택 M(추가 안함)),콜라 500mL/1"
47,여기 치즈가 진짜 맛있어요 토핑도 푸짐하구 소스 잘챙겨주셔서 넘나좋음ㅋㅋㅋㅋㅋ배달도 완전 빨라요 기사님이 엄청나게 친절하셔서 더 맛나게 먹었습니다^^,"슈퍼슈프림 피자 L/1(도우 선택 L(추가 안함),토핑 추가 선택 L(버섯 20g 추가)),콜라 1.25L/1"
48,살짝 단맛이... 새로운 피자였습니다 맛있게 잘 먹었어요,베이컨체다프라이 피자 L/1(도우 선택 L(치즈크러스트 추가))
49,zzzzzzzzzzz,불고기 피자 M/1(도우 선택 M(추가 안함))
50,맛있어요~~~~ 또시킬께용,"슈퍼슈프림 피자 L/1(도우 선택 L(치즈크러스트 추가)),피클/2"
51,ㅇ너무너무 맛있었오용,"스위트고구마 피자 M/1(도우 선택 M(추가 안함)),버팔로윙 10개/1,갈릭디핑소스/1,스프라이트 500mL/1"
52,조아......올리브..조아...,"치킨바베큐 피자 L/1(도우 선택 L(추가 안함),토핑 추가 선택 L(블랙 올리브20개 추가))"
53,아주 맛잇는 피자입니다 배달도 빠르고,"불고기 피자 M/1(도우 선택 M(추가 안함)),버팔로윙 10개/1,콜라 1.25L/1"
54,맛있게 잘 먹었습니다,"슈퍼슈프림 피자 M/1(도우 선택 M(치즈크러스트 추가)),치즈오븐스파게티/1"
55,아주 빨라요!!!!,"페퍼로니 피자 M/1(도우 선택 M(치즈크러스트 추가)),콜라 500mL/1"
56,잘못시켰나 예전보다 맛이 없어졌어요.,숯불갈비 피자 L/1(도우 선택 L(추가 안함))
57,굿굿!!!!!!,"슈퍼슈프림 피자 M/1(도우 선택 M(골드（스트링치즈, 고구마무스,체다치즈）추가))"
58,스파게티가 아주 맛있어요. 다음에 또 주문하겠습니다.,"슈퍼슈프림 피자 M/1(도우 선택 M(치즈크러스트 추가),토핑 추가 선택 M(치즈 추가)),치즈오븐스파게티/1,스프라이트 1.5L/1"
59,가성비가 좀 아쉽네요,"슈퍼슈프림 피자 L/1(도우 선택 L(추가 안함),토핑 추가 선택 L(버섯 20g 추가,양파 20g 추가,블랙 올리브20개 추가)),갈릭디핑소스/3"
60,치즈가진짜맛있어요ㅠㅠㅠ 저메뉴도진짜 맛있었음ㅠ,핫치킨 피자 M/1
61,맛있었어요 다음에 또 시킬께요~,"치즈 피자 L/1(L사이즈 추가선택(씬도우 추가)),핫소스 1개/1,치즈가루 1개/1,갈릭디핑소스/1,콜라 500mL/1"
62,치즈가 너무 부드럽고 맛있네요,"스위트고구마 피자 M/1,콜라 1.25L/1"
63,굳,"슈퍼슈프림 피자 M/1,치즈오븐스파게티/1"
64,"맛있고, 배달도 빨랐어요~",대박세트（오리지널크러스트 L＋치즈오븐스파게티＋콜라 1.25L）/1(명품 오리지널크러스트 선택(슈퍼슈프림 피자L))
65,처음 시켰는데 인기 좋았어요. 자주 이용할듯요,슈퍼슈프림 피자 L/1
66,그럭저럭 먹을만 했 습니다,고르곤졸라피자 L/1
67,배달은 빠릅니다 빠른빠른,슈퍼슈프림 피자 M/1
68,굳,"포테이토 피자L/1,버팔로윙 10개/1"
69,배달 빨랏어요 원래 시켜먹는곳인데 이번에 시킨건 타고 ..식어서 그런지 저번에 시킨것보다 못해서 좀 그래요.. 빵이 아니라 과자에요,"고르곤졸라피자 M/1,벌꿀/2,콜라 500mL/1"
70,감사합니다. 새벽에도,"슈퍼슈프림 피자 M/1,콜라 1.25L/1"
71,맛있게 잘먹었습니다~ 스파게티도 존맛,대박세트（오리지널크러스트 L＋치즈오븐스파게티＋콜라 1.25L）/1(명품 오리지널크러스트 선택(슈퍼슈프림 피자L))
72,토핑도 많고 맛있었습니다~,불고기 피자 L/1
73,배달요청사항에 적는건 아예 안보시는건가요... 오기전에 전화주면 내려간다고 했는데.. 혹시 몰라서 호수 적는 벨 누르지말라고 한번 더 적어놨는데 굳이 눌러서 다 깼네요.. 새벽에 조용히 먹으려고 시켰다가 다 깨가지고 미안해서 그냥 식탁에 두고 왔네요,"페퍼로니 피자 M/1,콜라 1.25L/1"
74,너무 맛있네요 가성비도 좋고 자주 시키겠습니다,치킨바베큐 피자 L/1(추가선택(버섯 20g추가))
75,하와이언피자에 파인애플는 많이있고 햄이없어요...까먹고 안느신건가요? 웡은 맛있어요.,"하와이언 피자 M/1,버팔로윙 10개/1"
76,맛있고 양많고 좋았어요,베이컨포테이토골드 피자 L/1
77,완전 마시쩡 올리브 완전 많이 넣어주셨다😍💗 올리브 한번 추가했는데 완전 많이 넣어주셔서 깜짝 놀라서 세봤읍니다 .. 넘 감사하구 진짜 맛있었어요 흑ㅎ흑ㅎ그 ㅠㅠㅠㅠㅜㅠㅜㅜㅜㅡ,"페퍼로니 피자 M/1(M사이즈 추가선택(치즈크러스트 추가),추가선택(블랙 올리브 20개 추가))"
78,맛있었어요~~!!!,"SET2（명품오리지널피자 L＋버팔로윙 5개 or 치즈스틱 5개＋치즈오븐스파게티＋콜라 1.25L）/1(SET메뉴 피자선택(불고기피자L),L 추가 선택(치즈크러스트 추가),추가 선택(치즈스틱5개))"
79,전에 처음 고구마 피자를 시켰을 때는 진짜 먹을 만해서 만족하면서 먹었습니다 근데 다시 시켜보니 피자 한 조각을 떼려고 했는데 옆 조각 토핑까지 통째로 같이 들려지는 일도 있네요 저녁 때라 주문이 많으셔서 하나하나 전부 신경을 쓰실 수는 없으시겠지만 이번 건 실망했습니다,"스위트고구마 피자 L/1(L사이즈 추가선택(치즈크러스트 추가)),콜라 1.25L/1"
80,좋아여좋아녀좋아여즇아여,"SET2（명품오리지널피자 L＋버팔로윙 5개 or 치즈스틱 5개＋치즈오븐스파게티＋콜라 1.25L）/1(SET메뉴 피자선택(치킨바베큐피자L),L 추가 선택(치즈크러스트 추가),추가 선택(버팔로윙5개))"
81,새벽2시에주문할수있다늬 너무감사드려요^^ 배달도빨랐고요.친절하셨어요^^ 처음시켜봤는데~맛있어요~토핑씹히는맛이최고~~~,"슈퍼슈프림 피자 M/1(M사이즈 추가선택(치즈크러스트 추가)),치즈오븐스파게티/1,갈릭디핑소스/2,피클/2,콜라 1.25L/1"
82,무난합니다 대체로,"SET2（명품오리지널피자 L＋버팔로윙 5개 or 치즈스틱 5개＋치즈오븐스파게티＋콜라 1.25L）/1(SET메뉴 피자선택(스위트고구마피자L),L 추가 선택(치즈크러스트 추가),추가 선택(치즈스틱5개))"
83,그냥 그럭저럭 먹었어요 윗부분 치즈는 엄청 맛있는데 도우가 질겨서 이빨이 다아프네요 ㅜ,슈퍼슈프림 피자 M/1
84,야식으로 시켜먹었는데 배달도 빠르고...!! 맛은 그냥 최고,"슈퍼슈프림 피자 M/1,미트소스스파게티/1,콜라 500mL/1"
85,너무 맛있습니다 배달도 아주 빠릅니다,슈퍼슈프림 피자 L/2(L사이즈 추가선택(치즈추가))
86,너무 맛있습니다 배달도 아주 빠릅니다,"스위트고구마 피자 L/1(L사이즈 추가선택(치즈추가)),핫치킨 피자 L/1(L사이즈 추가선택(치즈추가))"
87,너무 맛있습니다 배달도 아주 빠릅니다,슈퍼슈프림 피자 L/2(L사이즈 추가선택(치즈추가))
88,너무 맛있습니다 배달도 아주 빠릅니다,슈퍼슈프림 피자 L/2(L사이즈 추가선택(치즈추가))
89,진짜 잘먹었어요 맜있어요 ㅠㅠㅠ,"불고기 피자 L/1(L사이즈 추가선택(골드추가,치즈추가))"
90,맛있습니다. 가격에 비해 양은 조금 부족한거같아요.,불고기 피자 M/1(M사이즈 추가선택(씬도우 추가))
91,!!!우리가아는바로그맛,치즈 피자 M/1(M사이즈 추가선택(치즈추가))
92,맛도 좋고 배달도 그럭저럭 괜찮은데 왜 피자가 잘려져 있는게 양이 온전치가 않을까요..그래도 잘 먹었어요,"치즈 피자 M/1,미트소스스파게티/1,갈릭디핑소스/1"
93,매주시키고 있어요 넘나맛있어요,"슈퍼슈프림 피자 M/1,콜라 1.25L/1"
94,맛나게 잘먹었습니다,하와이언 피자 M/1(M사이즈 추가선택(토핑추가))
95,처움 시켜먹어봤는데 맛있었습니다!,"베이컨체다프라이 피자 L/1,콜라 1.25L/1"
96,맛있어서 다먹고 찍 ... 맛나고 젤 좋은건 늦은 새벽까지 피자를 먹을수있다는거,슈퍼슈프림 피자 M/1(M사이즈 추가선택(치즈크러스트 추가))
97,피자는 역시 임실 불고기죠 또시킬께요,"불고기 피자 M/1,콜라 500mL/1"
98,오 존맛이었어요!!!,"버팔로윙 10개/1,콜라 1.25L/1"
99,배달 빠르고 맛있음,"슈퍼슈프림 피자 M/1,콜라 1.25L/1"
100,좋아..................,슈퍼슈프림 피자 L/1
101,잘먹었어요 감사합니다,대박세트（오리지널크러스트 L＋치즈오븐스파게티＋콜라 1.25L）/1(명품 오리지널크러스트 선택(불고기 피자L))
102,빠르고맛있습니다 좋아요,슈퍼슈프림 피자 L/1
103,맛 괜찮고 양도 좋고 깔끔하고 괜찮음,"슈퍼슈프림 피자 L/1(L사이즈 추가선택(치즈크러스트 추가)),버팔로윙 10개/1,치킨텐더 6개/1"
104,배달도 빨리오고 따듯하게 잘 배달됐어요!! 존나맛!,불고기 피자 M/1
105,맛있어요,치즈 피자 L/1(L사이즈 추가선택(치즈크러스트 추가))
106,따뜻하게 배달도 잘되었고 가격대비 치즈도 넘맛나요~,"슈퍼슈프림 피자 M/1,콜라 1.25L/1"
107,배달 빠르고 메이저 프랜차이즈들 보다 맛있네요,"슈퍼슈프림 피자 M/1(M사이즈 추가선택(토핑추가)),콜라 1.25L/1"
108,너무 맛있다능 걀걀,베이컨체다프라이 피자 M/1
109,핵존맛ㅋㅋㅋㅋㅋ 방금 또 시켰습니당ㅎㅎㅎ,"베이컨체다프라이 피자 M/1,스프라이트 500mL/1"
110,치즈가 정말쫀득거려요 맛있게 먹었어요,"슈퍼슈프림 피자 M/1,콜라 1.25L/1"
111,맛있어요 감사합니다,슈퍼슈프림 피자 M/1(M사이즈 추가선택(치즈크러스트 추가))
112,잘 먹었습니다...,"하와이언 피자 M/1(M사이즈 추가선택(치즈크러스트 추가)),치즈오븐스파게티/1,갈릭디핑소스/1"
113,가족들이 오랜만에 맛있는 피자 잘 먹었다고 하네요. 저는 뒤늦게 먹었지만 식어도 맛있었고 렌지에 돌려서 먹어도 방금 배달온 것처럼 맛있었어요!,"베이컨체다프라이 피자 L/1(L사이즈 추가선택(치즈크러스트 추가)),콜라 1.25L/1"
114,굿굿굿베리굿입니다아아아,고르곤졸라피자 M/1
115,굳,"슈퍼슈프림 피자 L/1,치즈오븐스파게티/1"
116,"배달도 빠르고, 정말 맛있네요.",SET A（명품오리지널피자L＋훈제치킨＋콜라 1.25L）/1(SET메뉴 피자선택(하와이언피자L))
117,늦은시간에도 먹을만하네요,"슈퍼슈프림 피자 L/1,콜라 1.25L/1"
118,맛있습니다. 치즈가 역시,"치즈 피자 L/1(L사이즈 추가선택(치즈크러스트 추가,치즈추가))"
119,행복한 저녁이였습니다..너무 맛있어여.. (M은 두명이서 먹기 딱 좋은 크기),"포테이토 피자 M/1,콜라 1.25L/1"
120,맛있게 잘 먹었습니다. 감사합니다.,페파로니 피자 L/1(L사이즈 추가선택(치즈크러스트 추가))
121,식은 피자와 굳은 스파게티 눅눅한 치즈스틱! 겨울인건 알지만 너무하네요,"SET2（명품오리지널피자 L＋버팔로윙 5개 or 치즈스틱 5개＋치즈오븐스파게티＋콜라 1.25L）/1(SET메뉴 피자선택(페파로니피자L),L 추가 선택(씬도우 추가),추가 선택(치즈스틱5개))"
122,슈프림피자 넘나 맛있었습니다~!! 치즈도 너무 맛있었고 기본에 충실한 맛집입니다!!,"슈퍼슈프림 피자 M/1,갈릭디핑소스/1,콜라 1.25L/1"
123,늘 맛있습니다. 페퍼로니 피자 강추. 페퍼로니 촘촘하게 토핑되어 있고 치즈 두껍게 깔려 있어 맛있습니다,페파로니 피자 L/1
124,좀 늦게 나갔더니 귀가 안들리냐고 물어보네요 . 다시는 안시키겠습니다.,"페파로니 피자 M/1(M사이즈 추가선택(골드추가)),스프라이트 500mL/1"
125,도우도 얇고 피자 엄청 맛있어요. 스파게티랑 치즈스틱도 강추!,"SET2（명품오리지널피자 L＋버팔로윙 5개 or 치즈스틱 5개＋치즈오븐스파게티＋콜라 1.25L）/1(SET메뉴 피자선택(포테이토피자L),추가 선택(치즈스틱5개))"
126,다시 시켜 먹게되네요. 치즈가 듬뿍,슈퍼슈프림 피자 L/1
127,맛있게 잘먹었습니다,SET1（명품오리지널피자 L＋치즈스틱 5개＋버팔로윙 5개＋콜라 1.25L）/1(SET메뉴 피자선택(슈퍼슈프림피자L))
128,맛있게 잘 먹었어요 :),SET7（명품오리지널크러스트L＋치즈스틱 5개＋버팔로윙 5개＋콜라 1.25L）/1(명품 오리지널크러스트 선택(슈퍼슈프림 피자L))
129,굳,"슈퍼슈프림 피자 L/1,치즈오븐스파게티/1,콜라 500mL/1"
130,피자는 물론이고 스파게티의 비주얼과 맛에 놀람!,"SET2（명품오리지널피자 L＋버팔로윙 5개 or 치즈스틱 5개＋치즈오븐스파게티＋콜라 1.25L）/1(SET메뉴 피자선택(치킨바베큐피자L),추가 선택(버팔로윙5개))"
131,피자 좋아해서 진짜 많이먹는데 여기는 처음 주문해봤거든요 큰기대없었는데 완전 맛있어요 동네피자집 가끔 치즈 싼거써서 뚝뚝 끊기는데 여기는 쭉쭉 완전 잘 늘어남ㅋㅋㅋㅋㅋㅋㅋㅋㅋ 짜지도않구 담백해요.진짜 만족합니당 기사님도 친절하셨어요!,슈퍼슈프림 피자 M/1
132,맛있네요 양도 많고 배달도 빠르네요 번창하세요~,대박세트（오리지널크러스트 L＋치즈오븐스파게티＋콜라 1.25L）/1(명품 오리지널크러스트 선택(페파로니 피자L))
133,배달 조금 걸렸지만 그만큼 걸린다고 나와있어서 대비해서 빨리 시킬 수 있었어용!! 맛은 당연히 맛있었어요!!,"포테이토 피자 L/1(L사이즈 추가선택(골드추가)),콜라 500mL/1"
134,굳,"슈퍼슈프림 피자 L/1,버팔로윙 5개/1"
135,맛있어요♡ 양도많고 좋아요,대박세트（오리지널크러스트 L＋치즈오븐스파게티＋콜라 1.25L）/1(명품 오리지널크러스트 선택(슈퍼슈프림 피자L))
136,굳,"슈퍼슈프림 피자 M/1,치즈오븐스파게티/1,감자튀김/1,버팔로윙 5개/1"
137,스파게티도 맛있고 피자도 너무 좋아요,대박세트（오리지널크러스트 L＋치즈오븐스파게티＋콜라 1.25L）/1(명품 오리지널크러스트 선택(포테이토 피자L))
138,배달은 정확한 시간에 왔고 너무 맛있네요~!,
139,굳,"슈퍼슈프림 피자 L/1,치즈오븐스파게티/1"
140,맛있어요 사장님 친절하시고 따뜻하게 잘 줍니다,"페파로니 피자 L/1(L사이즈 추가선택(치즈크러스트 추가)),갈릭디핑소스/2,스프라이트 1.5L/1"
141,~맛~~있어여~~~~,불고기 피자 M/1
142,치즈 크러스터 추가했더니 정말 몇개 안먹어도 한끼되네요,슈퍼슈프림 피자 L/1(L사이즈 추가선택(치즈크러스트 추가))
143,맛있습니다 빠르고 친절한 배달 감사합니다,"슈퍼슈프림 피자 L/1,치즈스틱 10개/1,통살치킨칩 8개/1"
144,꿀맛입니다 가격 대비 만족~,"슈퍼슈프림 피자 M/1,치즈오븐스파게티/1,콜라 500mL/1"
145,미디움이라 한번에 다 먹을줄 알았는데 치즈가 많아서 그런지 4조각만 먹어도 배 부르네요. 치즈가 많아서 참 좋았습니다. 그리고 다른곳과 달리 갈릭디핑소스가 하나 기본으로 들어가는점도 좋네요. 잘먹었습니다.,"포테이토 피자 M/1,갈릭디핑소스/1,피클/1"
146,배달빠르고 맛있어요 추천요~,"슈퍼슈프림 피자 M/1,치즈오븐스파게티/1,감자튀김/1"
147,배달빠르고 좋아요 ㅎ,"슈퍼슈프림 피자 M/1(M사이즈 추가선택(씬도우 추가)),감자튀김/1"
148,양도 많고 빨리 오고 메뉴가 많아 선택하기에 좋습니다~,핫치킨 피자 M/1(M사이즈 추가선택(치즈추가))
149,고르곤졸라.... 너무 실패에요,"고르곤졸라피자 M/1(M사이즈 추가선택(치즈크러스트 추가)),버팔로윙 5개/1,콜라 500mL/1"
150,고르곤졸라는 조금 실패했어요...,"고르곤졸라피자 L/1,치즈오븐스파게티/1"
151,맛있게 잘 먹었어요~,"핫치킨 피자 M/1(M사이즈 추가선택(치즈크러스트 추가)),버팔로윙 5개/1"
152,역시 임실 맛있었어요^^,"핫치킨 피자 L/1,콜라 1.25L/1"
153,맛있었어요. 야식으로 딱 좋더군요,슈퍼슈프림 피자 M/1
154,맛있게 잘 먹었습니다.,"슈퍼슈프림 피자 L/1,숯불갈비 피자 L/1,콜라 1.25L/1"
155,맛났어요 감사합니다,"슈퍼슈프림 피자 L/1(L사이즈 추가선택(치즈크러스트 추가,골드추가))"
156,정말너무너무맛있네요,"슈퍼슈프림 피자 M/1(M사이즈 추가선택(치즈크러스트 추가)),버팔로윙 10개/1,콜라 1.25L/1"
157,자극적이지않은 맛에 풍부한 치즈 굳~,"슈퍼슈프림 피자 L/1,콜라 1.25L/1"
158,사진못 찍었어요ㅜ 엄청 맛있었요 기대안했었는데 다음에도 주문 할거에요!,"스위트고구마 피자 M/1(M사이즈 추가선택(치즈크러스트 추가,치즈추가))"
159,Cheap and good,불닭 피자 L/1
160,배달도빠르고 너무맛있어요 강추,SET1（명품오리지널피자 L＋치즈스틱 5개＋버팔로윙 5개＋콜라 1.25L）/1(SET메뉴 피자선택(슈퍼슈프림피자L))
161,맛있었어요! 4명이서 먹었는데 양도 좋았고요,슈퍼슈프림 피자 L/1
162,아이 생일이라 주문했어요.너무 맛있어서 자주 시켜 먹을께요.도우도.토핑도.치즈도 짱맛있어요,"SET2（명품오리지널피자 L＋버팔로윙 5개 or 치즈스틱 5개＋치즈오븐스파게티＋콜라 1.25L）/1(SET메뉴 피자선택(포테이토피자L),추가 선택(버팔로윙5개))"
163,맛있습니다 잘먹었어요,핫치킨 피자 L/1
164,맛잇ㅁ 넘모 마싯다,"SET2（명품오리지널피자 L＋버팔로윙 5개 or 치즈스틱 5개＋치즈오븐스파게티＋콜라 1.25L）/1(SET메뉴 피자선택(포테이토피자L),L 추가 선택(치즈크러스트 추가,토핑추가),추가 선택(버팔로윙5개))"
165,맛도 괜찮고 양은 일반적이네요,"슈퍼슈프림 피자 M/1(M사이즈 추가선택(치즈크러스트 추가,씬도우 추가))"
166,말 필요없습니다 줜맛탱,"포테이토 피자 M/1(M사이즈 추가선택(치즈크러스트 추가)),갈릭디핑소스/2,사이다 500mL/1"
167,임실치즈피자치고 치즈양 적었음,고르곤졸라피자 M/1
168,치즈크러스트 치즈가 좀더 많았으면 했지만 맛있었습니다,"스위트고구마 피자 L/1(L사이즈 추가선택(치즈크러스트 추가)),갈릭디핑소스/2"
169,맛나내요 잘먹었습니다,"대박세트（오리지널크러스트 L＋치즈오븐스파게티＋콜라 1.25L）/1(명품 오리지널크러스트 선택(하와이언 피자L)),콜라 1.25L/1"
170,하..큰일이예요ㅋ 중독되서 다른집 하와이안피자 못먹겠습니다ㅎ 토핑추가는 무조건 무조건이야~ 치즈가 사르륵내릴정도로 연하게 늘어지고ㅋ 파인애플은 더대박ㅋ남아돌아요ㅋㅋ 마지막에 도우랑 같이먹어도 안부족한 ..ㅎ,"하와이언 피자 M/1(M사이즈 추가선택(치즈크러스트 추가,토핑추가))"
171,잘먹엇습니댜ㅎㅎ피자맛잇어요~!!,"슈퍼슈프림 피자 M/1,콜라 1.25L/1"
172,빠른 배달 좋았어요.,슈퍼슈프림 피자 M/1
173,다 쏠려서 왔어요 ㅠ 맛은 좋아요,쉬림프골드 피자 M/1
174,맛있어요. 약간 싱거웠는데 처음 먹어 보는 거라 그래도 맛있게 먹었어요!,슈퍼슈프림 피자 M/1(M사이즈 추가선택(치즈크러스트 추가))
175,언제나 예상을 뛰어넘네요ㅎ 바로 배달이되서그런지 치즈도 쭈~욱ㅋ 파인애플토핑추가되는게 기본상식을 뒤집어놓아요.. 하와이안피자 매니아로서 절대 전 다른곳에서 안시킵니다ㅎ 애플크기가 이건 머 애플두조각에 입안이 꽉~ 극찬합니다 ㅎ,"하와이언 피자 L/1(L사이즈 추가선택(치즈크러스트 추가,토핑추가)),콜라 1.25L/1"
176,자부심 느낄 만 하십니다 굳,포테이토 피자 M/1
177,아이가 맛있다고 하네요.,"숯불갈비 피자 L/1(L사이즈 추가선택(치즈추가,토핑추가))"
178,맛있게 먹었습니다..,"SET1（명품오리지널피자 L＋치즈스틱 5개＋버팔로윙 5개＋콜라 1.25L）/1(SET메뉴 피자선택(슈퍼슈프림피자L),L 추가 선택(씬도우 추가,토핑추가))"
179,"하와이언 피자 리뷰가 많아서 토핑 추가 해서 먹었는데 추가 해서 그런지 빼곡하게 빈틈없이 넣어주신 토핑도, 치즈도 너무 맛있었어요~","하와이언 피자 M/1(M사이즈 추가선택(치즈크러스트 추가,토핑추가))"
180,첫주문인데 너무 맛있어요,"핫치킨 피자 M/1,감자튀김/1"
181,잘 먹었습니다. 엘베가 고장나서 기사님 수고하셨습니ㅏ,"SET2（명품오리지널피자 L＋버팔로윙 5개 or 치즈스틱 5개＋치즈오븐스파게티＋콜라 1.25L）/1(SET메뉴 피자선택(치즈피자L),L 추가 선택(치즈크러스트 추가),추가 선택(버팔로윙5개))"
182,꿀맛!!리얼 핵꿀맛 치즈 개꿀맛,슈퍼슈프림 피자 L/1
183,배달원 진짜 예의없네요. 이날 치즈크러스트 추가했는데 일반도우로오고 ㅡㅡㅋ 단골이었는데 이제 다신시킬일없을겁니다~,"치즈 피자 M/1(M사이즈 추가선택(치즈크러스트 추가,씬도우 추가))"
184,치즈에대한 사장님 자부심이 느껴지네요.. 두번째먹는 하와이안피자ㅎ 첫번째보다 더 맛있게 먹었습니다.. 신경을 많이써주신듯해서 더 맛있게 먹었습니다~^^ 도우도 쫀득한게 왜 더 맛있어지는지ㅋ파인애플풍미 는 최고는 아니지만 입에들어가는순간 대박 큰 파인애플이 하와이안매니아들이라도 놀라게만들정도로 꽉차오릅니다.. 처음접하시고 평타라고하시는분들 다시한번 드셔보시길 권해보아요~^^,"하와이언 피자 M/1(M사이즈 추가선택(치즈크러스트 추가,토핑추가))"
185,맛있어요 다음에 또 시킬게요,슈퍼슈프림 피자 L/1(L사이즈 추가선택(치즈크러스트 추가))
186,어제 먹고선 처음 리뷰 올리는데 너무 빨라서 좋았어요,포테이토 피자 M/1
187,맛있어요 데워먹어도 맛있는건 그대로네요!,"슈퍼슈프림 피자 M/1,치즈오븐스파게티/1"
188,배달도 빠르고 맛있어요,SET1（명품오리지널피자 L＋치즈스틱 5개＋버팔로윙 5개＋콜라 1.25L）/1(SET메뉴 피자선택(치킨바베큐피자L))
189,하와이안피자는 항상 실망을 안주죠 ㅎ 파인애플추가 천원으로 너무만족하게 먹었네요ㅎ 별이 4개인이유는 치즈가 안늘어지고 딱딱끊겨서ㅎ,"하와이언 피자 M/1(M사이즈 추가선택(치즈크러스트 추가,토핑추가))"
190,맛있게잘먹었습니닿ㅎ,"명품 오리지널 피자 L 두판/1(명품오리지널두판피자（L）선택1(불고기피자L),명품오리지널두판피자（L）선택2(포테이토피자L)),스프라이트 1.5L/1"
191,언제나 마싯는 새벽피자 도우가 얇은데도 양이 엄청 많음 마싯음,슈퍼슈프림 피자 L/1
192,배달 진짜 빨라요!!!! 맛있구영>< 종종 시켜먹을게요오옹,"하와이언 피자 M/1,갈릭디핑소스/1,피클/1,콜라 1.25L/1"
193,너무너무너무너무너무너무너무너무너무맛있어요😆😆,슈퍼슈프림 피자 M/1(M사이즈 추가선택(치즈크러스트 추가))
194,👍🏻👍🏻👍🏻🤩🤩.,"SET2（명품오리지널피자 L＋버팔로윙 5개 or 치즈스틱 5개＋치즈오븐스파게티＋콜라 1.25L）/1(SET메뉴 피자선택(치즈피자L),추가 선택(버팔로윙5개))"
195,맛있어요~ 배달도 빨라요 ㅅㅅ,슈퍼슈프림 피자 L/1
196,파스타 토핑이 예쁘고 피자도 맛있엇어요,"SET2（명품오리지널피자 L＋버팔로윙 5개 or 치즈스틱 5개＋치즈오븐스파게티＋콜라 1.25L）/1(SET메뉴 피자선택(스위트고구마피자L),추가 선택(치즈스틱5개)),핫소스 1개/1,허니머스타드소스/1,피클/1"
197,맛있게잘먹었습니닿ㅎ,"슈퍼슈프림 피자 L/1,스프라이트 1.5L/1"
198,맛있게 잘 먹었습니다,"SET2（명품오리지널피자 L＋버팔로윙 5개 or 치즈스틱 5개＋치즈오븐스파게티＋콜라 1.25L）/1(SET메뉴 피자선택(슈퍼슈프림피자L),L 추가 선택(치즈추가),추가 선택(버팔로윙5개))"
199,조금 늦게 오는게 유일한 단점 맛있고 양 많아요,불고기 피자 M/1
200,포테이토 피자 L 쿠폰이랑 카카오페이 할인받아서 저렴하게 잘 먹었어여^.^ 맛있네여 ~~,포테이토 피자 L/1
201,사실은 그냥 그랬어요.,치즈 피자 L/1(L사이즈 추가선택(치즈크러스트 추가))
202,"배달도 빠르고 치즈오븐스파게티, 포테이토피자 다 정말 맛있습니다! 강추에요","대박세트（오리지널크러스트 L＋치즈오븐스파게티＋콜라 1.25L）/1(명품 오리지널크러스트 선택(포테이토 피자L),L 추가 선택(씬도우 추가))"
203,맛있어요 항상~^^,"대박세트（오리지널크러스트 L＋치즈오븐스파게티＋콜라 1.25L）/1(명품 오리지널크러스트 선택(슈퍼슈프림 피자L),L 추가 선택(치즈크러스트 추가))"
204,피자 맛있게 잘 먹었습니다. 남은거 냉동시켰다가 오븐에 데워먹었는데 그것도 맛있더라구요!,슈퍼슈프림 피자 M/1
205,굿입니다 굿굿 피자가 넘 맛나요,"SET2（명품오리지널피자 L＋버팔로윙 5개 or 치즈스틱 5개＋치즈오븐스파게티＋콜라 1.25L）/1(SET메뉴 피자선택(슈퍼슈프림피자L),L 추가 선택(골드추가),추가 선택(버팔로윙5개))"
206,이 상태로 왔네요 다시 시키지 않을듯,스위트고구마 피자 L/1
207,"완전맛잇네요, 배달도 친절하고","슈퍼슈프림 피자 L/1,콜라 1.25L/1"
208,너무맛있게잘먹었어요!^^,슈퍼슈프림 피자 M/1(M사이즈 추가선택(치즈추가))
209,"평범한 맛입니다,.",SET1（명품오리지널피자 L＋치즈스틱 5개＋버팔로윙 5개＋콜라 1.25L）/1(SET메뉴 피자선택(슈퍼슈프림피자L))
210,치즈가 짱이예요 !!,"페파로니 피자 L/1(L사이즈 추가선택(치즈크러스트 추가,치즈추가,토핑추가))"
211,맛있어요,페파로니 피자 L/1(L사이즈 추가선택(치즈크러스트 추가))
212,치즈는 두말 할 것도 없고요 전반적으로 좋은 재료 쓰시는 것 같아요 고구마무스에서 고구마 결을 느꼈어요 감동 ㅜㅜ 토핑 양도 푸짐해서 한 조각만 먹어도 배불러요,"베이컨포테이토골드 피자 L/1(L 피자 치즈 추가(치즈크러스트 추가)),콜라 1.25L/1"
213,맛있습니당 ㅎㅎ 토핑이 너무 많아서 먹기 힘들정도 였어요 최고!!,"포테이토 피자 M/1(M사이즈 추가선택(골드추가)),갈릭디핑소스/2,콜라 500mL/1"
214,맛있습니다...........,스위트고구마 피자 L/1(L사이즈 추가선택(토핑추가))
215,맛좋음 배달이 1시간걸림,"명품 오리지널 피자 L 두판/1(명품오리지널두판피자（L）선택1(스위트고구마피자L),명품오리지널두판피자（L）선택2(치킨바베큐피자L)),스프라이트 1.5L/1"
216,두번째 시키는건데 맛있습니다,"SET2（명품오리지널피자 L＋버팔로윙 5개 or 치즈스틱 5개＋치즈오븐스파게티＋콜라 1.25L）/1(SET메뉴 피자선택(슈퍼슈프림피자L),추가 선택(버팔로윙5개)),갈릭디핑소스/1"
217,배달두 빠르고 맛있었습니다,"SET2（명품오리지널피자 L＋버팔로윙 5개 or 치즈스틱 5개＋치즈오븐스파게티＋콜라 1.25L）/1(SET메뉴 피자선택(슈퍼슈프림피자L),추가 선택(버팔로윙5개)),갈릭디핑소스/2"
218,다 평타 이상 중상수준인거같아여,"불고기 피자 L/1(L사이즈 추가선택(치즈크러스트 추가,치즈추가))"
219,가성비가 좋은 녀석이다. 환상의맛을 바라지는마라,스위트고구마 피자 M/1
220,맛도 괜찮고 양도 적당했던거 같아요! 다음에 또 시켜먹어야겠네요ㅎ,포테이토 피자 M/1(M사이즈 추가선택(치즈크러스트 추가))
221,맛있습니다~~~~~~~~~~~~~,"SET2（명품오리지널피자 L＋버팔로윙 5개 or 치즈스틱 5개＋치즈오븐스파게티＋콜라 1.25L）/1(SET메뉴 피자선택(슈퍼슈프림피자L),추가 선택(버팔로윙5개))"
222,맛은좋은데 가격에비해양은좀적어요ㅜ,"SET1（명품오리지널피자 L＋치즈스틱 5개＋버팔로윙 5개＋콜라 1.25L）/1(SET메뉴 피자선택(스위트고구마피자L),L 추가 선택(치즈크러스트 추가)),감자튀김/1"
223,👍👍👍👍👍👍👍👍👍👍,"스위트고구마 피자 M/1(M사이즈 추가선택(씬도우 추가)),핫소스 1개/4,치즈가루 1개/2"
224,가장 맛이 없었어요,불고기 피자 L/1
225,배달이 문제가있는 수준이네요. 아직 도착안했는데..피자를 기다리는데 50분이라고 문자온것도 긴데 1시간이 넘도록 안오는건 문제가 많은거같네요. 2번 주문했는데 배달이 2번다 엉망이에요. 처음엔 다른곳 갔다가 오고 두번째도 늦게오고 피자를 먹기위해 1시간이 넘도록 기다리는 사람이 많은가요?...다시는 안시켜먹어야겠어요 리뷰들 참고하세요. 배달 정말 엉망인 수준입니다.,대박세트（오리지널크러스트 L＋치즈오븐스파게티＋콜라 1.25L）/1(명품 오리지널크러스트 선택(불고기 피자L))
226,맛았네요 아이들도 잘 먹어요,슈퍼슈프림 피자 M/1(M사이즈 추가선택(치즈추가))
227,너무너무맛나고 또시킬게요,"SET2（명품오리지널피자 L＋버팔로윙 5개 or 치즈스틱 5개＋치즈오븐스파게티＋콜라 1.25L）/1(SET메뉴 피자선택(슈퍼슈프림피자L),추가 선택(버팔로윙5개))"
228,짱!!!맛있어요!!!(•ө•)♡,하와이언 피자 M/1
229,"저녁식사때라 그런지 오래 걸렸어요. 55분 걸린다고 안내 문자 받았는데, 음식이 늦게 나오는거하고 배달이 오래걸리는거 하고는 다른거같아요. 음식이 늦게나와도 빨리 와주시면 음식을 차게 먹지는 않을텐데... 너무 식어서 와서 전자레인지에 몇번을 돌려먹었어요. 임실치즈피자 좋아하는데 오늘 처음으로 별로라고 생각했네요. 신경좀써주세요-","SET2（명품오리지널피자 L＋버팔로윙 5개 or 치즈스틱 5개＋치즈오븐스파게티＋콜라 1.25L）/1(SET메뉴 피자선택(포테이토피자L),L 추가 선택(치즈크러스트 추가),추가 선택(버팔로윙5개))"
230,맛있어요 좋아요~~,"스위트고구마 피자 L/1(L사이즈 추가선택(치즈추가)),콜라 1.25L/1"
231,배달이 좀 느렸어요 눈오고 빙판길이라 충분히 이해합니다 근데 원래 서비스 콜라가 없나요??? ㅠㅠㅠㅠ 며칠전 언니가 시켰을땐 있었던거같은데 참 곤란했어요 ㅠ,"불고기 피자 M/1(M사이즈 추가선택(치즈크러스트 추가,치즈추가))"
232,배달도 엄청 빠르고 맛이 최곱니다~,포테이토 피자 L/1
233,맛있어요 처음시켰능데 굳👍🏻👍🏻,"슈퍼슈프림 피자 L/1(L사이즈 추가선택(치즈크러스트 추가)),갈릭디핑소스/1,콜라 500mL/1"
234,자주시켜먹엇는데 오늘먹은건 좀 그랬다,"스위트고구마 피자 M/1,숯불갈비 피자 L/1(L사이즈 추가선택(치즈크러스트 추가))"
235,배달이 다른 아파트 갔다가 다시 왔어요. 주문서에도 제대로 있었는데요. 날이 추워서 그런지 피자는 그럭저럭먹었는데..스파게티가 딱딱해서 아쉬웠습니다. 그러나 맛은 좋았어요,대박세트（오리지널크러스트 L＋치즈오븐스파게티＋콜라 1.25L）/1(명품 오리지널크러스트 선택(불고기 피자L))
236,맛있긴한데 양이 적어서 4명이서 드실거면 라지 2판 주문하세요!,"SET A（명품오리지널피자L＋훈제치킨＋콜라 1.25L）/1(SET메뉴 피자선택(스위트고구마피자L)),콜라 1.25L/1"
237,정마 맛있었습니다!!치즈가 다시 따뜻하게 해도 맛있어서 여러번에 나누어먹기 좋았어요!!감사합니당,포테이토 피자 M/1(M사이즈 추가선택(치즈크러스트 추가))
238,불고기피자라구되있지만 전화로고구마무스피자시켰는데 고구마무스가 거의..없다고보면될정도였어요 ㅠㅠ너무조금짜주셔서 아쉬웟어요 피자자체는 맛있었어요!,불고기 피자 M/1
239,할인쿠폰 쓰고 사서 저렴히 먹었어요 피자스쿨이랑 비슷한 맛이에요 토핑은 푸짐해서 좋네요 위에 뿌려지는 소스도 달짝지근하니 좋아요,"불고기 피자 L/1,콜라 1.25L/1"
240,맛있게 잘 먹었습니다,대박세트（오리지널크러스트 L＋치즈오븐스파게티＋콜라 1.25L）/1(명품 오리지널크러스트 선택(불고기 피자L))
241,맛잇고 빠르고 서비스좋고,"슈퍼슈프림 피자 L/1,콜라 1.25L/1"
242,맛도잇고 서비스도 좋네요~,"슈퍼슈프림 피자 L/1,콜라 1.25L/1"
243,맛은그럭저럭 배달1시간20분걸렸네요..,"SET2（명품오리지널피자 L＋버팔로윙 5개 or 치즈스틱 5개＋치즈오븐스파게티＋콜라 1.25L）/1(SET메뉴 피자선택(슈퍼슈프림피자L),L 추가 선택(치즈크러스트 추가),추가 선택(버팔로윙5개)),핫소스 1개/1,치즈가루 1개/2"
244,맛있게 잘먹었습니다만 치즈스틱5개가 안왔었네요,"SET2（명품오리지널피자 L＋버팔로윙 5개 or 치즈스틱 5개＋치즈오븐스파게티＋콜라 1.25L）/1(SET메뉴 피자선택(슈퍼슈프림피자L),추가 선택(치즈스틱5개))"
245,맛도 좋고 배달도 빠라요 진짜 좋아용,핫치킨 피자 M/1
246,맛있게 잘 먹었어요 저는 임실 괜찮던데 자주는 아니지만 간혹 시켜먹습니다 사장님 덧글 재미있어요 군더더기 없고 투박해 보이는 글이지만 왠지 인간적으로 정이 느껴지는 덧글입니다,대박세트（오리지널크러스트 L＋치즈오븐스파게티＋콜라 1.25L）/1(명품 오리지널크러스트 선택(슈퍼슈프림 피자L))
247,예전엔 치즈향이 진하고 고소하게 난다 느꼈는데 최근 2번 먹어봤을 땐 별로예요. 이 가격이면 비싼것도 아니지만 싼 편도 아닌데 이제 굳이 임실피자 찾을 메리트를 못 느낄 정도네요.,"슈퍼슈프림 피자 L/1(L사이즈 추가선택(치즈크러스트 추가)),콜라 1.25L/1"
248,항상 맛있게 잘 먹고 있습니다 :),SET1（명품오리지널피자 L＋치즈스틱 5개＋버팔로윙 5개＋콜라 1.25L）/1(SET메뉴 피자선택(야채피자L))
249,양도 맛도 괜찬앗던것같아요 맛잇게 먹었습니다!,슈퍼슈프림 피자 L/1
250,"맛은 평타이상이지만 양 최고, 배달원분 매우 친절입니다",핫치킨 피자 L/1
251,맛있네요. 자주 주문해 먹고 있어요,"페파로니 피자 L/1(L사이즈 추가선택(치즈크러스트 추가)),콜라 1.25L/1"
252,맛은 있는데 야채피자치고 야채가 조금뿐이라서ㅠㅠ 맛은 정말 맛있었습니다,"야채 피자 M/1,미트소스스파게티/1"
253,맛있어요. 그런데 임실에 피자가 다른 피자가 맛있어서 보통이었어요. 다른데 고르곤졸라보단 맛있습니다.,고르곤졸라피자 M/1(M사이즈 추가선택(치즈크러스트 추가))
254,지금까지 먹은 피자중에 여기가 제일 맛있어,"SET2（명품오리지널피자 L＋버팔로윙 5개 or 치즈스틱 5개＋치즈오븐스파게티＋콜라 1.25L）/1(SET메뉴 피자선택(슈퍼슈프림피자L),L 추가 선택(치즈크러스트 추가),추가 선택(치즈스틱5개))"
255,별루예요헤헤헤헤헤헤,"슈퍼슈프림 피자 L/1,불고기 피자 L/1"
256,그냥 페페로니 피자 먹고싶었는데 이 피자는 다른 야채랑 소스들 언첨 많이 있었어요,페파로니 피자 L/1
257,명절이라서 어~~~~청 늦었지만 맛났어요~^^,대박세트（오리지널크러스트 L＋치즈오븐스파게티＋콜라 1.25L）/1(명품 오리지널크러스트 선택(불고기 피자L))
258,"방금전 슈퍼슈프림 라지 배달시켜먹었어요 다시는주문안할래요 ㅠ 사진찍기도 힘빠져서 글만남겨요... 에효... 배달이라그런건지 몬지 ㅠ 17,900원이면 최저가도 아닌거같은데 정말 최악이요 사장님 죄송하지만 정말 너무 맛없었어요 ㅠ",슈퍼슈프림 피자 L/1
259,짱맛이써요 다음에 또 또 또 또 또 또 먹어~,
260,원래 피자먹으면 최대 4조각밖에 못먹는데 이건 넘 맛있어서 한판다먹었어요ㅋㅋㅋㅋㅋㅋㅋ앞으로 많이 시켜먹을거같네요😚,슈퍼슈프림 피자 M/1(M사이즈 추가선택(치즈크러스트 추가))
261,빗길에 주문해 죄송스러웠는데 친절히 배달 해주셔서 감사히 잘 먹었습니다^^ 피자맛도 굳굳,
262,"피자에 대한 설명이 없어서 궁금하신 분들 있을까싶어 올려요. 토마토 소스맛 강한 편이고 감자 베이컨 조금 있어요. 토마토소스맛 강하게 나는 부분이 많아서 좀 거슬렸어요. [명품임실치즈피자-마포점] 고객님.죄송합니다. 고객님이 드신 피자는 베이컨 프라이 피자로 토마토 페이스트 소스는 적게들어가고, 칠리소스가 들어가는 피자입니다. 그 맛이 다소 강하게 느껴질순 있으나 이는 베이컨과 기타 다른토핑과의 조화를 위해 넣고 있습니다. 고객님의 소중한 리뷰 감사드리며 앞으로 항상 최선을 다하여 고객님을 모시겠습니다. 감사합니다.","SET5（명품프리미엄피자L＋버팔로윙 5개 or 치즈스틱 5개＋치즈오븐스파게티＋콜라 1.25L）/1(명품 프리미엄피자 선택(베이컨프라이 피자),L 추가 선택(치즈크러스트 추가),추가 선택(치즈스틱5개))"
263,맛있고 양도 중분하게 만들어줘서 좋다!!,
264,맛있었는데 생각보다 사이즈가 작다고 생각함,하와이언 피자 M/1(M사이즈 추가선택(치즈추가))
265,뜨겁게 깔끔하게 잘 받았어요. 첫주문 만족합니다. 콜라도500밀리 주문했는데 1.25리터로 주셨네요.. 감사합니다~,"슈퍼슈프림 피자 M/1(M사이즈 추가선택(치즈크러스트 추가)),치즈스틱 5개/1,콜라 500mL/1"
266,완전 맛있고 음식이 따끈따근해서 좋았어요 그리고 배달직원도 친절 하셨구요! 또 시켜먹을꺼에요 ㅎㅎㅎ!!,
267,새벽늦게 배고파서 시키고 솔직히 배달피자라 기대도 안하고 있었는데 기대이상이었습니다,하와이언 피자 M/1(M사이즈 추가선택(골드추가))
268,세트1번 시켰는데 피자완젼맛있고 윙이랑 치즈스틱도 굿이였어요!!!! 피자소스도 덤으로 주시고 앞으로 자주시켜먹을예정,SET1（명품오리지널피자 L＋치즈스틱 5개＋버팔로윙 5개＋콜라 1.25L）/1(SET메뉴 피자선택(슈퍼슈프림피자L))
269,도우가 쫄깃하니 맛있네요~!!! 치즈도 짜지않고 담백했습니다요~~^^ 늦은시간에도 배달해주셔서 감사합니다.😆,베이컨프라이 피자 L/1
270,치즈가 충분치 않아서 ㅂ쇼가 잘 안되네뇨 치즈가 넘 작아요,"슈퍼슈프림 피자 L/1(L사이즈 추가선택(치즈크러스트 추가)),콜라 1.25L/1"
271,짱 맛있게잘먹었어요 맛있네요,페파로니 피자 M/1
272,배달도 빠르고 포테이토피자 너무 맛있네요 ~~!,
