﻿,리뷰,메뉴
0,하얀색 양념에 찍어먹으니까 더 맛있네요!! 배달도 빠르고 만족했어요,"반반치킨/1(반반 선택(양념치킨 반,치토스치킨 반))"
1,굿ㅅㅅㅅㅅㅅㅅㅅㅅㅅㅅㅅㅅ,멕시윙반반（후라이드＋양념）/1
2,맛나요..맛나요..,양념치킨/1
3,맛있네요 부드럽고 양념이 맛있어요,"순살세트/1(순살선택 1(순살양념치킨),순살선택 2(순살후라이드),추가메뉴(멕시감자))"
4,배달 이렇게 일찍 몰랐네요. 멕시카나는 땡초치킨이 정말 맵고 맛있어요 최고입니다😭😭😭,땡초치킨/1
5,다 좋은데 양념이 골고루 안 묻어있어요. 콜라 큰거 증정이벤트중이라고 치킨박스에 대문짝만하게 광고중이던데 작은거 주시네요,"반반치킨/1(반반 선택(골드（간장） 반,치토스치킨 반),추가메뉴(콜라추가500ml,무추가))"
6,맛있게 잘먹었습니다 후라이드 맛있어요,"투마리세트/1(치킨선택 1(양념치킨),치킨선택 2(후라이드))"
7,주문한지 1시간30분만에 식어버린 치킨을 받았네요.. 좀일찍 왔으면 좋았을텐데..그럼 별5갠대.. 너무하셨어요..ㅠㅠ,양념치킨/1
8,잘먹었습니다.....,멕시윙반반（후라이드＋양념）/1
9,양념치킨 조쿠먼유~,양념치킨/1
10,윙이라 적을거라 생각은 했는데 진짜 닭자체가 작나봐여..손이작은편인데도 적말작아요 ㅎㅎ,멕시윙반반（후라이드＋양념）/1
11,다른데서 먹은거는 맛있었는데 식기도 식고 너무 딱딱했어요 맛이 별로라서 다시는 안사먹을거 같아요,"반반치킨/1(반반 선택(후라이드 반,강정치킨（뼈） 반))"
12,배달시간 딱 맞고 맛있어요!!!!,치토스치킨/1
13,진짜 오늘 치킨 짱이었습니다!,"반반치킨/1(반반 선택(후라이드 반,양념치킨 반))"
14,너무 맛나요. 중간10추가할인으로 재결제 요청 들어주셔서 더 싸게 잘먹었습니다.,순살땡초치킨/1
15,자주 시켜먹었지만 이렇게 실망스럽긴.. 배달은 40분이라고 안내가 왔지만 1시간10분만에 도착 치킨은 평소와 다르게 식어있고.. 배달이 늦어서 전화했더니 여자분이 전화 받아서 우리집 주소 말하더니 출발했으니 기다려 보란다.. 배달 오신분이 늦은 부분에 대해 말했다고 하지만..상한 맘에 열은 박스에 처음 집은 치킨에 머리카락이라니.. 전화로 따지려다 그냥 참고 먹었다,"투마리세트/1(치킨선택 1(후라이드),치킨선택 2(양념치킨))"
16,순살로 재주문하려고 취소했는데 본인들은 취소가 안 된다고 본사에 연락하라고 안내하고 바로 조리를 시작해버리네요 맛을 떠나서 다시는 주문하지 않을 겁니다,양념치킨/1
17,맛있게 잘먹었어요ㅎㅎㅎㅎ,순살양념치킨/1
18,날씨가 안 좋은 와중에 배달시키기 미안해서 평소보다 한마리 더 시켰습니다. 배달원분한테 고맙고 미안하네요. 언제나처럼 맛있었습니다,"치토스치킨（콘스프맛）/1(추가메뉴(멕시감자)),치토스치킨/1"
19,후라이드는 치킨업게중 최고라 하고싶네요. 잘먹었습니다..^^,후라이드치킨/1
20,언제나 최고입니다 최고,치토스치킨/1(추가메뉴(멕시감자))
21,맛있게 잘먹었습니다 양념 달달하니 맛있네요,양념치킨/1
22,맛있네요ㅇㅇㅇㅇㅇㅇ,"반반치킨/1(반반 선택(후라이드 반,양념치킨 반))"
23,맛있게 잘 먹었어요 !!,"반반치킨/1(반반 선택(후라이드 반,마늘치킨 반))"
24,배달은 늦었지만 맛있어요~,오징어짬뽕치킨/1
25,맛있게 잘 먹었습니다,"순살반반/1(순살반반 선택(순살후라이드 반,순살양념치킨 반))"
26,잘먹었습니다~~~~~,"순살반반/1(순살반반 선택(순살후라이드 반,순살양념치킨 반))"
27,치토스치킨 ㄹㅇ맛있음,"투마리세트/1(치킨선택 1(눈꽃치즈치킨),치킨선택 2(치토스치킨),추가메뉴(콜라추가1.25L))"
28,맛잇음 배신하지 않음,골드치킨（간장）/1
29,치토스맛은 첨이었는데 가루나 너무 날렸어요ㅠㅠ,"반반치킨/1(반반 선택(후라이드 반,치토스치킨 반))"
30,땡초치킨 넘 맛있어요^^,"땡초치킨/1,무추가/1,사이다 1.25L/1"
31,배달도빠르고 맛이뛰어났어요!,"반반치킨/1(반반 선택(후라이드 반,양념치킨 반))"
32,배달빨랐고 잘튀겨주셔서 맛있게 잘먹었어요~!!,양념치킨/1
33,양념친먹어봄 땡초시킬거임 흥,양념치킨/1
34,잘먹엇습니딘 감사합니다,양념치킨/1
35,이벤트기간이라 그런지..배달도 맛도 이전보다 못하네요.. 그리고 맥주피처가 1L 짜리인지는 메뉴이름에 같이 적어주시면 좋겟습니다..,"순살반반/1(순살반반 선택(순살후라이드 반,순살양념치킨 반),추가메뉴(체다치즈볼)),맥주 피쳐/1"
36,빠른 배송 감사합니다:) 튀김옷이너무두꺼워서 별로였지만 양념소스도 맛있고 살도 많아서 좋았습니다!,"반반치킨/1(반반 선택(후라이드 반,양념치킨 반))"
37,맛있게 잘 먹었습니다,순살오징어짬뽕치킨/1
38,역시 맛있어요ㅋㅋㅋ,강정치킨（뼈）/1
39,행사기간이었지만 배달 오분늦었어요 이정도면 선방 치킨은 맛있게 먹었답니다,"반반치킨/1(반반 선택(땡초치킨 반,치토스치킨 반),추가메뉴(콜라추가1.25L))"
40,잘먹엇습니다 가격비싼거빼곤..ㅎㅎ,치토스치킨/1
41,치토스로만 반반 시켰습니다!! 궁금하시다면 치토스맛은 하나만 시키시고 다른맛시키시는걸 추천드립니다! 배달은 빨리왔어요!,"반반치킨/1(반반 선택(치토스치킨 반,치토스치킨（콘스프맛） 반))"
42,맛있게 잘 먹었어요. 간만에 순살먹었네요,순살강정치킨/1
43,끝내줍니다다 ㅎㅎㅎㅋㅋ,순살양념치킨/1
44,치킨은맛있는데 콜라를안주셨네요....ㅜㅜ,순살후라이드치킨/1
45,잘먹었습니다........,멕시윙반반（후라이드＋양념）/1
46,양념치킨 매번 강정치킨으로 먹었는데 일반 양념치킨도 역시 맛있군요!! 치킨 엄청 빠삭하고 촉촉하고 맛있었어요!,"투마리세트/1(치킨선택 1(후라이드),치킨선택 2(양념치킨))"
47,할인이벤트 기간이라 오래걸릴거 각오하고 주문했는데 예상시간 40분으로 찍혔고 비슷하게 맞춰오셨어요. 치킨도 뜨끈뜨끈하게 왔고 넘 맛있어요! 특히 양념 왜케 맛있죠?ㅎㅎ 콜라도 큰거 주셔서 더 좋네요. 멕시카나는 역시 은평점이 짱이에요!,멕시윙반반（후라이드＋양념）/1
48,바삭바삭 맛잇어요 콜라도 큰거 주셔서 감사합니다 많이 파세요👍🏻👍🏻👍🏻,"후라이드치킨/1,체다치즈볼/1"
49,음...지점별로 다르겠지만 요번엔 좀별로였습니다.,"반반치킨/1(반반 선택(후라이드 반,양념치킨 반))"
50,치킨은 맛있게 잘 먹었습니다...만 저녁거리를 시켰는데 야식이 되서 도착했네요 ㅎ 행사기간이고 바쁘신 건 감안해도 90분 찍힌 180분이 다 되서야 오셨네요 ㅠ 그래도 바쁘실텐데 전화드릴때마다 친절히 응대해쥬신 점 감사드립니다,"반반치킨/1(반반 선택(양념치킨 반,치토스치킨 반))"
51,저희가 자주 시켜 먹는 곳인데 예전에도 콜라가 김이 다 빠진 콜라가 온 적이 있엇는데 그때는 집에 있는 음료로 귀찮아서 아쉬운데로 먹엇는데 이번에도 콜라가 김이 다 빠진 콜라가 왓네요 집에 음료도 없어서 콜라도 없이 치킨만 먹었습니다 업체에 연락해서 1시간 정도 지나고 나서야 콜라를 받앗는데 이미 치킨 다 먹고 난 상황이였네요 콜라 용량 자체도 가득 안 채워있어서 좀 의아해서 받자마자 사진 찍어 났는데 두번째 온 콜라 역시 용량은 첫번째 온 콜라랑 같네요 콜라 때문에 좀 아쉬웠습니다,"투마리세트/1(치킨선택 1(치토스치킨),치킨선택 2(땡초치킨),추가메뉴(멕시감자))"
52,와... 2시간30분기다려서 받은 치킨이라.. 앞으로 이벤트할때 못먹을거같아요. 점심먹고 후식먹고 저녁먹을거 주문해야겠네요.. 전화도 뺑뺑이돌리고 후... 치토스치킨이 과자맛너무많이나고 짜서 제타입이아니었엉6 양념은 맛있었습니당,"반반치킨/1(반반 선택(양념치킨 반,치토스치킨 반),추가메뉴(무추가))"
53,배달이 정말 너무너무 늦었습니다. 2시간 40분 걸렸어요,순살양념치킨/1
54,맛 : 멕시카나 양 : 멕시카나 배달 : 예상 배달시간 90분 총 배달시간 120분 배달시간 때문에 걸린 암을 허경영님을 통해 치유받았습니다,"순살반반/1(순살반반 선택(순살양념치킨 반,순살골드（간장） 반)),멕시감자/1"
55,7시44분에 주문해서 10시28분에 왔네여..... 다음부턴 정확한 시간을 기재 해주세요. 그래야 다른곳에서 시키죠.,강정치킨（뼈）/1(추가메뉴(멕시감자))
56,7시 반쯤 주문했는데 3시간 걸렸어요. 그래도 다 식어서 오진 않고 따듯해서 맛은 별 5개 드렸어요. 콜라 감사합니다.,후라이드치킨/1(추가메뉴(시즈닝 3종세트))
57,"두시간 넘어서 받았습니다. 한개는 주문한 메뉴랑 다른 맛이 왔구요. 제대로 안 튀겨져서인지 살이 안 익은게 있었습니다. 배달 받고 상자를 봤는데 습기 때문인지, 물에 맞은건지 상자가 흐물흐물 했습니다.. 저녁시간에 주문한게 야식이 됐네요.","투마리세트/1(치킨선택 1(매운양념치킨),치킨선택 2(파닭),추가메뉴(무추가))"
58,곧 2시간 돌파 예정입니다 음식은 안오고 배에서는 꼬르륵 전화는 돌리시네요,양념치킨/1
59,오늘은 1시간 50분 걸렸네요..ㅠ 요기요 에선 50분 걸린다 했는데.. 크흡..ㅠ 그래도 맛도 있고 배달 해주신분도 친절해서 별테러는 안합니당 ㅎ 잘먹었습니다.,치토스치킨/1
60,제가 매번 리뷰쓸 때마다 마약드립 치는데 이제 좀 자제할게요....치토스 마약이네요 ㅎ,치토스치킨/1(추가메뉴(멕시감자))
61,치킨맛있어요! 다음달9일까지 콜라사이즈업도해주세요 :),순살후라이드치킨/1
62,맛있어요 매번 맛있어요,오징어짬뽕치킨/1
63,배달오자마자 흡입해서 치킨은 뼈만 남았네요 ㅎㅎ 배달원분도 친절하시고 치킨도 맛있고 행복한 금요일 보냈습니다,땡초치킨/1
64,넘 맛있게먹어서 사진도 못찍고 다 먹어버렸네요ㅠ 대박짱맛 다른데랑 비교가 안됩니다 치킨은 무조건 여기로 굿굿,"투마리세트/1(치킨선택 1(양념치킨),치킨선택 2(파닭))"
65,좀 늦은시간 주문이였는데 배달도 엄청 빨랐고 이벤트중인지 콜라도 큰거 주셨어요 강정치킨 처음인데 생각보다 너무 맛있었고 치킨이 엄청 뜨겁게와서 좋았어요 맛있게 잘먹었습니다~~!,강정치킨（뼈）/1
66,치토스치킨 역시 맛있습니다. 펩시이벤트 하는 줄 모르고 추가 주문해서 콜라2병 받았네요~ 배달도 빠르고 친절하세요~ 잘먹었습니다,치토스치킨/1(추가메뉴(콜라추가1.25L))
67,잘먹엇습니다.....,멕시윙반반（후라이드＋양념）/1
68,매우 마시쩌용♡♡♡ 리뷰 먹튀 안하고 약속대로 남김,순살후라이드치킨/1
69,치토스 치킨 소스 너무 맛있네요,"반반치킨/1(반반 선택(골드（간장） 반,치토스치킨 반))"
70,말이 필요 없습니다.,순살치토스치킨/1
71,맛있게 먹었습니다,오징어짬뽕치킨/1
72,맛 좋고 양도좋아요 배달이 조금 많이 늦어져 아쉽네요,"투마리세트/1(치킨선택 1(양념치킨),치킨선택 2(파닭))"
73,맛있게잘먹었습니다 다음에도 또먹을게요,"반반치킨/1(반반 선택(후라이드 반,골드（간장） 반))"
74,배달도 빠르게 오시구 치킨도 넘넘 맛있었습니다~~,"투마리세트/1(치킨선택 1(후라이드),치킨선택 2(파닭))"
75,오랫만에 멕시카나 시켜봤는데 맛있게 잘먹었습니다,"반반치킨/1(반반 선택(후라이드 반,골드（간장） 반),추가메뉴(무추가))"
76,맛있게 잘먹었습니다.,강정치킨（뼈）/1
77,양념이 맛있었습니다. 배달은 2시간 넘어서 받았네요,양념치킨/1
78,배달이 너무늦지만 맛은 좋아요,"반반치킨/1(반반 선택(후라이드 반,골드（간장） 반))"
79,이벤트 콜라랑 너무 맛있게 매워요. 잘먹었습니다. 어머니가 대만족,순살땡초치킨/1
80,오랜만에 멕시카나 시켜 먹었는데 뻑뻑한 살이 너무 많았어요,"반반치킨/1(반반 선택(후라이드 반,양념치킨 반))"
81,굿굿굿굿 여자친구가 좋아해요,순살눈꽃치즈치킨/1
82,맛은 좋았는데 양이 저번보다 적었어요 튀김만 많고ㅠ,"반반치킨/1(반반 선택(후라이드 반,양념치킨 반))"
83,맛도 좋고 양도 많은데 배달이 느리네요,"순살세트/1(순살선택 1(순살양념치킨),순살선택 2(순살눈꽃치즈치킨))"
84,맛있고 친절함니다 또 이용할예정이에요,"반반치킨/1(반반 선택(양념치킨 반,허니벌꿀 반))"
85,치토스치토스 3번째먹고있다,치토스치킨/1
86,배달시간이 2시간이 넘었어요ㅋㅋㅋㅋ 어쩔수없죠ㅋㅋ맛은 있는데 오짬치킨에 오징어튀김이 약간 덜 익었어요ㅋㅋ,"반반치킨/1(반반 선택(양념치킨 반,오짬치킨 반))"
87,후라이드반 매운양념반 시켜먹었는데 엄청 바삭하고 맛있었어요!!!ㅎㅎㅎ 강추입니당,"반반치킨/1(반반 선택(후라이드 반,매운양념 반))"
88,맛있어요 감사합니다,"투마리세트/1(치킨선택 1(후라이드),치킨선택 2(파닭))"
89,항상 시켜먹는데 맛있습니다,"투마리세트/1(치킨선택 1(파닭),치킨선택 2(눈꽃치즈치킨))"
90,복날인데도 생각보다 일찍왔어요! 맥시카나는 역시나 양념이죠 치토스는 맥주안주로 딱이었어요,"반반치킨/1(반반 선택(양념치킨 반,치토스치킨 반))"
91,너무 늦게 배달해주시고 맛도 그닥,"반반치킨/1(반반 선택(후라이드 반,양념치킨 반))"
92,멕시카나 양념은 언제나 맛있어요. 오늘은 바쁘셔서 그런지 많이 식어서 ㅠ.ㅠ,양념치킨/1
93,"배달이 정말 너무하네요. 후라이드반 양념반 주문 했는데 양념이 다새서 비닐봉지 및 후라이드에도 다 묻어져있고 번져있고, 치킨은 한쪽으로 다 쏠려있었습니다. 비도 오지않은 날씨임에도 불구하고 배달해주시는 분의 태도 역시 엉망이었네요. 항상 자주 시켜먹었는데, 이런 부분은 잘 보완해주시면 좋겠습니다.","반반치킨/1(반반 선택(후라이드 반,양념치킨 반))"
94,맛있게 먹었어요~~~!!,강정치킨（뼈）/1
95,맛있게 잘먹었습니다.,땡초치킨/1
96,행사날 배달 늦는건 어쩔수 없고 맛있게 잘먹었습니다. 가루토핑잇는거는 이벤트 있을땐 피해야겠네요 눅눅해져셔 왔네요,"치토스치킨/1,생맥주 1000cc/1"
97,프로모션중이라 바쁘실텐데도 친절히 전화도 주시고 소요시간 보내주신것에 맞게 음식도 도착했습니다. 다만 치즈가루는적은데 비해 짭짤했어요. 다음번엔 치즈가루마니 닭은 덜짜게 부탁드려요,순살눈꽃치즈치킨/1
98,"배달 진짜 용인할 수 있는 시간 이상이네요 프로모션인거 감안해서 고지시간 하고도 20분 이상 기다렸고, 그래도 안오길래 전화햇더니 배달하시는 분 10분 후에 온다고 오면 바로 배달해준다네요? 그러고도 20분 후에 음식 받앗어요 총 두시간 넘게 걸렸네요 배달비 받으면서 책임감도 없는거같고, 온 음식은 눅져서 몇일 된줄알았네요? 기존 주문이 감당안되면 주문창이라도 막아두시지 한마디로 최악이었어요",치토스치킨/1
99,맛있어요. 잘먹었어요~^^,"순살반반/1(순살반반 선택(순살후라이드 반,순살양념치킨 반))"
100,후라이드랑양념은 진리 입니다!!,"투마리세트/1(치킨선택 1(후라이드),치킨선택 2(양념치킨))"
101,역시 멕시카나 은평점 맛있었습니다. 또 시켜 먹을게요~~!!,양념치킨/1(추가메뉴(무추가))
102,먹다찍었습니당:) 맛있어요!,"순살반반/1(순살반반 선택(순살후라이드 반,순살허니벌꿀 반))"
103,맛있었습니다아으아앙,치토스치킨/1
104,맛있게 잘먹었습니다 다음에도 도전,"순살반반/1(순살반반 선택(순살후라이드 반,순살양념치킨 반))"
105,배달 빠르고 맛있어요,"반반치킨/1(반반 선택(후라이드 반,양념치킨 반),추가메뉴(콜라추가1.25L))"
106,오짬은 진리입니다,오징어짬뽕치킨/1
107,이 메뉴로 자주 먹는데 코코소스를 이 전엔 안보내주셔서 추가했더니 오늘은 왔네요^_ㅠ 아쉽지만 항상 맛있게 잘 먹고 있어요 감사합니당,"순살반반/1(순살반반 선택(순살양념치킨 반,순살치토스치킨 반)),엔젤코코소스 추가/1"
108,배달도 빠르고 무엇보다 치토스 치킨 추천합니다 !! 완전 바삭해요,치토스치킨/1
109,배달 빠르고 맛있습니다 볶음밥 양 많고 맛있습니다,"투마리세트/1(치킨선택 1(후라이드),치킨선택 2(양념치킨))"
110,항상 맛있어요. 짱짱. 자꾸 먹고싶네요.,"순살세트/1(순살선택 1(순살양념치킨),순살선택 2(순살치토스치킨（콘스프맛）))"
111,신박한 맛이네요 잘 먹었습니다.,"순살반반/1(순살반반 선택(순살치토스치킨 반,순살치토스치킨（콘스프맛） 반))"
112,치토스 치킨 처음 먹어봤는데 정말 맛있어요. 강추합니다.,치토스치킨/1
113,잘 먹었습니다 리뷰이벤트 멕시감자는 안보내주셨어요..,강정치킨（뼈）/1
114,맛있어요 잘먹었습니다~~,"반반치킨/1(반반 선택(후라이드 반,땡초치킨 반))"
115,어릴 때 추억 생각하면서 먹었습니다. 다만 제가 기억하는 양념통닭 맛과 조금 달라서 아쉬웠습니다.,"투마리세트/1(치킨선택 1(후라이드),치킨선택 2(양념치킨))"
116,맛나게 잘 먹었습니다 ㅎㅎ,후라이드치킨/1
117,맛있어요...양념치킨...,양념치킨/1
118,"항상 실망시키지 않습니다. 배달도 빠르고 양도, 맛도 최고네요! 단골입니당:)",후라이드치킨/1
119,쿠폰써서 저렴하게 먹었는데 아주 맛있었어용!,순살강정치킨/1
120,언제나처럼 맛있었습니다. 별점 만점!,치토스치킨/1(추가메뉴(멕시감자))
121,맛있어요~ 치토스 처음 먹어봤는데 맛있더라구요~ 남은 치킨 냉동 해뒀다가 에프에 돌려먹으면 더 존맛ㅠ 서비스 콜라랑 감튀 감사했습니다~ 비록 그날 비가와서 감튀가 젖어서 못먹었지만 마음은 감사합니다!,"반반치킨/1(반반 선택(후라이드 반,치토스치킨 반))"
122,항상 맛있게먹는 곳입니다~~ 번창하세요!,"투마리세트/1(치킨선택 1(양념치킨),치킨선택 2(후라이드),추가메뉴(콜라추가1.25L))"
123,맛있뎌염 맛있져 사진은... 못찍어놨네,"반반치킨/1(반반 선택(후라이드 반,양념치킨 반))"
124,축구하는 날이라서 배달시켰는데 한시간정도 기다렸어요 그래도 맛은 좋더라구요,"투마리세트/1(치킨선택 1(마늘치킨),치킨선택 2(양념치킨))"
125,치토스치킨..생소했는데 나름 달콤한게 맛있네요,치토스치킨（콘스프맛）/1(추가메뉴(체다치즈볼))
126,배달 거의 2시간 기다림. 취소할려고 전화했더니 출발했다함 진짜 앞으로는 프로모션할때는 안시킬게요 저번에도 할인할때 주문해서 엄청 늦게 왔는데 이번에도 2시간이라니. 치토스는 늦으면 눅눅해져요,"순살반반/1(순살반반 선택(순살땡초치킨 반,순살치토스치킨 반))"
127,"콜라 이벤트 하는줄 모르고 주문했더니 큰사이즈가 두개 왔네요 크크.. 간장, 양념 다 맛있는데 양념이 특히 맛있네요 간장은 타 치킨집보다 간이 세요","순살반반/1(순살반반 선택(순살양념치킨 반,순살골드（간장） 반),추가메뉴(콜라추가1.25L))"
128,첫번째가 오늘이고 두번째가 예전인데 양념 색부터 이전과는 달리 연해졋습니다. 강정치킨은 바삭한 맛으로 먹었는데 이번엔 매우 눅눅했습니다. 맛이바뀐건진 모르지만 이번엔 조금 별로였습니다,순살강정치킨/1
129,할인금액이 좋아서 저렴하게 잘먹었습니다^^,양념치킨/1
130,개인적으로 많이 매웠는데..매운거 좋아하시는 분들께 추천! 맛있어요,땡초치킨/1
131,존맛탱 배달만 빠르게 왓으면 굿,"투마리세트/1(치킨선택 1(양념치킨),치킨선택 2(치토스치킨（콘스프맛）))"
132,튀김도 눅눅하고 예정시간 초과해서 별로 맛이 없게 먹었네요,후라이드치킨/1
133,오랜만에 옛생각나서 시켰는데 맛있었어요~!,"반반치킨/1(반반 선택(후라이드 반,양념치킨 반))"
134,후라이드도 맛있었는데 양념이 존맛탱입니다,"반반치킨/1(반반 선택(후라이드 반,양념치킨 반))"
135,배달하시는분도 친절하시고 맛있어요!!,"반반치킨/1(반반 선택(후라이드 반,땡초치킨 반))"
136,잘 먹었습니다.,후라이드치킨/1
137,뻑뻑살이 너무 많네요 ㅠㅠ,"반반치킨/1(반반 선택(후라이드 반,허니벌꿀 반))"
138,너무 맛있어서 그만 지려버렸습니다,순살후라이드치킨/1(추가메뉴(멕시감자))
139,배달도 친절하고 항상 맛있어요~!!!ㅋ,"반반치킨/1(반반 선택(후라이드 반,땡초치킨 반))"
140,요기요 쿠폰데이라 70분 이상이 걸릴 수도 있다고 공지돼있긴 했지만... 그래도 2시간은 너무한듯 합니다. 차갑던 맥주는 식어가고 배고픔은 점점 사라지고 ㅠㅠ 그래도 양념치킨은 참 맛나더라구요. 좀 식었지만요... 쿠폰데이때 주문량 조절을 하면 업체 손해가 클까요? 고객입장에서는 감당 가능한 주문량이 필요하다고 봅니다.,"반반치킨/1(반반 선택(후라이드 반,양념치킨 반))"
141,치킨 쿠폰 주길래 쥬뮨햇는데 금요일 저녁 비도 오고 행사중이라 배달 늦을거 생각 안한건 아님 배달 예정시간70분 주길래 그런가보다 80분후 늦을수도 잇지.. 날씨도 비가 많이오고 교통체증에 불금에 쿠폰행사니 ...음 90분 지나서부터.. 열받네 늦어지는거 전화나 문자 연락못주나요?? 100분이지나 110분지나 오질않음 2시간만에 받음.... 하긴 이런업체들 리뷰나 보겟어?? 내가 이렇게 떠든다고 먼소용이잇겟어... 나 하나 정도야 맘상하고 이용안하면 되지 다른사람들은 별 상관없겟지...,순살후라이드치킨/1
142,마시써용 히히히히히,순살치토스치킨/1
143,이번주만2번먹었네요 은평점이잴맛나요,멕시윙반반（후라이드＋양념）/1
144,맛있어요~~~~~~~,순살양념치킨/1
145,맛있어요 근데 8시20에 주문해서 9시55분에 받았어요 배고픈걸 떠나서 졸리고 쉬고 싶어요 양도 적고 특히 후라이드거 더 적어요ㅜㅜ 7000원 할인받았는데도 손해본 기분입니다,"순살반반/1(순살반반 선택(순살후라이드 반,순살마늘치킨 반))"
146,맛있구요 배달도 빠르게 왔어요,"투마리세트/1(치킨선택 1(후라이드),치킨선택 2(양념치킨))"
147,맛있게 잘먹었습니다,치토스치킨（콘스프맛）/1
148,불금 쿠폰 행사 기간인데도 많이 늦지않고 치킨도 제대로 튀겨져서 왔네요 맛있어요,"투마리세트/1(치킨선택 1(파닭),치킨선택 2(땡초치킨))"
149,아니 오늘같은 피크날 배달도빨라 맛도있어 콜라도 업그레이드해줘 서비스로 감자튀김까지줘 뭐 빠지는게없네요 아주 잘먹었습니다!!!!!!!!!!!,치토스치킨/1
150,콜라도 큰 사이즈 칙힌도 굿굿 배달도 빠릅니다 잘먹겠습니다 ~~~,"반반치킨/1(반반 선택(후라이드 반,양념치킨 반))"
151,역시 양념은 멕시카나가 최곱니다! 그런데 어제 후라이드는 너무 바싹 익혀져서 좀 딱딱해서 아쉬웟어요ㅜ,"반반치킨/1(반반 선택(후라이드 반,양념치킨 반))"
152,양념이랑 허니꿀 투마리 시켰는데 맛있엉ㅆ 허니꿀은 약간 간장치킨 느낌도 살짝나네요 이벤트하는날이라 배달이 좀 늦었지만 맛은 좋네요,"투마리세트/1(치킨선택 1(양념치킨),치킨선택 2(허니벌꿀치킨))"
153,항상 맛있게 잘 먹고 있습니다!,양념치킨/1(추가메뉴(콜라추가1.25L))
154,수고가 많습니다 잘 먹었어요,순살양념치킨/1
155,처음 시켜보는거라 조금 걱정 했는데 후기대로 진짜 맛있네요 !!!! 땡초 매운거 땡길때 최고겠어요,"순살반반/1(순살반반 선택(순살후라이드 반,순살땡초치킨 반))"
156,치토스 치킨과 땡쵸 치킨 맛있게 먹었습니다 치토스치킨은 조금더 바삭했으면 좋겠네요~^^,"투마리세트/1(치킨선택 1(땡초치킨),치킨선택 2(치토스치킨))"
157,맛있어서 또 시켜요~~♡,"반반치킨/1(반반 선택(후라이드 반,양념치킨 반))"
158,콜라감튀서비스좋아요!,멕시윙（간장＋양념）/1
159,멕시카나 양념 짱맛~~!! 빨간색만 봐도 안먹는 아이들이 유일하게 먹는 양념치킨 입니다.. 오늘도 맛있다며 다음에 또 시켜 먹자고 하네요 잘 먹는 아이들 보니 기분이 좋아요~ 맛보기용 멕시감자도 바삭하고 맛있네요. 감자 안좋아하는 아이들인데 이건 정말 맛있데요~^^,양념치킨/1
160,잘먹엇습니다.ㅋ ㅋ ㅋ,"반반치킨/1(반반 선택(후라이드 반,양념치킨 반))"
161,처음으로 치토스 치킨 먹었는데 너무 맛있었어요! 맥시카나 신사점 너무 만족합니다 다음에는 다른 맛을 시키몀서 서비스로 받았던 감튀를 제대로 시켜먹어야겠어요 감튀도 너무 맛있었습니다,"투마리세트/1(치킨선택 1(후라이드),치킨선택 2(치토스치킨（콘스프맛）))"
162,잘먹었어요 수고하세요,"투마리세트/1(치킨선택 1(후라이드),치킨선택 2(땡초치킨))"
163,맛도 앙도 괜찮아요^^,눈꽃치즈치킨/1
164,간장은 좀 짜구요 양념은 맛있었어요!!,"순살반반/1(순살반반 선택(순살양념치킨 반,순살골드（간장） 반))"
165,배달비2천원주구두 여기다시킨이요 멕시카나는 은평점이젤맛있어요 치토스는 담날 먹어두 바삭하네요 닭이 겁나실하게 크네요 맛잇게먹었네요 배달은이벤트라 쩜걸렸네요,치토스치킨/1
166,먼곳이라 배송이 늦지만 은평점이 젤 맛있어서 여기로 시키게 되네요,"반반치킨/1(반반 선택(양념치킨 반,치토스치킨（콘스프맛） 반))"
167,"첫 주문이었는데, 맛있게 잘 먹었습니다^^","투마리세트/1(치킨선택 1(후라이드),치킨선택 2(눈꽃치즈치킨))"
168,맛. 양념치킨 시켰는데 맛은 괜찮았고요 배달. 한...1시간 반 넘게 걸린듯요,"양념치킨/1,사이다 1.25L/1,체다치즈볼/1"
169,전래 맛있어요 진짜 양도 많고 ( ᵕ̩̩ㅅᵕ̩̩ ) 최고의 맛집이에요,"투마리세트/1(치킨선택 1(허니벌꿀치킨),치킨선택 2(후라이드))"
170,좋아료........,
171,맛있게 잘 먹었습니다 감사합니다,"반반치킨/1(반반 선택(후라이드 반,양념치킨 반))"
172,감자준다써있는데 안옴 치킨은 원래 맛있음,순살치토스치킨/1
173,콜라사이즈 업 행사까지 오늘도 잘 먹었습니다,오징어짬뽕치킨/1
174,완전 치토스맛은 아니고 짭짤한치킨이네요,치토스치킨/1
175,갑자기 스페셜 할인이 들어가서 배달이 늦어진건충분히 감안하고 시켰습니다. 한시간 좀 넘게 걸렸지만 그래도 바삭하고 따뜻하게 갓 튀겨진 치킨이어서 너무 맛있었습니다. 이벤트 서비스로 주신 콜라 덕분에 더 잘 먹었어요. 감사합니다. 치즈볼은 예상과는 좀 다르게 해쉬브라운에 치즈가 있는 스타일이었던거 같은데 다덜 참고하세요~,"투마리세트/1(치킨선택 1(양념치킨),치킨선택 2(눈꽃치즈치킨)),체다치즈볼/1"
176,배달이 한시간 지나서와서 놀랫어요.. 그래도 맛잇게먹엇습니다|,치토스치킨（콘스프맛）/1
177,배달도 예상시간맞춰오고 친절하시고 좋았어용!!땡초는 바삭하지않지만 엄청맛잇어요 안바삭해도됨ㅋㅋ소스맛이 진짜 맘에들었고 치즈치킨은 완전바삭하고 맛잇엇어요!!!반반치킨 굿~,"반반치킨/1(반반 선택(눈꽃치즈 반,땡초치킨 반))"
178,70분이라고하지말고 100분하시죠 8시 4분 주문에 9시 32분도착했으니 너무오래걸리네요 주문이얼마나많길래..,"순살반반/1(순살반반 선택(순살후라이드 반,순살매운양념 반))"
179,땡초치킨먹었는데 넘 맛있었어요,땡초치킨/1(추가메뉴(콜라추가1.25L))
180,"배달 때문에 여기서 다시는 안먹을듯 하네요..7시 57분에 주문해서 아직도 못받고 있습니다 70분 걸린다고 해서 60분째에 혹시 출발은하셨냐고 전화드리니, 출발안했다고 하셔서 주문취소 해달라고 하려했습니다.. 기사님이 도착하셨고 포장까지 다 해놓으셨다길래 그냥 있었는데 예정시간도 넘겼네요","순살세트/1(순살선택 1(순살후라이드),순살선택 2(순살양념치킨))"
181,1시간20분째.. 아직도 안왔네요 하 진짜..,후라이드치킨/1
182,맛있게 잘 먹었습니다. 맛도 양도 훌륭하네요. ^^,"반반치킨/1(반반 선택(후라이드 반,양념치킨 반),추가메뉴(콜라추가1.25L))"
183,늘 시켜먹는곳 늘 실망시키지않아효 굳,멕시윙반반（후라이드＋양념）/1
184,너무 배고파서 먹다가 도중에 찍네요 ㅠ ㅋㅋ 후라이드가 특히 맛있습니다!! 또 시켜먹을거같아요,"순살반반/1(순살반반 선택(순살후라이드 반,순살양념치킨 반),추가메뉴(멕시감자))"
185,맛있게 잘 먹었어요,땡초치킨/1
186,초복때 맛있게 먹었습니다 과자같은 식감과 매콤한 치킨의 맛이 섞인 치토스한테서 헤어나올 수가 없네요 ㅋㅋ,"치토스치킨/1(추가메뉴(콜라추가1.25L,멕시감자))"
187,처음 먹어봤는데 맛있었어요~~,"순살반반/1(순살반반 선택(순살양념치킨 반,순살치토스치킨 반),추가메뉴(무추가)),땡초상하이볶음밥/1"
188,마늘치킨도 맛있었어요 감사합니다,"반반치킨/1(반반 선택(후라이드 반,마늘치킨 반))"
189,맛잇습니다!! 양도많고 추천드려요,"순살세트/1(순살선택 1(순살후라이드),순살선택 2(순살치토스치킨),추가메뉴(체다치즈볼))"
190,항상 잘먹고있엉노 ㄱㅅ,양념치킨/1
191,아이들입맛에 딱인듯이요 너무좋아해서 자주 시켜먹게 되네요,치토스치킨/1(추가메뉴(콜라추가1.25L))
192,맛있어요 아주굿입니디ㅣ,양념치킨/1
193,맛있네용ㅎㅎㅋㅋㅎㅎㅋㅋ,"투마리세트/1(치킨선택 1(후라이드),치킨선택 2(양념치킨))"
194,맛있어요.감자튀김도 추천합니다.^^,순살강정치킨/1(추가메뉴(멕시감자))
195,딱 정각에왔어요 노말한맛!,"투마리세트/1(치킨선택 1(양념치킨),치킨선택 2(골드치킨（간장）),추가메뉴(콜라추가1.25L))"
196,잘먹었습니당 감사합니당,골드치킨（간장）/1
197,잘먹엇습니다 !!!!!!,치토스치킨/1
198,다양한 소스 와 친절배달 좋았아오,"순살반반/1(순살반반 선택(순살후라이드 반,순살치토스치킨（콘스프맛） 반))"
199,눈꽃치즈의 맛이 굿굿굿입니다,"눈꽃치즈치킨/1,순살매운양념치킨/1"
200,배달 시간도 정확하고 맛도 있어서 정말 좋은 가게 에요 꼭 번창 하실수 있을꺼 같아요!,치토스치킨/1
201,처음먹어보는거라 기대했는데 정말 맛있었어요 근데 치토스과자도 주시는줄 알았는데 안왔더라구요 까먹으신건가요...ㅎㅎ 무튼 배달도 맞춰서 잘왔습니다!,치토스치킨（콘스프맛）/1(추가메뉴(콜라추가500ml))
202,맛있고 양도 많고 콜라도 서비스 주셨어요 할인도 10프로 더 해줘서 저렴하게 먹을 수 있었어요 멕시카나가 오랜세월 변치 않는 맛닭집 중에 하나지요 맛있게 먹느라 바뻐서 사진 찍는걸 잊었네요 사진이 없어도 맛닭집 맞아요,땡초치킨/1
203,맛있어용 양념 최고,"반반치킨/1(반반 선택(후라이드 반,양념치킨 반)),체다치즈볼/1"
204,배송은 쫌 느린편..,순살후라이드치킨/1
205,처음 먹어보는데 괜찬았습니드,"반반치킨/1(반반 선택(후라이드 반,양념치킨 반))"
206,반반치키느맛있게 먹엇엉ㅅ,"반반치킨/1(반반 선택(후라이드 반,양념치킨 반)),생맥주 1000cc/1"
207,아직 도착을 안했어요ㅠㅠ 매번 시켜먹던 곳이라 빨리올줄알고 시켰는데ㅠㅠ 맛과 양은 좋았습니다,"치토스치킨/1,후라이드치킨/1"
208,두번째 시켜먹어요.오짬치킨이 너무 맛있네요.순살이 쫀득쫀득해요.,"순살반반/1(순살반반 선택(순살오짬치킨 반,순살치토스치킨（콘스프맛） 반))"
209,"오짬치킨이 너무 맛있네요,불맛도 나고 치밥 하기도 너무 좋아요.","순살반반/1(순살반반 선택(순살후라이드 반,순살오짬치킨 반))"
210,먹던그만 그생각나면 고고,"반반치킨/1(반반 선택(후라이드 반,양념치킨 반)),생맥주 1000cc/1"
211,맛있어서 또 시켜먹었네요 친구랑 잘먹었어요,치토스치킨/1
212,치킨이 되게 깔끔하게 잘 튀겨졌네요 굿굿,"반반치킨/1(반반 선택(후라이드 반,골드（간장） 반)),맥주（병）/1"
213,너무 맛있어서 사진찍는걸 깜빡했어요 아이들이 너무 좋아해요,"반반치킨/1(반반 선택(후라이드 반,양념치킨 반))"
214,배달도 예상시간보다 빨랏고 양도 꽤 푸짐하고 양념치킨도 맛잇엇어요 근데 간장치킨은 너무 짜네요 데리야끼처럼 살짝 단맛도 잇을줄 알앗는데 이건 짠맛말고는 아무맛도 안낫어요 치킨무랑 먹어도 짠맛이 날정도라 솔직히 간장치킨은 다시 안시킬것 같네요 그래도 다시한번 말하지만 양념치킨은 진짜 맛잇엇어요 양념맛이 짜기만한 간장치킨도 살리더라구요,"순살반반/1(순살반반 선택(순살양념치킨 반,순살골드（간장） 반),추가메뉴(콜라추가1.25L))"
215,불맛 살짝 맛있어요 중독입니다 ^^,오징어짬뽕치킨/1
216,항상 잘먹구 있으으으,순살후라이드치킨/1
217,"오랜만에 순살로 시켰는데 아주 바삭하고, 닭도 신선하고 맛있네요!","순살반반/1(순살반반 선택(순살후라이드 반,순살양념치킨 반)),생맥주 1000cc/1"
218,맛잇어여 맛맛맛맛맛맛,순살후라이드치킨/1
219,조아효 늘 시켜먹어요 오늘도 빨리 와주세용,멕시윙（후라이드）/1
220,맥시카나 오랜만에 주문했는데 신메뉴가 많아 놀랐어요!!! 담엔 치토스 먹을 거예용~,
221,매운맛 양념은 맛있어요,"순살반반/1(순살반반 선택(순살후라이드 반,순살매운양념 반))"
222,맛있고 배달도빨랐어요,"반반치킨/1(반반 선택(양념치킨 반,골드（간장） 반))"
223,늘 감사합니다. 맛있게 먹었어요,치토스치킨/1
224,배달빠르고 맛있네요,"반반치킨/1(반반 선택(후라이드 반,양념치킨 반))"
225,양념치킨이 ㅈㅔ일 마싰어요,"투마리세트/1(치킨선택 1(양념치킨),치킨선택 2(후라이드)),처음처럼/2"
226,아ㅜㅜ 오늘 닭이 넘질겼어요 그리고 무엇보다 염지(밑간)가 하나도안되어있는듯했어요 반반시켰는데 양념닭을먹어도 닭자체가싱거워서 ㅜㅜ 여기몇년째 단골인데 이런적은처음인듯ㅜ 맥주도미지근하고ㅜ,"반반치킨/1(반반 선택(후라이드 반,양념치킨 반)),생맥주 1000cc/2"
227,맛도있고 양도푸짐해요,"반반치킨/1(반반 선택(후라이드 반,양념치킨 반))"
228,후라이드반 땡초반 시켰는대 올라가있는 고추 가 없내요? 원래없나요?,"반반치킨/1(반반 선택(후라이드 반,땡초치킨 반))"
229,맛있게 잘먹었옷.,"순살반반/1(순살반반 선택(순살후라이드 반,순살양념치킨 반))"
230,빠르고 맛있게 먹었습니다,양념치킨/1(추가메뉴(콜라추가1.25L))
231,아이들이 먹어도 자극적이지 않아서 너무 좋아해요. 배달도 빠르고 맛있어요. 감사합니다!^^,"투마리세트/1(치킨선택 1(후라이드),치킨선택 2(양념치킨))"
232,이벤트 아닐땐 배송 빠르네여,순살후라이드치킨/1
233,끝장업체임 그냥 믿고 가셈,"반반치킨/1(반반 선택(후라이드 반,양념치킨 반))"
234,치코스 치킨은 솔직히 기대이하임,치토스치킨/1
235,맛나게먹고보니 사진이없네요,"투마리세트/1(치킨선택 1(후라이드),치킨선택 2(후라이드),추가메뉴(콜라추가1.25L,무추가))"
236,행사 기간이었어서 그런가요? 투마리치킨이 주문메뉴에 빠져있더라구요 ㅡㅡ 그래서 아쉽지만 한마리만 ㅎㅎㅎ 따뜻하개 오는 치킨이 먹고 싶을땨 추천,"반반치킨/1(반반 선택(후라이드 반,양념치킨 반))"
237,엄마가 양념은 멕시카나만 먹어서 시켰습이다 다른데는 달아서 안좋아하시는데 여기거는 맛있다고 하십니다,양념치킨/1
238,맛있어요정말배달도빨라요,후라이드치킨/1
239,너무 맛있어요~ 땡초 치킨이 정말 맛있슴니다ㅜㅜ,"투마리세트/1(치킨선택 1(치토스치킨（콘스프맛）),치킨선택 2(땡초치킨))"
240,먹던그맛임 배달적당함,"반반치킨/1(반반 선택(후라이드 반,양념치킨 반)),생맥주 1000cc/1"
241,맛있어요 소스도 맛남,후라이드치킨/1
242,맛있습니다. 전문 강정만 하는 집은 아니다보니 완전한 강정느낌까진 어니지만 일반 양념치킨보단 좀 더 느낌있어서 구별은 됩니다 소스가 쪼금 나무 단 느낌은 있지만 굿,강정치킨（뼈）/1
243,처음시켜 먹었는데 배달도빠르고 맛도 좋아요,"순살Mr.김치킨/1(추가메뉴(콜라추가1.25L,멕시감자))"
244,양념이 살짝 단편이라 약간 아쉬워요,"반반치킨/1(반반 선택(후라이드 반,양념치킨 반))"
245,순살로 시켰는데 야구 보면서 먹으면 좋은 것 같네요.,순살후라이드치킨/1
246,배달도 빠르고 잘 먹엇습니다,양념치킨/1
247,쿠폰이랑 할인해서 저렴하게 먹었어요^^ 넘나 좋은 것 ㅜㅜㅜㅜ 쿠폰 할인행사 자주 있음 좋겠네요ㅎㅎ 김치킨 너무 맛있어요. 콜라도 큰거 주셔서 감사감사~ 잘 먹었습니다 사장님! 번창하세요~~!!,"반반치킨/1(반반 선택(후라이드 반,Mr.김치킨 반))"
248,근ㄷ굳굳좃아요좃아요,양념치킨/1
249,배달도 빠르고~맛있넹용^^,"반반치킨/1(반반 선택(후라이드 반,양념치킨 반))"
250,땡초치킨 맛있어요~~,"반반치킨/1(반반 선택(후라이드 반,땡초치킨 반))"
251,할인자주해서 너무조아요,"치토스치킨/1(추가메뉴(무추가)),처음처럼/1"
252,양념도 맛있고 후라이도 맛있었어요 다만 한번에 하려고 담아둬서 그런건지 종이박스가 습기억 젖어서 와서 살짝 눅눅해서 아숴웠어요,"순살세트/1(순살선택 1(순살후라이드),순살선택 2(순살양념치킨))"
253,아주 맛이 좋아요.,땡초치킨/1(추가메뉴(체다치즈볼))
254,오랜만에시키는데 맛있어요^^땡초순살맛있게맵네요ㅋ양도많아요ㅋㅋ주말인데 배달도 생각보다오래안걸렸어요^^,"순살반반/1(순살반반 선택(순살후라이드 반,순살땡초치킨 반),추가메뉴(콜라추가1.25L))"
255,잘먹엇습니다 다음에도 시켜먹을게요,치토스치킨/1
256,이벤트로 2시간이상걸려서 옴 가격이 좋아서 다용서되네요 ㅎㅎ,"반반치킨/1(반반 선택(후라이드 반,양념치킨 반),추가메뉴(멕시감자))"
257,할인할때 시켜서 그런지 엄청 오래걸렸네요 치토스치킨은 개인적으로 좀 물리네여,치토스치킨/1
258,그냥 최악ㅋㅋ 기름덩어리야뭐야 그리고 치킨 잘못가져다줘놓고 대처가 참ㅋㅋㅋㅋ 양반치킨으로 바꾸세요,"반반치킨/1(반반 선택(후라이드 반,양념치킨 반))"
259,땡초매니아인데 순살로 시켜봤어요. 엄마는 매운걸 못드셔서 후라반땡초반으로 시켰는데 둘다 맛있어요. 순살이 다리살 가슴살 적절하게 섞여있어 좋네요.,"순살반반/1(순살반반 선택(순살후라이드 반,순살땡초치킨 반))"
260,야들이 좋아하시는 분들은 다시 한번 생각하세요 뻑뻑이가 반이상입니다,"순살반반/1(순살반반 선택(순살후라이드 반,순살양념치킨 반))"
261,치토스 치킨 너무 맛있어요ㅠㅠ,"순살반반/1(순살반반 선택(순살양념치킨 반,순살치토스치킨 반),추가메뉴(콜라추가1.25L))"
262,언제나 맛있습니다 감사합니다~,"투마리세트/1(치킨선택 1(후라이드),치킨선택 2(양념치킨))"
263,배달이 조금 늦긴했는데 맛있었어요,치토스치킨/1
264,아이와 함께 잘 먹었어요,"투마리세트/1(치킨선택 1(후라이드),치킨선택 2(양념치킨))"
265,"맛도 양도 최고네요 !!ㅋㅋ 오늘 따라 매운게 땡겨서 추천받은 땡초치킨 하나, 체다치즈볼 하나 시켰는데 진짜 맛나게 잘 먹었네요 ㅎㅎ",땡초치킨/1(추가메뉴(체다치즈볼))
266,맛도 있고 양도 좋은데... 배달 잘못 걸리면... 어휴 주문한지 2시간째인데 아직 출발 안했다네요. 취소하려해도 본사에서 전화나 상담원 연결도 안되고... 배달음식으로 저녘끼니 때우려다가 폭풍 야식이 되어버렸습니다. 배달시간 잘 확인하세요 ㅠㅠㅠ,"반반치킨/1(반반 선택(후라이드 반,땡초치킨 반),추가메뉴(무추가)),생맥주 1000cc/1"
267,인생치킨 .... 다시만나요 땡초치킨 불만제로 기다린만큼 맛있으니까~ 긍정마인드로~ 행복하세요 ~,땡초치킨/1
268,이벤트 중이여도 따뜻하고 튀김도 바삭하네요 ! 땡초치킨은 처음 먹어보는데 고추장양념같은데 뒷맛이 깔끔해서 좋아요 잘 먹을께요 !,"반반치킨/1(반반 선택(후라이드 반,땡초치킨 반))"
269,맛있어요~~~~~~~,"순살양념치킨/1,땡초상하이볶음밥/1"
270,바쁘셔도 체크 잘하셔야겠어요 철사 씹다 치아나가겠습니다,골드치킨（간장）/1(추가메뉴(콜라추가1.25L))
271,이벤트기간인데 빨리 받았습니다. 잘 먹겠습니다~,"순살반반/1(순살반반 선택(순살후라이드 반,순살양념치킨 반))"
272,맛있게 잘 먹었습니다,"반반치킨/1(반반 선택(후라이드 반,양념치킨 반),추가메뉴(콜라추가1.25L))"
273,진짜 잘먹었습니다ㅎㅎ,마늘치킨/1(추가메뉴(콜라추가1.25L))
274,배달이 예상시간보다 늦어서 눅눅하게 올까봐 걱정했는데 기우였네요~,양념치킨/1(추가메뉴(콜라추가1.25L))
275,배달은 1시간 걸렸어요 행사기간이라 일부러 배달 여유있게 기다리려고 저녁먹고 야식으로 시킨건데 ㅎㅎ 생각보다 빨리오셔서 더 좋았어요 ㅎㅎ 맛있게 잘 먹었습니다 ~~^^,후라이드치킨/1
276,치킨 먹기 너무 힘들었습니다 30분정도 기다려서 치킨도착 근데 주문한치킨이 아님 첨 배달이 잘못되고부터 꼬이기 시작했네요 사람이 하는 일이라 그럴수 있다 생각해서 기다렸습니다 근데근데 저희집 치킨이 다른집으로 가서 그쪽분이 먹었나봐요 30분쯤 기다렸는데 치킨에 뼈가 있네요 다시 전화합니다 상황 말씀드리고 치킨 받는데 다시 30분 치킨 먹기 너무 힘든날이네요 그래도 사장님이 친절하게 해주셔서 잘 먹었습니다,오징어짬뽕치킨/1
277,배달 신속하고 닭크기도 크고 짜지 않아 좋습니다.,후라이드치킨/1
278,다들 요즘은 요기요가 대세라구요. 아시겠어요??ㅋㅋ 간만에 양념치킨 존맛탱이용♥ㅋㅋ 근데.. 쏴장님.. 전 처음처럼만 먹습네다..ㅠㅠ 오늘은 진짜 요기요 이벤트 역대 최초로 30분만에 받았네요 ㅋ 가만 생각해보니.. 이벤트 시작과 함께 오픈하면 엄청나게 주문이 밀려와서 매출이 많이 나오실텐데.. 1시간이나 늦게 여신걸 보니.. 윽박충들이 많아서 일부러 늦게 여신듯.ㅠㅠ 다들 이벤트때는 좀 여유를 갖고 시킵시다.. 전 전에 2시간 반만에도 받았는데도 넘 맛나서 별 다섯개 달아줘요. 좀 서로서로 배려하면서 맛난 치킨을 먹어보아요 ㅋ,"양념치킨/1,처음처럼/2"
279,드디어 맛집을 찾았습니다!! 튀김도 깨끗하고 깔끔해요^^ 양념맛고 굿굿!앞으로 멕시카나로 주문고고~ 사장님 덕분에 맛있는 한끼 했습니다^^ 감사합니당,"반반치킨/1(반반 선택(후라이드 반,양념치킨 반))"
