﻿,리뷰,메뉴
0,맛있습니다! 그리고 배달 진짜 진심으로 빠르네요!,두마리치킨2세트（후라이드＋양념치킨＋콜라 1.25L）/1
1,타지점과 비교했을때 조금 실망스러웠어요~금방 튀긴느낌이 안들었어요~먹을만은 해요~배달은 빠릅니다.,양념치킨/1
2,맛 5점 양 5점 배달 5점 총합 100점 꾸울맛,반반치킨/1
3,항상 맛있습니다 닭이 조금 작아진거 같아요,반반치킨/1
4,요청사항 잘 들어주셧고 바싹하고 엄청 맛있게 먹엇어요~~,두마리치킨2세트（후라이드＋양념치킨＋콜라 1.25L）/1
5,삼박자가 좋네요 맛나게 잘먹었습니다,두마리치킨2세트（후라이드＋양념치킨＋콜라 1.25L）/1
6,처음은 바삭하고 맛있는데 먹다보니 느끼하네요. 양은 많아요. 가슴살만 있는지 퍽퍽해서 목에 걸렸어요.,순살 후라이드/1
7,jmt jmt jmt jmt,두마리치킨2세트（후라이드＋양념치킨＋콜라 1.25L）/1
8,다른지점보다 닭이좀큰거같아요,반반치킨/1
9,치킨 존맛임 두사람이 먹으면 충분할듯,페리윙/1
10,맛있게 잘먹었습니다 많이파세요,간장맛 페리윙/1
11,양짱 배달짱 퍽퍽살이 좀 많지만 마시씀,누꼬진짬뽕（순살）/1
12,최고에요~맛도 좋고 짱입니다왕입니다,후라이드치킨/1
13,맛있어요! 양도 많고 양념 소스도 같이 주시고.,핫후라이드치킨/1(콜라 변경(콜라 1.25L 로 변경))
14,맛있네요 치킨만 먹으면 약간 질리는데 그 때 면 한번 후룩 먹으면 ㄹㅇ,누꼬진짬뽕（뼈있는치킨）/1
15,패리카나는 순살보다는 뼈가 맛있는거 같네요 ㅎ 그래도 맛있게 먹었습니다 ㅎ,순살치킨B세트（순살양념＋순살후라이드＋콜라 1.25L）/1
16,배달빠르고 맛있어요!,양념치킨/1
17,맛잇어요 또 시킬 것 가타요,반반치킨/1
18,그럭저럭 맛있었어요 ㅎㅎㅎ 양념소스가 조금 묽은느낌이었어서 좀 아쉬웠지만 ㅎㅎ 옛날엔 꾸덕했던것같은데. 그래도 닭은 졸깃하고 촉촉해서 잘먹었습니다 ㅎㅎ,반반치킨/1(콜라 변경(콜라 1.25L 로 변경))
19,맛잇네요. 오늘 이벤트 날이라 배달은 빠르지는 않고 딱 예상시간으로 오셧습니다. 양은 넉넉하네요,반반치킨/1
20,배달도 빠르고 잘먹었습니다^^,반반치킨/1
21,처음 주문해서 먹어보니 정말 맛있어요,누꼬진짬뽕（순살）/1
22,맛있어요. 잘 먹었습니다^^,두마리치킨2세트（후라이드＋양념치킨＋콜라 1.25L）/1
23,중복 할인으로 잘먹었습니다! 맛있어요!,두마리치킨2세트（후라이드＋양념치킨＋콜라 1.25L）/1
24,양념 맛있어요! 누꼬치킨 !!근데 치킨이 너무 바싹 튀겨져서 딱딱하네오 ㅜㅜ,누꼬진짬뽕（뼈있는치킨）/1
25,후라이드 양념 모두 맛있습니다!!,후라이드치킨/1(콜라 변경(콜라 1.25L 로 변경))
26,1마리보다 닭은 작은 것 같지만 배송도 빠르고 양념도 살짝 맵게 해달라는 요청 들어주셔서 딱 맛있게 먹었어요~!!,두마리치킨2세트（후라이드＋양념치킨＋콜라 1.25L）/1
27,"처음 주문 해보는 페리카나 , 옛날엔 맛있는 치킨 하면 무조건 페리카나 였는데 안먹은지 참 오래됨 오랜만에 주문해서 먹어본 치킨은 옛날 느낌 나서 무척이나 좋았던치킨 퍽살부위가 조금 아쉬웠지만 그래도 앞으로 두마리치킨은 무조건 여기서 주문하는걸로",두마리치킨2세트（후라이드＋양념치킨＋콜라 1.25L）/1
28,양념소스 마늘 너무많이 들어갓어요.. 껍질도 좀 안뜯기고,순살치킨B세트（순살양념＋순살후라이드＋콜라 1.25L）/1
29,넘넘 맛있게 잘 먹었고요 역시 페리카나 닭고기 자체가 맛있음,반반치킨/1
30,그냥 그냥 그냥 그냥,두마리치킨3세트（양념치킨＋양념치킨＋콜라 1.25L）/1
31,생각보다 엄청 맛있어서 놀랬어요,후라이드치킨/1
32,맛있게잘먹었습니다~~^^,반반치킨/1(콜라 변경(콜라 1.25L 로 변경))
33,와 이거 맛있다고 하는 인간들 뭐냐??,누꼬진짬뽕（뼈있는치킨）/1
34,신메뉴 시켜봤는데 은근히 별미네요~ 서비스도 감사합니다^^,누꼬진짬뽕（뼈있는치킨）/1
35,"페리카나는 역시 양념치킨인거 같아요. 맛있고, 친절하셨어요",반반치킨/1
36,두마리닭사이즈..같ㅇㄷ,반반치킨/1
37,솔까 진짜 여기는 어떻게 시켜두 마싯엉,반반치킨/1
38,친절히 요청사항 들어주셔서 감사합니다,두마리치킨1세트（후라이드＋후라이드＋콜라 1.25L）/1
39,맛있습니다 어릴 때 먹던 추억의 맛입니다.,순살치킨C세트（순살양념＋순살양념＋콜라 1.25L）/1
40,굿ㅇ에요 굿 항상 맛나게 먹어요,순살치킨B세트（순살양념＋순살후라이드＋콜라 1.25L）/1
41,"일주일에 한번은 꼭 먹는 치킨~~ㅋㅋ 요번에는 신랑님이 좋아하는 페리카나~~ㅋㅋ 배달,맛 모두 짱입니다.","양념치킨/1,콜라 1.25L/1"
42,맛있어요ᆢ좋아요ᆢ좋아요ᆢ,순살치킨B세트（순살양념＋순살후라이드＋콜라 1.25L）/1
43,배달빨리오고 맛있습이다,반반치킨/1(콜라 변경(콜라 1.25L 로 변경))
44,아침에 눈 뜨자마자 치킨을 외친 후 페리카나가 이른시간에 열었길래 바로 시켰습니다 만족스러워요,반반치킨/1
45,너무맛았어요!!!!,양념치킨/1
46,영계를 튀겨주셨나봐요.. 포장박스가 너무 커보이네요,두마리치킨2세트（후라이드＋양념치킨＋콜라 1.25L）/1
47,후라이드 너무 빠싹튀기셔서 이빨 아파서 두어게 먹고 못먹었네요.......,두마리치킨2세트（후라이드＋양념치킨＋콜라 1.25L）/1
48,바쁘면 늦게 오실수도 있지만 박스는 다 물에 젖어있고 치킨은 다 식어서 눅눅해질려고 하고요 너무 실망이에요 ~ 오늘 증산점엔 무슨일이 있으신가여 ~ 재주문은 없습니다 ㅠㅠ,반반치킨/1
49,양 맛 다 괜찮은 곳!,누꼬/1
50,배달도 빠르고 맛있었습니다! 맛은 변함없네요~ 감사합니다!,반반치킨/1(콜라 변경(콜라 1.25L 로 변경))
51,인생치킨!!치킨은 페리카나가 답이다,반반치킨/1
52,3번째 시켜먹는데.. 이번엔 배달도 1시간지나서 전화하니까오고.. 와서는 일요일이었는데..오다 딱지뗐다고 하고.. 치킨상자는 찌그러져있고... 뭐 여까지는 다 그러려니 할수있는데... 가장중요한치킨이 남은거 재탕해서 튀긴것마냥 마르고 살도없고 질기고... 해서 거짐다버렸네요... 지난번엔 괜찮았는데... 앞으로도 이렇게올까봐 또시키기가 찝찝하네요..,두마리치킨2세트（후라이드＋양념치킨＋콜라 1.25L）/1
53,맛있어요 순살인데 부드럽고 맛나요,순살치킨B세트（순살양념＋순살후라이드＋콜라 1.25L）/1
54,티비에 광고 자주 나오길래 누꼬 시켜봤어요 ㅎㅎ 카레맛이고 양많고 배달도 빨랏어요,누꼬/1
55,페리카나는 좀 식어야 더 맛나는거같아용,반반치킨/1
56,"먹다가 너무 화가 나서 리뷰 씁니다. 맨 처음 사진은 요기요 할인 행사가 없는 날에 시킨겁니다. 그거랑 비교해서 오늘 온 치킨은 메추리를 튀겼나봅니다. 정말 이러실거면 왜 할인이벤트에 참여를 하시나 모르겠습니다. 더러 시켜먹던 곳이었고, 마침 오늘 할인하는 날이길래 시켰더니 완전 기분 상했습니다.",두마리치킨2세트（후라이드＋양념치킨＋콜라 1.25L）/1
57,양념통닭이 맛있어요 맵지않아서 아이듵 먹기에도 좋아요~,두마리치킨2세트（후라이드＋양념치킨＋콜라 1.25L）/1
58,맛있었어요 배달도빨랐습니다,두마리치킨2세트（후라이드＋양념치킨＋콜라 1.25L）/1
59,맛있게 잘 먹었어요.,반반치킨/1
60,1000원비쌈....,반반치킨/1
61,오랜만에 페리카나잘먹었어유,반반치킨/1
62,ㅉㅈㅈㅈㅈㅈㅈ ᆢᆢᆢᆢ,두마리치킨2세트（후라이드＋양념치킨＋콜라 1.25L）/1
63,음... 밤에 배달와서 벨을 누르면 될 것을 건물에 다른 사람들 자고 있는 것은 생각도 안하고 큰소리로 부르는 개똥같는 매너는 어디서 배운 건지.,순살 양념/1(콜라 변경(콜라 1.25L 로 변경))
64,쏘쏘~양이나 맛은 알고잇는만큼 그만큼임,순살 후라이드/1(콜라 변경(콜라 1.25L 로 변경))
65,닭 색이 거뭇거뭇하고 신선도가 떨어졌어요. 요청사항 안들어준것도 별로였어요,양념치킨/1
66,콜라가 안왔지만 빠른대책 도 좋구 맛도 좋구,반반치킨/1(콜라 변경(콜라 1.25L 로 변경))
67,콜라시켰는데 안오고 다시 가져다주는것도 아니고 다음에시킬때 콜라 두개가져다드린다고 하질않나 천원계좌로받고 그냥 끝내기로했어요 기분 정말불쾌하네요,반반치킨/1(콜라 변경(콜라 1.25L 로 변경))
68,최고입니다!! 강추!!!,순살 양념/1(콜라 변경(콜라 1.25L 로 변경))
69,맛 있게 잘 먹었습니다,두마리치킨2세트（후라이드＋양념치킨＋콜라 1.25L）/1
70,ㄱㅅㅂㅅㅈㅇㅅㄷㄴㅅㅇㅈㅅㅂㄴㅈ,두마리치킨2세트（후라이드＋양념치킨＋콜라 1.25L）/1
71,배달시간도 늦음 콜라도 큰거 시켰지만 작은거 옴,양념치킨/1(콜라 변경(콜라 1.25L 로 변경))
72,맛은있는데 요번음식상태가 배달때매그런건지 한쪽으로 완전히 쏠려서 소스가 아주범벅이되버렸네요 다음엔 잘부탁합니다.,순살 양념/1
73,너무 맛있게 잘 먹었습니다,반반치킨/1
74,맛있게 잘먹었어요,반반치킨/1(콜라 변경(콜라 1.25L 로 변경))
75,반반 시켜먹었는데 맛있었어요,반반치킨/1
76,매우맛있음 치밥굳 완전좋음,순살 양념/1
77,가끔 먹는데 맛있어요,반반치킨/1(콜라 변경(콜라 1.25L 로 변경))
78,양념은 페리카나 미만잡,반반치킨/1
79,매번 맛있게먹고있어요,반반치킨/1(콜라 변경(콜라 1.25L 로 변경))
80,매우 맛있습니자 십자,순살치킨B세트（순살양념＋순살후라이드＋콜라 1.25L）/1
81,잘먹었습니다 또시킬게용,양념치킨/1
82,맛있어요! 뭐 배달1시간 안에 오는걸로 알고 시켰는데 기름을 새것으로 교환하느라 늦을 거 같다고 먼저 연락주셔서 좋았습니다 맛있었고 따끈따끈 하여 만족스러웠습니다 다만 닭에 기름이(지방이) 제거되지 않아 아쉬웠습니다,양념치킨/1
83,"맛나요, 양념통닭이 맛남, ㅋㅋㅋㅋㅋㅋ",양념치킨/1
84,맛있게 잘먹었아요~,순살치킨B세트（순살양념＋순살후라이드＋콜라 1.25L）/1
85,늘 맛있게 먹습니다. 감사합니다.,순살 양념/1
86,맛나게 잘먹었습니다,양념치킨/1(콜라 변경(콜라 1.25L 로 변경))
87,잘 먹었습니다. 감사합니다.,순살 양념/1
88,양념맛있어요 요즘 왜 다들 양이 줄은거같죠?ㅜ,반반치킨/1
89,이렇게뜨거운치킨처음먹어봐요 양념후라이드 둘다간이세긴하지만 진짜맛있어요 개인적으로양념을더좋아하긴하지만 여긴후라이드가완전맛있어요인생후라이드치킨만났어요 ㅋ ㅋ ㅋ 애기낮잠시간에 남편이랑1인1닭했네요 맛있게잘먹었습니다 애기잘때빨리먹어야해서 사진을못찍었어요ㅠ,두마리치킨2세트（후라이드＋양념치킨＋콜라 1.25L）/1
90,맛있게 먹었습니다~~~,두마리치킨1세트（후라이드＋후라이드＋콜라 1.25L）/1
91,양념은 페리카나죠ㅎㅎ,두마리치킨2세트（후라이드＋양념치킨＋콜라 1.25L）/1
92,아주 좋아요.. 치킨은 역시 페리카나 입니다.,반반치킨/1
93,맛은그냥그런데빨리옴,페리윙 양념/1
94,오랜만에 먹는데 배달도 빠르고 맛잇어서,반반치킨/1
95,맛있게 잘 먹었습니다,두마리치킨2세트（후라이드＋양념치킨＋콜라 1.25L）/1
96,"맛있게 잘먹었어요,,,",후라이드치킨/1
97,매운양념 맛있어요 배달시간은 주문후 35-40분정도 걸린듯,매운양념치킨/1
98,간장맛이써염 비엄청올때 시켜서 죄송했는데 잘갖다주셔서 감사용~,반반치킨/1
99,양념은 페리카나에요~ 제가 실수 했는데도 사장님이 친절하게 수습해 주셔서 맛있게먹었습니다,양념치킨/1
100,페리카나 역시 맛있습니다. 양념 최고,순살치킨B세트（순살양념＋순살후라이드＋콜라 1.25L）/1
101,낮시간이라 망설였는데 빠른배송,반반치킨/1(콜라 변경(콜라 1.25L 로 변경))
102,빨간맛 궁금해 허니 점점 더 빠져든 핫데블치킨 맛!,반반치킨/1(콜라 변경(콜라 1.25L 로 변경))
103,오전에 시켜서인지 치킨이 너무 딱딱했어요,두마리치킨2세트（후라이드＋양념치킨＋콜라 1.25L）/1
104,바쁘신 상황속에서 상세한 답변 감사했습니다. 맛있게 잘 먹었고 다음에 재주문 하겠습니다.,순살 양념/1(콜라 변경(콜라 1.25L 로 변경))
105,치킨 맛이고 뭐고 밑에 리뷰보니까 사장님이 친절하다는 댓글이 있네요? 배달실수를 하셨으면 죄송하다는 말이 먼저나오셔야죠 주문이많이밀렸다고요?계좌이체해드릴까? 다음주문시 깍아준다구요? 이런 전화응대서비스로 내가 여기또 시키고 싶겠습니까? 콜라대짜로변경한거라 그냥 넘어갈수도있었는데 어이가없어서 그냥 갖다달라고 했습니다 콜라그거 다시 갖다주는데 50분이 걸리네요 치킨 이미 다먹었습니다 ㅋㅋㅋㅋㅋ 동생이 페리카나먹고싶다해서 주문해준건데 주문해준내입장도 미안할정도네요 장사잘하세요,순살 양념/1(콜라 변경(콜라 1.25L 로 변경))
106,몇번을먹어도 양념은 페리카나~~,순살치킨B세트（순살양념＋순살후라이드＋콜라 1.25L）/1
107,평범한 치킨스타일이에요,반반치킨/1(콜라 변경(콜라 1.25L 로 변경))
108,맛있게 먹었어요.....,반반치킨/1
109,페리카나 항상 맛있어요 흠잡을곳이 없어요,양념치킨/1(콜라 변경(콜라 1.25L 로 변경))
110,할인해서 시켰는데 최악입니다 치킨이 뼈만있는 조각들로 잔뜩 오네요,양념치킨/1
111,맛나게잘먹엇음요~~,순살 양념/1
112,치킨은 맛있고 다 좋은데 닭가슴 싫어서 양념윙 시켰는데 그냥 양념반후라이드반이 와써용,페리윙 양념/1
113,후라이드는 맛있는데 양념은 흠,반반치킨/1
114,배달 완전 빠르고 빨리와서 그런지 엄청 바삭하고 인생칰힌 만남!!!!,양념치킨/1
115,매번 부드럽게 요청 하는데 아주 부드럽게 잘 왔습니다. 사장님 신경 써 주셔서 감사합니다.,순살 양념/1
116,역시 양념 소스맛나네요 담엔 양념도시켜야겠네요~,두마리치킨1세트（후라이드＋후라이드＋콜라 1.25L）/1
117,양념이 제 입맛엔 조금 짰어요 나머지는 굿굿굿!!,순살 양념/1
118,역시 치킨은 페리카나죠,반반치킨/1
119,페리크나 개조으요 항상맛있어,순살 양념/1
120,좋아 페리카나 너무 좋아,
121,페리카나 양념이야 워낙 믿고먹는 그맛이었습니다. 다만 닭이 튀기고 또 튀긴? 그런 딱딱한 식감이었어요.,두마리치킨3세트（양념치킨＋양념치킨＋콜라 1.25L）/1
122,맛있게 잘먹었어요! 양도 많고 배달도 빠른편이었던거같아요... 아닌가...?ㅎㅎㅎ 무튼 잘먹었습니다,후라이드치킨/1
123,닭 몇일된것쓴거에요? 냄새많이나요 딱딱하고맛도없고 17000원너무아깝네요,반반치킨/1
124,맛있게 잘 먹었습니다.감사합니다.,순살 양념/1
125,처음 시켜봤는디 맛있게 잘 먹었습니다 다음에도 또 이용할 것 같네요,두마리치킨2세트（후라이드＋양념치킨＋콜라 1.25L）/1
126,맛있게 잘 먹었네요,두마리치킨1세트（후라이드＋후라이드＋콜라 1.25L）/1
127,페리카나 양념치킨이 생각날때 시켜먹습니다 언제나 맛있음,반반치킨/1
128,감사합니다 맛있어요,반반치킨/1
129,양념치킨은 페리카나가 제일 맛있는 것 같아요ㅋ 양념소스가 좀만 더 있있었음 더 좋았을 것 같지만 그래도 맛있엉요~!,순살 양념/1
130,앞으로 페리카나입니다.,양념치킨/1
131,정말 맛있게잘먹었습니다!,두마리치킨2세트（후라이드＋양념치킨＋콜라 1.25L）/1
132,항상 맛있게 질 먹고 있습니다.,순살 양념/1
133,맛있게 잘 먹었습니다.,순살 양념/1
134,맛잇게 잘먹엇습니다,순살 후라이드/1
135,페리카나 양념치킨은 맛있어요! 시간은 문자로 온거보다 더 걸렸지만. 치킨은 맛있네용,반반치킨/1
136,페리카나가 땡겨서 먹었는데 역시나 변하지 않는 그맛,순살 양념/1
137,우도안줫ㄷ굯ㄱ딛ㅈㄱ,양념치킨/1
138,👏👏👏👏👏👏👏👏👏👏,양념치킨/1
139,배부르게 먹었어요:),순살 양념/1
140,맛은있어요그냥저냥임,두마리치킨2세트（후라이드＋양념치킨＋콜라 1.25L）/1
141,언제나 맛나요ㅎㅎㅎ,반반치킨/1
142,사장님이 매우 친절하시고 맛도 괜찮습니다,순살 양념/1
143,맛있게 잘먹었습니다. 굳굳,순살치킨B세트（순살양념＋순살후라이드＋콜라 1.25L）/1
144,맛있는데 간장은 너무좀 짜네요 그래도 잘먹었습니다!,매운양념치킨/1
145,사장님 진짜친절하셔서 좋았고 맛도 있어서 굿굿,맵삭치킨/1
146,정말 실망한치킨입니다 기대가컸나봐요,두마리치킨2세트（후라이드＋양념치킨＋콜라 1.25L）/1
147,굿굿ㄷㄱㅈ굿ㄷ궁붐그,반반치킨/1
148,배달도 빠르고 좋습니다ㅡ 페리카나 역시 맛있어요!,반반치킨/1
149,정말 맛있어요! 진짜 좋은닭 맛있는 양념!,양념치킨/1
150,양이많고 잘먹었습니다,반반치킨/1
151,닭 자체도 좋은 것 쓰는 거 같아요,두마리치킨3세트（양념치킨＋양념치킨＋콜라 1.25L）/1
152,역시나 맛있어요ㅎㅎ 차가워도 따뜻해도 맛잇네여ㅎㅎ,순살치킨B세트（순살양념＋순살후라이드＋콜라 1.25L）/1
153,맛있어요 옛날치킨 맛,반반치킨/1
154,담백한지ㅎㅎ 달달한지ㅎㅎ 궁금하면 먹어봐요ㅎㅎ,순살치킨B세트（순살양념＋순살후라이드＋콜라 1.25L）/1
155,불금이라서 그런지 예상 시간보다 다소 늦었습니다. 순살 양은 괜찮다고 생각하는데 닭이 딱딱하네요... 다음부터는 순살 말고 뼈 있는거 먹어야겠어요. 그래도 여기가 주변 페리카나 중에선 제일 맛있어요.,순살치킨B세트（순살양념＋순살후라이드＋콜라 1.25L）/1
156,"빠르고 맛있습니다,",양념치킨/1
157,맛있는데 페리카나치킨은 살이 너무없어요ㅠ 푸짐했음좋겠지만 맛있게먹었어요~,반반치킨/1
158,괜찮아요!!!!!!,두마리치킨2세트（후라이드＋양념치킨＋콜라 1.25L）/1
159,군ㅅㄴᆞㄷㅈㅅㄴ 굿이오ㅡ,양념치킨/1
160,잘먹었습니다 양념이 맛있네요.,반반치킨/1
161,맛있게 먹었습니다 ㅎㅎ,
162,자주 시켜먹어요. 늘 맛있어요.,반반치킨/1
163,맛있어요~~~~~~^^,두마리치킨2세트（후라이드＋양념치킨＋콜라 1.25L）/1
164,반반치킨 주문해서 먹었는데 맛있어요.,
165,조카들이랑 시켜서 먹었는데 너무 맛있었어요 ㅎㅎ,
166,항상 맛있어요,두마리치킨3세트（양념치킨＋양념치킨＋콜라 1.25L）/1
167,처음 주문해봤는데 맛있게 잘먹었습니다,
168,맛있어요,
169,맛있어요 ~^^,두마리치킨2세트（후라이드＋양념치킨＋콜라 1.25L）/1
170,옛날양념치킨맛이나요 맛있어요,
171,양념을 시켰는데 그렇게 맛있지않네요,순살 양념/1
172,양념 치킨 핵맛! 간장이니 치즈니 여러 치킨을 돌고돌아 결국 페리카나 양념치킨ㅋㅋ! 맛있어요. 딱 우리가 생각하는 양념치킨 맛!,양념치킨/1
