﻿,리뷰,메뉴
0,맛있어요~~ 항상즐겨먹는 페리카나 좋아요~,K세트（양념치킨＋마늘치킨＋콜라 1.25L）/1(추가 선택(떡 추가))
1,맛있게 잘먹었어요 수고하세요,B세트（후라이드＋양념치킨＋콜라1.25L）/1(추가 선택(떡 추가))
2,핵존맛에 가성비짱임 또시킬고임,I세트（양념치킨＋매운양념치킨＋콜라 1.25L）/1
3,"배달은빠릅니다.근데 진짜 닭이 다리,날개빼고 다퍽퍽하고 완전 한번튀겼다가 다시한번튀긴 닭같았습니다. 저만 재수없게 걸린지모르겠는데 정말 다리 날개먹고 반은버렸습니다. 다시는 주문하지않겠습니다",양념치킨/1
4,사진은 먹다보니 못 찍었습니다 배달치킨 막상 먹고싶어도 시켜서 먹고나면 후회하는 경우 많은데 맛있네요 특히 치킨 먹고 나면 소화 잘 되고 갈증 오래 가는 경우 많은데 그런것도 없어서 편하게 먹었습니다 겉바속촉에 배달 하시는 분도 한두마디 뿐이지만 친절이 베어나오시게 말씀하셔서 좋았어요 다음에도 여기서 시켜먹을것 같아요,순살매운양념/1
5,너무 맛남!!!!!!,후라이드반＋양념반/1
6,배달 빨라요ㅎㅎ 잘먹었습니다,간장치킨/1
7,배달원분 너무 친절하고 치킨도 완전 맛있음 최고,후라이드반＋양념반/1
8,맛있게먹었습니당 또시킬게요,"매운후라이드반＋매운양념반/1(추가／변경 선택(떡 추가,콜라 1.25L로 변경))"
9,항상 맛있어요~ 감사합니다,양념치킨/1(추가／변경 선택(떡 추가))
10,시킬때마다 맛있어요 극찬,C세트（후라이드＋간장치킨＋콜라1.25L）/1
11,페리카나는 항상 여기서만 시키네요,후라이드치킨/1
12,쿠폰이없내욜 다음에 두개주세용,A세트（후라이드＋후라이드＋콜라1.25L）/1
13,맛있게 먹었습니다.,후라이드치킨/1
14,좋았었어요~~~~~,후라이드반＋양념반/1
15,맛있는데 양이좀적어용,다리＋날개반반（후라이드반＋간장반）/1(추가／변경 선택(콜라 1.25L로 변경))
16,엉엉 양도 많고 맛도 있고 사장님 너무 친절해서 좋았어요! 앞으로 양념치킨 먹고 싶을때 자주 시켜먹을게요,순살양념치킨/1(추가／변경 선택(떡 추가))
17,바삭바삭! 맛있게 먹었습니다!!,후라이드반＋양념반/1(추가／변경 선택(콜라 1.25L로 변경))
18,맛남!!!!!!!’,후라이드반＋양념반/1
19,ㅋㅋㅋㅋ말익닽zzz,B세트（후라이드＋양념치킨＋콜라1.25L）/1
20,페리카나 양념에서 마늘향이 나는게 옛날 치킨맛ㅎㅎ신선하고 맛있어요~^^,후라이드반＋양념반/1
21,주문이 많이 밀려서 그런지 배달은 늦게왔지만 가성비 대비 맛이랑 뭐하나 떨어지는게 없음 !,B세트（후라이드＋양념치킨＋콜라1.25L）/1
22,마늘치킨 처음 시켰는데 맛있게 잘먹었어요,D세트（후라이드＋마늘치킨＋콜라1.25L）/1
23,배달도 빠르고 친절하십니다:-) 약간만 더 촉촉하면 짱일듯!!,C세트（후라이드＋간장치킨＋콜라1.25L）/1
24,맛있게 잘 먹었습니다!!,순살후라이드반＋순살마늘반/1
25,늦게오긴했지만역시맛있어요,순살양념치킨/1
26,페리카나는 언제나 추천,B세트（후라이드＋양념치킨＋콜라1.25L）/1
27,이벤트때문인가 배달이 쪼끔 늦었지만 배달해주시는분께서 넘 친절하셔서 다 까묵었어요 ㅋㅋㅋ 원래 프라이드 좋아하는데 오랜만에 페리카나 양념맛이 그리워서 시켜보았습니당 맛있게 잘 먹었습니당!!,순살양념반＋순살마늘반/1(추가／변경 선택(떡 추가))
28,양념 너무 맛있어서 또 시켰어요ㅠㅠ 정말 맛있어요,양념치킨/1
29,ㅋㅋㅋㅋㅋㅋ맛있닼ㅋㅋㅋㅋㅋ,B세트（후라이드＋양념치킨＋콜라1.25L）/1
30,"이번엔 간장치킨 맛이 일품이였어요. 그닥 짜지도 않고,맛있게 먹었어요 급히 먹느냐 사진을 못찍었는데. 양은 많아보이진 않았네요.",C세트（후라이드＋간장치킨＋콜라1.25L）/1
31,후라이드 잘 먹었습니다,후라이드치킨/1
32,매번 감사히 맛있게 잘 먹고 잇습니다 ^^ 감사합니다,B세트（후라이드＋양념치킨＋콜라1.25L）/1
33,손님이 오기로 해서 두마리 시켰었어요~ 잘 먹었습니다~,I세트（양념치킨＋매운양념치킨＋콜라 1.25L）/1
34,실수로 주소 잘못했는데... 저였으면 진짜 화냈을텐데 친절하게 맛있게 드세요 하시더라고요 정말 배달하시는 분 정말 친절하시고 치킨도 역시 너무 맛있네요 ~!,후라이드치킨/1
35,맛남!!!!!!!!!!,양념치킨/1
36,페리카나는 늘 옳습니다 배달도 예정시간보다 빨랐어요 양념 굿귯!!!,후라이드반＋양념반/1
37,맛있었습니다!!!!!,누꼬진짬뽕（뼈있는치킨）/1
38,맛남!!!!!!!!!,후라이드반＋양념반/1
39,늘 시켜 먹어요 맛있어요ㅕ,후라이드반＋양념반/1
40,역시 페리카나는 찐득한 양념맛이 훌륭함니다. 더불어 사장님 넘 친절하셔서 기분 체고~~,양념반＋마늘반/1
41,후라이드는 고소하고 양념은 달달하니 기억속 그맛이었습니다. 근처 페리카나 지점 중 가장 맛있었어요~,후라이드반＋양념반/1
42,바삭하고 맛있어요!,순살후라이드반＋순살양념반/1
43,짱맛 존맛 그리고 배달해주시는 분 진짜 친절하시네요♡♡♡,G세트（후라이드＋매운양념치킨＋콜라 1.25L）/1
44,배송도 나름 빠르고 좋아요 감사합니다 ~~,순살후라이드/1
45,너무 맛있어요ㅠㅠ 정말 치킨 좋아하는데 클래식한 치킨 중에 최고인 것 같아요 북가좌점 평이 좋아서 여기서 시켰는데 사장님도 친절하시고 튀김옷 얇고 바삭하고 정말 맛있어요 또 시킬게요!,후라이드반＋양념반/1
46,맛있었어요 늘 감사해요,B세트（후라이드＋양념치킨＋콜라1.25L）/1
47,항상 잘 먹고 있습니다—!!,순살후라이드반＋순살양념반/1
48,맛이면 맛 배달하신분도 항상 친절하시고 정말 좋습니다 근데 핫후라이드 좋아하는데 세트메뉴에 핫후라이드있는건 매운양념밖에없더라구요 매운양념도 맛은있는데 진짜 너무매워서 한번만 먹고 안먹어요 ㅠㅠ 마늘 양념 간장이랑 핫후라이드 세트메뉴도 좀 추가해주세요,D세트（후라이드＋마늘치킨＋콜라1.25L）/1
49,친절하게 배달해주셔서 더맛있어요,누꼬진짬뽕（순살）/1
50,잘먹었습니다 감사합니다,B세트（후라이드＋양념치킨＋콜라1.25L）/1
51,서대문구에서 최고임 말이 필요없음,양념반＋간장반/1
52,"두마리세트~ 후라이드,매운양념 핵존맛. 늘 활짝웃는 미소로 배달해주시는 사장님 덕분에 더 기분좋고 맛있는 시간을 갖게됩니다~ 닭 자체가 좋아서 야들야들 너무 맛있어요 양념까지 싹싹들 헤치웠네요~ 잘 먹었습니다 ^^",G세트（후라이드＋매운양념치킨＋콜라 1.25L）/1
53,맛있어요 두마리세트 메뉴 완전강추~~,K세트（양념치킨＋마늘치킨＋콜라 1.25L）/1(추가 선택(떡 추가))
54,겉은 바삭 속은 촉촉 너무 맛있게 잘먹었습니다 감사합니다!!,순살후라이드반＋순살마늘반/1
55,시킬때마다 맛있어요 바삭바삭 꿀맛,후라이드반＋양념반/1
56,굿둣굿귯긋굿굿굿굿굿,B세트（후라이드＋양념치킨＋콜라1.25L）/1
57,따뜻하게 배달와서 너무 좋아요! 존맛탱,"C세트（후라이드＋간장치킨＋콜라1.25L）/1,코카콜라 1.25L/2"
58,항상 맛있게 먹고 있어요. 근데 튜립닭발 맛이 지난번 보다 약했어요... 지난번의 강렬한 맛을 원했는데.... 그래도 잘 먹었습니다.,"순살후라이드반＋순살양념반/1,튜립닭발/1"
59,맛있는데 너무너무매워요 ㅜ 심각해요 비율 잘못하신거아닌지.. 저엽떡 오리지날도그냥 막먹 거든요 ㅜ,G세트（후라이드＋매운양념치킨＋콜라 1.25L）/1
60,배달비가없어 너무좋고 양념치킨의 원조는 페리카나죠~^^,후라이드반＋양념반/1
61,배달도 빨랐ㄱㅎ 맛있어요~~,양념반＋마늘반/1(추가／변경 선택(떡 추가))
62,항상 맛있어요 잘먹었습니다.,B세트（후라이드＋양념치킨＋콜라1.25L）/1
63,좀 맵지만 맛이 진짜 좋고 먹을 만해요~,누꼬진짬뽕（뼈있는치킨）/1
64,맛있어요~튀김옷이 굿!!! 배달도빨라요 친절하심,후라이드반＋양념반/1
65,"제가 집에 도착하는것보다 더 빨리 도착하셨는데 친절하게 전화도 해주시구, 역시 페리카나 양념은,, 진리입니다",후라이드반＋양념반/1(추가／변경 선택(콜라 1.25L로 변경))
66,28774맛있다요맛있다요 기름 나쁜것만 어쩌다가 안걸리면,B세트（후라이드＋양념치킨＋콜라1.25L）/1
67,맛있어용 떡 추가좋은것 같아용,후라이드반＋양념반/1(추가／변경 선택(떡 추가))
68,오늘도 잘 먹었습니다. 너무 친절하셔서 더 맛있게 느껴지는 것 같아요!,G세트（후라이드＋매운양념치킨＋콜라 1.25L）/1
69,항상 맛있게 먹고있어요~,D세트（후라이드＋마늘치킨＋콜라1.25L）/1
70,"진짜 저희동네 최고의 치킨집입니다 사장님도 너무 친절하시고, 저는 꼭 여기서만 주문해요 !! 오늘도 역시나 넘나 맛있네용",후라이드반＋양념반/1(추가／변경 선택(떡 추가))
71,방학인 아들들이 먹고싶다고해서 주문했어요. 배송 빠르고 맛있고~만족만족합니다.,E세트（후라이드＋떡양념치킨＋콜라1.25L）/1
72,292929맛있다 말있다,B세트（후라이드＋양념치킨＋콜라1.25L）/1
73,시킬때마다 튀김옷 너무 좋아요 다른지점 두껍고 맛없는데 여기는 바삭바삭 너무 맛있어요,"후라이드치킨/1,양념치킨/1"
74,맛남!!!!!!!!,양념치킨/1
75,항상 맛있게 먹고있어용!! 배달해주시는 분이 한결같이 친절하셔요!,후라이드반＋양념반/1
76,페리카나 치킨이 찾아왔어요~~,후라이드반＋양념반/1
77,오늘 쿠폰을 안갖다주셨어요...전화해서 말씀드리려다 배달이 바쁘실까싶어 그냥뒀는뎅...그리고 후라이드깨소금도 없구요.양념치킨 양념도 너무 적었고.아무래도 정신없으셨었던듯해요. 다음번에 주문할적에 쿠폰이랑 말씀드리려구요.,B세트（후라이드＋양념치킨＋콜라1.25L）/1
78,역시 맛있습니다~~최고^^,B세트（후라이드＋양념치킨＋콜라1.25L）/1(추가 선택(떡 추가))
79,후라이드를 좋아해서 맛있었어요^^,"후라이드반＋양념반/1(추가／변경 선택(떡 추가,콜라 1.25L로 변경))"
80,후라이드 너무바삭하고 맛있어요,후라이드치킨/1
81,맛있어요 양도 좋고 근데 떡추가했는데 떡양이 좀 적어 별하나 뺐습니다~~,K세트（양념치킨＋마늘치킨＋콜라 1.25L）/1(추가 선택(떡 추가))
82,넘넘넘 마시써용~~~쵝오!!!,B세트（후라이드＋양념치킨＋콜라1.25L）/1
83,맛있었어요 배달도 빠르구요,B세트（후라이드＋양념치킨＋콜라1.25L）/1
84,후라이드 짱!!!!!,후라이드치킨/1
85,너무 맛있게 잘먹었어요 튀김옷이 아주 적당해서 고소하니 맛있엇어요,후라이드반＋양념반/1
86,바삭바삭 맛있게 잘먹었너요~~,다리＋날개반반（후라이드반＋양념반）/1(추가／변경 선택(떡 추가))
87,빠싹 짭쪼름 너무 맛있어요! 마늘치킨!,마늘치킨/1
88,양념은 역시 패리카나 맛있게 잘먹었어요 굳,후라이드반＋양념반/1
89,양념치킨은 언제나 페리카나! 그중 북가좌1호점 친절하고 맛있어서 여기서만 시켜요. 감사합니다👍👍,B세트（후라이드＋양념치킨＋콜라1.25L）/1(추가 선택(떡 추가))
90,왠만한치킨집보자 괜츈한듯요 닭도크고,후라이드반＋양념반/1(추가／변경 선택(콜라 1.25L로 변경))
91,오랜만에 먹은치킨 성공적!!!!,순살후라이드반＋순살양념반/1
92,깨끗한 기름에 신선한 닭을 튀긴것이 느껴졌습니다 비가 오는데도 빠른배달 까지 모든것이 완벽했습니다~,후라이드치킨/1
93,옛날 양념 통닭 맛이라 맛있게 먹었어요! 친절하게 배달해주셔서 감사했습니다~ 많이 파세요!!,후라이드반＋양념반/1
94,항상 친절하시고 배달도 빨라서 좋아요! 바삭바삭 후라이드는 여기가 제일입니다~!,후라이드치킨/1
95,맛있었습니다 튀김옷도 많이 두껍지 않고 양념도 최고였습니다,후라이드반＋양념반/1(추가／변경 선택(콜라 1.25L로 변경))
96,역시 믿고 먹는 페리카나 북가좌1점입니다.,"J세트（양념치킨＋간장치킨＋콜라 1.25L）/1(추가 선택(떡 추가)),코카콜라 1.25L/1"
97,잘먹었습니다. 배달해주신 분도 친절하고 좋았어요~,"후라이드반＋양념반/1,코카콜라 1.25L/1"
98,맛있다요 맛이싸도 갑나맵다요,G세트（후라이드＋매운양념치킨＋콜라 1.25L）/1
99,맜있어요!!!!!!!!!!!!!!!!,G세트（후라이드＋매운양념치킨＋콜라 1.25L）/1(추가 선택(떡 추가))
100,4일만에 다시시킴 넘나 맛있는것,누꼬진짬뽕（뼈있는치킨）/1
101,역시 날개만하니까 혼자먹기딱이에요 완전 뜨겁게 배달와서 좋습니다 만족!!,
102,빠르게 잘 받았고 너무 맛있게 잘 먹었어요,B세트（후라이드＋양념치킨＋콜라1.25L）/1
103,잘먹었습니다,"양념치킨/1,미니핫도그/1"
104,사장님 배달오실 때 마다 너무 친절하셔서 먹기 전부터 기분이 좋아요! 맛은 두말 할 것도 없이 최고입니다ㅎㅎ,P세트（매운양념치킨＋마늘치킨＋콜라 1.25L）/1
105,항상 시켜먹는곳이라서 날더우신데 수고하시구 잘먹었습니다,E세트（후라이드＋떡양념치킨＋콜라1.25L）/1
106,후라이드바삭하고 기름도잘빠져있구맛있어요,후라이드치킨/1
107,맛있습니다 재구매의사 있습니다,다리＋날개반반（후라이드반＋양념반）/1(추가／변경 선택(떡 추가))
108,요청사항도 꼼꼼히 챙겨주시고 페리카나 와짜짱짱 조아요,B세트（후라이드＋양념치킨＋콜라1.25L）/1
109,깔끔하고 배달오신 분이 사장님같으신 데 친절하셨어용!!,후라이드반＋매운양념반/1
110,비 많이 오는 날 시켰는데 빨이 가져다 주시고 후라이드 엄청 뜨겁고 맛있고 배달은 또 왜케 친절하신거에오! 부자되세요 👍,후라이드치킨/1
111,생각보다 맛있고 괜찮았습니다....,D세트（후라이드＋마늘치킨＋콜라1.25L）/1
112,배달도 좋고 맛도 좋았습니다,후라이드반＋양념반/1(추가／변경 선택(콜라 1.25L로 변경))
113,맛있어요요요요요용요,다리 매운양념치킨/1
114,후라이드 기름도 잘빼주시고 바삭해요,후라이드반＋양념반/1
115,친절하게 배달해주시고 맛있게 잘먹었습니당,누꼬진짬뽕（뼈있는치킨）/1
116,맛도 좋고 양도 푸짐해서 맛있게 잘 먹었어요.,순살양념치킨/1
117,바삭하고 맛있어요!,"후라이드치킨/1,후라이드반＋양념반/1"
118,맛있게잘먹었어요 감ㅅㅏ합니다,B세트（후라이드＋양념치킨＋콜라1.25L）/1(추가 선택(떡 추가))
119,맛있어요 양념치킨은 페리카나,순살양념치킨/1
120,자주 시켜먹는데 초복이라 주문이 너무 많았는지 닭냄새가 많이 났어요 ㅠ,B세트（후라이드＋양념치킨＋콜라1.25L）/1
121,감사합니다 ㅎㅎㅎㅎㅎㅎㅎㅎㅎ,순살후라이드반＋순살양념반/1
122,맛있게 잘먹었어요 다른지점은 튀김옷이 두꺼운데 딱알맞게 바삭하니 맛있어요,후라이드반＋양념반/1
123,매번 별 다섯 드렷는데 이번엔 의아하게 양이 적엇어요~~닭이 작앗나 싶기도하고 쿠폰사용해서 그랫나 싶기도하고 암튼 양이줄어서 섭섭햇어요 맛은 여전히 맛잇어요 배달하시는 분도 친절하시고요~,후라이드치킨/1
124,완전 최고^^비오는데도 정성껏배달해주시고 너무 맛있게 먹었습니다. 마늘은 처음이었는데 마늘도 맛있어요^^,순살후라이드반＋순살마늘반/1(추가／변경 선택(콜라 1.25L로 변경))
125,항상 맛있고 친절하세요,B세트（후라이드＋양념치킨＋콜라1.25L）/1
126,나만먹고싶다나만나만,
127,간만에 시켰는데 맛있네요,후라이드반＋양념반/1
128,친절하시고 맛있고 최고네요!!,"D세트（후라이드＋마늘치킨＋콜라1.25L）/1,치즈스틱/1"
129,배달도 빠르고 친절하시고 무엇보다 치킨이 너무 맛있었어요~~,후라이드반＋양념반/1
130,언제나 맛 변치 않으시길. 감사합니다.,후라이드반＋양념반/1
131,배달이 빨리 왔고 사장님께서 배달 오셨나요? 엄청 친절하셨어요! 치킨도 뜨거울때 도착해서 바삭바삭 맛있게 먹었습니다 :),순살후라이드반＋순살양념반/1(추가／변경 선택(콜라 1.25L로 변경))
132,배달 정말 빨라서 좋았어요 맛있게 잘 먹었습니다^^,순살후라이드반＋순살양념반/1(추가／변경 선택(떡 추가))
133,맛있어요 ㅎㅎ 추천,후라이드반＋양념반/1(추가／변경 선택(콜라 1.25L로 변경))
134,맛있어요!!!다음에 또 시킬게요,J세트（양념치킨＋간장치킨＋콜라 1.25L）/1
135,양념만 먹었었는데 간장맛도 맛있네요. 배달도 친절~,C세트（후라이드＋간장치킨＋콜라1.25L）/1
136,넘넘 맛있어용!!!!,후라이드치킨/1
137,배달 빠르고 친절하세요~ 맛있게 잘먹었습니다!,후라이드반＋매운양념반/1
138,오랜만에 맛있게 잘먹었어요,후라이드반＋양념반/1
139,언제나맛나용 쿠폰못받았어용 다음에챙겨주세용~!,A세트（후라이드＋후라이드＋콜라1.25L）/1
140,배달두 빠르고 친절하세요 잘먹었습니다,E세트（후라이드＋떡양념치킨＋콜라1.25L）/1(추가 선택(떡 추가))
141,맛남!!!!!!!!,후라이드반＋양념반/1
142,궁금해서 시켜봤습니다. 생각보다 진짬뽕 맛 많이 나고 둘이 먹기엔 좀 많아서 면은 선택할 수 있으면 좋겠어요~,누꼬진짬뽕（뼈있는치킨）/1
143,후라이드도 양념도 넘나 맛있는곳!!!!,후라이드반＋양념반/1
144,친절하게 배달해주셔서 감사합니다. 맛도있어요,K세트（양념치킨＋마늘치킨＋콜라 1.25L）/1
145,잘 받았고 맛있게 먹었습니다.,J세트（양념치킨＋간장치킨＋콜라 1.25L）/1
146,역시 페리카나!! 제일 좋아!!,B세트（후라이드＋양념치킨＋콜라1.25L）/1
147,원래 첨에.맛잇엇는데.. 2번째 시켯을때 ㅜㅜ 덜튀겨서 느끼햇어요..,후라이드치킨/1
148,페리카나 양념 존맛,J세트（양념치킨＋간장치킨＋콜라 1.25L）/1
149,배달도 빠르고 맛도 있고 좋네요,순살양념치킨/1(추가／변경 선택(콜라 1.25L로 변경))
150,쿠폰으로 저렴하게 먹어서 넘나 좋은 것^^ 드디어 누꼬를 먹어봤네요. 카레맛 +@ 랄까??!! ㅎㅎ 면이 아주 맛있었어요. 치킨은 뻑뻑살이 조금 많아서 ㅜㅜㅋ 배부르게 잘 먹었습니다. 번창하세요 사장님^^,누꼬/1
151,항상 맛있게 먹었습니다,E세트（후라이드＋떡양념치킨＋콜라1.25L）/1
152,배달오신분 무척 친절하시구 맛도 훌륭했습니다,K세트（양념치킨＋마늘치킨＋콜라 1.25L）/1(추가 선택(떡 추가))
153,맛있어요...!!!!!,"후라이드반＋양념반/1(추가／변경 선택(떡 추가,콜라 1.25L로 변경))"
154,항상 믿고 먹은 곳!!!!,후라이드반＋양념반/1
155,"밋있다 맛있어 치킨계의 파파존스,느낌,기본에 충실해서 아주 좋아요",B세트（후라이드＋양념치킨＋콜라1.25L）/1
156,후라이드 대박 역시 페리카나,E세트（후라이드＋떡양념치킨＋콜라1.25L）/1
157,",,,,,,,,,,",순살매운후라이드반＋순살매운양념반/1
158,맛있어요 정말로 ㅎㅎ,후라이드반＋양념반/1
159,맛잇게 잘먹고있어요~~,양념치킨/1(추가／변경 선택(떡 추가))
160,페리카나는 진리아닙니까,C세트（후라이드＋간장치킨＋콜라1.25L）/1(추가 선택(떡 추가))
161,그냥 최고임. 강추...,매운양념치킨/1
162,"이집이 진짜 최고입니다. 맛, 배달시간, 친절 어느 하나 빠지는 게 없습니다 ㅋㅋ 무엇보다 치킨 자체가 넘넘 맛있어요ㅠㅠ 맨날 먹고 싶네요ㅠㅠ",순살후라이드반＋순살매운양념반/1
163,양념은 역시 페리카나!!!@,후라이드반＋양념반/1
164,친절하고 맛있었어요,후라이드반＋양념반/1
165,배달해주신분 너무 친절하시고 맛있어요 맛있게 잘 먹었습니다,후라이드반＋양념반/1
166,맛있어요 두마리짱짱!!,B세트（후라이드＋양념치킨＋콜라1.25L）/1
167,맛있게 먹었습니다어ㅓㅓㅓㅓㅓㅏ,후라이드반＋간장반/1(추가／변경 선택(콜라 1.25L로 변경))
168,양념히 좀더 마니 발렸음 좋았겠어요 잘먹었어요,다리＋날개 간장치킨/1
169,양이 조금 적은것 같은데 배달은 엄청 빨랐고 맛있게 먹었습니다,
170,솔직히 맛있다 마있어,B세트（후라이드＋양념치킨＋콜라1.25L）/1
171,먹느라 사진찍는걸 까먹어요 ㅜ,G세트（후라이드＋매운양념치킨＋콜라 1.25L）/1
172,좋아요 쿠폰써서 잘먹었어요,후라이드반＋매운양념반/1
173,오랜만에 먹었는데 맛나요,B세트（후라이드＋양념치킨＋콜라1.25L）/1(추가 선택(떡 추가))
174,치카도 맛있고 사장님도? 친절해요~,순살후라이드반＋순살양념반/1(추가／변경 선택(떡 추가))
175,마싯어요 후라이드는 정말 맛난것 같네요,G세트（후라이드＋매운양념치킨＋콜라 1.25L）/1
176,축구하는 날이라 좀 걱정했는데 안늦게 잘 와서 맛있게 먹었어요,양념반＋마늘반/1(추가／변경 선택(떡 추가))
177,"맛있게 먹었습니다.,ㅎ",B세트（후라이드＋양념치킨＋콜라1.25L）/1
178,항상 맛있어서 여기서 시켜먹지만 무엇보다 잡내안남 그리고 배달하시는분 너무 좋으심 항상 기분좋고 맛있게 먹어요 감사해요,후라이드반＋간장반/1
179,맛있어요~ 개인적으로 간장맛은 별로 안낳고 양념은 맛있았네요. 야식으로 먹기 좋았어요~,순살양념반＋순살간장반/1(추가／변경 선택(콜라 1.25L로 변경))
180,배송도 빠르고 배달기사님도 친절하셔서 기분 좋았어요! 페리카나는 원래 좋아하는데 역시 맛있어요 담에 또 시킬게용!!,순살양념반＋순살마늘반/1
181,요기서만 먹어요.. 맛있어요~^^,매운양념반＋간장반/1
182,언제나 반반 너무 맛나용~~,
183,첫 주문에 정말 맛있게 먹었습니다. 매운맛 양념치킨은 설명이 필요없는 강력 추천. 닭고기 자체가 정말 훌륭하네요,"매운양념치킨/1,후라이드반＋양념반/1"
184,역시 페리카나~ 맛있게 잘먹었습니다~~~~,"후라이드반＋양념반/1(추가／변경 선택(떡 추가,콜라 1.25L로 변경))"
185,배달하시는분도친절하고항상시키는곳이에요,후라이드반＋양념반/1
186,맛남!!!!!!!!!,양념치킨/1
187,사진찍는거 빼먹어서 오늘 받은치킨으로 연속 리뷰달았어요 ㅋㅋㅋㅋㅋㅋㅋㅋㅋㅋ,G세트（후라이드＋매운양념치킨＋콜라 1.25L）/1
188,연속 시켜먹 기 ㅜ 너무맛있음 ㅋㅋㅋ,G세트（후라이드＋매운양념치킨＋콜라 1.25L）/1
189,밥대신 치킨만먹는요즘입니다 ㅋㅋㅋ,G세트（후라이드＋매운양념치킨＋콜라 1.25L）/1
190,항상 맛있어요!!!!,후라이드치킨/1
191,맛도 가격도 좋아요,순살양념반＋순살마늘반/1
192,항상 변함없이 맛있게 먹었습니다,E세트（후라이드＋떡양념치킨＋콜라1.25L）/1(추가 선택(떡 추가))
193,다른데 인제 안먹고 패리카나로 컴팩 합니다 젤 맛나요 양념,후라이드반＋양념반/1
194,항상 맛있게 잘먹고있어요 ^^♡,후라이드반＋양념반/1(추가／변경 선택(떡 추가))
195,항상 맛있게 먹구 배달두 빠르고 친절하세요,E세트（후라이드＋떡양념치킨＋콜라1.25L）/1(추가 선택(떡 추가))
196,진짜 치킨은 페리카나 북가좌1호점이 짱인것 같아여!! 배달해주시는 분도 항상 친절하세요!!,후라이드치킨/1
197,일단 튀김옷 정말 바삭해요 그리고 반반 시켰는데 양이 1마리급 엄청 맛있어요,순살양념반＋순살간장반/1(추가／변경 선택(콜라 1.25L로 변경))
198,사진찍을 생각도못하고 먹었내요 맛있고 배달도빠르고 배달하사는분도친절해요 !,G세트（후라이드＋매운양념치킨＋콜라 1.25L）/1
199,오랜만에 페리카나 먹었는데 양념 너무 맛있네요~~,후라이드반＋매운양념반/1
200,집에서 가까운 지점도 있는데 여기서만 시켜먹어요. 페리카나 북가좌점!! 진짜 짱 맛있어요. d_b,후라이드반＋양념반/1
201,배달 빠르고 친절하시고 맛도 좋아요.,B세트（후라이드＋양념치킨＋콜라1.25L）/1
202,좋아요 벌써3번째시키는중 아이먹기에좋아요,후라이드반＋매운양념반/1(추가／변경 선택(떡 추가))
203,페리카나 맜잇어요 개인적 감상은 사실 저는 순살을 좋아 하지만. 순살 뼈 둘다 먹어본 감상은 순살보다 뼈가 맛있습니다.,순살후라이드반＋순살매운양념반/1
204,맛잇어요 튀김옷이 두껍지 않고 적당하고 바삭한게 맛잇어요 배달하는분도 친절하시고 서비스도 좋아요,후라이드치킨/1
205,여기 페리카나 양념 최고예요!! 넘나맛있음,후라이드반＋양념반/1
206,맛도 좋고 서비스도 좋고 배송하는 분도 친절해서 단골이 되가네요,후라이드（1인）/1
207,항상 맛잇게 먹었어요 배달두 빠르고요,"누꼬진짬뽕（뼈있는치킨）/1,후라이드치킨/1(추가／변경 선택(떡 추가))"
208,"페리카나 양념치킨 맛있는 것은 누구나 다 아는 사실이지만, 후라이드가 이다지도 맛있을 줄이야 ㅠㅠ 겉바속촉!! 겉은 바삭바삭하고 속은 촉촉하니..양념치킨 먹으려고 주문했다가 후라이부터 순삭했네요. 치킨무. 아삭함이 조금 덜했으나 국물양념맛은 또 킅내줍니다. ""맛있게 드세요""라며 공손히 건네주실때부터 믿음가는 치킨집시다!생각이 들었습니다.너무 맛있게 잘먹었어요. 또. 배달시킬 의향 있습니다!!^-^",후라이드반＋양념반/1
209,페리카나는 항상 여깆에서 시키네요. 잘 먹었습니다,B세트（후라이드＋양념치킨＋콜라1.25L）/1
210,치킨은 무조건 페리카나,후라이드반＋양념반/1
211,오늘은 약간 치킨이 모자라섴ㅋㅋㅋㅋㅋ 양 표시를 좀 줄엿어옄ㅋㅋㅋㅋㅋㅋㅋㅋ 역시 북가좌 1호점👍🏻,B세트（후라이드＋양념치킨＋콜라1.25L）/1
212,"떡이 좀 안익은건지.,굳은건지.,딱딱햇어요",양념치킨（1인）/1(추가／변경 선택(떡 추가))
213,잘먹었습니다아아아!,"후라이드치킨/1,양념치킨/1"
214,항상 배달두 빠르고 맛있게 잘먹었습니다,E세트（후라이드＋떡양념치킨＋콜라1.25L）/1(추가 선택(떡 추가))
215,"사장님은 언제나 친절하시고, 치킨은 언제나 맛있습니다!! 후라이드한마리+양념한마리 이번엔 무도 두개 주셨어요ㅜㅜ감사해요,사장님! 페리카나 북가좌1점 짱!!",B세트（후라이드＋양념치킨＋콜라1.25L）/1
216,양념치킨은 역시 패리카나,양념치킨/1
217,잘먹었습니다 콜라도 큰거 서비스로 주셨어요 감사합니다,매운후라이드반＋매운양념반/1(추가／변경 선택(떡 추가))
218,갑자기 매운게 땡겨서 후라이드에서 반반 메뉴로 배달전에 바로 변경 했는데 친절하게 바꿔주셔서 감사해요 ㅠㅠ 배달해주시는 분도 엄청 친절해서 기분좋게 치킨뜯었습니다!! 원래 리뷰 안남기는데 여기는 너무 친절하셔서 남깁니당! 암튼 존맛탱이에옹,후라이드치킨/1
219,너무 맛있어요~~~,양념치킨（1인）/1(추가／변경 선택(콜라 1.25L로 변경))
220,맛있게 먹었습니다!!,A세트（후라이드＋후라이드＋콜라1.25L）/1
221,소스 따로 챙겨달라 썼는데 따로챙겨주시고 페리카나는 여기서만 먹습니다!,B세트（후라이드＋양념치킨＋콜라1.25L）/1(추가 선택(떡 추가))
222,사진을 미쳐 못찍었지만 맛도좋고 우선 배달하는분 친절해서좋았어요 또 시키겠습니다,후라이드반＋매운양념반/1(추가／변경 선택(떡 추가))
223,항상 배달두 빠르시고 맛도있어서 잘먹었습니다,E세트（후라이드＋떡양념치킨＋콜라1.25L）/1
224,너무 맛있어요~^^,J세트（양념치킨＋간장치킨＋콜라 1.25L）/1
225,맛있게 먹었습니다!!!,M세트（매운후라이드＋간장치킨＋콜라 1.25L）/1
226,역사 북가좌1호점이 짱입니다! 맨날 여기서만 먹습니다!,
227,북가좌1지점이 제 입맛에는 딱이네요 맛있어요 추천합니다,후라이드반＋양념반/1(추가／변경 선택(콜라 1.25L로 변경))
228,앞으로 여기서만 시켜먹을래요~,후라이드반＋양념반/1
229,맛잇어요오오오오오오,매운후라이드반＋매운양념반/1
230,페리카나 진짜 오랜만에 시켜먹었는데 후라이드가 너무 맛있어요~~!,B세트（후라이드＋양념치킨＋콜라1.25L）/1
231,치킨은 역시 페리키나!!!,후라이드치킨/1
232,얌얌 잘먹었습니당~~~,순살양념반＋순살매운후라이드반/1
233,맛도리 맛도리 맛도리 맛도리,J세트（양념치킨＋간장치킨＋콜라 1.25L）/1
234,전에는 맛있었는데 왠지 맛이 변항 느낌?ㅋ 제 입맛이 변한건지 잘 모르겠네요ㅋ,후라이드반＋양념반/1(추가／변경 선택(콜라 1.25L로 변경))
235,페리카나뿐이 안먹어요. 특히나북가좌1동만ㅎ 콜라 1.25ml추가했는데ㅜㅜ 안와서 전화했더니 계좌송금해주셨어요ㅜㅜ으..콜라ㅜㅜ,후라이드반＋양념반/1(추가／변경 선택(콜라 1.25L로 변경))
236,앞으로 페리카나만 시켜먹을 것 같아요!,후라이드반＋양념반/1(추가／변경 선택(콜라 1.25L로 변경))
237,언제나 페리카나 양념 변치않으시기를 기원합니다. 맛있습니다.,후라이드반＋양념반/1(추가／변경 선택(콜라 1.25L로 변경))
238,잘 먹었어요 맛있어요,후라이드반＋양념반/1
239,너무 맛있어요! 역시 양념은 페리카나! 배고파서 허버허버 먹어서 사진이 없네요.. 하하! 다음에 또 주문할게요 :),B세트（후라이드＋양념치킨＋콜라1.25L）/1
240,사진은 못찍었어요 ㅠㅠ 배가 많이 고팠거든요 ㅋㅋㅋ 오랜만에 페리카나 먹었는데 너무 너무 맛있었어요 존맛탱구리👍👍👍 짱짱! 담에도 또 시켜먹을거에요!!!!,순살매운양념반＋순살간장반/1
241,배달 엄청 빨리오네요 잘먹었슴다,후라이드반＋양념반/1(추가／변경 선택(떡 추가))
242,페리카나는 언제나 추천,B세트（후라이드＋양념치킨＋콜라1.25L）/1
243,지난주 금요일에 먹었는데 이제 올리네요. 전에 먹었던 기억이 좋아서 두마리 세트로 먹고 다음날에도 데워 먹었는데 정말 맛있었어요!! 페리카나 어릴 때 먹던 느낌이 나서 자꾸 생각나네요^^,B세트（후라이드＋양념치킨＋콜라1.25L）/1
244,육질이 뻑뻑하고 질기네요,순살양념치킨/1
245,배달도 느린편은아니고 맛잇게 잘먹엇습니다. 살짝 식어잇어서 아쉬운거말곤 없습니다~,순살후라이드반＋순살양념반/1
246,제 입맛에는 별로 추천은 글쎄...,누꼬/1
247,마늘치킨은 생각했던것은 아니었지만 후라이드는 맛있었어요~~~후라이드 양념은 맛있어요~~,D세트（후라이드＋마늘치킨＋콜라1.25L）/1
248,먹기 바빠서 뒤늦게 사진,K세트（양념치킨＋마늘치킨＋콜라 1.25L）/1
249,맛있어요요오오오오오,양념반＋매운후라이드반/1
250,사진을 못찍었네요. 페리카나를 정말 오랜만에 먹었는데 예전 생각(?)도 나면서 너무 좋았어요! 배달하시는 분도 너무 친절하시고 다음에 또 주문해야겠습니다. 번창하세요!!,양념치킨/1
251,예상소요시간 맞춰서 배달됐어요~ 맛있게 먹었습니다.,K세트（양념치킨＋마늘치킨＋콜라 1.25L）/1
252,👍👍👍👍👍👍👍👍👍👍👍,후라이드반＋양념반/1
253,예상보다 빨리왔네요,양념치킨/1(추가／변경 선택(떡 추가))
254,늘 시켜먹는곳이라....그냥 굿굿,순살후라이드반＋순살양념반/1
255,페리카나 오랜만이네요ㅎㅎ 비오는 날에 친절배달 잘받았습니다!,날개후라이드반＋날개매운후라이드반/1(추가／변경 선택(떡 추가))
256,맛도 맛이지만 일단 배달비가 없어서 시켜먹게되요 배달도친절하시고 페리카나양념치킨은 언제나 맛있어요,양념치킨/1
257,순살도 맛있습니다. 잘먹었습니다~,순살양념치킨/1(추가／변경 선택(콜라 1.25L로 변경))
258,맛있게 잘먹었어요ㅋㅋ,"다리매운후라이드반＋다리매운양념반/1(추가／변경 선택(떡 추가,콜라 1.25L로 변경)),날개후라이드반＋날개간장반/1"
259,항상 맛있게 먹어요 수고하세요~^^,E세트（후라이드＋떡양념치킨＋콜라1.25L）/1(추가 선택(떡 추가))
260,단골집~~~~~^^,"다리후라이드반＋다리양념반/1(추가／변경 선택(콜라 1.25L로 변경)),코카콜라 1.25L/1"
261,맛있어요 맛있어요 맛있어요,후라이드반＋양념반/1
262,"역시 페리카나👍 두마리세트(후/양)주문했어요 방금 튀긴듯 따끈따끈,빠른 배달과 매운양념 부탁드렸었는데 함께 주셨구요~무우도 2개나~ 페리카나도 좋지만 북가좌1점이 쵝오용~~♡",B세트（후라이드＋양념치킨＋콜라1.25L）/1
263,굿굿 다른집 순살 보다는 더 부드러운듯!,순살후라이드/1(추가／변경 선택(콜라 1.25L로 변경))
264,항상 친절하고 맛잇눈집!!!,후라이드반＋양념반/1
265,맛좋고 양많고 배달 빠름,A세트（후라이드＋후라이드＋콜라1.25L）/1
266,옛날치킨 같은 느낌이지만 양념이 역시 명불허전이네요,B세트（후라이드＋양념치킨＋콜라1.25L）/1
267,맛있어요 양이 적네요,"다리양념반＋다리간장반/1(추가／변경 선택(떡 추가,콜라 1.25L로 변경))"
268,진리의 페리카나 반반치킨!,후라이드반＋양념반/1
269,며칠에 한번씩 먹어서 리뷰 또 쓰네요😋 매운후라이드는 진리임,양념반＋매운후라이드반/1
270,항상 존맛탱입니다🤗,양념반＋매운후라이드반/1(추가／변경 선택(콜라 1.25L로 변경))
271,변함없이 맛있게 먹었습니다,B세트（후라이드＋양념치킨＋콜라1.25L）/1(추가 선택(떡 추가))
272,언제나 맛 변치 않으시기를 기원합니다.,후라이드반＋양념반/1
273,맛있게 잘먹었습니다~,양념치킨/1(추가／변경 선택(콜라 1.25L로 변경))
274,후라이드 너무 맛있어요ㅠㅠ,A세트（후라이드＋후라이드＋콜라1.25L）/1
275,진짜 맛있게 먹었어욥 ㅎㅎ 역시 양념은 페리카나가 최고..!,후라이드반＋양념반/1
276,항상 일정한 맛을 보여주셔서 감사해요,후라이드반＋양념반/1(추가／변경 선택(콜라 1.25L로 변경))
277,맛나게 먹었어요 ~~~^^,"C세트（후라이드＋간장치킨＋콜라1.25L）/1,코카콜라 1.25L/1"
278,항상 맛있게 먹고있어요 수고하세요,B세트（후라이드＋양념치킨＋콜라1.25L）/1(추가 선택(떡 추가))
279,너무맛있어요 굳굳굳,양념치킨/1
280,후라이드와 떡양념치킨세트 시켰는데 맛있네요 양도 넉넉하니 좋았어요,E세트（후라이드＋떡양념치킨＋콜라1.25L）/1
281,변함없이 맛있게 먹었습니다 수고하세요,E세트（후라이드＋떡양념치킨＋콜라1.25L）/1(추가 선택(떡 추가))
282,배달하시는 분이 매우친절하셨습니다. 맛도 역시 실망시키지 않네요. 잘 먹었습니다~,후라이드반＋양념반/1(추가／변경 선택(콜라 1.25L로 변경))
283,맛있어요 굳굳~!!,순살양념치킨/1(추가／변경 선택(떡 추가))
284,배달도 빠르고 닭도 좋아요ㅎ,G세트（후라이드＋매운양념치킨＋콜라 1.25L）/1
285,마시써요!!!!!!!!!!!@@@,B세트（후라이드＋양념치킨＋콜라1.25L）/1
286,굿굿 얌얌 매운후라이드 순살도 굿,순살후라이드반＋순살매운후라이드반/1
287,정말맛있게잘먹었습니다. 번창하세요!!,A세트（후라이드＋후라이드＋콜라1.25L）/1(추가 선택(떡 추가))
288,페리카나는 언제나 추천,H세트（양념치킨＋매운후라이드＋콜라 1.25L）/1
289,반반시키면 보통 후라이드나 양념 하나만 맛있어서 실망한적이 많았었는데 둘다 맛있었습니다!! 또 시켜야겠네요~,후라이드반＋양념반/1(추가／변경 선택(콜라 1.25L로 변경))
290,역시나 페리카나는 존맛!!,후라이드반＋양념반/1(추가／변경 선택(콜라 1.25L로 변경))
291,항상맛있게 잘먹었습니다 수고하세요,E세트（후라이드＋떡양념치킨＋콜라1.25L）/1(추가 선택(떡 추가))
292,맛있어요 맛있어요 맛있어요,양념치킨/1
293,배달이 조금 늦었지만 그래도 맛있었어요 ㅠㅠ,양념치킨/1
294,항상 여기서만 시켜먹어요!,후라이드반＋양념반/1
295,맛있게 잘 먹었습니다.,C세트（후라이드＋간장치킨＋콜라1.25L）/1
296,역시나 페리카나는 맛있습니다.,후라이드반＋양념반/1
297,맛도좋고 양도푸짐하고 배달시간도 준수했지만 맵지 않았어요ㅠㅠ 소스추가가있었으면 하는 바람입니다 매운소스가 너무 간절해 요청사항에 적었지만 오진않았어요ㅡ 그리구 배달해주시는 분 완전 친절하셨다는...,순살 매운후라이드/1
298,"제가 리뷰를 이벤트아니면 절대 안쓰는데 쓰게 하시네요... 사진 없는 이유는 큰 기대없이 먹었기때문에 먹기전 사진이 없습니다 저는 후라이드 반 양념 반을 시켰습니다 배달이 빠르진않앗지만 약속시간 안으로 와주시고 배달해주신 선생님께서 정말 친절하셔서 좋았습니다 밥상에 앉아서 후라이드부터 집었습니다 한입을 깨어무는순간..20년 전 꼬마아이일 때가 회상이 되더군요 정말 맛있었습니다. 식감 온도 바삭함...모두 저의 유년시절, 그때의 그리운 맛이었습니다 양념도 너무 맛있습니다 이렇게 맛있는 치킨은 오랜만입니다 너무 맛있어요",후라이드반＋매운양념반/1
299,바삭바삭한 후라이드와 매콤한 양념통닭 모두 너무 맛있네요~ 배달도 빠르고 친절하고~^^,B세트（후라이드＋양념치킨＋콜라1.25L）/1
300,맛. 양. 배달. 친절 모두 만족 ^^,"순살후라이드/1,순살양념치킨/1"
301,맛있게 먹었어요~~,"후라이드치킨/1,양념치킨/1"
302,맛있게잘먹었습니다~배달도빨라서 좋아요,E세트（후라이드＋떡양념치킨＋콜라1.25L）/1(추가 선택(떡 추가))
303,자주시켜먹는단골집~~ 한결같아서좋음,후라이드반＋양념반/1
304,처음시켜먹었는데 후라이드맛있네요 양념소스가 따로없어서 아쉬웠습니다. 혹시 추가메뉴로있나봤는데 없네요 ㅠ나중에는 양념치킨으로 반반시켜야겠습니다,후라이드반＋매운후라이드반/1
305,항상 잘먹고있습니다!!! 근데 매운후라이드는 좀 짜네여ㅠㅠ 배달하시는분이 항상 친절해서 너무 좋아요!!,매운후라이드치킨/1
306,맛있게 잘먹었습니다,
307,맛있어요.감사합니다,순살양념치킨/1(추가／변경 선택(콜라 1.25L로 변경))
308,감사합니다 잘먹었어요,"양념반＋매운후라이드반/1(추가／변경 선택(콜라 1.25L로 변경)),코카콜라 1.25L/1"
309,"처음시켜봤는데 맛있고, 양도 괜찮아 맛있게 잘 먹었습니다:)",양념반＋간장반/1
310,변함없이 맛있게 잘먹었습니다,E세트（후라이드＋떡양념치킨＋콜라1.25L）/1(추가 선택(떡 추가))
311,항상 만족하면서 먹고있습니다~감사합니다~,M세트（매운후라이드＋간장치킨＋콜라 1.25L）/1(추가 선택(떡 추가))
312,항상먹는데맛있어요~^^,E세트（후라이드＋떡양념치킨＋콜라1.25L）/1
313,배달두 빠르고 맛있게 잘먹었습니다,E세트（후라이드＋떡양념치킨＋콜라1.25L）/1
314,맛있게 잘먹었네요~^^,순살후라이드반＋순살양념반/1
315,양념치킨이 옛날치킨맛이예요 맵지않고 맛있어요!,B세트（후라이드＋양념치킨＋콜라1.25L）/1
316,여긴 정말 최고입니다!! 인정!!!,매운후라이드반＋매운양념반/1
317,맛있습니다 만족합니다^^,후라이드반＋양념반/1
318,항상 친절하게 배달해주셔서 넘좋아용! 치킨 맛도 쨩!!!!,후라이드반＋양념반/1(추가／변경 선택(콜라 1.25L로 변경))
319,맛있게 잘 먹었습니다~,양념치킨/1(추가／변경 선택(콜라 1.25L로 변경))
320,양념은 이곳이제일인듯해요 항상맛있게먹고있어요,B세트（후라이드＋양념치킨＋콜라1.25L）/1
321,겉으로 봐도 고기가 오래된 색... 질겨서 씹히지도 않아서 먹다 버렸다. 양념은 그나마 난데 후라이드는 최악.,순살후라이드반＋순살양념반/1(추가／변경 선택(떡 추가))
322,역시 패리카나 엄마가 좋아합니다 맛있어요,"누꼬/1,순살양념반＋순살간장반/1(추가／변경 선택(콜라 1.25L로 변경))"
323,추운날씨에 빨리 배달해 주셔서 맛나게 잘 먹었습니다,B세트（후라이드＋양념치킨＋콜라1.25L）/1(추가 선택(떡 추가))
324,신메뉴 맛두있구 괜찬아요 중화면 양이좀적은거빼놓구는요 맛있게 먹었어요 배달두시간 보다빨라서 좋아요^^,"누꼬/1,후라이드치킨/1(추가／변경 선택(떡 추가,콜라 1.25L로 변경))"
325,"배달빨라요 맛있습니다 ,다",후라이드반＋매운양념반/1(추가／변경 선택(떡 추가))
326,항상 맛있게 먹고 있어요. 어른도 아이도 샅이 먹기 너무 좋아요. 닭귀신인데....다른데서 먹어도 꼭 페리카나치킨을 더 시켜먹자고 하더라고요. 새해 복 많이 받으시고 앞으로도 더 맛있게 배달 해 주세요.,B세트（후라이드＋양념치킨＋콜라1.25L）/1
327,항상감사히 먹고 있습니다 페리카나 최고!!!!,B세트（후라이드＋양념치킨＋콜라1.25L）/1
328,양은 그럭저럭 맛은 좋습니다.,날개후라이드반＋날개매운양념반/1
329,떡추가 했는데 떡이 없네요 ㅠㅠ,B세트（후라이드＋양념치킨＋콜라1.25L）/1(추가 선택(떡 추가))
330,치킨 맛나게 잘먹었습니다 호프집스타일 치킨 먹고싶을때는 여기가 최고인거 같아요 오실때 추워서 고생많으셨을텐데 언제나 친절한 배달과 응대 감사드립니다,K세트（양념치킨＋마늘치킨＋콜라 1.25L）/1
331,언제나맛있어용 잘먹었습니다,B세트（후라이드＋양념치킨＋콜라1.25L）/1
332,페리카나 양념치킨에 빠져사는 사람으로서 정말 이집 좋습니다. 항상 웃으면서 배달해주시는 친절하신 기사님! 여러가지 다양한 치킨들이 판을 치지만 리얼 양념통닭은 페리카나가 최고입니다. :),양념치킨/1(추가／변경 선택(콜라 1.25L로 변경))
333,양념은 역시 페리카나!!!!!! 따라올치킨없죠!!! 반반...역시 기대를 져버리지않아요!! 최고!!! ...그런데요...혹시 목은...원래 안주시는건가요... 아님...실수로 빠진걸까요... 먹다보니 목이 없어서요ㅜㅜ,후라이드반＋양념반/1
334,맛과양이 모두 만족스럽네요 단골이 된듯하네요,A세트（후라이드＋후라이드＋콜라1.25L）/1
335,무엇보다도 맛잇어요 배달하시는 분도 넘 친절하세요,후라이드치킨/1
336,맛있어요~ 감사합니다 ^^,후라이드반＋양념반/1
337,축구때문인지 한시간을 넘게기다렸지만 그래도 맛있게 잘먹었습니다~,후라이드반＋양념반/1
338,맛있게 항상 잘먹구있어요^^,E세트（후라이드＋떡양념치킨＋콜라1.25L）/1
339,주문한지 1시간 넘어서 7:40 배달완료로 바꼈는데도 도착하지 않아 전화했더니 요기요 시스템 문제라고. 아직 치킨 출발도 안했데요.. 주말이긴 하지만 6시 40분에 시켰는데 8시 15분 넘어도 안오고 있어요. 1:30 걸린다는데 이미 더 지나사서..당골로 시키는 곳인데 배달시간도 너무 오래걸리고 요기요 소요시간은 뭐하러 표시하나 싶어요. 이러다 2시간 걸리겠네요!!,B세트（후라이드＋양념치킨＋콜라1.25L）/1
340,늘 시켜먹는 겁니다. 이제 치킨은 여기로 정착할려구요~,E세트（후라이드＋떡양념치킨＋콜라1.25L）/1
341,맛있게 먹었습니다ㅎㅎ 바삭바삭맛잇네요,다리＋날개 매운후라이드/1
342,잘 먹었습니다 또 이용할게요,후라이드치킨/1(추가／변경 선택(콜라 1.25L로 변경))
343,감사합니다 잘먹었습니다,후라이드반＋양념반/1
344,"역쉬~ 👍 항상 맛있고! 양! 사장님스마일!! ^_^) 리뷰들보니, 역시 사람들 받는느낌이 크게다르지는 않는가보다~^^ㅋ 생각했어용",
345,여기서 치킨주문할때마다 기분이 너무 좋아요 배달원분이 정말정말친절 따뜻하시궁 치킨도 항상 따뜻하구 바삭해요ㅠ 최애 치킨집♥️ 매번 반반시키다가 매운양념으로 시켰는데 적당히 맵구 맛있어용,후라이드반＋매운양념반/1(추가／변경 선택(콜라 1.25L로 변경))
346,항상 잘먹고있습니다!!,후라이드치킨/1
347,바삭하고 살도 연하고 맛나네요,후라이드치킨/1
348,맛있고 배달도 빨라요,후라이드반＋양념반/1
349,변함없이 잘먹었습니다,E세트（후라이드＋떡양념치킨＋콜라1.25L）/1(추가 선택(떡 추가))
350,오랜만에 먹었는데 맛있었어요 온가족이 맛있게 먹었어요,후라이드반＋양념반/1(추가／변경 선택(떡 추가))
351,후라이드 정말 맛있어요!!,A세트（후라이드＋후라이드＋콜라1.25L）/1
352,역시 북가좌점 맛잇네요~*,N세트（매운후라이드＋마늘치킨＋콜라 1.25L）/1
353,진짜 맛나고 친절하시고 짱짱 좋습니다 대만족이어요,B세트（후라이드＋양념치킨＋콜라1.25L）/1
354,빠르고 맛있네요 또 주문할게요,후라이드반＋양념반/1
355,항상 시켜먹는곳이예요~~맛있어요^^,후라이드반＋양념반/1
356,Incredibly delicious,순살후라이드반＋순살양념반/1
357,맛있게 먹었습니다~~,A세트（후라이드＋후라이드＋콜라1.25L）/1
358,매번잘시켜먹습니다 배달하시는분도 친절하시고요 근데한마리 시킬때마다 쿠폰이 오는데 솔직히 쿠폰으로시키기 불편해하시는것같아 한번시키고 못시키고있습니다;;;;,후라이드반＋양념반/1
359,매번맛있게. 먹구있어요,E세트（후라이드＋떡양념치킨＋콜라1.25L）/1(추가 선택(떡 추가))
360,................,H세트（양념치킨＋매운후라이드＋콜라 1.25L）/1(추가 선택(떡 추가))
361,여기는 정말 치킨 받을때부터 기분이 좋아진다 사장님이 배달을 해주시는건지 모르겠지만 친절하시고 거기다가 후라이드 양념할거 없이 맛도 좋아서 생각이 자주 나는듯!,순살후라이드반＋순살매운양념반/1(추가／변경 선택(콜라 1.25L로 변경))
362,주문되는 페리카나 중에 여기가 제일 좋네요. 특히 배달 오셨을때 표정에서 친절함이 보입니다.,B세트（후라이드＋양념치킨＋콜라1.25L）/1
363,배달도 빠르고 좋아요 늘 잘먹고 있습니다^_^,양념반＋마늘반/1
364,정말 부드러워요. 감사합니다 ㅋ 처음 시켰는데 자주 이용할게요 ㅋ 다음에도 부드럽게 부탁드려요!,순살양념치킨/1
365,완전 맛있습니다!!!!,후라이드（1인）/1
366,양이 조금 적어요 ㅠㅠ,순살후라이드반＋순살양념반/1
367,마늘맛 맛있어요 ㅋ,마늘치킨（1인）/1(추가／변경 선택(떡 추가))
368,배달이 좀 아쉽긴했지만 늘 맛있어서 페리를 자주 먹어요,후라이드반＋양념반/1(추가／변경 선택(떡 추가))
369,양도 많고 맛도 좋아요~ 떡이 쫀득쫀득 맛있네요~ 담엔 떡사리 추가해서 먹어야겠어요,E세트（후라이드＋떡양념치킨＋콜라1.25L）/1
370,정말 잘먹었습니다 1인메뉴좋아요~~,양념치킨（1인）/1(추가／변경 선택(떡 추가))
371,양도적당히 맛있게 먹었어요,E세트（후라이드＋떡양념치킨＋콜라1.25L）/1(추가 선택(떡 추가))
372,빠른 배달 감사합니다,순살후라이드반＋순살양념반/1(추가／변경 선택(떡 추가))
373,생각보다 빨리와서 좋았어용!!!,순살후라이드/1
374,맛있고 배달도 빨라요,후라이드반＋양념반/1
375,1인 세트가 있는지 몰랐네요. 딱 좋아요,
376,역시 후라이드 짱맛있어요!!!! ㅠㅅㅠ,A세트（후라이드＋후라이드＋콜라1.25L）/1
377,옛날맛그대로 맛있게 먹었습니다,K세트（양념치킨＋마늘치킨＋콜라 1.25L）/1(추가 선택(떡 추가))
378,잘먹었습니다 1인메뉴있어서 너무좋아요,
379,순살이라 양이 좀 아쉬웠지만 전반족으로 만족.,순살후라이드반＋순살매운양념반/1
380,두마리는 양이 조금 아쉬워요 전반적으로 괜찮아요,B세트（후라이드＋양념치킨＋콜라1.25L）/1(추가 선택(떡 추가))
381,역시 짱!! 맛있습니당!,후라이드（1인）/1(추가／변경 선택(콜라 1.25L로 변경))
382,어플로 결재하기 죄송할 정도로 사장님의 친절함이 느껴집니다~ 다 먹은 후에야 리뷰를하게되서 사진을 찍는걸 깜빡했다는..,후라이드반＋양념반/1(추가／변경 선택(콜라 1.25L로 변경))
383,페리카나는 언제나추천,순살양념반＋순살매운후라이드반/1
384,친절한 사장님과 추억돋는 양념맛! 양도 혜자스럽습니다 ㅎㅎ 단골하갰습니다!^^,순살양념치킨/1(추가／변경 선택(떡 추가))
385,페리카나가 젤 맛있어용!!!,양념반＋마늘반/1
386,"늘 그렇듯이, 맛이 있습니다.",후라이드반＋양념반/1(추가／변경 선택(콜라 1.25L로 변경))
387,싸장님! 배달오시면 항상 웃는얼굴로 맛있게 먹으라고 말해주시고 치킨도 정말 맛있어요! 감사합니다! 근데 치즈스틱은 처음 먹었는데 간이 안돼서 맛이 없었어용 ㅠ.ㅠ 냉동이라 그런거겠죠? 차라리 사이드메뉴에는 파채나 감자튀김을 구성하는게 어떨까요? 치즈스틱 때문에 살짝 아쉬웠지만 ㅠ.ㅠ 그래도 치킨은 맛있었어용 ㅎㅅㅎ,"M세트（매운후라이드＋간장치킨＋콜라 1.25L）/1,치즈스틱/1,코카콜라 1.25L/1"
388,항상맛있게먹고있습니다 배달도 빠르고요~~~,후라이드반＋양념반/1
389,언제나먹어도 맛있어요,B세트（후라이드＋양념치킨＋콜라1.25L）/1
390,항상 막 튀겨오셔서 가슴살도 육즙을 머금고 있어 퍽퍽하지 않고 맛있습니다.,J세트（양념치킨＋간장치킨＋콜라 1.25L）/1(추가 선택(떡 추가))
391,후라이드는 깔끔하고 양념은 맛있었어요,후라이드반＋양념반/1
392,월드컵 기간 때 궁금해서 한 번 먹어봤다가 지금까지 계속 먹고 있습니다. 먹으면서 감탄을 한 건 이 치킨이 처음입니다. 양념을 먹다가 매운 양념을 먹기 시작했는데 매운 맛도 적절합니다. 제가 매운 걸 진짜 못 먹는데 맛있는 매운 맛이기에 다 먹을 수 있었습니다.,"다리 매운양념치킨/1(추가／변경 선택(떡 추가,콜라 1.25L로 변경))"
393,맛있게 잘먹었습니다 ㅎㅎㅎㅎ,후라이드반＋간장반/1
394,맛있었어요~~ 축구보면서 먹은 치킨이 제일 짱이었어요,"양념반＋마늘반/1(추가／변경 선택(떡 추가,콜라 1.25L로 변경))"
395,역시 북가좌점이 젤 맛잇네요~*,N세트（매운후라이드＋마늘치킨＋콜라 1.25L）/1
396,항상 맛있게. 먹구있어요,E세트（후라이드＋떡양념치킨＋콜라1.25L）/1(추가 선택(떡 추가))
397,매주시켜먹고있어요;; 항상 맛있게 먹습니다~~~,후라이드반＋양념반/1
398,배달기사님도 친절하고 가격도 같은 브랜드 대비 저렴하고 항상 맛있어요! 맛나게 잘 먹었습니당 감사해용~,"C세트（후라이드＋간장치킨＋콜라1.25L）/1,코카콜라 1.25L/1"
399,다음에는 매운맛 시켜먹을래요! 1인치킨 가격도 싸고 양도 적당하고 자주 시켜먹을게용~~,양념치킨（1인）/1
400,맛나구요 뭔가 눅눅하긴했지만 나쁘지않았습니다,순살매운후라이드반＋순살매운양념반/1
401,배달도 친절하시고 맛있어요,
402,배달이 오래걸릴줄 알았는데 엄청빨리 오셨어요. 치킨도 뜨끈뜨근하구요. 1인용인데 양이 꽤많네요. 양념을 오랜만에 먹었는데 맛있긴하지만 제 입맛엔 너무 단것같아요. 담엔 매운양념을 먹어볼까봐요.,
403,ㅗㅗㅗㄹㅇㄴㅇㅎㅍㅏㅠㅊ,M세트（매운후라이드＋간장치킨＋콜라 1.25L）/1
404,맛있는 치킨 먹고 싶을땐 페리카나만 먹어요 ㅠㅠ 세상에 식어도 맛있어요,양념반＋마늘반/1
405,양념은 역시 처갓집 페리카나입니다. 근처 페리카나 중 가장 개인적으로 맛있는 집이라 생각됩니다.,양념치킨/1(추가／변경 선택(콜라 1.25L로 변경))
406,배달 해주시는분이 너무 친절하셔서 좋았어요! 축구가 한창일때라 늦을 줄 알았는데 예상보다 빨리 오셨구요,B세트（후라이드＋양념치킨＋콜라1.25L）/1
407,후라이드 짱 맛있어요!!!,A세트（후라이드＋후라이드＋콜라1.25L）/1
408,후라이드반 양념반은 역시 페리카나!!,후라이드반＋양념반/1
409,정말 맛있었어용!!! 배달도 빨리 오셨어여!!!,순살후라이드반＋순살양념반/1
410,계속시켜먹게돼네요. 가깝구해서요,B세트（후라이드＋양념치킨＋콜라1.25L）/1(추가 선택(떡 추가))
411,항상맛있게. 먹고있어요~~~ 감사합니다^^,후라이드반＋양념반/1
412,맛있었어요 맛있었다구요,양념치킨/1(추가／변경 선택(콜라 1.25L로 변경))
413,양도푸짐하고 배달도 빠른데 닭뼈가 왜까만거죠? 뭔가먹다가비위가상하더라구여ㅜㅜ,N세트（매운후라이드＋마늘치킨＋콜라 1.25L）/1
414,항상. 맛있게. 먹습니다,E세트（후라이드＋떡양념치킨＋콜라1.25L）/1(추가 선택(떡 추가))
415,언제나먹어도 맛있네요~~~,J세트（양념치킨＋간장치킨＋콜라 1.25L）/1(추가 선택(떡 추가))
416,무난합니다ㅎㅎ 그냥그래요!!,양념치킨/1(추가／변경 선택(떡 추가))
417,맛있는 치킨과 빠르고 친절한 배달 감사합니다,B세트（후라이드＋양념치킨＋콜라1.25L）/1
418,맛있어요~~~~~잘먹겠습니다,후라이드치킨/1
419,후라이드 빠~~~~~~~삭하고 맛있어요,B세트（후라이드＋양념치킨＋콜라1.25L）/1(추가 선택(떡 추가))
420,맛있게 잘먹었습니다~~,N세트（매운후라이드＋마늘치킨＋콜라 1.25L）/1
421,간장치킨맛이. 새롭네요. 전에먹은거랑 틀려서좋네요,K세트（양념치킨＋마늘치킨＋콜라 1.25L）/1(추가 선택(떡 추가))
422,배달도 빠르고 치킨의 온기가 그대로 남아왔습니다 바삭하고 시골에서 먹는 치킨맛나서 너무좋았습니다 사장님께서 직접 배달하시는것 같던데 너무 친절하시고 맛잇게 잘먹엇습니다 매운양념은 뭔가 매운데 계속 땡기는맛이라 매워도 계속 먹게되네요! 자주시켜먹을거같습니다!,후라이드반＋매운양념반/1(추가／변경 선택(콜라 1.25L로 변경))
423,계속시켜먹는곳중하나입니다ㅎㅎ,E세트（후라이드＋떡양념치킨＋콜라1.25L）/1(추가 선택(떡 추가))
424,맛있게 잘 먹었어요~,K세트（양념치킨＋마늘치킨＋콜라 1.25L）/1
425,양념치킨이 많이 맵지 않아서 아이들과도 먹을수있었어요 사업 번창하세요,B세트（후라이드＋양념치킨＋콜라1.25L）/1
426,배달도 빠르고 맛도 좋습니다!!,양념치킨/1
427,맛잇어요!!사장님도 친절,양념치킨/1
428,바삭바삭하고 후라이드 넘 맛잇엇어요,후라이드반＋양념반/1
429,맛은 다른곳보다 주관적으로 별론데 양은많아요,양념치킨（1인）/1(추가／변경 선택(떡 추가))
430,"정말 맛있게 먹었구요, 배달도 전혀 늦지 않았어요! 더운날 주방에서 고생많으신 사장님 덕분에 잘 먹었습니다 배달하시는 분들도 더위 안 드시게 조심하세요:)","다리＋날개 후라이드/1(추가／변경 선택(콜라 1.25L로 변경)),다리＋날개 간장치킨/1"
431,어제. 중복이라서. 시간이 마니걸렸더라구요. 그것빼구는 괜찬아요,E세트（후라이드＋떡양념치킨＋콜라1.25L）/1(추가 선택(떡 추가))
432,최곱니당 맛있어용ㅎㅎ,양념치킨/1
433,잘먹어었습니다....,"N세트（매운후라이드＋마늘치킨＋콜라 1.25L）/1,치즈스틱/1"
434,역시나 양념치킨은 옛날 맛이 좋습니다. 깨가 뿌려진 옛날맛 양념이라 부부가 모두 잘먹었습니다.,후라이드반＋양념반/1(추가／변경 선택(콜라 1.25L로 변경))
435,떡에서냉장고 맛나요ㅡㅡ,간장치킨（1인）/1(추가／변경 선택(떡 추가))
436,떡추가해서 먹었더욤 맛있었어요,후라이드반＋양념반/1(추가／변경 선택(떡 추가))
437,매번 맛있게 잘먹고있습니다 맛있어요 굳,B세트（후라이드＋양념치킨＋콜라1.25L）/1
438,맛있어요! 강추 배달친절하고 무엇보다 빨라요,후라이드반＋양념반/1(추가／변경 선택(콜라 1.25L로 변경))
439,할인된 가격으로 잘 먹었어요,후라이드치킨/1
440,혼자먹을때 1인세트 항상 생각하지만 너무좋아요!!!!!! 맛도있고 친절하시고 ~ 칭찬칭찬합니다 :),
441,오랜만에 제대로된 페리카나를 맛보앗네요~ 사진을 미쳐못찍어둔게 아쉬웠어요~,양념치킨/1
442,양이 너무 많네요 혼자먹기에 반반은 많은듯요 맛은 엄청 고소하고 양념은 어렸을때 그맛이네요,후라이드반＋양념반/1
443,감사합니다 가족과 맛나게 먹었습니다.,후라이드반＋양념반/1
444,양념은 맵지 않고 달달한 양념치킨 맛이라 맛있어요. 후라이드도 바삭바삭 맛있어요. 떡 추가했는데 생각보다 양이 많아서 행복합니다. 배달도 빨라서 좋았어요! 웃으며 전달해주셔서 기분좋게 더 맛있게 잘 먹었습니다.,"후라이드반＋양념반/1(추가／변경 선택(떡 추가,콜라 1.25L로 변경))"
445,너무 맛있게 잘먹었어요,양념치킨（1인）/1(추가／변경 선택(떡 추가))
446,비오는데도 친절하게 배달해주셔서 감사합니다 페리카나 맛나요,후라이드반＋양념반/1(추가／변경 선택(떡 추가))
447,비오는데 배달도 빠르고 아주 맛나게 잘먹었습니다.. 근데 매운후라이드 매운양념 시켰는데.. 후라이드는 그냥이 온듯하네요.. 그래도 맛나게 잘먹었습니다..,매운후라이드반＋매운양념반/1
448,양념은 페리카나랑 처갓집만 먹는데 역시 맛있네요,후라이드반＋양념반/1(추가／변경 선택(콜라 1.25L로 변경))
449,언제나 변함없는 페리카나~~매운맛은 첨시켜먹었는데 진짜맵기는하네요.그래도 잘먹었습니다..후라이드는 신랑이~~,후라이드반＋매운양념반/1
450,너무 맛나게 먹었습니다.,양념치킨/1
451,마늘치킨새로운발견 맛이또,P세트（매운양념치킨＋마늘치킨＋콜라 1.25L）/1
452,항상 믿고 시켰는데 월드컵 기간이라 그런지 후라이드 색깔도 어두침침 하고 양념 맛은 땡초 맛 밖에.. 이번에는 진짜 너무 하셨네요 단골인데..,후라이드반＋매운양념반/1
453,맛있습니다......,순살양념반＋순살마늘반/1
454,맛있었어용 무도 많이주시고 서비스 짱,O세트（매운양념치킨＋간장치킨＋콜라 1.25L）/1
455,깔끔하고 맛있어요.닭이 조금 작아졌지만 그럭저럭 맛있어요~,B세트（후라이드＋양념치킨＋콜라1.25L）/1
456,어릴 때 생각나서 오랜만에 페리카나를 시켜봤는데 여전한 맛이네요. 다른 곳은 먹다보면 느끼한데 맛이 깔끔한 것 같고 배달하신 분이 사장님이신지 모르지만 친절하시기까지!!,I세트（양념치킨＋매운양념치킨＋콜라 1.25L）/1(추가 선택(떡 추가))
457,맛있게 잘 먹었습니다.,"후라이드반＋양념반/1(추가／변경 선택(떡 추가,콜라 1.25L로 변경))"
458,두마리치긴메뉴 맛있게 먹었습니다~,B세트（후라이드＋양념치킨＋콜라1.25L）/1
459,"맛있는 후라이드, 양념치킨 잘먹었습니다! 빠른 배달도 감사드립니다~",B세트（후라이드＋양념치킨＋콜라1.25L）/1
460,잘먹었습니다. 또이용할게요,A세트（후라이드＋후라이드＋콜라1.25L）/1
461,맛있습니다 친절하시고요,후라이드치킨/1
462,굿굿굿굿굿 아 열글자쓰기구찮..,후라이드치킨/1(추가／변경 선택(떡 추가))
463,매운양념 괜히 시킴 ㅠ 그냥 양념기킬껄 너무 매웠슴,G세트（후라이드＋매운양념치킨＋콜라 1.25L）/1
464,늘 친절하고 맛있습니다.,B세트（후라이드＋양념치킨＋콜라1.25L）/1
465,치킨생각날때 시켜먹게돼네요,E세트（후라이드＋떡양념치킨＋콜라1.25L）/1(추가 선택(떡 추가))
466,im chicken butcher,D세트（후라이드＋마늘치킨＋콜라1.25L）/1
467,맛있는 치킨과 빠린배달 감사합니다!,B세트（후라이드＋양념치킨＋콜라1.25L）/1
468,어릴때부터 먹는 페리카나 치킨 양념치킨은 페리카나가 진리인거같아요~👍,B세트（후라이드＋양념치킨＋콜라1.25L）/1(추가 선택(떡 추가))
469,행복하넹ㅋㅋㅋㅋㅋㅋ,후라이드반＋양념반/1
470,1인이라해서 양이 별로없을줄알았는데 꽤있어 감동받았네효 ㅠ.ㅠ 맛은 두말할것고없죵 배달도 사장님이 직접해주신거같은데 매우 친절하십니당 감사합니당~,양념치킨（1인）/1
471,"배달도 친절하고 , 먹다가 입 데일뻔할 정도로}~ 너무 빨리와서 가게 태이블이소 먹는줗 알앗습니당ㅋㅋ",후라이드（1인）/1(추가／변경 선택(콜라 1.25L로 변경))
472,맛있고 배달도 친절합니다,후라이드（1인）/1
473,옛날맛이에요 맛있어요 양념이 타사에 비해 덜 달아서 좋아요,B세트（후라이드＋양념치킨＋콜라1.25L）/1
474,배달직원분이 너무 친절해요,후라이드（1인）/1
475,바삭하니 넘맛잇게 먹엇답니다~^^,후라이드반＋양념반/1(추가／변경 선택(떡 추가))
476,주문하고 한시간 지나도 도착안해서 전화 했더니 전후 사정 이야기도 없고 출발했다고 하는건 아닌것 같네요...,B세트（후라이드＋양념치킨＋콜라1.25L）/1(추가 선택(떡 추가))
477,두마리 세트 시켰더니 치킨무가 2개 옴! 요기요 할인 받아서 부담이 덜 되서 좋았고 양은 그럭저럭 많았지만 조금 기름기가 있어 단백함은 부족함. 양념은 맛있음.,C세트（후라이드＋간장치킨＋콜라1.25L）/1
478,가족과 맛나게 먹었습니다. 적극추천 엄지척입니다.,양념치킨/1
479,배달해주시는 분도 너무 친절하시고 양념은 역시 페리카나요ㅠㅠ 잘먹었습니다!,양념치킨/1
480,맛도좋고 바삭하니 맛잇게 먹었답니다 ~^^ 배달도 빠르고 친절하였답니다~,"후라이드치킨/1(추가／변경 선택(떡 추가,콜라 1.25L로 변경))"
481,옛날에 먹던 치킨맛이에요 맛남~,B세트（후라이드＋양념치킨＋콜라1.25L）/1
482,요즘 치킨시키면 페리카나 양념만 시킵니다 굿굿~~,"후라이드반＋양념반/1,코카콜라 1.25L/1"
483,진짜 페리카나 양념은 최고에요ㅠㅠ,
484,맛있게 잘먹었습니다 후라이드가 정말 맛있었어요,순살후라이드반＋순살양념반/1
485,언제나맛있음!,마늘치킨（1인）/1
486,"페리카나 10년도 전에 먹어보고 오늘 주문했는데 왼젼 감동 ㅠㅠ 후라이드치킨 너무 맛있어요. 껍질 바삭바삭 주문이 많지 않은 시간대에 주문하긴 했지만 30분도 안걸렸고 치킨먹다 입천장이 디어본적은 첨인데 ㅎㅎㅎ 그정도로 따뜻,바삭,맛있게 먹었습니다",B세트（후라이드＋양념치킨＋콜라1.25L）/1(추가 선택(떡 추가))
487,간만에 먹었는데 맛있고 배달도 빨랐어요~,순살후라이드반＋순살양념반/1
488,잘먹어었습니다...,"후라이드반＋매운후라이드반/1(추가／변경 선택(떡 추가,콜라 1.25L로 변경))"
489,빠르고 친절한 배달과 맛있는 치킨 감사합니다~,B세트（후라이드＋양념치킨＋콜라1.25L）/1
490,맛 양 다 좋고 배달하시는분도 친절하세용 빗속에 배달하느라 고생하셨습니다ㅠㅠ,H세트（양념치킨＋매운후라이드＋콜라 1.25L）/1
491,배달도 빠르고 사장님도 친절하고 진짜진짜 맛있었어요!!!!!!,P세트（매운양념치킨＋마늘치킨＋콜라 1.25L）/1
492,배달도빠르고 바로바로 보내주셔서 감사해요,"후라이드반＋양념반/1(추가／변경 선택(떡 추가,콜라 1.25L로 변경))"
493,윙으로만 주문 가능해서 좋아요~,날개매운후라이드반＋날개매운양념반/1(추가／변경 선택(떡 추가))
494,항상 맛있게 잘먹었습니다,C세트（후라이드＋간장치킨＋콜라1.25L）/1(추가 선택(떡 추가))
495,울조카들이 좋아하는 치킨 ~^^ 양녕치킨도 후라이치킨에떡추가 ^^ 넘맛잇게 잘먹엇답니다~^^♡ 다먹고나니 샷을^^;;; 못찍엇네요^^;;;; 담에또주문하면 찍어야겟어요ㅋㅋ,B세트（후라이드＋양념치킨＋콜라1.25L）/1(추가 선택(떡 추가))
496,후라이드치킨 기름잘빠지고맛있어요,후라이드반＋매운양념반/1
497,너무잘먹었습니닿ㅎㅎ양이 살짝 아쉬웠긴 했지만 그래도 맛있었어요~!,
498,빠르고. 계속시켜먹게돼네요,E세트（후라이드＋떡양념치킨＋콜라1.25L）/1(추가 선택(떡 추가))
499,잘먹었습니다.배달 빨라서 좋네용,후라이드반＋양념반/1(추가／변경 선택(콜라 1.25L로 변경))
500,양념치킨 짱짱맛잇어요,후라이드반＋양념반/1
501,항상 먹는 북가좌 페리카나 맛 있어요,후라이드반＋양념반/1(추가／변경 선택(콜라 1.25L로 변경))
502,빠르고 친절한 배달과 맛있는 치킨 감사합니다!,B세트（후라이드＋양념치킨＋콜라1.25L）/1
503,"배달도 빠르고 친절하셨고요, 치킨도 맛있게 먹었습니다!",J세트（양념치킨＋간장치킨＋콜라 1.25L）/1
504,굿굿~!! 맛잇네여,B세트（후라이드＋양념치킨＋콜라1.25L）/1
505,언제먹어도 맛좋구 아주 만족스럽슴돠,양념반＋마늘반/1(추가／변경 선택(떡 추가))
506,맛도 좋고 배달원도 친절하구 단골입니다 최고~!,후라이드반＋양념반/1
507,맛있어요 잘먹었습니다.,A세트（후라이드＋후라이드＋콜라1.25L）/1
508,맛있게 잘먹었구요 배달도빨라서좋네요,E세트（후라이드＋떡양념치킨＋콜라1.25L）/1(추가 선택(떡 추가))
509,계속시켜먹게돼네요 ㅎㅎ,E세트（후라이드＋떡양념치킨＋콜라1.25L）/1(추가 선택(떡 추가))
510,후라이드 너무 맛있어요 ^o^,C세트（후라이드＋간장치킨＋콜라1.25L）/1
511,오랜만에 먹으니깐 맛있네요~~!,날개후라이드반＋날개매운양념반/1(추가／변경 선택(떡 추가))
512,맛있게 잘 먹었습니다,B세트（후라이드＋양념치킨＋콜라1.25L）/1
513,맛있게 먹었어요. 배달두빠르고요,K세트（양념치킨＋마늘치킨＋콜라 1.25L）/1(추가 선택(떡 추가))
514,항상맛있게 잘먹고있습니다~~,후라이드반＋양념반/1
515,후라이드 진짜 맛있어요!!!,A세트（후라이드＋후라이드＋콜라1.25L）/1
516,후라이드 양념반 시켯는데 확실히 페리카나 치킨이 맛잇네요 배달은 좀늦엇지만 맛은 최고임!!,후라이드반＋양념반/1
517,1인분이있어서 좋아요 다음에 또 시켜먹어야겠어요~,후라이드（1인）/1
518,맛있게 먹었어요~~,C세트（후라이드＋간장치킨＋콜라1.25L）/1
519,맛있게 먹었어요 배달두빠르고요,J세트（양념치킨＋간장치킨＋콜라 1.25L）/1(추가 선택(떡 추가))
520,이번이 두번째인데 역시 맛있어요!,순살후라이드반＋순살매운양념반/1
521,맛있게 먹었어요 옛날그맛이나서요,E세트（후라이드＋떡양념치킨＋콜라1.25L）/1(추가 선택(떡 추가))
522,오랫만에 양념치킨이 먹고 싶었는데.. 어렷을적 먹었던 페리카나 양념치킨이 생각나서 주문했습니다. 어렸을적 먹던 그 맛 그대로였어요!! 대박 맛있네요!! 여러분 당장 주문하세요. ㅋㅋ 배달도 너무 빨라서 좋았습니다~ 다음에 또 주문할께요~,B세트（후라이드＋양념치킨＋콜라1.25L）/1
523,잘먹었습니다. 또이용할게요,"후라이드치킨/1(추가／변경 선택(떡 추가,콜라 1.25L로 변경)),치즈스틱/1"
524,전 순살을 돼게 좋아하는데 양념도 맛있지만 특히 후라이드가 너무 좋았어요. 또치킨이 생각날때 시켜먹고싶은데 그때는 젖가락좀 챙겨주세요ㅠ,순살양념반＋순살매운후라이드반/1
525,맛있어요~^^ 아이도좋아해요~,양념치킨（1인）/1
526,맛나게 맛나게 감사하게 잘이요..,B세트（후라이드＋양념치킨＋콜라1.25L）/1
527,맛있어요~^^ 또 시켜먹을께요~,양념치킨（1인）/1
528,맛잇어용 양념이 진짜 다른데보다 훨씬 맛있어요,B세트（후라이드＋양념치킨＋콜라1.25L）/1
529,배달두빠르고 맛있게먹었어요,B세트（후라이드＋양념치킨＋콜라1.25L）/1(추가 선택(떡 추가))
530,단골이예요~~~^^,"A세트（후라이드＋후라이드＋콜라1.25L）/1,코카콜라 1.25L/1"
531,여기서만 치킨먹지요~^^,"다리 양념치킨/1(추가／변경 선택(콜라 1.25L로 변경)),다리 마늘치킨/1(추가／변경 선택(콜라 1.25L로 변경)),코카콜라 1.25L/1"
532,맛있게 잘 먹었습니다,양념치킨（1인）/1(추가／변경 선택(떡 추가))
533,가격도 싸고 맛도 정말 좋아요,후라이드반＋매운양념반/1(추가／변경 선택(콜라 1.25L로 변경))
534,푸짐하게 맛있게 먹었어요,J세트（양념치킨＋간장치킨＋콜라 1.25L）/1(추가 선택(떡 추가))
535,후라이드가 다 안튀겨진거같은? 부분이 있었어요.. 가격도 천원씩 오르고,후라이드반＋양념반/1(추가／변경 선택(떡 추가))
536,아이들도 완젼 좋아해요. 계속 시켜달라고 조르고 있어요. 항상 잘 먹고 있습니다.,B세트（후라이드＋양념치킨＋콜라1.25L）/1
537,언제나 맛있게 먹는건데 요즘은 바쁜지 좀 배달이늦네요.. 그래도 언제나 맛있어요,B세트（후라이드＋양념치킨＋콜라1.25L）/1
538,맛있어요 ~~~~~~,다리 간장치킨/1
539,맛있어요 ~~~~~~~,"다리 후라이드/1,다리 양념치킨/1,치즈스틱/1,코카콜라 1.25L/1"
540,맛있어요 취향저격 !,후라이드（1인）/1
541,항상 잘 먹고있어요 ~^^~~~~~,"다리후라이드반＋다리양념반/1(추가／변경 선택(콜라 1.25L로 변경)),코카콜라 1.25L/1"
542,항상 맛있어요 ~^^ ~~~~~,B세트（후라이드＋양념치킨＋콜라1.25L）/1
543,치키집은 여기가 쵝오지요~^^,"다리 후라이드/1,치즈스틱/1"
544,깔끔하고 맛있네요~~,B세트（후라이드＋양념치킨＋콜라1.25L）/1
545,너무 맛있어요~^^,다리 후라이드/1
546,튀김옷이 바삭하니 맛있어요...배달도 빠르고 집이 4층인데 웃는 얼굴로 배달해주셔서 정말 감사했답니다...,B세트（후라이드＋양념치킨＋콜라1.25L）/1
547,빨리와서 좋습니다!!,후라이드반＋양념반/1
548,배달도 친절하고 빨리왔지만 맛은 엉망이네요~ 리뷰보고 주문했는데ㅠㅠ. 치킨에 밑간이 하나도 안되있어서 그냥 생닭을 튀긴맛이고 그나마 양념치킨 배고파서 조금먹긴했지만 태어나서 이렇게 맛없는치킨은 처음입니다. 속이 울렁거리네요. 직접전화로 물어봤더니 그럴리없다고만하네요~ 남은치킨들 다 버려야 할 판이에요. 정말 울고싶네~ㅜㅜ,B세트（후라이드＋양념치킨＋콜라1.25L）/1(추가 선택(떡 추가))
549,날개 반 다리 반 18000원인데 8조각 오는 건 원래 양이 이런건가요? 교촌 보다 양 적은데는 첨 보네 ㅡㅡ..,다리＋날개반반（후라이드반＋매운후라이드반）/1(추가／변경 선택(콜라 1.25L로 변경))
550,항상 변함없는 맛이 좋아요 ~^^,"다리 후라이드/1(추가／변경 선택(콜라 1.25L로 변경)),코카콜라 1.25L/1"
551,치킨 맛있고 좋습니다,순살후라이드반＋순살양념반/1(추가／변경 선택(떡 추가))
552,배달하시는 분 너무 친절하시고 치킨도 너무 맛있습니다,다리 매운양념치킨/1(추가／변경 선택(콜라 1.25L로 변경))
553,양도 많고 멋도 좋고 배달도 주말 40분이면 빠른편이네요,G세트（후라이드＋매운양념치킨＋콜라 1.25L）/1
554,항상 굿~~ 매번 시켜먹지만 맛이 변함없어용~,B세트（후라이드＋양념치킨＋콜라1.25L）/1(추가 선택(떡 추가))
555,튀김이 바삭바삭할정도로 빨리옵니다. 달달하고 맛잇어용,양념반＋매운양념반/1(추가／변경 선택(떡 추가))
556,맛도 괜찬구 배달도 빨라서 만족스럽네요,B세트（후라이드＋양념치킨＋콜라1.25L）/1(추가 선택(떡 추가))
557,맛있게 잘먹었어요^^,E세트（후라이드＋떡양념치킨＋콜라1.25L）/1(추가 선택(떡 추가))
558,페리카나는 항상 맛있어요 추억의 치킨이죠~~,후라이드반＋양념반/1
559,배달도 빠르고 변함없는 맛이였습니다,후라이드반＋양념반/1(추가／변경 선택(콜라 1.25L로 변경))
560,굿 굿굿 빠르고 튀김옷 얇아서 구웃,순살후라이드/1
561,배달도 빠르고 양도 푸짐하고 맛도 짱^^,B세트（후라이드＋양념치킨＋콜라1.25L）/1(추가 선택(떡 추가))
562,배달은 예정보다 조금 더 걸렸지만 친절하셔서 좋았고요 순살 바삭하니 맛있어요. 양념은 매운맛이 거의 없어요,순살후라이드반＋순살양념반/1
563,치킨 먹고싶어서 보다가 오랜만에 페리카나 치킨을 북가좌점에서 시켰는데 처음 시킨곳인데도 양도 많고 맛도 좋고 배달까지 빠르니 너무 좋네요!,순살후라이드반＋순살매운양념반/1(추가／변경 선택(콜라 1.25L로 변경))
564,튀김옷 얇고 바삭해서 강추 고기안에 육즙이 잘 잡히고 배달도 친절함 남가좌동인데 일부러 여기서 시킴 ㅈㅅ함... 근데 맛있음 ㅠ ㅠ,순살후라이드/1
565,오랜만에 정말 맛있게 먹었습니다!,후라이드반＋양념반/1(추가／변경 선택(콜라 1.25L로 변경))
566,1인 을 시킬수있어서 너무 좋아요~ ㅎ,양념치킨（1인）/1
567,페리카나 양념은 언제나 추천,후라이드반＋양념반/1(추가／변경 선택(콜라 1.25L로 변경))
568,치킨하면 여기서만~~먹지요~~~,"B세트（후라이드＋양념치킨＋콜라1.25L）/1,코카콜라 1.25L/1"
569,울동네 제일가는 치킨~완전 단골 이예요 ~^^,"다리 후라이드/1,코카콜라 1.25L/2"
570,페리카나 양념은 항상 추천,양념치킨/1(추가／변경 선택(콜라 1.25L로 변경))
571,페리카나 양념은 항상 추천,양념반＋매운후라이드반/1(추가／변경 선택(콜라 1.25L로 변경))
572,항상 맛나요. 이번엔 간장시켰는뎅 맛잇어요. 잘먹었습니당~,J세트（양념치킨＋간장치킨＋콜라 1.25L）/1(추가 선택(떡 추가))
573,배달 시간 정확하셨고 다른 후기와 마찬가지로 치킨이 따끈한 상태여서 더 좋았습니다. 배달해주시는 분도 친절하셨구요. 다음에 또 주문하겠습니다 ^^,
574,맛남,
575,양도 많고 맛있습니다~ 배달해주시는 분도 정말 친절하셔서 또 주문하고 싶네요!!,
576,항상 맛있어요 ^^,"B세트（후라이드＋양념치킨＋콜라1.25L）/1,코카콜라 1.25L/1"
577,맛있어용 배달도 친절하게 해주세요👍👍,"순살양념반＋순살간장반/1(추가／변경 선택(떡 추가,콜라 1.25L로 변경))"
578,완전 맛있어요 ~,"B세트（후라이드＋양념치킨＋콜라1.25L）/1,코카콜라 1.25L/1"
579,맛있어요,
580,맛있어요,
581,맛있어요 ~^^,"K세트（양념치킨＋마늘치킨＋콜라 1.25L）/1(추가 선택(떡 추가)),코카콜라 1.25L/1"
582,천장다디었어요 뜨거워서 .. 음식은역시 천장 다까질정도로 뜨거워야 제맛이죠. 매운양념치킨도 속이쓰릴만틈 매워서 만족했어요. 후라이드는 잡내가 살짝난듯했지만 뜨거워서 만족했습니다.,후라이드반＋매운양념반/1(추가／변경 선택(떡 추가))
583,맛있어요 ~^^,
584,늘 여기서 먹고 있는데 맛있엉노,양념치킨/1(추가／변경 선택(콜라 1.25L로 변경))
585,맛있음 ㅇㅈ,
586,싼가격에 많은 양 실컷 먹었습니다,B세트（후라이드＋양념치킨＋콜라1.25L）/1(추가 선택(떡 추가))
587,맛있어요,
588,맛있어요,
589,정말 리뷰 잘 안쓰는대 너무맛있어서 먹다가 급하게 써요 정말 매장에서 금방튀긴 치킨같아서 놀랏고 맛때문에 두번 놀랏내요 배달하시는 직원분도 너무 친절해서 기분좋게 먹었습니다 자주 애용할거같아요!!,다리후라이드반＋다리양념반/1
590,"양도 많고, 양념도 넉넉하니 맛있어요. 간장치킨은 조금 바삭하지는 않았어요.",양념반＋간장반/1
591,맛있어요,
592,맛있어요~~,
593,너무 맛있었어요,두마리 세트 B（후라이드＋양념치킨＋콜라1.25L）/1
594,1인분주문은 첨인데넘넘 실속있네용 맛있어요 굿굿~!!,1인 메뉴（양념치킨한마리）小/1
595,항상 맛나요. 오늘도 잘먹었습니다♡,두마리 세트 B（후라이드＋양념치킨＋콜라1.25L）/1(떡 추가(떡 추가))
596,와 진짜 바삭하고 닭냄새안하고 맛있어요 후기 많이 안믿는데 4.8은 괜히 4.8이 아니긴하네요 진짜 짱 :) 1인세트인데 양도 넉넉하고 진짜 잘먹었어용 더 잘되시길 !!,1인 메뉴（후라이드한마리）小/1
597,요즘 치킨은 무조건 여기서 먹고 있어요,두마리 세트 B（후라이드＋양념치킨＋콜라1.25L）/1
598,맛있어요 ~^^,
599,잘먹었습니다 후라이드. 양념 담에도 먹어야겠네용 ㅋㅋ,두마리 세트 B（후라이드＋양념치킨＋콜라1.25L）/1
600,맛있네요,
601,"배달어플 이용해서 먹으면 핸디캡 있을 줄 알았는데, 그런것 없이 맛있게 먹었음.",두마리 세트 B（후라이드＋양념치킨＋콜라1.25L）/1
602,맛있어요 ~~,두마리 세트 B（후라이드＋양념치킨＋콜라1.25L）/1
603,오랜만에페리카나먹으면 추억의양념치킨맛이생각나요 달달하고맛있어요 배달하시는 사장님도 친절하셔서 기분이 더좋았네요,1인 메뉴（양념치킨한마리）小/1(떡 추가(떡 추가))
604,주문시 알려준 배달 예정시각에 정확히 도착했어요. 양념치킨 엄지척이요~!!,양념치킨/1
605,맛있어요 ~~,"두마리 세트 B（후라이드＋양념치킨＋콜라1.25L）/1,코카콜라 1.25L/1"
606,간장치킨 존맛,두마리 세트 C（후라이드＋간장치킨＋콜라1.25L）/1
607,맛있어요 ~^^,두마리 세트 B（후라이드＋양념치킨＋콜라1.25L）/1
608,단골맛집~~,두마리 세트 B（후라이드＋양념치킨＋콜라1.25L）/1
609,맛있게 먹었어요,"두마리 세트 B（후라이드＋양념치킨＋콜라1.25L）/1,코카콜라 1.25L/1"
610,믿고먹는집~,두마리 세트 B（후라이드＋양념치킨＋콜라1.25L）/1
611,맛있고 양도 착하고 빠릅니다,
612,키친 1일분있어서 좋았고 아이가 너무 맛있다고 한 자리에서 뚝딱 해 버렸어요~1.5리터 콜라도 가격이 저렴하고 좋았어요,"1인 메뉴（양념치킨한마리）小/1,코카콜라 1.25L/1"
613,양도 푸짐하고 맛있어서 종종 시켜먹어요.,양념치킨/1
614,언제나 항상 맛있어요~~ 페리카나 짱!,1인 메뉴（양념치킨한마리）小/1
615,양도 많고 먹음직스럽게 만들어서 배달해주셨어요. 페리카나는 양이 푸짐해서 좋아요.,양념치킨/1
616,맛있게 잘 먹었습니다.,두마리 세트 B（후라이드＋양념치킨＋콜라1.25L）/1
617,맛있네요,
618,1인분이 있어서 너무좋아요~^^ 배달도 빠르구요~ 배달해주시는분도 친절해서 좋아요~,
619,"닭도 크고, 바로 튀겨와서 바삭하니 맛있어요. 쿠폰 10장 모으면 한마리 서비스도 하네요.",양념치킨/1
620,맛남~~,
621,배달이 빨리와서 넘좋아요ㅎ 그리고 배달해주시는분도 친절하세요~ 1인분 자리가 있어서 양도 적당하고 좋아요~,
622,1인메뉴도 있고 무엇보다 배달아저씨 친절하셔서 좋아요👍,
623,역시 페리카나 양념은최고네요. 요청사항도꼼꼼히 확인잘해주시고 배달도 굉장히 친절하시네요 사장님!! 또 주문할게요,양념치킨/1
624,맛있어용,
625,맛있어요,
626,페리카나 얌념짱ㅜㅜ떡도 넘나맛있고 살도 통통 조아여ㅜㅜ,양념치킨/1(떡 추가(떡 추가))
627,배달아저씨 넘 친절하고 역시 치킨 짱ㅜㅜ,"양념치킨/1(떡 추가(떡 추가)),코카콜라 1.25L/1"
628,처음 시켜먹는데 여기 완전 맛나요. 배달도 빠르고완전추천!!!가족들이랑 그자리에서 안남기고 다 먹엇어요 ㅋ자주 애용할게요!!!,두마리 세트 E（후라이드＋떡양념치킨＋콜라1.25L）/1
629,진짜 예전에 통통히 먹던 그 맛이네요 추천!,
630,치킨도맛있고 1인메뉴가 있어서 좋아요^^ 배달도 친절하게해주시고 감사합니다.^^,1인 메뉴（양념치킨한마리）小/1
