﻿,리뷰,메뉴
0,맛있게 잘먹었습니다.,"굽네 볼케이노/1,각무 추가/2,추가-마그마소스/3,쌀떡볶이/1,굽네 구운계란 2개 추가/1"
1,마시써요~~~~~~~,굽네 볼케이노 윙/1
2,웬만하면 리뷰안쓰는데 넘 맛있었어요 ! 앞으로 굽네는 여기서만 먹을거같아용,"굽네 고추 바사삭 순살/1,추가-마그마소스/2"
3,너무 맛잇는데 저는 좀 맵네요,굽네 볼케이노＋쌀떡볶이/1
4,치즈 올리고 전자렌지에 1분정도 돌리면 꿀! 중간에 덜녹은거는 온기때문에 알아서 녹음 ㅇㅇ 존맛탱,"굽네 스윗 볼케이노 순살/1,모짜렐라치즈/1"
5,지인짜 바삭하고 맛잇어요.수색점짱,굽네 고추 바사삭/1
6,할인 제일 많이해서 자주 먹습니단,갈비천왕치킨＋볼케이노피자/1
7,맛도 좋고 배달도 좋아요^^,두마리）오리지널＋갈비천왕/1
8,양도충분하고 넘 맛있게 먹었어요,굽네 마라 볼케이노 통다리/1
9,항상 맛있게 잘 먹고 있어요~,반반A）오리지널 반＋볼케이노 반/1
10,양도괜찮고 맛있게먹었습니다 혼치킨,반반B순살）오리지널 반＋갈비천왕 반/1
11,맛있어요 마라향이 나면서 뒤에 오는 매운맛좋네요,굽네 마라 볼케이노/1
12,맛나게 잘먹었습니더 피자는 빵이 너무 두껍.....,오리지널＋허니멜로 피자/1
13,고추바사삭이 이렇게 맛있는지 몰랐어여 신선해서 육즙이 뚝뚝 흐름... 굽네는 이 지점이 최곤듯 해여 배달기사분도 친절하시구 최고에여..,굽네 고추 바사삭 순살/1
14,언제나 굿 입니다.,"굽네 고추 바사삭/1,마블링 소스 추가/1"
15,굽네 스윗볼케이노 역시 맛있어요 빨리 배달해 주셔서 따뜻하게 잘 먹었습니다^^,굽네 스윗 볼케이노/1
16,양도많고 볼케이노라 맵고 스트레스 풀엇어여 기사님도 친절하셔서 기분 더 좋앗네요,굽네 볼케이노 통다리＋쌀떡볶이/1
17,빨리 도착해서 좋음,굽네 갈비천왕/1
18,이사가서고 맛있게 잘 시켜먹고있습니다,굽네 볼케이노 순살/1
19,배달👍👍 양도 푸짐👍👍 맛은 최고👍👍👍 첫 주문인데 완전 만족하고 맛있게 먹었어요 !!,"굽네 볼케이노 윙/1,굽네 케이준 감자¸/1"
20,역시 굽네는 고추바사삭이 진리!!,굽네 고추 바사삭/1
21,맛나요 담에 또 먹을게요,굽네 고추 바사삭 순살/1
22,고추바사삭 첨먹어봤는데 맛나요 소스가 최고에요,"굽네 고추 바사삭/1,배달생맥주 1000ml¸/2"
23,빨리와서잘먹엇습니다,"굽네 마라 볼케이노/1,굽네 갈비천왕/1"
24,바삭하게 잘 구워주심 너무 맛있고 다음에 또시킬 예정,굽네 고추 바사삭 순살/1
25,바삭하게 잘먹었어요~~~,"굽네 고추 바사삭/1,달콤 소스 추가/1"
26,맛있어용 ~,"굽네 오리지널/2,사이즈업 콜라 1.25 L ¸/1"
27,고추바사삭 맛잇어요,굽네 고추 바사삭 순살/1
28,피클 추가해서 치킨이랑 같이 먹으니까 더 좋네요 ^-^,"굽네 볼케이노/1,추가-마그마소스/1,피클/2"
29,배달 친절히 해주셔서 감사드려용ㅋㅋㅋㅋ 요청사항 잘지켜주셔서도 감사하구용ㅋㅋㅋ,굽네 오리지널/1
30,배달기사분 너무 친절하시고 예전동네는 계란 안들어있었는데 오랜만에 계란도 넣어주시니 좋네요 소스넉넉하고 좋아요,반반D윙）오리지널 반＋허니멜로 반/1
31,배달 엄청빠르고 뜨거울때 먹었어요 양은 좀 적지만 엉청 맛있어요,굽네 오리지널/1
32,양념이 좀 쎈것같아요. 하지만 맛있게 먹었어요.,굽네 고추 바사삭/1
33,구드드드드드드드드ㅡ듣ㄷ,"굽네 고추 바사삭/1,추가-마그마소스/1"
34,맛있고 배달도 빨랐어요ㅎㅎ,굽네 고추 바사삭/1
35,맛있습니다~ 볼케이노 순살은 진리,반반A순살）오리지널 반＋볼케이노 반/1
36,크ㅠㅠ완전마싯어요ㅠㅠ또 시켜먹을게요!,굽네 고추 바사삭 순살/1
37,역시 굽네 볼케👍👍👍,굽네 볼케이노 순살/1
38,제가 주문한건 사이다였는데 콜라가왔네요ㅎㅎ 다음엔 확인부탁드립니다,"굽네 갈비천왕/1,사이즈업-사이다（스프라이트）¸/1"
39,넘넘맛잇게잘먹었습니닷,두마리）오리지널＋볼케이노/1
40,감사합니다 잘먹었어요 !,"두마리）오리지널＋볼케이노/1,매콤치즈소떡소떡/1"
41,잘 먹었습니다.ㅎ.,굽네 고추 바사삭/1
42,잘먹었습니다 ㅎㅎㅎㅎ,굽네 고추 바사삭 순살/1
43,굽네굽네 굽굽네네네 맛나여 갈비천왕 존맛 인생치킨 등극~!,"굽네 갈비천왕 순살/1,굽네 볼케이노 순살＋모짜렐라 치즈/1,각무 추가/2,마블링 소스 추가/2,왕중왕 소스 추가/2,피클/2,사이즈업 콜라 1.25 L ¸/1"
44,잘목었습니다 감사합니다,갈비천왕 피자/1
45,맛잇쩌염 배송빨라요 근데 양념이 좀 부족하게 느껴집니다ㅠ 치밥은 포기ㅜ,굽네 볼케이노/1
46,방금 고추바사삭 순살 주문해서 먹는 중인데 치킨이 살짝 덜 익은 것 처럼 붉은 살이 보이네요 ㅠ 맛은 있는데 많이 찝찝해서 올립니당.. 먹던 도중에 발견한거라 더 그렇네요..,"굽네 고추 바사삭 순살/1,사이즈업 콜라 1.25 L ¸/1"
47,너무배고파서 먹고 사진찍었어욬ㅋㅋㅋ 존맛,굽네 고추 바사삭 순살/1
48,맛있어요 먹다가 찍어서 좀 비었네요,"굽네 고추 바사삭 순살/1,각무 추가/1,마블링 소스 추가/1,고블링 소스 추가/1,코카 콜라 500ml/1"
49,정말 맛나요 지금 또 먹고 싶네용,굽네 볼케이노/1
50,좋아요 좋아요 좋아요 좋아요 좋아요,오리지널＋갈비천왕 피자/1
51,맛있어서 먹다 찍었네요 ㅋ,"갈비천왕치킨＋허니멜로 피자/1,굽네 케이준 감자¸/1,사이즈업-사이다（스프라이트）¸/1"
52,좋아요 굿굿 잘 왔어요 따뜻했어요,허니멜로 피자/1
53,맛있게 잘먹었습니다.,오리지널＋허니멜로 피자/1
54,치킨도 맛있는데 피자까지 맛있는 굽네,허니멜로 피자/1
55,치킨도 맛있는데 피자까지 맛있는 굽네,갈비천왕 피자/1
56,갈비맛 처음인데 아주좋았어요 근데 같이 딸려오는 소스는 설탕넣은 불고기맛이라는게 함정. 결국 너무 달아서 소스없이 먹었네요 없어도 갈비맛 잘 납니다 환갑넘으신 부모님들도 부담없이 잘 드셨습니다 나중에 생각나면 충분히 재구매 의사있어요!,두마리）오리지널＋갈비천왕/1
57,맛있게ㅣ자럭었습니다,갈비천왕 피자/1
58,사진 지워져서 인스타올린거 써먹네요 맛있어욬ㅋㅋㅋㅋㅋㅋㅋㅋㅋㅋㅋㅋㅋㅋ,오리지널＋갈비천왕 피자/1
59,달달하니 맛있네요~,허니멜로 피자/1
60,Gooooooood,"갈비천왕 피자/1,볼케이노 피자/1,굽네 폭립/1,사이즈업 콜라 1.25 L ¸/1"
61,피자는 저한텐 색다른 맛이었고 갈비치킨이 맛있네요~ 요청 사항도 잘들어 주시고 친절햇습니다 배달도 엄청 빠르고요~! 전단지 3장 얼릉 모아서 감튀 받아야겟음요 ㅎ,갈비천왕치킨＋허니멜로 피자/1
62,밤늦은시간에도 배달해주셨어요 감사합니다,굽네 오리지널/1
63,맛있게 잘먹었습니다 근데 도우가 너무 두꺼워요...,갈비천왕 피자/1
64,양이 작긴했지만 맛나게 잘먹었어요~~,반반C윙）볼케이노 반＋갈비천왕 반/1
65,역시 고추바사삭 순살 최고ㅎㅎ,굽네 고추 바사삭 순살/1
66,잘먹었습니다~~~~,굽네 오리지널/1
67,빠른 배달 감사해용 번창하세요!,"굽네 오리지널 순살/1,추가-마그마소스/1"
68,너무너무맛있게 먹었습니다 두꺼운피자를조아하는데 너무좋았습니다,허니멜로 피자/1
69,단골 대우를 이렇게 해주시네요 작고 딱딱한 조각들만 집어서 보내주신건지 입천장 다 까지겠어요 어떻게 전화로 시킨것과 배달대행으로 시킨 게 퀄리티 차이가 이렇게 심할 수 있나요? 다시는 안 시킬것같네요,굽네 볼케이노 순살/1
70,소스가 매콤한게 아니라 씁쓸해요 볼케이노치킨 자주 먹는데 그맛이 아니에요 파인애플 덩어리 너무 싫어요ㅠㅠ 이건 갠취 빵이 베이킹 초보자가 실수한듯 딱딱하네용 할인받아 먹는데도 짜증났어요 치즈도 없네욬ㅋㅋㅋㅋㅋㅋㅋ 거의 안느껴져요 날더운데 따뜻히 가져다 주셔서 감사해요 굽네본사가 욕심히 앞섰나봐요 레시피가 똥이니 별수 없겟죵 이제 치킨만 먹고 모험은 이걸로 됬어용ㅠㅠ,볼케이노 피자/1
71,새로 나온 피자 맛있네요,고추바사삭＋허니멜로 피자/1
72,맛있어요~양은 그냥 미디움사이즈 정도예요~맛은 정말 갈비천왕맛이요 ㅋ,갈비천왕 피자/1
73,볼케이노 피자 맵고 맛있어요 별로 안매우면 핫소스 뿌려먹을라 했는데 필요없어요 ㅋㅋ 그리고 심지어 도우도 맛있네요 수색증산점은❤ 볼케이노 치킨도 맛있고 피자도 맛있어요,"볼케이노 피자/1,피클/1,갈릭디핑 소스/1,핫소스/5"
74,맛있게 잘 먹었어요~,굽네 볼케이노 순살/1
75,맛있게 먹었어요 감사합니다,갈비천왕 피자/1
76,소떡 맛있어요 닭에서 비린내나요ㅠ... 저는 그래도 먹었는데 엄마는 한입 먹고 안 드셨어요..,"반반B다리）오리지널 반＋갈비천왕 반/1,매콤치즈소떡소떡/2"
77,매콤달달하니 맛이좋아요,굽네 핫 갈비천왕 순살/1
78,맛있고 배달도 빨랐어요,굽네 볼케이노/1
79,양은 적었지만 맛있었어요 아이가 잘 먹네요,굽네 갈비천왕 순살/1
80,고추바사삭은 언제 먹어도 진리에요! 짱짱,굽네 고추 바사삭/1
81,이틀만에 재주문했는데 30분뒤에 품절이라고 하시면.. 그동안 기다린 시간은 머가 되나요.. 품절이 날수는 있지만 그럼 바로 연락주셔야 안기다리죠..,굽네 갈비천왕/1
82,맨날 시켜요 배달도 빠르고 존맛!,굽네 고추 바사삭 순살/1
83,사진을 못찍었으마 이 집 치킨은 그냥 믿고 막어도 됩니다 맛 양 배달속도 등등 높은 점수 드립니다,굽네 마라 볼케이노/1
84,항상 잘 시켜먹고 있습니다!,굽네 오리지널/1
85,언제나 맛있습니다..,두마리）볼케이노＋갈비천왕/1
86,행사때 주문한거였는데도 배달 빠르고 배달 해주신 분이 사장님이신지 너무 친절하셨어요 감사합니다!!,"굽네 고추 바사삭 순살/1,굽네 웨지 감자¸¸¸/1,굽네 구운계란 2개 추가/1"
87,배달도 빨리와주셔서 좋았구요 맛있어요!!,굽네 볼케이노 순살/1
88,"마라볼케이노는 볼케이노 소스 안준대요. 다른 지점은 주던대,, 근데 맛은 여기가 훨씬 맛있어요 배달도 빠르구여",굽네 마라 볼케이노/1
89,일단 볼케이노 맛있구여^-^ 빨간 프라스틱 용기에 담아주는걸로 바뀐거 넘 맘에 들어요 깔끔해보이고 좋아용 ㅎ,굽네 볼케이노/1
90,감사합니다욯ㅎㅎㅎㅎㅎㅎ,"굽네 갈비천왕 순살/1,배달생맥주 1000ml¸/1"
91,정말 맛나요 번창하세요,굽네 볼케이노 순살/1
92,잘 먹었습니다 굽네는 순살이 더 좋아요,굽네 볼케이노 순살＋모짜렐라 치즈/1
93,잘먹었습니다~~~~,굽네 고추 바사삭/1
94,배달 오자마자 순삭 시켜버려따...👍,두마리）볼케이노＋갈비천왕/1
95,갈비천왕 더 맛나진듯요,굽네 갈비천왕/1
96,맛있었음~~ 배달도 빨랏음,굽네 고추 바사삭/1
97,맛있었습니다. 오랜만에 먹으니 더 맛있어서 완전 흡입ㅎㅎㅎ,"굽네 고추 바사삭/1,굽네 구운계란 3개 추가/1,갈릭디핑 소스/2,코카 콜라 500ml/1"
98,맛잇게 먹었습니다~,굽네 갈비천왕 순살/1
99,맛이정말좋습니다아아,"굽네 볼케이노 순살/1,추가-마그마소스/1"
100,고추바사삭 핵맛탱👍👍,"굽네 고추 바사삭/1,사이즈업 콜라 1.25 L ¸/1"
101,아주 맛있게 잘 먹었습니다,굽네 고추 바사삭/1
102,맛있게 잘 먹었어요,굽네 갈비천왕/1
103,행사할때여서 그런지 뼈부위가 많아서 먹을게 별로 없었어요. 앞으론 신경써주세요.,굽네 갈비천왕/1
104,피자는 영 아니네요. 17000원 내고 먹긴 에바같아요. 갈릭소스도 안왔어요. 여러분은 치킨드세요....,볼케이노 피자/1
105,맛있게 잘 먹었습니다 감사합니다,굽네 고추 바사삭 순살/1
106,역시 너무 맛있네요 늦은시간에도 빨리 배달해주셔서 너무 감사합니다^^,굽네 갈비천왕/1
107,초복에 2시간걸려서 배달왔네요~ 맛은 걍 ....,굽네 갈비천왕/1
108,기본 맛은 좋은데 소스가 별로.. 배달은 예상시간에 정확하게 도착,굽네 고추 바사삭/1
109,갈비천왕 역시 단짠단짠 매력적인 맛,굽네 갈비천왕/1
110,맛있습니다 ~~~~~,굽네 오리지널/1
111,배송빠르고 맛있어요~,"굽네 핫 갈비천왕 순살/1,햇반 추가（쌀:국내산）¸/1,매콤치즈소떡소떡/1"
112,모든게 좋았네요 ㅎㅎ,굽네 갈비천왕/1
113,다른 굽네지점은 그냥 종이박스에 보내줬다는데 여기는 일회용플라스틱그릇에 담아주었네요,굽네 갈비천왕 통다리/1
114,고추바사삭이 없어서 시켜봤는데 치즈때문에 렌지 돌리고 나니 별로더라고요. 치즈없이 없는게 나을 것 같아요.,"굽네 볼케이노 순살＋쌀떡볶이/1,모짜렐라치즈/1"
115,쿠폰대란때 다른데서 주문했다가 양도 적고 음식도 식고 별로라 초복도 넘어가려고 했는데 치킨 땡겨서 주문했어요 평소 주문할때랑 양도 같고 따끈하게 배달해주셔서 불금에 퇴근하고 치맥 잘 했습니다~!! 혼자먹기는 많아서 남았는데 소스가 넉넉해서 낼 밥 볶아먹으려고 손질해놨네요ㅎㅎ,굽네 갈비천왕/1
116,초복에는 치킨시켜먹기가 힘드네요,굽네 갈비천왕/1
117,배달 빨라서 좋았습니다 양도 많았어요,굽네 고추 바사삭/1
118,배달이느려서 실망이네요 ㅜ,굽네 볼케이노 순살/1
119,고추바사삭 처음 먹어봤는데 맛있어요,굽네 고추 바사삭/1
120,첨엔 바삭했는데 먹을수록 눅눅한 느낌이 좀 있어서 아쉬웠어요~ 그래도 잘 먹었어요~,굽네 고추 바사삭 순살/1
121,맛있어요 배달빠르고,"두마리）오리지널＋볼케이노/1,쌀떡볶이/1"
122,정말로최고의맛입니다,굽네 볼케이노 순살/1
123,식으면 아아아주 약간 닭냄새가 나지만 촉촉하고 양도 많고 너무너무 맛있엇어용!! 번창하세요,굽네 고추 바사삭/1
124,너무 맛있어요 소스가 쫌 부쥭해요,굽네 고추 바사삭 순살/1
125,존 맛 탱 고 추 바 사 삭,굽네 고추 바사삭 순살/1
126,"치킨은 말할필요 없이 맛나고 , 피자 처음먹어봤는데 맛있습니다 도우가 담백해요~ 고구마는 달달하고","허니멜로 피자/1,굽네 스윗 볼케이노 순살/1,피클/1,스프라이트 355ml/1"
127,맛은있었는데 닭이 살이 좀 없더라구요ㅠㅠ 이부분 빼고는 다 괜찮았어요~~감사합니다!,반반A다리）오리지널 반＋볼케이노 반/1
128,딸랑구들을 위해~~오늘도 ㅋㅋ 매일 매일 먹고 싶다하네요~~ㅜ 저 꼬꼬 알은 엄마가 호로록 했네요~~,"굽네 허니멜로/1,사이즈업 콜라 1.25 L ¸/1"
129,매운데맛있어요 그냥먹으면맛이덜하니 마그마소스꾹~~찍어드셔요 소스조아요 입술이퉁퉁부었어요 ㅎㅎ,굽네 볼케이노/1
130,겉은 바삭 속은 촉촉하게 잘되서 맛잇게먹엇습니다,"굽네 고추 바사삭 순살/1,사이즈업 콜라 1.25 L ¸/1"
131,믿고먹는 굽네 고추바사삭ㅠㅠㅠ 배달해주시는 분도 친절하시고 좋았어요><,굽네 고추 바사삭/1
132,맛은 괜찮은데 양이 너무 적어요,굽네 갈비천왕/1
133,맛있다... 진짜 ㅜㅜㅜㅜㅜㅜ 흑흑,"굽네 스윗 볼케이노 순살/1,갈릭디핑 소스/1"
134,볼케이노역시맛있고요 배달도빨라서좋았습니다,굽네 볼케이노/1
135,맛잇게 먹엇습니다.,"굽네 볼케이노 순살/1,추가-마그마소스/1"
136,끄어어어어어어어오오오엌,"굽네 오리지널 통다리/1,매콤 소스 추가/1,추가-스윗마그마소스/1"
137,"굽네고추바사삭 순살 구성: 코카콜라245ml, 소스 x 2 , 치킨무.계란 기타: 식감이 바삭바삭 , 속은 쫄깃쫄깃 다른굽네 매장보다 조금 더 치킨양이 많은거 같음. 조금 더 골고루 바삭하게 하면 식감이 좋을꺼 같음.",굽네 고추 바사삭 순살/1
138,"양은 솔직히 적다, 근데 맛은 최고임!!! 또 먹고싶다",굽네 핫 갈비천왕 순살/1
139,언제나 너무 맛있어요,굽네 볼케이노 순살/1
140,믿고먹는 갈비천왕..,굽네 갈비천왕 순살/1
141,ㄲㅋㅋㅋㅋㅋㅋㅋㅋㅋㅋ,굽네 고추 바사삭/1
142,역시 맛나요. 수색 증산점 최고입니다,굽네 오리지널/1
143,굽네는 볼케이노가 맛있습니다.,굽네 볼케이노 순살/1
144,맛있어요. 배달도 빨라요.,두마리）오리지널＋갈비천왕/1
145,역시 증산점이 최고입니다 같은 체인인데 다른곳 시켰다가 깜작 놀랜적이 있어요 맛이 너무 달라서요 증산점이 남다르게 맛있네요,굽네 고추 바사삭/1
146,새로운맛으로 새로운즐거움,"굽네 양념 치킨 순살/1,반반B다리）오리지널 반＋갈비천왕 반/1"
147,ㅏㄴ긐ㄷㄱ적드긴ㄱㄴ,"굽네 갈비천왕 순살/1,사이즈업 콜라 1.25 L ¸/1"
148,친절하시고 맛있습니다,반반A）오리지널 반＋볼케이노 반/1
149,계란이 없어서 아쉽네요,굽네 고추 바사삭/1
150,다음엔 볼케이노로 먹어보고 싶어요,굽네 고추 바사삭/1
151,양도 많고 배달도 빨라용 맛있어요,굽네 오리지널/1
152,맛있어요!! 불닭발 맵지만 맛있습니다,굽네 불닭발¸¸/1
153,오랜만에 먹은 볼케이노 역시 맛있습니다.,굽네 볼케이노 순살/1
154,간만에 먹었는데 맛있게 잘 먹었습니다.,굽네 고추 바사삭 순살/1
155,맛있게 잘먹었습니당 맛있어서 그런가 양은 조금 작은느낌이ㅋ,반반A）오리지널 반＋볼케이노 반/1
156,일주일에 한번은 먹는 치킨~~요번주에는 딸아이가 음청 좋아하는 굽네 허니멜로~~맛 최고 배달 최고~~다음주에 또 주문합니다.,"굽네 허니멜로/1,사이즈업 콜라 1.25 L ¸/1"
157,맛있어요~~~~맛있어요~~~~맛있어요~~~~,굽네 갈비천왕 순살/1
158,맛잇어요 코카콜라 ㅋㅋ,굽네 고추 바사삭 윙/1
159,괜찮아요,반반A）오리지널 반＋볼케이노 반/1
160,고추바사삭 jmt 왤케 맛있게 잘해주시는거죠 또 시켜야돼ㅠㅠ,굽네 고추 바사삭/1
161,핵꾸우우우우울맛♥️♥️♥️,굽네 스윗 볼케이노/1
162,역시 굽네치킨 오리지널 존맛탱,굽네 오리지널/1
163,이제보고 올리네요 그래서사진은 없지만 갈비천왕 치킨 아이가 밥한공기 뚝딱했네요,굽네 갈비천왕/1
164,고추 바사삭이 젤 맛나네요. 언제 먹어도 질리지 않아요.,"굽네 고추 바사삭 순살/1,굽네 케이준 감자¸/1"
165,처음 먹어보는데 맛있네요!,굽네 고추 바사삭/1
166,갈비천왕 피자도 치킨도 정말 맛ㅇㅆ어요,굽네 갈비천왕/1
167,굽네는 순살이 좋음,굽네 고추 바사삭 순살/1
168,솔직히 가격대비 양이 좀 아쉽게 느껴지지만 맛만큼은 확실한것같음. 부담이 되지만 맛있게 먹고 싶을때 한번씩 시켜먹는것도 나쁘지않은것같음,"반반C순살）볼케이노 반＋갈비천왕 반/1,햇반 추가（쌀:국내산）¸/1,쌀떡볶이/1"
169,진짜 치밥 개쩔어요 여러분 이건 진짜 갈비인가 치킨인가 수0왕갈비 죄송해료 진짜 굽네갈비천왕 너무좋아요 핵존맛 꼭 치밥드세요,"굽네 갈비천왕 순살/1,햇반 추가（쌀:국내산）¸/1"
170,양도 많고 진짜 기름기 적당ㅎ 빠져서 잘 배달왓네요,"굽네 오리지널/1,굽네 웨지 감자¸¸¸/1"
171,맛나요ㅡ매운맛도조으다,"굽네 볼케이노＋쌀떡볶이/1,사이즈업 콜라 1.25 L ¸/1"
172,큰딸아이가 너~~무 좋아하는 치킨 세상에서 젤~~맛있다구 하네요~~ㅋㅋ 굽네 허니멜로~~맛있게 잘 먹었네요~~^^,"굽네 허니멜로/1,사이즈업 콜라 1.25 L ¸/1"
173,닭이 좀 작았지만 맛있었습니당,굽네 고추 바사삭/1
174,맛나요........,굽네 스윗 볼케이노/1
175,good,굽네 볼케이노 순살/1
176,갈비천왕은 너무 달기만해서 심심 했는데 핫갈지 딱 내수타일,굽네 핫 갈비천왕/1
177,깔끔하고 담백하고 맛있어요,굽네 오리지널 순살/1
178,굽네 지점마다 조금씩 차이는 있겠지만 왠만하면 거의 맛있는것같아요. 증산점은 저한테는 개인적으로 맛에서 완벽해요. 너무너무 맛있어요.^^ 배달해주신분이 사장님같으신데 친절하시구요~ 자주 시켜먹을께요~번창하세요~~,굽네 볼케이노/1
179,순살 반반 시켸 먹었는데 맛있습니다 대박~~^* 입니다,반반A순살）오리지널 반＋볼케이노 반/1
180,이벤인데도 평소보다 빨리 와 주셨네요,굽네 갈비천왕 순살/1
181,맛있어여 잘먹었음다~~,굽네 볼케이노/1
182,맛있게 먹었습니다. 처음 먹어봤어요.,굽네 고추 바사삭/1
183,항상 너무 맛있게 먹어요ㅠㅠ,굽네 고추 바사삭 윙/1
184,마시쪄얀 ㅎㅎㅎㅎㅎㅎ,굽네 스윗 볼케이노 윙/1
185,마시쩌영ㅎㅎㅎㅎㅎㅎㅎ,굽네 스윗 볼케이노 윙/1
186,굽네는 무조건 수색증산점에서!!,굽네 고추 바사삭 윙/1
187,배달도 빠르고 역시 좋네요,굽네 고추 바사삭/1
188,맛있어요!근데 물렁뼈가 너무 많았어요ㅜ,굽네 고추 바사삭/1
189,지점마다 맛차이가 좀 있는데 증산점은 맛있어요,굽네 고추 바사삭 윙/1
190,또 시켰는데 처음 먹은것처럼 똑같이 jmt 요새먹은것중 제일 마있었다 ㅠㅠ 이젠 무조건 순살로 볼케이노도 추천 모짜렐라도 좋아하시면 추천,굽네 볼케이노 순살＋모짜렐라 치즈/1
191,너무 맛있게 잘해주셔서 내일 또 시킬거라고 다짐,굽네 볼케이노 순살＋모짜렐라 치즈/1
192,볼케이노 맛있어요 굽네치킨이 젤 맛있는것 같아요,"반반A）오리지널 반＋볼케이노 반/1,배달생맥주2000ml/1"
193,ㅋㅋㅋ웨지감자 맛있어요!!!!,"굽네 오리지널/1,굽네 웨지 감자¸¸¸/1,굽네 구운계란 3개 추가/1,코카 콜라 500ml/1"
194,"까다로운 중2아들이 엄지척을 한 치킨이라면 더 설명할 필요 있을까요? 정말 맛있고, 무엇보다 빨리 배달해 주셔서 감사합니다! 한창 식욕이 왕성한 아들이라 다음에는 두마리씩 주문해 달라네요ㅎㅎ","굽네 갈비천왕/1,사이즈업-사이다（스프라이트）¸/1"
195,고추바사삭최고~~~,굽네 고추 바사삭 윙/1
196,친절하심,굽네 고추 바사삭/1
197,역시 고추바사삭 ~~맛있어요,
198,너무 맛있게 잘 먹었어요!!,굽네 허니멜로 순살/1
199,맛도 있고 배달 빨라서 좋아요. 근데 양이 더 많음 좋겠어요...ㅎ 순살이라 그런가 양이 엄청 적더라구요. ㅜ,"굽네 갈비천왕 순살/1,사이즈업-사이다（스프라이트）¸/1"
200,배달도 빠르고 맛도좋아요~ 다음에는 갈비맛으로 먹어봐야겠네요,반반A）오리지널 반＋볼케이노 반/1
201,맛있네요 잘먹엇어요,"굽네 오리지널 순살/1,굽네 볼케이노 순살/1,배달생맥주2000ml/1,처음처럼/1"
202,역시 치킨은 다리♡,굽네 갈비천왕 통다리/1
203,배달은 느렸지만 맛있엇어욥,"굽네 고추 바사삭/1,추가-마그마소스/1"
204,"배달도 빠른편, 친절하시고 맛도좋아서 기분좋게 먹었어요^^","굽네 허니멜로/1,각무 추가/1"
205,감자튀김 많긴한데.. 약간 딱딱한것두잇아욤 맛은 괜찮아요!,"굽네 허니멜로 통다리/1,굽네 케이준 감자¸/1,코카 콜라 500ml/1"
206,맛잇어요 역시 굼네,굽네 오리지널/1
207,근처 굽네중에 치킨 살이 제일 맛있어요 촉촉한데 겉은 바삭하고 한번도 실망한적이 없는 집이에요,
208,첫주문이었는데 완전맛있게 잘먹었어요~~~^^,"굽네 고추 바사삭 윙/1,굽네 케이준 감자¸/1"
209,마싯어요 단짠단짠하게,"굽네 갈비천왕/1,굽네 구운계란 3개 추가/1,햇반 추가（쌀:국내산）¸/1,왕중왕 소스 추가/1"
210,맛있었어요♡*'^'*♡,"굽네 고추 바사삭/1,코카 콜라 245ml/1"
211,수색점은 빨간플라스틱에 안담아주시나봐요 ㅠㅠ 종이가 눅눅해져서 ㅠㅠ 아쉽네요,"굽네 볼케이노 윙/1,코카 콜라 500ml/1"
212,뻑살 왜이리 많죠,굽네 고추 바사삭/1
213,치킨은 역시 굽네치킨!,반반A）오리지널 반＋볼케이노 반/1
214,정말 맛있어요^^~~~,굽네 딥치즈/1
215,맛있어요 :) ~ 배달도 빠르고,굽네 오리지널/1
216,담백하고 맛있어요~~,굽네 고추 바사삭/1
217,"배달속도, 맛 비교적 괜찮았어요","반반B）오리지널 반＋갈비천왕 반/1,딥치즈＋케이준 감자/1,달콤 소스 추가/1"
218,맛잇고 배달 빨라요,굽네 고추 바사삭/1
219,보장된 맛과 서비스까지 시킬때마다 맛있게먹고 있습니다. 감사합니다^^,굽네 고추 바사삭 순살/1
220,자세히 구분이 어렵지만 맛있어요.,굽네 핫 갈비천왕/1
221,항상맛잇어요ㅡ고추바사삭순살이요ㅡ 근데ㅡ순살주문은없네요ㅠ 왜일까요? 다른거로해서ㅡ추가금액지불하고ㅡ주문햇는데 불편하네요ㅠ,굽네 고추 바사삭 윙/1
222,사진을 못찍었네요.. 사장님 너무너무 친절하시고 진짜맛있게 잘먹었습니다ㅎ,"굽네 볼케이노 순살＋모짜렐라 치즈/1,모짜렐라치즈/2,사이즈업 콜라 1.25 L ¸/1"
223,맛있어유 근데 좀 식어서 왔어유 ㅠ,굽네 볼케이노 순살/1
224,좋았어요.서비스도 좋구요.ㅎㅎ,굽네 스윗 볼케이노/2
225,배달 빠르게 와서 좋고요 맛도 좋고 서비스도 정말 좋아요. 사징님 짱 !!*,굽네 허니멜로/1
226,굽네는 사랑이죠 너무맛있었습니다 또시킬게용,"굽네 오리지널/1,추가-마그마소스/2,배달병맥주¸¸¸¸/1"
227,처음 먹어 보는 고추 바사삭이었는데 너무 맛있었어용!!,"굽네 고추 바사삭/1,딥치즈＋웨지 감자/1"
228,볼케이노 더 매워진건가요.....맵네,"굽네 딥치즈 순살/1,굽네 볼케이노 순살＋모짜렐라 치즈/1,쌀떡볶이/1"
229,배달빨라요!!!!!,굽네 고추 바사삭/1
230,달력 감사합니댜:) 수색점 양 젛아여,굽네 고추 바사삭/1
231,맛있습니다 감사합니다,굽네 갈비천왕 순살/1
232,굿~~~ 입니다 .번창하세요,"굽네 오리지널/1,배달 소주¸¸/1"
233,맛잇어요! 계속 시켜먹네요!,"굽네 갈비천왕/1,매콤 소스 추가/2"
234,배달이 40분 안에 바로 왔어요 감사합니댜,굽네 고추 바사삭/1
235,항상 여기서 시켜먹어요! 맛있어요오,반반A）오리지널 반＋볼케이노 반/1
236,첨으로 1인1닭을 했네요~ 맛나게 잘 먹었습니다~,굽네 볼케이노/1
237,오리지널 맛있었어요! 소스가 맛 있어서 찍어먹기 좋았어요,반반A）오리지널 반＋볼케이노 반/1
238,배달도 도착예정까진 안왔구요 음료도 사이다 시켰는데 콜라와서 정작 치킨이랑 음료랑 같이 먹을수있었던건 총 한시간 정도 됬을때였네요 ㅜㅜ,"굽네 갈비천왕/1,스프라이트 355ml/1"
239,매워 매워 닭다리 매워 매워,
240,진짜 고추바사삭 겁나 맛있음,굽네 고추 바사삭/1
241,맛나요맛나요맛나요마,굽네 볼케이노 순살/1
242,잘먹었어여 배갈도 빠르구요,굽네 고추 바사삭/1
243,맛있고 배달도 빨라요,굽네 양념 치킨/1
244,양도 그렇고 맛도 있었어요. 소스랑 같이 먹으면 더 맛있네요,굽네 고추 바사삭/1
245,맛있게 잘먹고 배달도 빠르네요~,굽네 고추 바사삭/1
246,굳 초이스~~~~~~~,"굽네 오리지널/1,배달 소주¸¸/1"
247,고추바사삭 맛있어요!!,굽네 고추 바사삭/1
248,다 좋은데 2-3개가 안익어서 물렁물렁하게 왔어요 씹다 뱉음,굽네 스윗 볼케이노/1
249,고추바사삭 맛있어요,"굽네 고추 바사삭/1,매콤 소스 추가/1,코카 콜라 500ml/1"
250,고추바사삭은언제나ㅡ진리ㅡㅋ 맛잇엇어요ㅡ 배달도빠르고,굽네 고추 바사삭 순살/1
251,양만 좀더 많음 좋겠어요~~~^^,"굽네 오리지널 순살/1,스프라이트 1.5L¸/1"
252,맛있어요정말루딘짜후,굽네 스윗 볼케이노/1
253,맛있습니다 소스에 밥까지 비벼먹었어요,굽네 갈비천왕/1
254,엄 음 엄 뻑뻑살 반 이여서 좀 아쉬웠어용 ㅠㅠㅠ 양념이 엄청 맛있고 맛이 체고에여,"굽네 갈비천왕/1,코카 콜라 1.25L¸¸/1"
255,잘먹엇습니다 ~ ㅎㅎ,"굽네 허니멜로/1,굽네 스윗 볼케이노/1,굽네 고추 바사삭/1,코카 콜라 1.25L¸¸/1"
256,아이가 좋아해서 자주 시켜 먹어요.,굽네 갈비천왕/1
257,기대했던것 보단 별로..... 순살 기대했는데 너겟 같은 느낌에 많이 딱딱하고 맛은 나쁘지 않음,"굽네 고추 바사삭 순살/1,딥치즈＋웨지 감자/1,추가-마그마소스/1"
258,맛나고 맛나고 깔끔하고 좋아요,"굽네 오리지널 순살/1,굽네 웨지 감자¸¸¸/1,코카 콜라 500ml/1"
259,맛있게 잘먹었습니다!!!,굽네 고추 바사삭 순살/1
260,진짜 맛있네요 배거파서 순살을 순삭?했네요;;;;ㅋㅋㅋㅋ,"굽네 고추 바사삭 순살/1,각무 추가/1,스프라이트 1.5L¸/1"
261,늘여기서만 시켜요 배달 친절하심!!,굽네 고추 바사삭/1
262,굿굿 맛있어요 굿굿굿굿,"굽네 볼케이노 순살/1,코카 콜라 1.25L¸¸/1"
263,개맛잇음 많이 파시오.~~~~,"굽네 오리지널 순살/1,배달생맥주 1000ml¸/1,배달 소주¸¸/1"
264,Goodgoodgood,"굽네 허니멜로/1,스프라이트 1.5L¸/1"
265,죠큼 짰지만 그래도 그맛으로 먹는 갈비천왕 달짠달짠,"굽네 갈비천왕/1,스프라이트 1.5L¸/1"
266,너무 맛있어요 ~~ ㅋ,굽네 스윗 볼케이노/1
267,믿고먹는 볼케이노 다음번엔 갈비천왕 시켜먹을려구용 배달은 썩 빠르진 않아요 물론 느린건 아니지만... 음... 올려나? 할 때 쯤 안오고 언제오지? 할 때 쯤 와요 ㅋㅋ,"굽네 볼케이노 순살/1,코카 콜라 1.25L¸¸/1"
268,ㆍㅈㆍㅅㄴㅇㄴㅇㄴㅇㄴㅇㄴㅇㄴㅇ,굽네 오리지널 순살/1
269,진짜 딱 제가먹고싶었던 그 달콤매콤한 양념치킨이었어요.. 아 밥비벼먹으면쵝오,굽네 양념 치킨 윙/1
270,맛있게잘먹었다고하네요 담에도잘부탁드립니다~,굽네 볼케이노 순살/1
271,배달이 겁나 빨르네요 😁😁😁😁👍,굽네 갈비천왕/1
272,"치킨도 맛있었지만, 배달 해주신 직원분이 굉장히 친절하셨어요^^ 맛있게 잘 먹었습니다!","굽네 허니멜로/1,굽네 오리지널/1,굽네 고추 바사삭/1,굽네 딥치즈/1"
273,맛있게 잘먹었어요~~~~^^,굽네 오리지널/1
274,굽네 오리지널 다음날 부대끼지 않아서 좋아요.,굽네 오리지널/1
275,굽네는 치킨도 치킨이지만 소스류가 너무 맛있고 특히 마블링 고블링 소스가 일단 모든 치킨이랑 다 어울려서 너무 좋음,"두마리）오리지널＋갈비천왕/1,마블링 소스 추가/1,고블링 소스 추가/1,햇반 추가（쌀:국내산）¸/2,모짜렐라치즈/1,쌀떡볶이/1"
276,아무리축구하는날이어도 그렇지 2시간다되서 도착햇구요 너무늦길래 취소하려고 전화 몇통이나햇는데 연결되도 다 끊어버리더라구요 취소도안되고 오지도않고....어쩌라는건지 2시간다되서왓는데 치킨은 다 식어잇구요...노답이네요,굽네 고추 바사삭/1
277,ㄷㅂㅎㄱㅅㄱㅊㅂㅈㅂㅈㅅㄱㅌ,"굽네 오리지널 순살/1,스프라이트 1.5L¸/1"
278,너무 맛있고 배달도 빠르네요 앞으로 많이 이용하겠습니다,굽네 갈비천왕/1
279,굽네는 뻑살말고 다릿살유명하지 않나요??? 유독 오늘 뻑살 잔치네요. 그리고 두마리 시켰는데 고추바사삭에는 날개 하나가 없고 갈비천왕에 날개 3개 들어가있었어요. 보기에는 그럴사 하지만 막상 먹으려고 집으니까 너무 허접하게 주셨네요. 신경써서 담아주세요.,"굽네 핫 갈비천왕/1,굽네 고추 바사삭/1"
280,맛있었어요 굽네는 엿시 볼케이노,굽네 스윗 볼케이노/1
281,"음 맛있어요 !! 맛있는데 약간 잔 뼈들이 많이 씹혀서 조금 .. 아쉽네용 .. 그래두 짱 맛있어요 ,,","굽네 오리지널/1,달콤 소스 추가/1,코카 콜라 500ml/1"
282,치킨은? 불케이노!!,굽네 볼케이노 순살/1
283,빠른 배달 감사합니당 맛있게 먹을게요~,"굽네 오리지널 순살/1,추가-마그마소스/1"
284,회먹다가 모자라서 시켰는데 소스가 한몫하네요 ㅎㅎㅎ짱맛있!!,"굽네 허니멜로 순살/1,코카 콜라 1.25L¸¸/1"
285,두번째 사먹는데 맛나요. 많이파세요,굽네 고추 바사삭/1
286,순살이다보니 양은 적지만 고객이 요청하는것을 최대한 반영해주시네요. 언제나 감사하며 사랑합니다 굽네!,굽네 볼케이노 순살/1
287,넘 맛잇게 잘먹엇어요 애들이랑 ㅎㅎ,"반반A순살）오리지널 반＋볼케이노 반/1,딥치즈＋웨지 감자/1"
288,배달이 너무 오래 걸려서 치킨이 눅눅했어요,굽네 고추 바사삭 순살/1
289,허니멜로 첨먹어봤는데 맛있네요 양도많구 잘먹었습니다,"굽네 허니멜로 순살/1,굽네 딥치즈 순살/1"
290,"배송 빠르고, 고소하게 굽혔네요.",두마리）오리지널＋오리지널/1
291,넙넙 맛있다는거~~쵝오~~~~,굽네 고추 바사삭/1
292,잘먹었습니다~~~~~~~~~,"굽네 오리지널/1,소스 추가/1,각무 추가/1,굽네 웨지 감자¸¸¸/1"
293,믿고먹는굽네ㅋ 오리지널맛있어요,반반B）오리지널 반＋갈비천왕 반/1
294,고추바사삭은 먹을때마다 만족스러워요.,굽네 고추 바사삭 순살/1
295,갈비천왕이 답이지요!!,굽네 핫 갈비천왕 윙/1
296,맛있었어요!! 허니멜로 처음먹어보는데 괜찮더라구요!! 근데 어제부터 허니멜로 시키면 파우치준다고 해서 시킨건데 파우치는 안왔네요 왜 그런거죠..??,"굽네 허니멜로/1,마블링 소스 추가/1"
297,응암점보다 여기가 훨씬 맛잇어요,"굽네 고추 바사삭 윙/1,고블링 소스 추가/2"
298,너무너무 맛있게 먹었스빈다:),"굽네 오리지널/1,볼케이노소스 추가/1"
299,늦은시간이였는데 배달도 빠르고 맛도 잇지만 양이 조금 아쉽네요ㅜㅜ,굽네 갈비천왕 순살/1
300,빨리 배달되어서 좋아요~^^,
301,기름이 빠진듯 하여 담백하니 조아요,반반A）오리지널 반＋볼케이노 반/1
302,잘 먹었습니다.감사합니다.,
303,처음 시켜먹었는데 맛있어오 !!굳굳,굽네 고추 바사삭/1
304,잘먹었습니다.,굽네 고추 바사삭/1
305,자주시켜먹는데맛있고친절하십니다.,
306,쵝오에요 넙넙 맛있어요^^,각무 추가/1
307,역시 고추바사삭 허니멜로 단짠 최고,"굽네 허니멜로/1,굽네 고추 바사삭 순살/1"
308,다른집은 순살안파는데 팔아서 좋았어요,굽네 고추 바사삭 순살/1
309,맛 최고인데 양이 작아요 ㅜㅜ 배달 시간 정확해서 좋구요^^,"굽네 갈비천왕/1,코카 콜라 1.25L¸¸/1"
310,잘먹었습니다. 약간 퍼석함이 있었지만 굽네치킨 좋아해서 그런거 다 필요없엇네요.,굽네 오리지널 순살/1
311,이곳 친절하고 사장님도 친절하시고 양도 절대 변하지 않아요,"굽네 볼케이노 순살/1,마그마소스 추가/2"
312,항상 시켜먹는 곳이예요 ㅎㅎ 쿠폰제가 끝나서 아쉽 ㅠㅠ,굽네 고추 바사삭/1
313,빠른 배달 감사합니다.,반반A）오리지널 반＋볼케이노 반/1
314,신메뉴 난 그냥그랫음,
315,굽네는 역시 오라지날~,굽네 갈비천왕/1
316,매번 여기서 시켜먹는데 닭 비린내도 안나고 맛있어용 !,반반A）오리지널 반＋볼케이노 반/1
317,맛있네요 또먹을게요,"굽네 갈비천왕/1,왕중왕 소스 추가/1"
318,맛 배달은 만족하였으나 양이 많이 부족하였습니다,반반B）오리지널 반＋갈비천왕 반/1
319,ㅈㅂㄴㅂㄴㄱㄴㄱㄷㅈㄱ,"굽네 오리지널 순살/1,스프라이트 1.5L¸/1"
320,배달친절신속정확하네요,"굽네 스윗 볼케이노 순살/1,마블링 소스 추가/1"
321,조카들이랑 같이 먹었는데 맵다고 하면서도 맛있다고 한조각도 안 남기고 다 먹었어요 ㅎㅎ 쿠폰제도가 없어져서 아쉽네요ㅠㅠ,굽네 고추 바사삭/1
322,항상 맛잇음 굳굳ㄸㄷㅇㄸ,"굽네 고추 바사삭/1,각무 추가/1,코카 콜라 245ml/1"
323,맛있게 잘 먹었습니다. 감사합니다.,"굽네 오리지널 순살/1,굽네 볼케이노 순살/1"
324,굽네치킨을 항상 시키면 늘 들어가있던 계란도 빠져 있네요 지점마다 다 틀리게 나오는게 존 별로네요,굽네 오리지널/1
325,나들이가서 맛있게 먹었네요,굽네 갈비천왕/1
326,또먹을게요다음에또먹을게요,굽네 갈비천왕/1
327,굽네가 진리인듯요;;;;;;;,"굽네 볼케이노 순살/1,스프라이트 1.5L¸/1"
328,맛있어요~~~~ 믿고먹는 굽네 고바 ㅋㅋ처음에 찍었어야 됐는데 너무 맛있어서 먹다가 중간에 찍음ㅋㅋㅋ,굽네 고추 바사삭/1
329,맛있습니다 괜찮아요 치맥했어요,반반B）오리지널 반＋갈비천왕 반/1
330,갈비천꿀맛 ㅎㅎㅎㅎ,굽네 갈비천왕/1
331,잘먹었습니다..........,굽네 핫 갈비천왕/1
332,역쉬 굽네 맛있어요,"굽네 핫 갈비천왕/1,굽네 스윗 볼케이노/1"
333,잘 먹었습니다.감사합니다.,굽네 볼케이노 순살/1
334,매운거 잘 못먹었는데 스윗버전나와서 진짜 맛있게 매워서 좋았어요 많이시켜드세요,굽네 스윗 볼케이노/1
335,역시나 볼케이노는 맛있죠 금세 먹어서 사진은 없습니닿ㅎ,굽네 스윗 볼케이노 순살/1
336,배달 빠르고 좋아요~~,반반A）오리지널 반＋볼케이노 반/1
337,믿고 시켜먹는 곳중 한군데 ㅋㅋ,굽네 갈비천왕 순살/1
338,이상하게오늘은 뭔가메말라있었음 치킨이 척촉하지않고 팍퍽함,굽네 고추 바사삭/1
339,진짜생가보다맛있습니더,굽네 핫 갈비천왕/1
340,맛있었어요 ㅎㅎㅎ 배달도 빨랐구요!,"굽네 갈비천왕/1,코카 콜라 1.25L¸¸/1,배달 소주¸¸/2"
341,ㅊㄴㅂㄴㄱㄷㅈㄱㅅㅂㅅㅂ,"굽네 오리지널 순살/1,코카 콜라 1.25L¸¸/1"
342,맛있어요 담에도 또 시켜먹을게요,굽네 볼케이노/1
343,생각보다 배달이 빨리왔어요~ 그런데 익힐때 조금더 익혀주셨으면 좋겠네요ㅠㅠ 대체적으로 만족합니다!,"굽네 오리지널/1,스윗 볼케이노소스 추가/1"
344,감사합니다.맛있게 잘먹었습니다.,굽네 오리지널/1
345,소스가 너무 부족하네요,굽네 볼케이노/1
346,배달이 좀 느려서 치킨 식어왔네요. 갈비천왕 맛은 좋았습니다.^^,굽네 갈비천왕/1
347,잘 먹겠습니다 비 오는 날에도 따뜻하게 배달 해 주셔서 감사합니다.,굽네 볼케이노 순살/1
348,갈비천왕 맛은 역시는 역시네요,굽네 갈비천왕/1
349,배달시간이 좀만 더 빠르면 완뱍할 듯 합니다♡,굽네 고추 바사삭 순살/1
350,굽네 볼케이노는 역시 너무맛있네요 그리고 치킨무 하나 더 달라고 부탁드렸는데 총 3개나 주셨더라구여 사장님 센스 짱이에요 ❤️,굽네 볼케이노/1
351,굽네는 순살이지요 허허,굽네 오리지널 순살/1
352,맛은 있으나 생각보다 양이 적네요 ㅋ,굽네 핫 갈비천왕/1
353,정말 광고처럼 맛있었어요.^^,굽네 갈비천왕/1
354,배달직원도 친절하고 맛있어요,두마리）볼케이노＋갈비천왕/1
355,되게 괜찮았음ㅎㅎ 다음에 또 시킬듯,굽네 갈비천왕 통다리/1
356,갈비천왕은 사랑입니다ㅎㅎ,반반B）오리지널 반＋갈비천왕 반/1
357,맛이께잘모고쑤훕니이다하,굽네 오리지널 순살/1
358,배달도 빠르고 맛있어요ㅎㅎ,굽네 갈비천왕/1
359,고추바사삭인데 바삭하진않음...그래도 맛은있음....그리고 치킨무가 상태가 안좋음...,"굽네 고추 바사삭/1,코카 콜라 1.25L¸¸/1"
360,핫갈비천왕 맛있어여!,굽네 핫 갈비천왕/1
361,soso~~~~했습니다,굽네 고추 바사삭/1
362,맛나요맛나요맛나요맛나요,굽네 갈비천왕/1
363,ㅅㅈ슥ㅈㄱ븍ㄱㅅ븍그ㅡ기,반반B）오리지널 반＋갈비천왕 반/1
364,배달시간에 대해서는 긍정적임,굽네 오리지널/1
365,ㄹㅇ맛집 또시킬거애요,"굽네 갈비천왕 순살/1,마그마소스 추가/1"
366,맛잇엇음요. 배달은 45분 걸린다고 했는데 50분 걸렸지만 핫갈비천왕 엄청 맛있네요 ㅋㅋㅋㅋ 굿굿이에요,굽네 핫 갈비천왕/1
367,기름기 많지않아 좋았어요. 4살 아들과 맛있게 먹었어요. 양이 적어 보였는데 셋이 먹었는데 양 괜찮았어요. 성인남자셋이 먹긴 적은감이에요. 배달 45분 걸린댔는데 30분정도 걸린것같아요.,반반B）오리지널 반＋갈비천왕 반/1
368,늘 맛있습니다. ^^,"굽네 갈비천왕 순살/1,왕중왕 소스 추가/1"
369,맛있어요! 두명이서 먹는데 확실히양이적은듯... 밥비벼먹으니 순삭해버렸네요~,반반C순살）볼케이노 반＋갈비천왕 반/1
370,맛있어요 10자를 맞ㅊ,굽네 갈비천왕/1
371,리뷰쓰라고..올동안 배달이안와서./ 약간그랫지만..맛잇어요,반반A순살）오리지널 반＋볼케이노 반/1
372,처음 먹어봤는데 너무 맛있내요~ 또 시켜먹고 싶은 메뉴입니다.,굽네 고추 바사삭/1
373,배달이넘느림치킨은 아주맛난,굽네 고추 바사삭/1
374,처음먹어보는데 맛있어요! 다음에 재주문 의사 있어요.,"굽네 볼케이노/1,배달생맥주 1000ml¸/1"
375,밥과 같이 먹으면 반찬이,굽네 갈비천왕 순살/1
376,무난하게 맛있게먹었습니다.,"굽네 딥치즈/1,코카 콜라 1.25L¸¸/1"
377,폭립굿 고추바사삭욍 넘맜있어요~,굽네 폭립/1
378,"추운 날씨에 예상시간보다 일찍와주셔서 너무 감사했구요, 치킨맛은 뭐 말안해도ㅎㅎ 맛있어요.","반반B순살）오리지널 반＋갈비천왕 반/1,배달생맥주 1000ml¸/1,배달 소주¸¸/1"
379,보기에는 양이 적어보였는데 뼈가 살이많아서 그런지 은근 많더라구요 맛있어용 ~~~~~~~♡ ♡,반반A）오리지널 반＋볼케이노 반/1
380,치킨에 머리카락 칭칭 감겨서 있네요. 신경 좀 써 주세요. 애기가 먹는것인데. 일단 머리카락은 빼 내고 먹지만 입맛 버렸네요.,굽네 볼케이노 순살＋쌀떡볶이/1
381,어우 첨먹는데 개꿀맛!,굽네 갈비천왕/1
382,닭을 너무 많이 구워서그런지 엄청 뻑뻑해요,"굽네 갈비천왕/1,굽네 오리지널/1,굽네 웨지／케이준 감자¸¸/1,코카 콜라 1.25L¸¸/1"
383,맛있어요. 좋아요.,굽네 오리지널 순살/1
384,좋습니다 치킨양도 넉넉하고 맛도좋고 굽기도 좋고,
385,맛있었어요~ 배달시간이 좀 오래 걸리긴 했지만요^^;,반반C）볼케이노 반＋갈비천왕 반/1
386,굿,굽네 갈비천왕/1
387,세상에서 젤 맛있는 듯 진짜 갈비천왕최고 ㅠㅠㅠ 배달은 한시간 가까이걸려서 별 뺐어요~~~~,굽네 핫 갈비천왕/1
388,갈비천왕 넘뭐넘뭐맛있어용,굽네 갈비천왕 순살/1
389,배달~맛~~~모두만족합니다,굽네 고추 바사삭 윙/1
390,빠르고 좋았어요,굽네 갈비천왕/1
391,맛있어요 ~~~~~~~~,"굽네 고추 바사삭 윙/1,굽네 볼케이노 통다리/1,마블링 소스 추가/4"
392,양이 조금 적은 것 같았지만 맛있었어요👍🏻,"굽네 볼케이노 순살/1,각무 추가/1"
393,맛있게 먹었습니다 ~!,"굽네 핫 갈비천왕/1,파채＋파채소스/1,핫 왕중왕 소스 추가/1,코카 콜라 1.25L¸¸/1"
394,튤립닭발..최고!!,굽네 불닭발，/1
395,겁 나 맛있음!!!!!!!,굽네 갈비천왕/1
396,담백하니 맛있습니다 양은 좀 적네요 배달 짱 빠르구요 또 먹을게용!!,굽네 오리지널/1
397,아이가잘먹어요 밥하고먹으니맛있어요,굽네 갈비천왕/1
398,맛있게 잘 먹었어요,굽네 볼케이노 순살/1
399,애들이먹기에 너무나 좋아요,굽네 갈비천왕/1
400,갈비천왕 굿~!! 다음날 밥까지 볶아 먹음~!!,두마리）오리지널＋갈비천왕/1
401,맛있어여~다음에도 또 먹을꺼에여~~,"굽네 고추 바사삭/1,굽네 볼케이노/1"
402,맛있다,"굽네 갈비천왕/1,배달병맥주¸¸/1"
403,잠들어서 연락안됐는데조 끝까지 배달해주어서 감사해요~,
404,맛-남!,
405,갈비천왕 인정 맛은 최고!,
406,고기가 너무 퍽퍽하고 딱딱해서 먹기 힘들었어요. 예상시간보다 더 늦게 오셨는데 맛까지 그래서 남겼어요. 전엔 안 그랬는데 이번은 정말이지 꽝이었습니다.,
407,맛잇어유 ㅎㅎ자꾸 먹어도 안질려요 남김없이 다 먹게 됨,"굽네 오리지널 순살/1,보헤미안 스파클링（탄산수）- 라임 350ml/1"
408,굳,
409,갈비천왕 애들이 너무 좋아해요~ 애들이 살 발라서 밥에 놓아 먹는 걸 즐겨요~^^,"굽네 갈비천왕/1,반반B）오리지널 반＋갈비천왕 반/1"
