,Unnamed: 0,밥,국,메인,서브,유사도
0,34,조밥,아구(매운)탕,완자조림(돈육),감자구이,0.9920284824732862
1,36,조밥,쏘가리매운탕,닭다리조림,감자구이,0.9906414095816928
2,46,조밥,어묵김치찌개,닭다리조림,콩나물찜,0.9904912784101616
3,137,잡곡밥(강남콩),어묵김치찌개,구절판,감자구이,0.9903414871899572
6,18,쌀밥,어묵김치찌개,완자조림(돈육),옥수수구이,0.989522816228503
9,132,팥밥,복매운탕,완자조림(돈육),감자구이,0.9885483020677788
10,84,콩밥(대두),어묵김치찌개,닭도리탕,감자구이,0.9885377635121708
11,133,팥밥,복매운탕,닭고기조림,감자구이,0.9882426570972214
14,26,쌀밥,낙지찌개,완자조림(돈육),옥수수구이,0.9881983042660228
17,53,조밥,어묵김치찌개,닭고기조림,감자구이,0.9875618582830994
19,7,쌀밥,어묵김치찌개,부추볶음(제육),감자구이,0.9871749580860744
20,120,팥밥,어묵김치찌개,닭고기조림(옥수수),감자구이,0.9869715378837984
22,10,쌀밥,어묵김치찌개,떡볶음(돼지고기&간장),감자구이,0.9861020643583456
26,23,쌀밥,어묵김치찌개,돼지고기조림,콩나물찜,0.9857046011119288
28,71,콩밥(대두),쏘가리매운탕,완자조림(돈육),감자구이,0.9852063402411326
37,87,콩밥(대두),낙지찌개,닭다리조림,감자구이,0.9836464192892674
38,39,조밥,해물찌개(넙치&장어),돼지고기조림,옥수수구이,0.9834701933205569
41,90,콩밥(대두),복매운탕,닭다리조림,옥수수구이,0.9829684290669096
80,66,조밥,복매운탕,닭고기조림(옥수수),감자구이,0.9776880261756764
88,95,팥밥,아구(매운)탕,닭다리조림,감자구이,0.9768536517623824
99,105,팥밥,어묵김치찌개,부추볶음(고기),감자구이,0.975484171308876
