,Unnamed: 0,밥,국,메인,서브,유사도
0,95,조밥,아구(매운)탕,야채볶음(닭),옥수수구이,0.9927873906686164
1,48,쌀밥,어묵김치찌개,완자조림(돈육),감자구이,0.9920812349331148
2,61,쌀밥,어묵김치찌개,돼지고기조림,가지찜,0.9916983995442163
3,106,조밥,아구(매운)탕,돼지고기조림,옥수수구이,0.9913644701275992
4,130,조밥,어묵김치찌개,구절판,감자구이,0.9912501550180745
5,506,기장밥,어묵김치찌개,닭도리탕,감자구이,0.9909268355921608
6,79,쌀밥,낙지찌개,돼지고기조림,감자구이,0.9907962036305352
8,30,쌀밥,어묵김치찌개,부추볶음(고기),감자구이,0.9903164758463848
10,103,조밥,아구(매운)탕,닭고기조림(옥수수),옥수수구이,0.9894999792430376
11,135,조밥,어묵김치찌개,닭다리조림,감자구이,0.989394488160096
12,19,쌀밥,쏘가리매운탕,완자조림(돈육),옥수수구이,0.9893733112457508
14,32,쌀밥,어묵김치찌개,야채볶음(닭),옥수수구이,0.9892461807621332
18,76,쌀밥,낙지찌개,닭고기조림(옥수수),감자구이,0.9889475976074652
21,80,쌀밥,복매운탕,야채볶음(닭),옥수수구이,0.9887764173500126
23,180,조밥,복매운탕,닭고기조림(옥수수),옥수수구이,0.9886719495502969
25,290,팥밥,쏘가리매운탕,야채볶음(닭),감자구이,0.9884943321798759
26,99,조밥,아구(매운)탕,완자조림(돈육),옥수수구이,0.9884663511893512
30,69,쌀밥,낙지찌개,닭다리조림,옥수수구이,0.987962762885307
31,22,쌀밥,쏘가리매운탕,돼지고기조림,감자구이,0.9879426470709136
33,35,쌀밥,어묵김치찌개,떡볶음(돼지고기&간장),감자구이,0.987585331819166
35,101,조밥,아구(매운)탕,닭고기조림,옥수수구이,0.9875249625405836
36,49,쌀밥,어묵김치찌개,닭고기조림,깻잎찜,0.9869818549718428
38,18,쌀밥,쏘가리매운탕,닭다리조림,감자구이,0.986874325636204
40,25,쌀밥,어묵김치찌개,부추볶음(제육),깻잎찜,0.9868466071036645
48,97,조밥,아구(매운)탕,닭다리조림,옥수수구이,0.9860027132976228
49,521,기장밥,낙지찌개,완자조림(돈육),감자구이,0.9859400386258834
51,53,쌀밥,어묵김치찌개,닭고기조림(옥수수),옥수수구이,0.9858974367967828
62,74,쌀밥,낙지찌개,닭고기조림,감자구이,0.9853946209174202
68,342,팥밥,낙지찌개,야채볶음(닭),감자구이,0.9849547185651746
77,116,조밥,해물찌개(넙치&장어),돼지고기조림,감자구이,0.9840899009738538
79,369,잡곡밥(강남콩),오징어찌개,돼지고기조림,옥수수구이,0.9839475398139702
96,178,조밥,복매운탕,닭고기조림,옥수수구이,0.9829758785380734
107,531,기장밥,복매운탕,닭다리조림,옥수수구이,0.9825460330604008
117,272,콩밥(대두),복매운탕,돼지고기조림,옥수수구이,0.9819229860288118
201,359,팥밥,복매운탕,완자조림(돈육),감자구이,0.9786163610811666
