,Unnamed: 0,밥,국,메인,서브,유사도
0,390,팥밥,복매운탕,야채볶음(닭),감자구이,0.993421606582114
1,205,조밥,낙지찌개,돼지고기조림,옥수수구이,0.9927210491015532
2,244,콩밥(대두),어묵김치찌개,부추볶음(고기),깻잎찜,0.9923093384174776
3,443,녹두밥,어묵김치찌개,닭고기조림(옥수수),감자구이,0.9919641816563842
4,504,차조밥,어묵김치찌개,떡볶음(돼지고기&간장),옥수수구이,0.9918844941076176
5,320,팥밥,아구(매운)탕,닭고기조림(옥수수),감자구이,0.9913991420490524
6,163,조밥,어묵김치찌개,구절판,깻잎찜,0.9913905253331404
7,225,콩밥(대두),아구(매운)탕,닭다리조림,감자구이,0.990941387055404
8,111,찰밥,어묵김치찌개,돼지고기조림,옥수수버터구이,0.9909192083617632
9,435,녹두밥,어묵김치찌개,닭다리조림,옥수수구이,0.9901291508631832
10,515,차조밥,어묵김치찌개,완자조림(돈육),감자구이,0.9900257018818512
12,229,콩밥(대두),아구(매운)탕,닭고기조림,감자구이,0.9899378027961644
13,114,찰밥,복매운탕,완자조림(돈육),옥수수구이,0.9898759931587552
15,883,기장밥,어묵김치찌개,닭도리탕,옥수수구이,0.9895816925360991
16,309,팥밥,오징어찌개,돼지고기조림,옥수수구이,0.9895729047231694
17,178,조밥,어묵김치찌개,닭고기조림,감자구이,0.9895205660068366
18,322,팥밥,아구(매운)탕,돼지고기조림,옥수수구이,0.9894231456495652
24,403,완두콩밥,쏘가리매운탕,완자조림(돈육),옥수수구이,0.9891137343446362
27,560,수수찹쌀밥,복매운탕,닭고기조림,감자구이,0.9888837961834576
29,68,쌀밥,낙지찌개,야채볶음(닭),감자구이,0.9885858340110824
31,197,조밥,낙지찌개,닭다리조림,감자구이,0.9884122836875696
34,426,녹두밥,해물찌개(넙치&장어),돼지고기조림,옥수수구이,0.9881152140988966
36,210,조밥,복매운탕,닭다리조림,감자구이,0.9875826752492951
40,88,쌀밥,복매운탕,닭고기조림(옥수수),옥수수구이,0.9873962507716002
48,112,찰밥,낙지찌개,완자조림(돈육),감자구이,0.9871117777447594
56,249,콩밥(대두),어묵김치찌개,야채볶음(닭),감자구이,0.9864516606707469
60,747,잡곡밥(강남콩),아구(매운)탕,완자조림(돈육),감자구이,0.9862931025025689
65,495,차조밥,쏘가리매운탕,닭다리조림,옥수수구이,0.9860034259233528
82,902,기장밥,낙지찌개,닭고기조림(옥수수),옥수수구이,0.9846781907401604
91,952,보리밥,어묵김치찌개,부추볶음(제육),감자구이,0.9840493482766132
94,91,쌀밥,복매운탕,돼지고기조림,옥수수구이,0.9839559804470034
103,813,잡곡밥(강남콩),낙지찌개,닭고기조림,옥수수구이,0.9835999421642262
182,223,콩밥(대두),아구(매운)탕,야채볶음(닭),감자구이,0.9817394406862352
190,947,보리밥,쏘가리매운탕,돼지고기조림,옥수수구이,0.981436403915244
192,325,팥밥,쏘가리매운탕,야채볶음(닭),감자구이,0.9813947353249436
