,Unnamed: 0,밥,국,메인,서브,유사도
0,55,쌀밥,복매운탕,닭고기조림(옥수수),옥수수구이,0.9921968120340542
1,24,쌀밥,어묵김치찌개,닭다리조림,옥수수구이,0.9914861340422879
2,31,쌀밥,어묵김치찌개,닭고기조림,옥수수구이,0.9911269176801162
3,62,조밥,아구(매운)탕,완자조림(돈육),감자구이,0.9908021853575144
4,73,조밥,어묵김치찌개,부추볶음(고기),옥수수구이,0.9906595878913048
5,258,기장밥,쏘가리매운탕,닭다리조림,옥수수구이,0.9904732883321484
6,43,쌀밥,낙지찌개,닭다리조림,옥수수구이,0.9902313239489908
7,19,쌀밥,어묵김치찌개,구절판,깻잎찜,0.9901439537786192
8,14,쌀밥,어묵김치찌개,부추볶음(제육),감자구이,0.9897517993840972
9,26,쌀밥,어묵김치찌개,완자조림(돈육),콩나물찜,0.9896938195807092
13,248,잡곡밥(강남콩),어묵김치찌개,돼지고기조림,콩나물찜,0.9886909895220644
16,76,조밥,어묵김치찌개,떡볶음(돼지고기&간장),감자구이,0.9883755217654624
17,251,잡곡밥(강남콩),복매운탕,완자조림(돈육),옥수수구이,0.9883725901274087
25,1,쌀밥,아구(매운)탕,닭다리조림,옥수수구이,0.9875641785439924
26,8,쌀밥,쏘가리매운탕,완자조림(돈육),옥수수구이,0.9873450925408692
31,11,쌀밥,해물찌개(넙치&장어),돼지고기조림,옥수수구이,0.9862673199086928
34,33,쌀밥,어묵김치찌개,닭고기조림(옥수수),옥수수구이,0.9858709736306812
38,115,조밥,복매운탕,돼지고기조림,감자구이,0.9853360887039492
42,208,팥밥,어묵김치찌개,닭도리탕,감자구이,0.9850838898635014
43,217,팥밥,낙지찌개,완자조림(돈육),옥수수구이,0.9848996581125798
44,158,콩밥(대두),낙지찌개,닭고기조림,감자구이,0.9847243146334976
54,50,쌀밥,복매운탕,닭다리조림,감자구이,0.9832412796672851
59,112,조밥,복매운탕,닭고기조림,감자구이,0.9828501764725088
80,58,조밥,오징어찌개,돼지고기조림,감자구이,0.9811869705752508
109,63,조밥,아구(매운)탕,닭고기조림,감자구이,0.9789640408428484
124,223,팥밥,낙지찌개,돼지고기조림,감자구이,0.9782163730687502
130,106,조밥,낙지찌개,닭고기조림(옥수수),감자구이,0.9778309989395796
161,175,팥밥,아구(매운)탕,닭고기조림(옥수수),감자구이,0.9754981203845222
164,188,팥밥,어묵김치찌개,야채볶음(닭),감자구이,0.975388923073625
165,10,쌀밥,쏘가리매운탕,돼지고기조림,감자구이,0.9752423961418336
