,Unnamed: 0,밥,국,메인,서브,유사도
0,98,조밥,아구(매운)탕,닭다리조림,감자구이,0.9928490368880916
1,51,쌀밥,어묵김치찌개,닭고기조림,감자구이,0.9921433868712788
2,64,쌀밥,어묵김치찌개,돼지고기조림,더덕구이,0.9917579266934922
3,109,조밥,쏘가리매운탕,닭다리조림,옥수수구이,0.9914229759505222
4,135,조밥,어묵김치찌개,닭다리조림,감자구이,0.9913118061883074
5,524,기장밥,낙지찌개,완자조림(돈육),옥수수구이,0.9909732520162496
6,82,쌀밥,복매운탕,닭다리조림,옥수수구이,0.9908550003003168
8,31,쌀밥,어묵김치찌개,야채볶음(닭),깻잎찜,0.9903752518633292
10,106,조밥,아구(매운)탕,돼지고기조림,옥수수구이,0.9895611538602718
11,140,조밥,어묵김치찌개,완자조림(돈육),감자구이,0.9894558478680376
12,20,쌀밥,쏘가리매운탕,완자조림(돈육),감자구이,0.9894324769425559
17,295,팥밥,쏘가리매운탕,돼지고기조림,옥수수구이,0.9891649699103481
19,79,쌀밥,낙지찌개,돼지고기조림,감자구이,0.9890084189038822
23,29,쌀밥,어묵김치찌개,부추볶음(고기),옥수수구이,0.9887424631862276
24,185,콩밥(대두),오징어찌개,돼지고기조림,옥수수구이,0.988733351713225
25,34,쌀밥,어묵김치찌개,떡볶음(돼지고기&간장),옥수수구이,0.9887101716486666
26,299,팥밥,어묵김치찌개,부추볶음(제육),깻잎찜,0.9885550902711088
27,102,조밥,아구(매운)탕,닭고기조림,감자구이,0.9885291760752458
28,11,쌀밥,아구(매운)탕,닭고기조림(옥수수),감자구이,0.9884483739384871
29,160,조밥,낙지찌개,야채볶음(닭),감자구이,0.9883428083276128
30,7,쌀밥,아구(매운)탕,완자조림(돈육),감자구이,0.9881843903479384
32,23,쌀밥,해물찌개(넙치&장어),돼지고기조림,옥수수구이,0.988005088617457
34,36,쌀밥,어묵김치찌개,구절판,깻잎찜,0.9876491698569019
37,52,쌀밥,어묵김치찌개,닭고기조림(옥수수),깻잎찜,0.9870426813081236
43,251,콩밥(대두),낙지찌개,닭다리조림,감자구이,0.9867334471230748
48,80,쌀밥,복매운탕,야채볶음(닭),옥수수구이,0.986215843808244
50,108,조밥,쏘가리매운탕,야채볶음(닭),옥수수구이,0.9859944080943502
51,540,기장밥,복매운탕,닭고기조림,감자구이,0.9859859124435644
52,56,쌀밥,어묵김치찌개,닭도리탕,옥수수구이,0.9859590267571516
54,537,기장밥,복매운탕,완자조림(돈육),옥수수구이,0.9858666565480444
61,73,쌀밥,낙지찌개,닭고기조림,옥수수구이,0.9855097661421934
68,75,쌀밥,낙지찌개,닭고기조림(옥수수),옥수수구이,0.9851107450835196
82,92,쌀밥,복매운탕,돼지고기조림,감자구이,0.983807120684312
92,542,기장밥,복매운탕,닭고기조림(옥수수),감자구이,0.9832587191116422
185,95,조밥,아구(매운)탕,야채볶음(닭),옥수수구이,0.9792608556609677
