,Unnamed: 0,밥,국,메인,서브,유사도
0,932,수수찹쌀밥,어묵김치찌개,야채볶음(닭),옥수수구이,0.9939588742077664
1,477,팥밥,어묵김치찌개,닭다리조림,콩나물찜,0.9932639918989588
2,581,완두콩밥,어묵김치찌개,닭도리탕,깻잎찜,0.9928234056365154
5,525,팥밥,복매운탕,닭고기조림,감자구이,0.9914915501770339
6,264,조밥,아구(매운)탕,완자조림(돈육),감자구이,0.991425194536142
7,141,찰밥,어묵김치찌개,완자조림(돈육),가지찜,0.990490791619558
8,541,완두콩밥,아구(매운)탕,닭고기조림(옥수수),옥수수구이,0.9904657315654596
9,270,조밥,아구(매운)탕,돼지고기조림,옥수수구이,0.9904092002587346
10,743,율무밥,어묵김치찌개,부추볶음(고기),감자구이,0.9901016300232276
11,415,콩밥(대두),낙지찌개,닭다리조림,감자구이,0.9900193782029336
12,778,율무밥,어묵김치찌개,돼지고기조림,옥수수버터구이,0.9899733371763592
16,91,쌀밥,복매운탕,돼지고기조림,옥수수구이,0.9895746786896616
19,637,녹두밥,쏘가리매운탕,완자조림(돈육),옥수수구이,0.9890869395159868
20,465,팥밥,어묵김치찌개,부추볶음(제육),감자구이,0.9889362725635008
21,338,조밥,복매운탕,닭다리조림,옥수수구이,0.9888060775462008
25,549,완두콩밥,쏘가리매운탕,돼지고기조림,옥수수구이,0.9880240740255752
26,175,찰밥,복매운탕,야채볶음(닭),감자구이,0.9879920779584734
31,266,조밥,아구(매운)탕,닭고기조림,감자구이,0.9876371396847023
33,750,율무밥,어묵김치찌개,구절판,깻잎찜,0.9873145066424815
35,505,팥밥,낙지찌개,야채볶음(닭),옥수수구이,0.9870689756510336
40,713,율무밥,오징어찌개,돼지고기조림,옥수수구이,0.9865898084245344
41,672,녹두밥,어묵김치찌개,닭고기조림(옥수수),깻잎찜,0.9862216231547724
51,207,현미밥,어묵김치찌개,떡볶음(돼지고기&간장),옥수수구이,0.9844755808181636
52,670,녹두밥,어묵김치찌개,닭고기조림,옥수수구이,0.9843963993623276
60,98,찰밥,아구(매운)탕,닭다리조림,감자구이,0.9834962838405726
62,977,수수찹쌀밥,낙지찌개,돼지고기조림,깻잎찜,0.9834070439801502
69,109,찰밥,쏘가리매운탕,닭다리조림,옥수수구이,0.9830690846030244
87,523,팥밥,복매운탕,완자조림(돈육),감자구이,0.9822575204153738
115,973,수수찹쌀밥,낙지찌개,닭고기조림,옥수수구이,0.981297225418559
119,728,율무밥,쏘가리매운탕,야채볶음(닭),옥수수구이,0.9811399002745572
129,695,녹두밥,낙지찌개,닭고기조림(옥수수),옥수수구이,0.9809393426737342
131,352,콩밥(대두),아구(매운)탕,야채볶음(닭),감자구이,0.980787643734312
149,881,차조밥,낙지찌개,완자조림(돈육),옥수수구이,0.9802044944589378
190,989,수수찹쌀밥,복매운탕,닭고기조림(옥수수),감자구이,0.9788411849232448
192,832,차조밥,해물찌개(넙치&장어),돼지고기조림,감자구이,0.9787779745912122
