,Unnamed: 0,밥,국,메인,서브,유사도
0,160,조밥,어묵김치찌개,돼지고기조림,김구이,0.9930760233700962
1,94,찰밥,해물찌개(넙치&장어),돼지고기조림,감자구이,0.9923723009644188
2,110,조밥,아구(매운)탕,돼지고기조림,감자구이,0.9919768660331928
3,180,조밥,복매운탕,완자조림(돈육),감자구이,0.9916380354030074
4,211,콩밥(대두),어묵김치찌개,부추볶음(제육),감자구이,0.9915388228684282
5,659,보리조밥,아구(매운)탕,닭다리조림,감자구이,0.9911423593812032
6,135,조밥,어묵김치찌개,닭다리조림,양배추찜,0.9910711695528353
7,78,쌀밥,낙지찌개,돼지고기조림,옥수수구이,0.9910381137492272
10,104,조밥,아구(매운)탕,닭고기조림,옥수수구이,0.9905886508215844
11,176,조밥,복매운탕,야채볶음(닭),감자구이,0.9897863719786671
12,219,콩밥(대두),어묵김치찌개,떡볶음(돼지고기&간장),감자구이,0.9896817703509952
17,631,보리팥밥,쏘가리매운탕,완자조림(돈육),감자구이,0.9894228951938124
20,217,콩밥(대두),어묵김치찌개,야채볶음(닭),감자구이,0.9892488866785898
21,132,조밥,어묵김치찌개,구절판,옥수수구이,0.9892322980357288
22,83,쌀밥,복매운탕,닭다리조림,감자구이,0.9891968036474856
25,272,콩밥(대두),복매운탕,닭고기조림(옥수수),옥수수구이,0.9889594409282904
26,53,쌀밥,어묵김치찌개,닭고기조림(옥수수),옥수수구이,0.988957457942068
28,412,잡곡밥(강남콩),오징어찌개,돼지고기조림,옥수수구이,0.988778732496774
29,166,조밥,낙지찌개,완자조림(돈육),옥수수구이,0.9887606749966569
31,241,콩밥(대두),어묵김치찌개,닭도리탕,감자구이,0.988557755558933
35,44,쌀밥,어묵김치찌개,완자조림(돈육),콩나물찜,0.9882351342308509
36,92,쌀밥,복매운탕,돼지고기조림,감자구이,0.9880743940974256
43,107,조밥,아구(매운)탕,닭고기조림(옥수수),감자구이,0.98715110059945
45,50,쌀밥,어묵김치찌개,닭고기조림,옥수수구이,0.9870644532051084
46,168,조밥,낙지찌개,닭고기조림,옥수수구이,0.986987459169258
53,162,조밥,낙지찌개,야채볶음(닭),옥수수구이,0.9862801637323836
57,113,조밥,쏘가리매운탕,닭다리조림,감자구이,0.9861279798209028
61,208,콩밥(대두),쏘가리매운탕,돼지고기조림,감자구이,0.9859826400750246
65,123,조밥,어묵김치찌개,부추볶음(고기),깻잎찜,0.9857399685341408
69,427,잡곡밥(강남콩),쏘가리매운탕,야채볶음(닭),옥수수구이,0.985422405562848
84,70,쌀밥,낙지찌개,닭다리조림,감자구이,0.9844210279815636
86,191,콩밥(대두),아구(매운)탕,야채볶음(닭),감자구이,0.9843201251376226
92,86,쌀밥,복매운탕,닭고기조림,옥수수구이,0.9839712746006932
146,170,조밥,낙지찌개,닭고기조림(옥수수),옥수수구이,0.9820140919823338
154,661,보리조밥,아구(매운)탕,완자조림(돈육),감자구이,0.9817075621707488
