,Unnamed: 0,밥,국,메인,서브,유사도
0,541,율무밥,쏘가리매운탕,완자조림(돈육),감자구이,0.993547117385409
1,276,콩밥(대두),어묵김치찌개,부추볶음(고기),옥수수구이,0.9928477916110372
2,332,콩밥(대두),복매운탕,완자조림(돈육),감자구이,0.9924297805266046
3,631,차조밥,어묵김치찌개,닭고기조림(옥수수),감자구이,0.9920821764523432
4,715,차수수밥,아구(매운)탕,완자조림(돈육),감자구이,0.9920100519081472
5,216,조밥,어묵김치찌개,돼지고기조림,콩나물찜,0.9915186979222332
6,444,완두콩밥,어묵김치찌개,구절판,옥수수구이,0.9915178489208212
8,144,현미밥,어묵김치찌개,닭다리조림,감자구이,0.9910378765436612
11,79,쌀밥,낙지찌개,돼지고기조림,감자구이,0.9901000016857822
13,147,현미밥,어묵김치찌개,닭고기조림,감자구이,0.9900005886821835
18,164,조밥,아구(매운)탕,닭다리조림,감자구이,0.9894296410460172
20,130,찰밥,복매운탕,닭다리조림,감자구이,0.9894015686300708
25,86,쌀밥,복매운탕,닭고기조림,옥수수구이,0.9887133671348528
26,366,팥밥,어묵김치찌개,부추볶음(제육),옥수수구이,0.9886934637576684
27,267,콩밥(대두),쏘가리매운탕,닭다리조림,감자구이,0.9885348566790448
28,192,조밥,어묵김치찌개,떡볶음(돼지고기&간장),옥수수구이,0.988374804612868
30,593,차조밥,오징어찌개,돼지고기조림,감자구이,0.9882311933536664
33,76,쌀밥,낙지찌개,닭고기조림(옥수수),감자구이,0.9876666519067876
34,317,콩밥(대두),낙지찌개,닭다리조림,감자구이,0.9876170800647576
35,100,찰밥,해물찌개(넙치&장어),돼지고기조림,옥수수구이,0.987590219204442
36,113,찰밥,어묵김치찌개,완자조림(돈육),양배추찜,0.987516472754856
42,350,팥밥,아구(매운)탕,닭고기조림(옥수수),옥수수구이,0.9872044059925448
44,431,팥밥,복매운탕,돼지고기조림,옥수수구이,0.986907041562552
49,318,콩밥(대두),낙지찌개,완자조림(돈육),옥수수구이,0.9865629916615184
50,710,수수찹쌀밥,복매운탕,닭고기조림(옥수수),감자구이,0.9864595258061916
54,373,팥밥,어묵김치찌개,야채볶음(닭),감자구이,0.986218664692704
57,777,검정콩밥,쏘가리매운탕,돼지고기조림,옥수수구이,0.986074061765028
64,315,콩밥(대두),낙지찌개,야채볶음(닭),감자구이,0.9850830306824768
70,253,콩밥(대두),아구(매운)탕,야채볶음(닭),옥수수구이,0.9844465578848758
80,80,쌀밥,복매운탕,야채볶음(닭),옥수수구이,0.9838794464992492
93,999,잡곡밥(강남콩),아구(매운)탕,닭고기조림,옥수수구이,0.9832743104284759
124,508,녹두밥,어묵김치찌개,닭도리탕,옥수수구이,0.9824279796307852
165,74,쌀밥,낙지찌개,닭고기조림,감자구이,0.9811437676992932
204,352,팥밥,아구(매운)탕,돼지고기조림,깻잎찜,0.9801290211152792
