,Unnamed: 0,밥,국,메인,서브,유사도
0,947,수수찹쌀밥,어묵김치찌개,닭도리탕,옥수수구이,0.9941218439839408
1,486,팥밥,어묵김치찌개,돼지고기조림,양배추찜,0.9934289398135098
2,589,완두콩밥,낙지찌개,닭고기조림,옥수수구이,0.99297837985215
3,384,콩밥(대두),어묵김치찌개,닭다리조림,감자구이,0.9921073406406858
4,782,율무밥,낙지찌개,닭고기조림(옥수수),감자구이,0.9920575433235014
5,534,완두콩밥,아구(매운)탕,돼지고기조림,감자구이,0.991659035179006
6,143,찰밥,어묵김치찌개,닭고기조림,감자구이,0.990644557013294
7,551,완두콩밥,어묵김치찌개,떡볶음(돼지고기&간장),감자구이,0.9906255525082064
8,273,조밥,쏘가리매운탕,야채볶음(닭),옥수수구이,0.990570847493483
9,753,율무밥,어묵김치찌개,완자조림(돈육),옥수수구이,0.9902617347174029
10,424,콩밥(대두),복매운탕,완자조림(돈육),옥수수구이,0.9901691422544544
11,788,율무밥,복매운탕,닭다리조림,옥수수구이,0.99014086681263
13,237,현미밥,낙지찌개,야채볶음(닭),감자구이,0.9899377791149129
15,95,찰밥,아구(매운)탕,완자조림(돈육),옥수수구이,0.9897408012482708
17,647,녹두밥,어묵김치찌개,구절판,옥수수구이,0.9892419194869024
19,342,조밥,복매운탕,닭고기조림(옥수수),감자구이,0.9889777758549699
22,124,찰밥,어묵김치찌개,야채볶음(닭),감자구이,0.988272360214386
25,201,현미밥,어묵김치찌개,부추볶음(고기),깻잎찜,0.98806430123753
26,878,차조밥,낙지찌개,돼지고기조림,깻잎찜,0.9880218152633804
28,269,조밥,아구(매운)탕,닭고기조림(옥수수),감자구이,0.987796138000514
30,760,율무밥,어묵김치찌개,닭고기조림(옥수수),감자구이,0.987475706389153
32,514,팥밥,복매운탕,닭고기조림,감자구이,0.9872322302227886
37,723,율무밥,쏘가리매운탕,완자조림(돈육),옥수수구이,0.9867571735169752
38,682,녹두밥,낙지찌개,완자조림(돈육),옥수수구이,0.98638507866198
39,434,팥밥,오징어찌개,돼지고기조림,감자구이,0.9857971258284322
45,918,수수찹쌀밥,어묵김치찌개,부추볶음(제육),감자구이,0.9848683741390394
48,680,녹두밥,낙지찌개,닭다리조림,옥수수구이,0.9845681749186316
52,713,율무밥,아구(매운)탕,닭고기조림,감자구이,0.9839192440860156
66,882,차조밥,복매운탕,야채볶음(닭),감자구이,0.9830191739997616
74,279,조밥,쏘가리매운탕,돼지고기조림,감자구이,0.9827408149816133
91,257,현미밥,복매운탕,돼지고기조림,감자구이,0.9819731203467064
109,988,차수수밥,아구(매운)탕,닭다리조림,옥수수구이,0.9814606195263956
151,275,조밥,쏘가리매운탕,닭다리조림,감자구이,0.9801338908043716
192,707,율무밥,아구(매운)탕,야채볶음(닭),감자구이,0.978761298509942
231,915,수수찹쌀밥,해물찌개(넙치&장어),돼지고기조림,옥수수구이,0.9778672873368404
