,Unnamed: 0,밥,국,메인,서브,유사도
0,846,차조밥,복매운탕,야채볶음(닭),옥수수구이,0.9938031958861488
1,437,팥밥,쏘가리매운탕,완자조림(돈육),옥수수구이,0.9931065513027364
2,528,완두콩밥,쏘가리매운탕,돼지고기조림,감자구이,0.9926748897306472
3,967,차수수밥,어묵김치찌개,부추볶음(제육),감자구이,0.9923219862727825
4,343,콩밥(대두),아구(매운)탕,돼지고기조림,감자구이,0.9917805789479326
6,479,팥밥,어묵김치찌개,돼지고기조림,가지찜,0.9913318581480836
7,237,조밥,오징어찌개,돼지고기조림,옥수수구이,0.9912791628500248
8,934,수수찹쌀밥,복매운탕,완자조림(돈육),옥수수구이,0.990507440111244
9,122,찰밥,어묵김치찌개,떡볶음(돼지고기&간장),옥수수구이,0.9903433801446168
10,492,팥밥,낙지찌개,닭고기조림,감자구이,0.9903129043691212
11,242,조밥,아구(매운)탕,닭다리조림,감자구이,0.9902547402247228
12,669,녹두밥,복매운탕,닭다리조림,감자구이,0.9899485526790988
13,378,콩밥(대두),어묵김치찌개,닭고기조림(옥수수),옥수수구이,0.9898755501601828
15,269,조밥,어묵김치찌개,야채볶음(닭),감자구이,0.989694852725836
20,132,찰밥,어묵김치찌개,완자조림(돈육),콩나물찜,0.988973907151134
22,426,팥밥,아구(매운)탕,닭고기조림,옥수수구이,0.9887846476179292
23,308,조밥,낙지찌개,완자조림(돈육),감자구이,0.9886426440181532
30,176,찰밥,복매운탕,돼지고기조림,감자구이,0.9877611838619595
32,894,수수찹쌀밥,어묵김치찌개,닭다리조림,옥수수구이,0.9876979556787521
33,425,팥밥,아구(매운)탕,완자조림(돈육),감자구이,0.9876412705333084
34,239,조밥,아구(매운)탕,야채볶음(닭),옥수수구이,0.9874850764642068
37,854,차조밥,복매운탕,닭고기조림(옥수수),옥수수구이,0.986975857343194
40,504,팥밥,복매운탕,닭고기조림,옥수수구이,0.9868119545322664
42,568,완두콩밥,낙지찌개,닭다리조림,감자구이,0.9865751022831664
44,644,녹두밥,어묵김치찌개,닭도리탕,옥수수구이,0.98643027256697
47,537,완두콩밥,어묵김치찌개,구절판,깻잎찜,0.985410661110418
48,497,팥밥,낙지찌개,돼지고기조림,감자구이,0.985275751499631
52,401,콩밥(대두),낙지찌개,닭고기조림(옥수수),감자구이,0.984705437466924
54,778,차조밥,아구(매운)탕,닭고기조림(옥수수),옥수수구이,0.9843907270148092
63,441,팥밥,해물찌개(넙치&장어),돼지고기조림,옥수수구이,0.9833965311591389
68,50,쌀밥,어묵김치찌개,닭고기조림,옥수수구이,0.983233303693822
69,154,찰밥,낙지찌개,야채볶음(닭),감자구이,0.9831949141307076
75,958,차수수밥,쏘가리매운탕,닭다리조림,감자구이,0.982901484359454
114,105,찰밥,쏘가리매운탕,야채볶음(닭),옥수수구이,0.9814118656490676
124,882,수수찹쌀밥,어묵김치찌개,부추볶음(고기),옥수수구이,0.9811412939641784
