,Unnamed: 0,밥,국,메인,서브,유사도
0,451,율무밥,어묵김치찌개,돼지고기조림,감자구이,0.9893632491557444
1,469,율무밥,복매운탕,완자조림(돈육),옥수수구이,0.9886022601429376
2,121,현미밥,어묵김치찌개,부추볶음(고기),감자구이,0.988567511486776
3,827,검정콩밥,낙지찌개,닭다리조림,옥수수구이,0.9882859866234772
4,940,찹쌀밥,복매운탕,닭고기조림(옥수수),옥수수구이,0.9882769911396552
5,532,차조밥,어묵김치찌개,닭고기조림(옥수수),깻잎찜,0.9873884876818708
6,602,수수찹쌀밥,어묵김치찌개,야채볶음(닭),옥수수구이,0.9871233512533534
7,621,수수찹쌀밥,어묵김치찌개,닭고기조림,감자구이,0.9870892024925852
8,681,차수수밥,쏘가리매운탕,닭다리조림,감자구이,0.987042550120222
10,440,율무밥,어묵김치찌개,닭도리탕,깻잎찜,0.9857804271991432
11,563,차조밥,복매운탕,닭다리조림,감자구이,0.985698688388358
12,326,녹두밥,어묵김치찌개,구절판,옥수수구이,0.9856897997566596
14,201,완두콩밥,아구(매운)탕,야채볶음(닭),옥수수구이,0.9848986040230884
17,671,차수수밥,아구(매운)탕,닭고기조림,옥수수구이,0.984185911311011
19,465,율무밥,복매운탕,야채볶음(닭),옥수수구이,0.9840309087809148
20,835,검정콩밥,낙지찌개,돼지고기조림,깻잎찜,0.9839822805219977
21,100,찰밥,복매운탕,돼지고기조림,깻잎찜,0.9839178830544366
24,55,찰밥,어묵김치찌개,완자조림(돈육),깻잎찜,0.9837980708760846
30,831,검정콩밥,낙지찌개,닭고기조림,옥수수구이,0.9833061914302133
32,520,차조밥,어묵김치찌개,닭다리조림,깻잎찜,0.983266453499167
35,267,완두콩밥,낙지찌개,완자조림(돈육),감자구이,0.9830360567928138
41,961,잡곡밥,쏘가리매운탕,야채볶음(닭),감자구이,0.9827183870306324
42,483,차조밥,아구(매운)탕,닭다리조림,감자구이,0.9826144245957172
44,763,검정콩밥,아구(매운)탕,완자조림(돈육),감자구이,0.9824649076645032
48,956,잡곡밥,아구(매운)탕,닭고기조림(옥수수),감자구이,0.9823048376564562
53,503,차조밥,어묵김치찌개,부추볶음(제육),깻잎찜,0.982221977096982
54,779,검정콩밥,해물찌개(넙치&장어),돼지고기조림,옥수수구이,0.9821055934067388
57,871,찹쌀밥,쏘가리매운탕,완자조림(돈육),감자구이,0.9820234312353092
58,154,현미밥,낙지찌개,야채볶음(닭),옥수수구이,0.9818900350715
65,927,찹쌀밥,낙지찌개,닭고기조림(옥수수),옥수수구이,0.9817386392502028
66,478,차조밥,오징어찌개,돼지고기조림,옥수수구이,0.9816995719545392
95,844,검정콩밥,복매운탕,닭고기조림,옥수수구이,0.9806571518266256
104,675,차수수밥,아구(매운)탕,돼지고기조림,깻잎찜,0.9801713903088032
183,310,녹두밥,쏘가리매운탕,돼지고기조림,감자구이,0.9782037620070636
197,981,잡곡밥,어묵김치찌개,떡볶음(돼지고기&간장),감자구이,0.9779392304650883
