,Unnamed: 0,밥,국,메인,서브,유사도
0,471,녹두밥,어묵김치찌개,돼지고기조림,감자구이,0.9936075694689256
1,571,율무밥,낙지찌개,완자조림(돈육),옥수수구이,0.9931453127828974
2,141,현미밥,아구(매운)탕,돼지고기조림,깻잎찜,0.9908101065346068
3,759,수수찹쌀밥,낙지찌개,닭고기조림,감자구이,0.9903225753552329
5,624,차조밥,어묵김치찌개,야채볶음(닭),콩나물찜,0.9894089153108352
6,459,녹두밥,어묵김치찌개,닭고기조림(옥수수),감자구이,0.9892658876204466
7,332,완두콩밥,쏘가리매운탕,완자조림(돈육),감자구이,0.9891643935419192
9,122,찰밥,복매운탕,닭다리조림,옥수수구이,0.9884599842789128
10,540,율무밥,어묵김치찌개,닭다리조림,깻잎찜,0.9883591015864144
11,846,차수수밥,낙지찌개,야채볶음(닭),감자구이,0.9881902625334062
12,962,검정콩밥,복매운탕,닭고기조림(옥수수),감자구이,0.988179532719064
14,919,검정콩밥,어묵김치찌개,완자조림(돈육),가지찜,0.9874449986567766
15,498,율무밥,오징어찌개,돼지고기조림,옥수수구이,0.9874089659539254
17,617,차조밥,해물찌개(넙치&장어),돼지고기조림,감자구이,0.9870317455122856
19,697,수수찹쌀밥,아구(매운)탕,닭고기조림,감자구이,0.9869387398174384
20,421,녹두밥,쏘가리매운탕,닭다리조림,감자구이,0.9859736119356844
21,580,율무밥,복매운탕,야채볶음(닭),옥수수구이,0.9859067658573026
23,577,율무밥,낙지찌개,돼지고기조림,깻잎찜,0.9855963669971533
26,204,현미밥,복매운탕,돼지고기조림,옥수수구이,0.9848021873951116
31,474,녹두밥,낙지찌개,닭다리조림,옥수수구이,0.9839228470037136
32,854,차수수밥,낙지찌개,닭고기조림(옥수수),감자구이,0.9838779034418392
34,959,검정콩밥,복매운탕,닭고기조림,옥수수구이,0.9837536114147084
37,174,현미밥,어묵김치찌개,닭도리탕,감자구이,0.9836937562738518
39,149,현미밥,어묵김치찌개,부추볶음(고기),깻잎찜,0.9835983165898258
49,40,찰밥,아구(매운)탕,야채볶음(닭),감자구이,0.9829422272301176
53,976,찹쌀밥,아구(매운)탕,닭고기조림(옥수수),옥수수구이,0.982805232509826
54,146,현미밥,어묵김치찌개,부추볶음(제육),깻잎찜,0.9827331251627964
59,520,율무밥,쏘가리매운탕,돼지고기조림,감자구이,0.9824172398978736
65,514,율무밥,쏘가리매운탕,야채볶음(닭),감자구이,0.9821551088561528
76,156,현미밥,어묵김치찌개,떡볶음(돼지고기&간장),감자구이,0.9817929506272296
90,784,차수수밥,아구(매운)탕,완자조림(돈육),옥수수구이,0.9814509981193456
96,679,차조밥,복매운탕,완자조림(돈육),옥수수구이,0.981285449087701
98,347,완두콩밥,어묵김치찌개,구절판,옥수수구이,0.9811303866289686
103,247,콩밥(대두),아구(매운)탕,닭다리조림,옥수수구이,0.9809306194964096
106,644,차조밥,어묵김치찌개,닭고기조림,깻잎찜,0.9808845511982
