,Unnamed: 0,밥,국,메인,서브,유사도
0,792,검정콩밥,낙지찌개,완자조림(돈육),감자구이,0.9884129817029752
1,502,차조밥,어묵김치찌개,닭도리탕,감자구이,0.9875173171854099
2,533,차조밥,복매운탕,닭고기조림(옥수수),옥수수구이,0.9858351978801124
3,307,녹두밥,어묵김치찌개,완자조림(돈육),감자구이,0.9858165147752772
4,784,검정콩밥,어묵김치찌개,돼지고기조림,더덕구이,0.9851719065634922
5,184,완두콩밥,쏘가리매운탕,닭다리조림,옥수수구이,0.9850266314361916
6,608,수수찹쌀밥,낙지찌개,닭고기조림,옥수수구이,0.98500527885042
7,639,차수수밥,아구(매운)탕,닭고기조림(옥수수),감자구이,0.984314347527068
8,515,차조밥,낙지찌개,닭다리조림,감자구이,0.9841773346871252
9,439,율무밥,복매운탕,닭고기조림,감자구이,0.9841756905821192
10,800,검정콩밥,복매운탕,야채볶음(닭),옥수수구이,0.984121764470418
13,155,현미밥,낙지찌개,닭고기조림(옥수수),옥수수구이,0.9839308397159304
17,497,차조밥,어묵김치찌개,닭고기조림(옥수수),깻잎찜,0.9836131091118396
21,677,차수수밥,어묵김치찌개,닭고기조림,옥수수구이,0.9832469196958606
22,248,완두콩밥,복매운탕,닭다리조림,감자구이,0.9831801699629408
23,30,찰밥,어묵김치찌개,부추볶음(고기),감자구이,0.9831649506261126
26,916,잡곡밥,아구(매운)탕,닭고기조림,감자구이,0.9830446939081672
29,922,잡곡밥,쏘가리매운탕,야채볶음(닭),옥수수구이,0.982858746434646
31,478,차조밥,어묵김치찌개,야채볶음(닭),감자구이,0.9826479632489948
34,125,현미밥,어묵김치찌개,닭다리조림,감자구이,0.982565331353645
37,541,수수찹쌀밥,아구(매운)탕,야채볶음(닭),감자구이,0.982414480931524
40,745,검정콩밥,어묵김치찌개,부추볶음(제육),옥수수구이,0.9822416095866184
41,104,현미밥,아구(매운)탕,돼지고기조림,깻잎찜,0.9821857624553167
43,836,찹쌀밥,해물찌개(넙치&장어),돼지고기조림,옥수수구이,0.9821664936623932
53,662,차수수밥,어묵김치찌개,떡볶음(돼지고기&간장),감자구이,0.981732335885803
65,419,율무밥,낙지찌개,야채볶음(닭),옥수수구이,0.9812187671234652
73,833,찹쌀밥,쏘가리매운탕,완자조림(돈육),감자구이,0.9810910835668516
80,244,완두콩밥,낙지찌개,돼지고기조림,감자구이,0.9805438598042432
82,820,찹쌀밥,아구(매운)탕,완자조림(돈육),감자구이,0.9804632578860591
83,262,녹두밥,아구(매운)탕,닭다리조림,옥수수구이,0.9803415819804341
104,905,찹쌀밥,복매운탕,돼지고기조림,옥수수구이,0.9794538159036191
109,436,율무밥,복매운탕,완자조림(돈육),옥수수구이,0.9792762118219368
124,259,녹두밥,오징어찌개,돼지고기조림,감자구이,0.9788871903383926
126,558,수수찹쌀밥,쏘가리매운탕,돼지고기조림,감자구이,0.9788441899999948
144,40,찰밥,어묵김치찌개,구절판,감자구이,0.978502514248165
