,Unnamed: 0,밥,국,메인,서브,유사도
0,945,수수찹쌀밥,어묵김치찌개,완자조림(돈육),양배추찜,0.9940276798203984
1,485,팥밥,어묵김치찌개,닭고기조림,깻잎찜,0.9933336144490948
2,589,완두콩밥,어묵김치찌개,돼지고기조림,더덕구이,0.9928889035835932
3,384,콩밥(대두),어묵김치찌개,닭다리조림,콩나물찜,0.9920106553226185
5,533,완두콩밥,아구(매운)탕,닭다리조림,옥수수구이,0.9915622192421298
6,269,조밥,아구(매운)탕,닭고기조림(옥수수),옥수수구이,0.9914895484488716
8,549,완두콩밥,쏘가리매운탕,돼지고기조림,감자구이,0.9905332301924368
9,275,조밥,쏘가리매운탕,닭다리조림,옥수수구이,0.9904774539490538
10,752,율무밥,어묵김치찌개,구절판,감자구이,0.9901692454569324
11,423,콩밥(대두),낙지찌개,돼지고기조림,옥수수구이,0.9900827178198524
12,787,율무밥,낙지찌개,완자조림(돈육),감자구이,0.9900440225279804
14,239,현미밥,낙지찌개,닭다리조림,옥수수구이,0.9898505026252056
17,66,쌀밥,낙지찌개,야채볶음(닭),감자구이,0.9892920110498976
19,646,녹두밥,어묵김치찌개,부추볶음(고기),깻잎찜,0.9891524345044712
21,344,조밥,복매운탕,닭고기조림(옥수수),옥수수구이,0.9888784849131514
22,493,팥밥,어묵김치찌개,닭도리탕,감자구이,0.9882127642436718
24,126,찰밥,어묵김치찌개,야채볶음(닭),감자구이,0.9881725705461368
26,179,찰밥,복매운탕,완자조림(돈육),감자구이,0.9880591127645836
29,999,차수수밥,아구(매운)탕,완자조림(돈육),옥수수구이,0.9879166572583252
30,472,팥밥,어묵김치찌개,떡볶음(돼지고기&간장),감자구이,0.9878772415293996
31,271,조밥,아구(매운)탕,돼지고기조림,깻잎찜,0.9877042941266596
32,620,녹두밥,아구(매운)탕,야채볶음(닭),옥수수구이,0.9876781449171822
38,637,녹두밥,쏘가리매운탕,완자조림(돈육),옥수수구이,0.9867831587472928
40,722,율무밥,아구(매운)탕,닭고기조림,감자구이,0.9866604209057
43,598,완두콩밥,낙지찌개,닭고기조림,옥수수구이,0.9856355251873612
46,342,조밥,복매운탕,닭고기조림,옥수수구이,0.9853362283155684
53,146,찰밥,어묵김치찌개,닭고기조림(옥수수),깻잎찜,0.984369845054256
56,712,녹두밥,복매운탕,돼지고기조림,감자구이,0.9838283040734802
59,885,차조밥,낙지찌개,닭고기조림(옥수수),옥수수구이,0.9835982824414544
78,281,조밥,해물찌개(넙치&장어),돼지고기조림,옥수수구이,0.9826410447475836
91,808,차조밥,오징어찌개,돼지고기조림,옥수수구이,0.9820534185942064
109,177,찰밥,복매운탕,닭다리조림,감자구이,0.9814673250732076
123,891,차조밥,복매운탕,야채볶음(닭),감자구이,0.9811140073952548
133,645,녹두밥,어묵김치찌개,부추볶음(제육),감자구이,0.9807245764488046
153,824,차조밥,쏘가리매운탕,야채볶음(닭),감자구이,0.980189526574317
