,Unnamed: 0,밥,국,메인,서브,유사도
0,28,조밥,해물찌개(넙치&장어),돼지고기조림,옥수수구이,0.988499174644956
1,26,조밥,쏘가리매운탕,완자조림(돈육),옥수수구이,0.9884409662786796
2,34,조밥,어묵김치찌개,닭다리조림,콩나물찜,0.98807028119075
3,38,조밥,어묵김치찌개,완자조림(돈육),옥수수구이,0.9867221063079004
8,18,쌀밥,어묵김치찌개,돼지고기조림,옥수수버터구이,0.9837399905118384
9,21,쌀밥,복매운탕,닭다리조림,감자구이,0.983554939928706
10,94,팥밥,복매운탕,완자조림(돈육),감자구이,0.983387636352206
13,1,쌀밥,쏘가리매운탕,닭다리조림,감자구이,0.982793286072907
14,9,쌀밥,어묵김치찌개,구절판,감자구이,0.9819556891209148
17,19,쌀밥,낙지찌개,닭다리조림,감자구이,0.980911525041403
20,85,팥밥,어묵김치찌개,닭도리탕,감자구이,0.9786051419233563
30,16,쌀밥,어묵김치찌개,닭고기조림,감자구이,0.9746894771007018
31,30,조밥,어묵김치찌개,떡볶음(돼지고기&간장),옥수수구이,0.9743334180532109
32,66,팥밥,아구(매운)탕,완자조림(돈육),감자구이,0.97418196181761
43,95,팥밥,복매운탕,닭고기조림,감자구이,0.9705477115804628
58,20,쌀밥,낙지찌개,완자조림(돈육),감자구이,0.9680029793370596
61,84,팥밥,어묵김치찌개,닭고기조림(옥수수),감자구이,0.9673194133932403
