,Unnamed: 0,밥,국,메인,서브,유사도
0,95,조밥,아구(매운)탕,닭다리조림,옥수수구이,0.9893903697087456
1,85,쌀밥,복매운탕,닭고기조림,감자구이,0.9893678991306398
2,116,조밥,어묵김치찌개,부추볶음(제육),감자구이,0.9889981959645616
3,53,쌀밥,어묵김치찌개,닭고기조림(옥수수),감자구이,0.9881483806690248
4,139,조밥,어묵김치찌개,닭고기조림,감자구이,0.9876136330454928
5,42,쌀밥,어묵김치찌개,닭다리조림,감자구이,0.9874176364258944
6,33,쌀밥,어묵김치찌개,떡볶음(돼지고기&간장),옥수수구이,0.9863854425763748
8,47,쌀밥,어묵김치찌개,완자조림(돈육),감자구이,0.98621467028148
9,30,쌀밥,어묵김치찌개,야채볶음(닭),깻잎찜,0.9856260026871818
10,68,쌀밥,낙지찌개,닭다리조림,옥수수구이,0.9854297419579182
11,13,쌀밥,아구(매운)탕,돼지고기조림,감자구이,0.985332458893078
13,163,조밥,낙지찌개,닭고기조림(옥수수),옥수수구이,0.9847159042913608
14,55,쌀밥,어묵김치찌개,닭도리탕,옥수수구이,0.9846257726968558
15,66,쌀밥,낙지찌개,야채볶음(닭),옥수수구이,0.9844702433184966
16,86,쌀밥,복매운탕,닭고기조림(옥수수),옥수수구이,0.9844643459369076
19,92,조밥,오징어찌개,돼지고기조림,감자구이,0.9842703034138159
25,16,쌀밥,쏘가리매운탕,닭다리조림,옥수수구이,0.9834335029868784
27,22,쌀밥,해물찌개(넙치&장어),돼지고기조림,옥수수구이,0.9829064602418272
28,20,쌀밥,쏘가리매운탕,돼지고기조림,옥수수구이,0.9828542589180106
29,7,쌀밥,아구(매운)탕,완자조림(돈육),감자구이,0.9828364692819552
31,60,쌀밥,어묵김치찌개,돼지고기조림,가지찜,0.9825643460952992
32,29,쌀밥,어묵김치찌개,부추볶음(고기),감자구이,0.9824604797524238
37,263,콩밥(대두),복매운탕,돼지고기조림,깻잎찜,0.9817369903037731
39,435,기장밥,아구(매운)탕,야채볶음(닭),감자구이,0.9815019713693808
45,19,쌀밥,쏘가리매운탕,완자조림(돈육),감자구이,0.9809611289028604
52,161,조밥,낙지찌개,닭고기조림,옥수수구이,0.9802520984842285
60,35,쌀밥,어묵김치찌개,구절판,깻잎찜,0.9775410088022372
75,496,기장밥,낙지찌개,완자조림(돈육),감자구이,0.9761752301346656
80,14,쌀밥,쏘가리매운탕,야채볶음(닭),옥수수구이,0.976040141309034
89,102,조밥,아구(매운)탕,닭고기조림(옥수수),감자구이,0.9751092387514106
92,275,팥밥,아구(매운)탕,닭고기조림,감자구이,0.974910935164132
98,502,기장밥,낙지찌개,돼지고기조림,감자구이,0.9744783663720384
99,78,쌀밥,복매운탕,야채볶음(닭),옥수수구이,0.9744367671701559
128,170,조밥,복매운탕,닭다리조림,감자구이,0.971864686178239
171,258,콩밥(대두),복매운탕,완자조림(돈육),감자구이,0.9687697933459304
