,Unnamed: 0,밥,국,메인,서브,유사도
0,247,콩밥(대두),어묵김치찌개,돼지고기조림,깻잎찜,0.9901872642000876
1,284,팥밥,아구(매운)탕,닭다리조림,옥수수구이,0.9901738323231202
2,326,팥밥,어묵김치찌개,완자조림(돈육),깻잎찜,0.9898185891773238
3,165,조밥,낙지찌개,야채볶음(닭),옥수수구이,0.9889424520846816
4,369,팥밥,복매운탕,닭고기조림(옥수수),감자구이,0.9883976295635054
5,140,조밥,어묵김치찌개,닭다리조림,옥수수구이,0.9882417299372648
6,124,조밥,어묵김치찌개,부추볶음(제육),옥수수구이,0.9871634188953272
7,86,쌀밥,복매운탕,닭고기조림,옥수수구이,0.9870653971515078
8,152,조밥,어묵김치찌개,닭고기조림(옥수수),감자구이,0.9870466271350102
9,116,조밥,쏘가리매운탕,닭다리조림,감자구이,0.9864564240645304
10,202,콩밥(대두),아구(매운)탕,닭고기조림(옥수수),감자구이,0.9862133540978318
11,57,쌀밥,어묵김치찌개,닭도리탕,감자구이,0.9861215674759329
14,168,조밥,낙지찌개,닭다리조림,감자구이,0.9854043361522432
18,136,조밥,어묵김치찌개,구절판,감자구이,0.9852289736999412
21,885,보리조밥,어묵김치찌개,부추볶음(고기),옥수수구이,0.9847670717712036
26,203,콩밥(대두),아구(매운)탕,돼지고기조림,깻잎찜,0.9839433174271802
27,77,쌀밥,낙지찌개,돼지고기조림,깻잎찜,0.9836857778386684
29,73,쌀밥,낙지찌개,닭고기조림,옥수수구이,0.9836458681329624
31,180,조밥,복매운탕,닭다리조림,옥수수구이,0.9833554797159936
32,105,조밥,아구(매운)탕,완자조림(돈육),옥수수구이,0.983303655039511
34,170,조밥,낙지찌개,완자조림(돈육),감자구이,0.9826355009507718
35,199,콩밥(대두),아구(매운)탕,닭고기조림,옥수수구이,0.9825889245068136
38,614,기장밥,오징어찌개,돼지고기조림,옥수수구이,0.9823678208488932
46,611,잡곡밥(강남콩),복매운탕,돼지고기조림,깻잎찜,0.9815919134811429
47,617,기장밥,아구(매운)탕,야채볶음(닭),감자구이,0.9815834310999486
55,149,조밥,어묵김치찌개,닭고기조림,감자구이,0.9811982917534444
59,408,차조밥,쏘가리매운탕,완자조림(돈육),감자구이,0.9802858480538468
61,182,조밥,복매운탕,완자조림(돈육),옥수수구이,0.9800391931640534
62,817,보리팥밥,어묵김치찌개,떡볶음(돼지고기&간장),감자구이,0.9799700318931654
64,262,콩밥(대두),낙지찌개,닭고기조림(옥수수),옥수수구이,0.9792036387248532
66,303,팥밥,해물찌개(넙치&장어),돼지고기조림,옥수수구이,0.9790048535646342
68,552,잡곡밥(강남콩),어묵김치찌개,야채볶음(닭),깻잎찜,0.978914627927157
70,178,조밥,복매운탕,야채볶음(닭),옥수수구이,0.9787772804299252
108,542,잡곡밥(강남콩),쏘가리매운탕,돼지고기조림,옥수수구이,0.975797983547724
247,537,잡곡밥(강남콩),쏘가리매운탕,야채볶음(닭),감자구이,0.9701972049831068
