,Unnamed: 0,밥,국,메인,서브,유사도
0,106,조밥,아구(매운)탕,돼지고기조림,옥수수구이,0.989564491412796
1,96,조밥,아구(매운)탕,야채볶음(닭),감자구이,0.9895495734155908
2,130,조밥,어묵김치찌개,구절판,감자구이,0.9891800830628998
3,61,쌀밥,어묵김치찌개,돼지고기조림,가지찜,0.9883247224640354
5,49,쌀밥,어묵김치찌개,닭고기조림,깻잎찜,0.9876002870907554
6,40,쌀밥,어묵김치찌개,닭다리조림,양배추찜,0.986558381869392
7,30,쌀밥,어묵김치찌개,부추볶음(고기),감자구이,0.9864551346313396
8,55,쌀밥,어묵김치찌개,닭도리탕,깻잎찜,0.9863989638426152
10,79,쌀밥,낙지찌개,돼지고기조림,감자구이,0.9856038578694608
11,19,쌀밥,쏘가리매운탕,완자조림(돈육),옥수수구이,0.9855077301753034
13,180,조밥,복매운탕,닭고기조림(옥수수),옥수수구이,0.9848967383166348
15,76,쌀밥,낙지찌개,닭고기조림(옥수수),감자구이,0.9846495303558448
16,97,조밥,아구(매운)탕,닭다리조림,옥수수구이,0.9846403957470728
17,47,쌀밥,어묵김치찌개,완자조림(돈육),옥수수구이,0.9846034272915448
19,103,조밥,아구(매운)탕,닭고기조림(옥수수),옥수수구이,0.9844503276969772
21,32,쌀밥,어묵김치찌개,야채볶음(닭),옥수수구이,0.9842014695769302
24,7,쌀밥,아구(매운)탕,완자조림(돈육),감자구이,0.9838540380825366
25,22,쌀밥,쏘가리매운탕,돼지고기조림,감자구이,0.9836167859578062
26,80,쌀밥,복매운탕,야채볶음(닭),옥수수구이,0.9832970911111574
28,26,쌀밥,어묵김치찌개,부추볶음(제육),옥수수구이,0.983030032951198
31,69,쌀밥,낙지찌개,닭다리조림,옥수수구이,0.9827400173513012
32,35,쌀밥,어묵김치찌개,떡볶음(돼지고기&간장),감자구이,0.9826470980264592
44,101,조밥,아구(매운)탕,닭고기조림,옥수수구이,0.9812446438275544
46,289,팥밥,쏘가리매운탕,야채볶음(닭),옥수수구이,0.9809575113109119
47,18,쌀밥,쏘가리매운탕,닭다리조림,감자구이,0.9809191252523041
51,72,쌀밥,낙지찌개,완자조림(돈육),감자구이,0.9808139438169476
53,53,쌀밥,어묵김치찌개,닭고기조림(옥수수),옥수수구이,0.9805631331184111
55,178,조밥,복매운탕,닭고기조림,옥수수구이,0.9804223334052472
57,74,쌀밥,낙지찌개,닭고기조림,감자구이,0.9795959375061484
62,67,쌀밥,낙지찌개,야채볶음(닭),옥수수구이,0.97813702398986
81,83,쌀밥,복매운탕,닭다리조림,감자구이,0.9763163639181426
95,116,조밥,해물찌개(넙치&장어),돼지고기조림,감자구이,0.9752591841657821
99,369,잡곡밥(강남콩),오징어찌개,돼지고기조림,옥수수구이,0.9748554360833116
131,90,쌀밥,복매운탕,돼지고기조림,깻잎찜,0.9726257818920124
204,359,팥밥,복매운탕,완자조림(돈육),감자구이,0.968107969787308
