,Unnamed: 0,밥,국,메인,서브,유사도
0,832,차조밥,낙지찌개,돼지고기조림,옥수수구이,0.9908727111549837
1,950,차수수밥,해물찌개(넙치&장어),돼지고기조림,옥수수구이,0.9908245767176928
2,516,완두콩밥,쏘가리매운탕,닭다리조림,옥수수구이,0.989603583676394
4,374,콩밥(대두),어묵김치찌개,닭도리탕,깻잎찜,0.9878091841212328
5,465,팥밥,어묵김치찌개,닭고기조림(옥수수),옥수수구이,0.9877445835568374
6,232,조밥,오징어찌개,돼지고기조림,감자구이,0.9877175684678318
7,335,콩밥(대두),아구(매운)탕,돼지고기조림,깻잎찜,0.9871529597849991
9,117,찰밥,어묵김치찌개,부추볶음(고기),감자구이,0.9867782054903476
10,530,완두콩밥,어묵김치찌개,구절판,깻잎찜,0.98605085823369
11,650,녹두밥,낙지찌개,닭고기조림,옥수수구이,0.9859536973081501
12,839,차조밥,복매운탕,완자조림(돈육),감자구이,0.985917539867778
13,418,팥밥,아구(매운)탕,완자조림(돈육),옥수수구이,0.9859000309391986
15,236,조밥,아구(매운)탕,닭다리조림,감자구이,0.9855130132014656
17,479,팥밥,낙지찌개,야채볶음(닭),옥수수구이,0.985318913500626
21,80,쌀밥,복매운탕,야채볶음(닭),옥수수구이,0.9843544731631582
22,206,현미밥,어묵김치찌개,돼지고기조림,콩나물찜,0.984333213844562
23,170,찰밥,복매운탕,닭고기조림(옥수수),옥수수구이,0.9843051897493308
24,415,팥밥,아구(매운)탕,야채볶음(닭),감자구이,0.9841625830650332
27,264,조밥,어묵김치찌개,떡볶음(돼지고기&간장),옥수수구이,0.9837843326831024
28,539,완두콩밥,어묵김치찌개,완자조림(돈육),양배추찜,0.9833113586086202
29,658,녹두밥,복매운탕,닭다리조림,옥수수구이,0.9832669495188096
31,483,팥밥,낙지찌개,완자조림(돈육),옥수수구이,0.982953572609815
32,427,팥밥,쏘가리매운탕,야채볶음(닭),옥수수구이,0.9828104222777282
36,928,수수찹쌀밥,복매운탕,돼지고기조림,감자구이,0.9821974253905764
38,451,팥밥,어묵김치찌개,닭다리조림,콩나물찜,0.9818815029724512
43,522,완두콩밥,어묵김치찌개,부추볶음(제육),옥수수구이,0.9802452152232308
46,558,완두콩밥,낙지찌개,닭다리조림,옥수수구이,0.9794669646958484
51,405,콩밥(대두),복매운탕,닭고기조림,옥수수구이,0.9775711265875022
52,119,찰밥,어묵김치찌개,야채볶음(닭),옥수수구이,0.9775569058976212
62,518,완두콩밥,쏘가리매운탕,완자조림(돈육),옥수수구이,0.9762724523332532
66,342,콩밥(대두),쏘가리매운탕,돼지고기조림,옥수수구이,0.9758249181027742
81,49,쌀밥,어묵김치찌개,닭고기조림,깻잎찜,0.973961532052735
98,653,녹두밥,낙지찌개,닭고기조림(옥수수),감자구이,0.9729367010183672
100,240,조밥,아구(매운)탕,닭고기조림,감자구이,0.9728780550342994
122,242,조밥,아구(매운)탕,닭고기조림(옥수수),감자구이,0.9716223535217664
