,Unnamed: 0,밥,국,메인,서브,유사도
0,292,팥밥,아구(매운)탕,야채볶음(닭),감자구이,0.9902538577537604
1,334,팥밥,어묵김치찌개,완자조림(돈육),양배추찜,0.9902372733588712
2,381,팥밥,복매운탕,돼지고기조림,감자구이,0.9898852750058914
3,188,조밥,복매운탕,야채볶음(닭),감자구이,0.9890068313372264
4,428,율무밥,어묵김치찌개,돼지고기조림,옥수수버터구이,0.988461127086744
5,158,조밥,어묵김치찌개,닭고기조림,감자구이,0.9883087492160844
6,140,조밥,어묵김치찌개,야채볶음(닭),감자구이,0.987226394460008
8,174,조밥,낙지찌개,야채볶음(닭),옥수수구이,0.9871143433559816
9,129,조밥,쏘가리매운탕,돼지고기조림,감자구이,0.9865240086472502
11,57,쌀밥,어묵김치찌개,닭도리탕,감자구이,0.9861855261976544
13,484,차수수밥,어묵김치찌개,닭다리조림,감자구이,0.9855977693885568
14,191,조밥,복매운탕,완자조림(돈육),옥수수구이,0.9854673727861945
15,231,콩밥(대두),어묵김치찌개,떡볶음(돼지고기&간장),감자구이,0.985344122346734
16,295,팥밥,아구(매운)탕,완자조림(돈육),옥수수구이,0.9853214858551512
17,390,녹두밥,쏘가리매운탕,닭다리조림,감자구이,0.9852993159710128
20,94,찰밥,해물찌개(넙치&장어),돼지고기조림,옥수수구이,0.9848997276313204
22,299,팥밥,아구(매운)탕,닭고기조림(옥수수),옥수수구이,0.9847607140151244
23,178,조밥,낙지찌개,완자조림(돈육),옥수수구이,0.9847107817181212
24,38,쌀밥,어묵김치찌개,구절판,감자구이,0.9845240893973496
29,75,쌀밥,낙지찌개,닭고기조림(옥수수),옥수수구이,0.9837100598231618
32,116,조밥,아구(매운)탕,닭고기조림,옥수수구이,0.9833723765913732
34,195,조밥,복매운탕,닭고기조림(옥수수),옥수수구이,0.9827011903982992
37,959,보리조밥,오징어찌개,돼지고기조림,감자구이,0.9824264808414038
38,698,기장밥,쏘가리매운탕,완자조림(돈육),감자구이,0.9824179014936092
39,180,조밥,낙지찌개,닭고기조림,옥수수구이,0.9823426646488068
40,949,보리팥밥,복매운탕,닭다리조림,감자구이,0.9822458652119184
44,319,팥밥,어묵김치찌개,부추볶음(고기),감자구이,0.9819044012250222
45,69,쌀밥,낙지찌개,닭다리조림,옥수수구이,0.9818281185332112
47,701,기장밥,어묵김치찌개,부추볶음(제육),깻잎찜,0.9816487532200124
50,375,팥밥,복매운탕,닭고기조림,옥수수구이,0.9816178052264244
56,204,콩밥(대두),아구(매운)탕,닭다리조림,옥수수구이,0.9811201439363331
82,213,콩밥(대두),아구(매운)탕,돼지고기조림,옥수수구이,0.9776245738345054
96,341,팥밥,어묵김치찌개,닭고기조림(옥수수),깻잎찜,0.9763974620168951
114,969,보리조밥,쏘가리매운탕,야채볶음(닭),옥수수구이,0.9753597158613314
126,77,쌀밥,낙지찌개,돼지고기조림,깻잎찜,0.9746334048370224
