,Unnamed: 0,밥,국,메인,서브,유사도
0,585,녹두밥,어묵김치찌개,완자조림(돈육),가지찜,0.9901607864520512
1,484,완두콩밥,어묵김치찌개,닭다리조림,양배추찜,0.9895183705390388
2,424,팥밥,어묵김치찌개,돼지고기조림,가지찜,0.9883511874019076
3,378,콩밥(대두),복매운탕,닭고기조림,감자구이,0.9877458804720664
5,142,찰밥,낙지찌개,야채볶음(닭),옥수수구이,0.987331207442645
6,950,차수수밥,어묵김치찌개,구절판,감자구이,0.9864743464960921
7,472,완두콩밥,어묵김치찌개,부추볶음(고기),깻잎찜,0.9864675671978538
10,151,찰밥,낙지찌개,닭고기조림(옥수수),감자구이,0.985544859929982
12,95,찰밥,해물찌개(넙치&장어),돼지고기조림,옥수수구이,0.9849434364178498
13,235,현미밥,복매운탕,닭다리조림,감자구이,0.9848772590355096
14,468,완두콩밥,쏘가리매운탕,돼지고기조림,감자구이,0.9847695692359114
16,637,율무밥,아구(매운)탕,닭다리조림,감자구이,0.984569926461024
17,300,조밥,낙지찌개,돼지고기조림,옥수수구이,0.9843836161242498
19,549,녹두밥,아구(매운)탕,돼지고기조림,깻잎찜,0.9835270422149032
21,174,현미밥,아구(매운)탕,완자조림(돈육),옥수수구이,0.982998773426734
26,631,녹두밥,복매운탕,돼지고기조림,감자구이,0.982244044439824
28,647,율무밥,쏘가리매운탕,야채볶음(닭),옥수수구이,0.9813218237901395
29,591,녹두밥,어묵김치찌개,닭고기조림(옥수수),깻잎찜,0.9808253505029956
30,996,차수수밥,복매운탕,완자조림(돈육),옥수수구이,0.9804350384553936
31,874,수수찹쌀밥,어묵김치찌개,닭도리탕,깻잎찜,0.9803752621394948
32,634,율무밥,아구(매운)탕,야채볶음(닭),옥수수구이,0.9800538385020788
33,431,팥밥,낙지찌개,닭다리조림,옥수수구이,0.979847955720164
35,563,녹두밥,어묵김치찌개,부추볶음(제육),옥수수구이,0.9791446882441563
37,458,완두콩밥,아구(매운)탕,닭고기조림(옥수수),옥수수구이,0.9781587774265008
41,465,완두콩밥,쏘가리매운탕,완자조림(돈육),옥수수구이,0.9773611423886124
54,202,현미밥,어묵김치찌개,닭고기조림,옥수수구이,0.9751095683490888
57,105,찰밥,어묵김치찌개,야채볶음(닭),깻잎찜,0.9746841047297052
61,992,차수수밥,복매운탕,야채볶음(닭),옥수수구이,0.974513183672196
62,56,쌀밥,낙지찌개,닭고기조림,감자구이,0.974512957471842
71,912,차수수밥,오징어찌개,돼지고기조림,옥수수구이,0.9736478766856059
79,147,찰밥,낙지찌개,완자조림(돈육),감자구이,0.9732318818627302
91,817,차조밥,복매운탕,닭고기조림(옥수수),옥수수구이,0.9724568246044212
96,464,완두콩밥,쏘가리매운탕,닭다리조림,감자구이,0.9721736167307632
99,853,수수찹쌀밥,어묵김치찌개,떡볶음(돼지고기&간장),옥수수구이,0.972037144647598
131,9,쌀밥,아구(매운)탕,닭고기조림,감자구이,0.9708332313112036
