,Unnamed: 0,밥,국,메인,서브,유사도
0,898,수수찹쌀밥,아구(매운)탕,닭고기조림(옥수수),옥수수구이,0.9910084622071352
1,559,완두콩밥,어묵김치찌개,닭다리조림,옥수수구이,0.9897340422356014
2,460,팥밥,어묵김치찌개,부추볶음(고기),옥수수구이,0.9890687791756784
3,401,콩밥(대두),어묵김치찌개,돼지고기조림,옥수수버터구이,0.9879363119984708
4,502,팥밥,낙지찌개,완자조림(돈육),옥수수구이,0.987883110646158
5,256,조밥,아구(매운)탕,완자조림(돈육),옥수수구이,0.987846096693545
6,359,콩밥(대두),쏘가리매운탕,완자조림(돈육),옥수수구이,0.9872911849275834
7,737,율무밥,어묵김치찌개,구절판,옥수수구이,0.9869930225183516
9,574,완두콩밥,어묵김치찌개,닭도리탕,감자구이,0.9861781761541472
11,906,수수찹쌀밥,쏘가리매운탕,돼지고기조림,옥수수구이,0.9860478786931274
12,448,팥밥,쏘가리매운탕,닭다리조림,옥수수구이,0.9860327093415244
16,516,팥밥,복매운탕,완자조림(돈육),감자구이,0.9854521613952856
18,144,찰밥,어묵김치찌개,닭고기조림,감자구이,0.9850921571720136
20,90,쌀밥,복매운탕,돼지고기조림,깻잎찜,0.9844918100173896
22,190,현미밥,아구(매운)탕,돼지고기조림,옥수수구이,0.9844353275973204
27,583,완두콩밥,낙지찌개,야채볶음(닭),옥수수구이,0.983445121836328
28,715,율무밥,쏘가리매운탕,야채볶음(닭),감자구이,0.9834011867111876
31,458,팥밥,어묵김치찌개,부추볶음(제육),감자구이,0.98294386341662
32,971,수수찹쌀밥,복매운탕,닭고기조림(옥수수),옥수수구이,0.9826047107585509
33,165,찰밥,낙지찌개,닭고기조림,옥수수구이,0.982564849547904
35,641,녹두밥,어묵김치찌개,떡볶음(돼지고기&간장),옥수수구이,0.9822704219543951
36,483,팥밥,어묵김치찌개,닭고기조림(옥수수),깻잎찜,0.9820168923082824
40,616,녹두밥,아구(매운)탕,닭고기조림,감자구이,0.9808694748534758
41,565,완두콩밥,어묵김치찌개,완자조림(돈육),감자구이,0.9803805898450332
44,602,완두콩밥,복매운탕,닭고기조림,감자구이,0.9796038016998764
45,408,콩밥(대두),낙지찌개,닭다리조림,감자구이,0.9794044877228346
49,434,팥밥,아구(매운)탕,야채볶음(닭),감자구이,0.9777081158813926
57,435,팥밥,아구(매운)탕,닭다리조림,옥수수구이,0.9765382615975912
59,326,조밥,낙지찌개,돼지고기조림,깻잎찜,0.9764008794137444
71,549,완두콩밥,어묵김치찌개,야채볶음(닭),옥수수구이,0.9742915121637794
86,514,팥밥,복매운탕,닭다리조림,감자구이,0.9735125060426552
93,777,율무밥,낙지찌개,닭고기조림(옥수수),감자구이,0.9730269984469244
114,723,율무밥,해물찌개(넙치&장어),돼지고기조림,감자구이,0.971941442837582
145,888,수수찹쌀밥,오징어찌개,돼지고기조림,옥수수구이,0.9706536476956842
168,875,차조밥,복매운탕,야채볶음(닭),옥수수구이,0.969479280008356
