,Unnamed: 0,밥,국,메인,서브,유사도
0,468,녹두밥,어묵김치찌개,닭다리조림,양배추찜,0.9904991166296956
1,542,율무밥,낙지찌개,닭다리조림,감자구이,0.990470548389866
2,616,수수찹쌀밥,쏘가리매운탕,완자조림(돈육),감자구이,0.9901308875921304
3,293,콩밥(대두),어묵김치찌개,돼지고기조림,콩나물찜,0.9892436827076266
5,246,콩밥(대두),아구(매운)탕,완자조림(돈육),감자구이,0.9885556419404636
6,213,조밥,낙지찌개,야채볶음(닭),옥수수구이,0.987457924038868
7,267,콩밥(대두),어묵김치찌개,야채볶음(닭),옥수수구이,0.9873638949515771
8,129,현미밥,어묵김치찌개,구절판,옥수수구이,0.9873626951592216
9,192,조밥,어묵김치찌개,완자조림(돈육),깻잎찜,0.9867730645368268
10,383,팥밥,어묵김치찌개,닭도리탕,깻잎찜,0.9865102675956856
11,74,쌀밥,낙지찌개,닭고기조림,감자구이,0.9864208014412988
13,776,찹쌀밥,낙지찌개,완자조림(돈육),감자구이,0.9858418972258488
18,237,조밥,복매운탕,돼지고기조림,옥수수구이,0.9855344852751731
21,476,녹두밥,어묵김치찌개,닭고기조림,옥수수구이,0.9850102702225112
24,80,쌀밥,복매운탕,야채볶음(닭),옥수수구이,0.9845761697058842
29,235,조밥,복매운탕,닭고기조림(옥수수),감자구이,0.98377490875879
31,171,조밥,어묵김치찌개,부추볶음(제육),깻잎찜,0.9836257796641644
32,149,조밥,아구(매운)탕,야채볶음(닭),옥수수구이,0.9834010125685222
38,606,차조밥,복매운탕,닭고기조림,감자구이,0.9824295745569992
39,620,수수찹쌀밥,어묵김치찌개,부추볶음(고기),감자구이,0.9823135482591372
40,509,율무밥,쏘가리매운탕,돼지고기조림,감자구이,0.982132912161312
45,532,율무밥,어묵김치찌개,닭고기조림(옥수수),옥수수구이,0.9818217211753923
46,339,팥밥,아구(매운)탕,닭고기조림(옥수수),감자구이,0.9817615498338048
47,754,검정콩밥,복매운탕,완자조림(돈육),옥수수구이,0.981691407623247
58,974,잡곡밥(강남콩),낙지찌개,돼지고기조림,옥수수구이,0.9793401018482594
71,911,잡곡밥(강남콩),쏘가리매운탕,야채볶음(닭),옥수수구이,0.9778565184707096
77,228,조밥,복매운탕,닭다리조림,옥수수구이,0.9771946455562333
79,76,쌀밥,낙지찌개,닭고기조림(옥수수),감자구이,0.9771794145693592
88,824,잡곡밥(옥수수),오징어찌개,돼지고기조림,감자구이,0.9762032555282252
95,253,콩밥(대두),아구(매운)탕,돼지고기조림,감자구이,0.9757221048893816
99,164,조밥,쏘가리매운탕,닭다리조림,감자구이,0.975394030086824
101,426,완두콩밥,어묵김치찌개,떡볶음(돼지고기&간장),옥수수구이,0.9749181884576894
135,450,녹두밥,아구(매운)탕,닭다리조림,감자구이,0.9735508891487672
147,905,잡곡밥(강남콩),아구(매운)탕,닭고기조림,감자구이,0.9729443655901352
171,510,율무밥,해물찌개(넙치&장어),돼지고기조림,옥수수구이,0.9721204809250796
