,Unnamed: 0,밥,국,메인,서브,유사도
0,950,수수찹쌀밥,어묵김치찌개,닭도리탕,감자구이,0.9912855673749956
1,590,완두콩밥,낙지찌개,완자조림(돈육),감자구이,0.9899996966728042
2,487,팥밥,어묵김치찌개,돼지고기조림,콩나물찜,0.9893482401387602
3,427,콩밥(대두),복매운탕,닭고기조림,감자구이,0.9881947774903984
4,532,완두콩밥,아구(매운)탕,닭고기조림(옥수수),옥수수구이,0.9881662877203872
5,381,콩밥(대두),어묵김치찌개,닭다리조림,양배추찜,0.9875737177115004
6,781,율무밥,낙지찌개,닭고기조림,옥수수구이,0.9872541606617048
7,142,찰밥,어묵김치찌개,닭고기조림,옥수수구이,0.9871713846786168
8,607,완두콩밥,복매운탕,닭고기조림(옥수수),감자구이,0.9864370840725868
11,475,팥밥,어묵김치찌개,완자조림(돈육),깻잎찜,0.9863032399735141
12,273,조밥,쏘가리매운탕,야채볶음(닭),옥수수구이,0.9859219466547988
14,549,완두콩밥,어묵김치찌개,야채볶음(닭),깻잎찜,0.9857239366033058
16,785,율무밥,낙지찌개,돼지고기조림,깻잎찜,0.9850606988648792
17,94,찰밥,아구(매운)탕,닭다리조림,감자구이,0.9847724657124466
18,237,현미밥,낙지찌개,야채볶음(닭),감자구이,0.9847201782975208
19,200,현미밥,어묵김치찌개,부추볶음(제육),감자구이,0.9847003786134252
21,337,조밥,복매운탕,완자조림(돈육),옥수수구이,0.9844425741784342
24,619,녹두밥,아구(매운)탕,닭고기조림,옥수수구이,0.9837180489307183
27,554,완두콩밥,어묵김치찌개,구절판,깻잎찜,0.983360846799986
29,175,찰밥,복매운탕,닭다리조림,감자구이,0.9828347886689818
39,641,녹두밥,어묵김치찌개,부추볶음(고기),감자구이,0.979883458529448
40,434,팥밥,오징어찌개,돼지고기조림,감자구이,0.9796801719955897
43,665,녹두밥,어묵김치찌개,닭고기조림(옥수수),깻잎찜,0.9786673613163416
56,328,조밥,낙지찌개,닭고기조림(옥수수),옥수수구이,0.9761806864723386
57,916,수수찹쌀밥,쏘가리매운탕,돼지고기조림,감자구이,0.976072590383846
59,208,현미밥,어묵김치찌개,떡볶음(돼지고기&간장),감자구이,0.9756268029354472
61,256,현미밥,복매운탕,돼지고기조림,옥수수구이,0.9750633214590488
63,718,율무밥,아구(매운)탕,돼지고기조림,깻잎찜,0.9747584649833468
66,883,차조밥,복매운탕,야채볶음(닭),옥수수구이,0.9745001795475272
81,277,조밥,쏘가리매운탕,완자조림(돈육),감자구이,0.9733065040691584
92,808,차조밥,아구(매운)탕,완자조림(돈육),감자구이,0.9726641437222452
98,824,차조밥,해물찌개(넙치&장어),돼지고기조림,옥수수구이,0.9722882900963666
118,778,율무밥,낙지찌개,닭다리조림,감자구이,0.9713997152590622
142,899,수수찹쌀밥,아구(매운)탕,야채볶음(닭),감자구이,0.9705102931837156
191,537,완두콩밥,쏘가리매운탕,닭다리조림,옥수수구이,0.9683095223725968
