,Unnamed: 0,밥,국,메인,서브,유사도
0,456,율무밥,해물찌개(넙치&장어),돼지고기조림,감자구이,0.9866394510755744
1,324,완두콩밥,복매운탕,야채볶음(닭),옥수수구이,0.9848040074287848
2,614,차조밥,복매운탕,완자조림(돈육),감자구이,0.9847377138816621
3,121,현미밥,아구(매운)탕,닭다리조림,감자구이,0.98308117133114
4,473,율무밥,어묵김치찌개,닭다리조림,양배추찜,0.9824556382131178
6,683,수수찹쌀밥,어묵김치찌개,돼지고기조림,더덕구이,0.9817083730689444
7,624,수수찹쌀밥,아구(매운)탕,야채볶음(닭),옥수수구이,0.9815015486615252
9,955,찹쌀밥,어묵김치찌개,닭고기조림(옥수수),감자구이,0.9806059370661486
10,839,검정콩밥,어묵김치찌개,야채볶음(닭),감자구이,0.9805436527719028
11,418,녹두밥,낙지찌개,돼지고기조림,감자구이,0.9800237839468828
12,543,차조밥,쏘가리매운탕,야채볶음(닭),감자구이,0.9793148002389904
13,142,현미밥,어묵김치찌개,구절판,감자구이,0.9783260178190266
14,450,율무밥,쏘가리매운탕,닭다리조림,감자구이,0.9775254866324636
15,372,녹두밥,어묵김치찌개,떡볶음(돼지고기&간장),옥수수구이,0.977460131871915
16,444,율무밥,아구(매운)탕,돼지고기조림,깻잎찜,0.977137203818642
19,148,현미밥,어묵김치찌개,완자조림(돈육),감자구이,0.9768986276420384
21,825,검정콩밥,쏘가리매운탕,완자조림(돈육),감자구이,0.976100380818863
23,648,수수찹쌀밥,어묵김치찌개,부추볶음(고기),옥수수구이,0.9758803474687504
29,171,현미밥,낙지찌개,완자조림(돈육),옥수수구이,0.974705678396066
30,951,찹쌀밥,어묵김치찌개,닭고기조림,옥수수구이,0.9746864271276926
36,524,율무밥,복매운탕,돼지고기조림,깻잎찜,0.974151690621908
37,227,콩밥(대두),낙지찌개,야채볶음(닭),감자구이,0.9741263498403936
40,876,검정콩밥,낙지찌개,닭다리조림,옥수수구이,0.9738193592255
46,816,검정콩밥,아구(매운)탕,닭고기조림(옥수수),감자구이,0.9734811072911596
51,510,율무밥,낙지찌개,닭고기조림(옥수수),감자구이,0.9730901820665762
52,631,수수찹쌀밥,아구(매운)탕,닭고기조림,감자구이,0.9730460275596692
55,517,율무밥,복매운탕,닭다리조림,감자구이,0.9729894598132228
58,830,검정콩밥,어묵김치찌개,부추볶음(제육),깻잎찜,0.9727855455874272
61,785,차수수밥,낙지찌개,닭고기조림,옥수수구이,0.9726335811214706
65,268,완두콩밥,쏘가리매운탕,돼지고기조림,감자구이,0.9723608226835856
66,117,현미밥,오징어찌개,돼지고기조림,감자구이,0.97235520375933
71,155,현미밥,어묵김치찌개,닭도리탕,깻잎찜,0.9721492801462466
78,705,수수찹쌀밥,복매운탕,닭고기조림,옥수수구이,0.9717705083100778
89,344,녹두밥,아구(매운)탕,완자조림(돈육),감자구이,0.9712887148537691
92,896,검정콩밥,복매운탕,닭고기조림(옥수수),감자구이,0.9711582283961844
