,Unnamed: 0,밥,국,메인,서브,유사도
0,755,검정콩밥,어묵김치찌개,닭고기조림(옥수수),옥수수구이,0.9808287501766508
1,993,잡곡밥(옥수수),아구(매운)탕,돼지고기조림,옥수수구이,0.980792135603787
2,477,차조밥,어묵김치찌개,닭다리조림,옥수수구이,0.9796032039369984
4,982,잡곡밥(옥수수),아구(매운)탕,야채볶음(닭),옥수수구이,0.9758639149025824
6,757,검정콩밥,어묵김치찌개,닭도리탕,깻잎찜,0.9751603836444724
7,409,율무밥,어묵김치찌개,돼지고기조림,김구이,0.9751078815483908
10,38,찰밥,어묵김치찌개,구절판,옥수수구이,0.9749614883532168
12,922,잡곡밥,어묵김치찌개,떡볶음(돼지고기&간장),옥수수구이,0.9746450553812304
14,458,차조밥,쏘가리매운탕,돼지고기조림,옥수수구이,0.9744628324690112
15,977,잡곡밥,복매운탕,돼지고기조림,깻잎찜,0.97441968804475
16,194,완두콩밥,어묵김치찌개,야채볶음(닭),깻잎찜,0.9744169354261611
18,871,찹쌀밥,낙지찌개,닭고기조림(옥수수),옥수수구이,0.9740056907191972
19,639,차수수밥,어묵김치찌개,부추볶음(제육),옥수수구이,0.973999045406998
20,546,수수찹쌀밥,쏘가리매운탕,완자조림(돈육),감자구이,0.9738581769088108
23,885,찹쌀밥,복매운탕,닭고기조림(옥수수),감자구이,0.9735838753661612
24,424,율무밥,복매운탕,야채볶음(닭),옥수수구이,0.9735258315132296
25,303,녹두밥,어묵김치찌개,닭고기조림,옥수수구이,0.9735241205963204
28,112,현미밥,어묵김치찌개,부추볶음(고기),감자구이,0.9733056733266936
30,507,차조밥,낙지찌개,완자조림(돈육),감자구이,0.9731019576034649
32,746,검정콩밥,어묵김치찌개,완자조림(돈육),양배추찜,0.9730978890391546
36,800,찹쌀밥,아구(매운)탕,닭다리조림,감자구이,0.9727355602290568
38,229,완두콩밥,낙지찌개,야채볶음(닭),옥수수구이,0.97265286126954
45,235,완두콩밥,낙지찌개,닭고기조림,옥수수구이,0.9723772832409896
49,698,차수수밥,복매운탕,닭고기조림,감자구이,0.9720723623847722
55,428,율무밥,복매운탕,완자조림(돈육),옥수수구이,0.9719026900808412
67,970,잡곡밥,복매운탕,닭다리조림,감자구이,0.9711819590667644
70,70,찰밥,낙지찌개,닭다리조림,옥수수구이,0.9709612060953569
74,806,찹쌀밥,아구(매운)탕,닭고기조림(옥수수),감자구이,0.9706052532923556
76,796,찹쌀밥,오징어찌개,돼지고기조림,감자구이,0.970488130439533
77,272,녹두밥,쏘가리매운탕,닭다리조림,옥수수구이,0.970235806225634
90,621,차수수밥,아구(매운)탕,완자조림(돈육),옥수수구이,0.969346626619927
95,239,완두콩밥,낙지찌개,돼지고기조림,깻잎찜,0.9690658973230564
140,904,잡곡밥,쏘가리매운탕,야채볶음(닭),옥수수구이,0.9677709664311904
212,9,찰밥,아구(매운)탕,닭고기조림,감자구이,0.9661583655691648
