,Unnamed: 0,밥,국,메인,서브,유사도
0,861,밤밥,아구(매운)탕,닭다리조림,옥수수구이,0.979431655189226
1,984,보리콩밥,오징어찌개,돼지고기조림,옥수수구이,0.9770297859043364
2,455,수수찹쌀밥,어묵김치찌개,구절판,깻잎찜,0.976349603415308
3,389,차조밥,어묵김치찌개,야채볶음(닭),감자구이,0.9752992195408317
4,788,잡곡밥,복매운탕,닭고기조림,감자구이,0.9750150310924354
5,588,검정콩밥,어묵김치찌개,부추볶음(제육),옥수수구이,0.974946335263706
6,914,밤밥,어묵김치찌개,돼지고기조림,옥수수구이,0.9748332816127144
7,378,차조밥,쏘가리매운탕,야채볶음(닭),감자구이,0.9747250466078318
8,901,밤밥,어묵김치찌개,닭고기조림,깻잎찜,0.9744990018675278
10,952,보리밥,아구(매운)탕,닭고기조림(옥수수),감자구이,0.9742981713194564
11,683,찹쌀밥,어묵김치찌개,닭고기조림(옥수수),감자구이,0.974152897871148
13,91,현미밥,아구(매운)탕,돼지고기조림,옥수수구이,0.9738805868662632
16,359,율무밥,복매운탕,닭고기조림(옥수수),감자구이,0.973424386329546
19,622,검정콩밥,낙지찌개,돼지고기조림,옥수수구이,0.9731240208523358
22,860,밤밥,아구(매운)탕,야채볶음(닭),감자구이,0.9729812757363392
24,276,녹두밥,낙지찌개,야채볶음(닭),감자구이,0.9726296254072482
25,98,현미밥,어묵김치찌개,부추볶음(고기),깻잎찜,0.97257606723226
30,873,밤밥,쏘가리매운탕,닭다리조림,옥수수구이,0.9721756457867646
34,575,검정콩밥,아구(매운)탕,완자조림(돈육),옥수수구이,0.9717842911459182
37,314,율무밥,쏘가리매운탕,돼지고기조림,감자구이,0.971617503442296
39,762,잡곡밥,어묵김치찌개,닭도리탕,깻잎찜,0.9713455691786028
45,926,밤밥,낙지찌개,닭고기조림,감자구이,0.971012364851874
50,965,보리밥,어묵김치찌개,닭다리조림,깻잎찜,0.9708476901146998
53,482,수수찹쌀밥,낙지찌개,닭고기조림(옥수수),옥수수구이,0.9706905552829592
54,865,밤밥,아구(매운)탕,닭고기조림,옥수수구이,0.9706775771390136
61,278,녹두밥,낙지찌개,닭다리조림,감자구이,0.9698696298132008
73,224,완두콩밥,복매운탕,돼지고기조림,깻잎찜,0.9690611280029641
75,206,완두콩밥,낙지찌개,완자조림(돈육),옥수수구이,0.9688356134013008
89,459,수수찹쌀밥,어묵김치찌개,완자조림(돈육),깻잎찜,0.9681760218398674
93,561,차수수밥,복매운탕,닭다리조림,옥수수구이,0.9679379581908054
94,560,차수수밥,복매운탕,야채볶음(닭),감자구이,0.9679345876857176
123,652,찹쌀밥,쏘가리매운탕,완자조림(돈육),감자구이,0.9671140376184828
134,104,현미밥,어묵김치찌개,떡볶음(돼지고기&간장),옥수수구이,0.9667769838394026
240,145,현미밥,복매운탕,완자조림(돈육),옥수수구이,0.9643543745552338
