,Unnamed: 0,밥,국,메인,서브,유사도
0,655,차수수밥,쏘가리매운탕,돼지고기조림,옥수수구이,0.9819043029659382
1,923,잡곡밥,아구(매운)탕,완자조림(돈육),감자구이,0.9807906163676964
2,808,검정콩밥,낙지찌개,돼지고기조림,감자구이,0.9807253900325068
3,519,차조밥,낙지찌개,야채볶음(닭),감자구이,0.9794985773569448
4,542,차조밥,복매운탕,돼지고기조림,옥수수구이,0.9772259537514284
5,316,녹두밥,어묵김치찌개,닭도리탕,깻잎찜,0.977174896702396
6,794,검정콩밥,어묵김치찌개,돼지고기조림,김구이,0.9763030613077656
10,531,차조밥,복매운탕,야채볶음(닭),옥수수구이,0.9750610902589086
12,450,차조밥,오징어찌개,돼지고기조림,감자구이,0.9749919440101368
14,908,찹쌀밥,복매운탕,완자조림(돈육),감자구이,0.974876955234614
15,919,잡곡밥,아구(매운)탕,야채볶음(닭),감자구이,0.974873953820409
16,51,찰밥,어묵김치찌개,완자조림(돈육),감자구이,0.9748593064088932
17,798,검정콩밥,낙지찌개,닭다리조림,옥수수구이,0.9747007126276248
21,500,차조밥,어묵김치찌개,닭고기조림,깻잎찜,0.9743495139962579
24,932,잡곡밥,쏘가리매운탕,야채볶음(닭),감자구이,0.9738954580986564
25,688,차수수밥,어묵김치찌개,닭고기조림(옥수수),감자구이,0.973889053755158
26,254,완두콩밥,복매운탕,닭고기조림(옥수수),옥수수구이,0.9738684935996004
27,35,찰밥,어묵김치찌개,야채볶음(닭),감자구이,0.9738527979427832
34,741,검정콩밥,아구(매운)탕,돼지고기조림,감자구이,0.9732471999509152
37,493,차조밥,어묵김치찌개,닭다리조림,감자구이,0.9731761298079248
39,720,차수수밥,복매운탕,닭고기조림,옥수수구이,0.9729867530298246
43,756,검정콩밥,어묵김치찌개,부추볶음(고기),옥수수구이,0.9728252635167364
46,109,현미밥,어묵김치찌개,부추볶음(제육),깻잎찜,0.972555839242544
48,432,율무밥,낙지찌개,닭고기조림(옥수수),감자구이,0.972541959882672
53,905,찹쌀밥,복매운탕,닭다리조림,옥수수구이,0.972314238926648
54,279,녹두밥,쏘가리매운탕,완자조림(돈육),감자구이,0.9722824328665032
57,669,차수수밥,어묵김치찌개,떡볶음(돼지고기&간장),감자구이,0.9720526471987634
67,801,검정콩밥,낙지찌개,완자조림(돈육),감자구이,0.9717498198893384
72,430,율무밥,낙지찌개,닭고기조림,감자구이,0.9713523818574152
77,9,찰밥,아구(매운)탕,닭고기조림,감자구이,0.9712392204279762
80,826,찹쌀밥,아구(매운)탕,닭다리조림,옥수수구이,0.9710552745776396
86,860,찹쌀밥,어묵김치찌개,구절판,옥수수구이,0.970521803769697
95,657,차수수밥,해물찌개(넙치&장어),돼지고기조림,옥수수구이,0.9700582966707776
101,645,차수수밥,아구(매운)탕,닭고기조림(옥수수),감자구이,0.9698517813600372
148,934,잡곡밥,쏘가리매운탕,닭다리조림,감자구이,0.9681862737472584
