,Unnamed: 0,밥,국,메인,서브,유사도
0,578,율무밥,어묵김치찌개,부추볶음(고기),옥수수구이,0.9902318653851594
1,477,녹두밥,해물찌개(넙치&장어),돼지고기조림,옥수수구이,0.9895936313687111
2,141,찰밥,복매운탕,닭고기조림,옥수수구이,0.9874017103113476
3,932,검정콩밥,아구(매운)탕,닭고기조림(옥수수),옥수수구이,0.9865454007548295
4,466,녹두밥,아구(매운)탕,돼지고기조림,깻잎찜,0.9865401555476918
6,940,검정콩밥,쏘가리매운탕,닭다리조림,감자구이,0.9860620951850844
9,462,녹두밥,아구(매운)탕,닭고기조림,옥수수구이,0.9848478125250312
11,628,율무밥,낙지찌개,돼지고기조림,깻잎찜,0.9846408180839152
13,121,찰밥,어묵김치찌개,돼지고기조림,감자구이,0.9829736731199477
15,502,녹두밥,어묵김치찌개,완자조림(돈육),가지찜,0.9825360621661474
17,623,율무밥,낙지찌개,완자조림(돈육),감자구이,0.9823129940938672
18,698,차조밥,어묵김치찌개,닭고기조림(옥수수),깻잎찜,0.9816040156998752
20,584,율무밥,어묵김치찌개,떡볶음(돼지고기&간장),옥수수구이,0.9808997890760228
25,556,율무밥,아구(매운)탕,완자조림(돈육),감자구이,0.979216532688149
26,452,완두콩밥,복매운탕,돼지고기조림,옥수수구이,0.978234313631632
27,143,찰밥,복매운탕,닭고기조림(옥수수),옥수수구이,0.9782221454965075
30,459,녹두밥,아구(매운)탕,닭다리조림,감자구이,0.9774305992327584
33,580,율무밥,어묵김치찌개,야채볶음(닭),콩나물찜,0.9769307178942916
35,149,현미밥,오징어찌개,돼지고기조림,감자구이,0.9767943770954152
36,492,녹두밥,어묵김치찌개,구절판,옥수수구이,0.9766936173395141
37,382,완두콩밥,쏘가리매운탕,완자조림(돈육),옥수수구이,0.9764817577002242
39,844,차수수밥,쏘가리매운탕,야채볶음(닭),옥수수구이,0.9759926861244776
43,199,현미밥,낙지찌개,야채볶음(닭),옥수수구이,0.9751841123129004
46,104,찰밥,어묵김치찌개,닭고기조림,깻잎찜,0.9747552565828488
48,480,녹두밥,어묵김치찌개,부추볶음(제육),옥수수구이,0.9746824678388356
51,962,검정콩밥,어묵김치찌개,닭다리조림,콩나물찜,0.9745842862866324
54,552,율무밥,아구(매운)탕,야채볶음(닭),감자구이,0.9742137401559972
56,536,녹두밥,복매운탕,야채볶음(닭),옥수수구이,0.9740464363481968
62,40,쌀밥,낙지찌개,닭고기조림(옥수수),옥수수구이,0.97357467012075
66,633,율무밥,복매운탕,닭다리조림,옥수수구이,0.9734136041120086
75,529,녹두밥,낙지찌개,닭고기조림,옥수수구이,0.9728897877793716
100,758,수수찹쌀밥,쏘가리매운탕,돼지고기조림,옥수수구이,0.9716466285541692
107,445,완두콩밥,복매운탕,완자조림(돈육),옥수수구이,0.9714893136323918
118,249,조밥,어묵김치찌개,닭도리탕,깻잎찜,0.9710218602313776
169,526,녹두밥,낙지찌개,닭다리조림,감자구이,0.9685517578606776
