,Unnamed: 0,밥,국,메인,서브,유사도
0,95,조밥,아구(매운)탕,닭다리조림,옥수수구이,0.9837908582470536
1,139,조밥,어묵김치찌개,닭고기조림,감자구이,0.9837192688710252
2,116,조밥,어묵김치찌개,부추볶음(제육),감자구이,0.9830404557577612
3,85,쌀밥,복매운탕,닭고기조림,감자구이,0.9818865207923032
4,53,쌀밥,어묵김치찌개,닭고기조림(옥수수),감자구이,0.9804952766556858
5,33,쌀밥,어묵김치찌개,떡볶음(돼지고기&간장),옥수수구이,0.9800812688823972
6,55,쌀밥,어묵김치찌개,닭도리탕,옥수수구이,0.9800337065032256
7,86,쌀밥,복매운탕,닭고기조림(옥수수),옥수수구이,0.9794751871706362
8,42,쌀밥,어묵김치찌개,닭다리조림,감자구이,0.9783174374204604
9,118,조밥,어묵김치찌개,부추볶음(고기),옥수수구이,0.978164852089055
11,47,쌀밥,어묵김치찌개,완자조림(돈육),감자구이,0.9778742806710594
12,13,쌀밥,아구(매운)탕,돼지고기조림,감자구이,0.9770686030379332
14,163,조밥,낙지찌개,닭고기조림(옥수수),옥수수구이,0.9765262251747366
15,120,조밥,어묵김치찌개,야채볶음(닭),옥수수구이,0.9762394614292764
17,66,쌀밥,낙지찌개,야채볶음(닭),옥수수구이,0.9755971944322128
18,68,쌀밥,낙지찌개,닭다리조림,옥수수구이,0.9754019493965222
22,20,쌀밥,쏘가리매운탕,돼지고기조림,옥수수구이,0.9747353055805064
23,16,쌀밥,쏘가리매운탕,닭다리조림,옥수수구이,0.9745600238294392
25,92,조밥,오징어찌개,돼지고기조림,감자구이,0.9744204355229044
27,161,조밥,낙지찌개,닭고기조림,옥수수구이,0.9737086143443504
34,7,쌀밥,아구(매운)탕,완자조림(돈육),감자구이,0.9726082247906206
36,60,쌀밥,어묵김치찌개,돼지고기조림,가지찜,0.9725212594168592
37,22,쌀밥,해물찌개(넙치&장어),돼지고기조림,옥수수구이,0.9723678551919264
46,94,조밥,아구(매운)탕,야채볶음(닭),감자구이,0.970844085604292
47,19,쌀밥,쏘가리매운탕,완자조림(돈육),감자구이,0.9702799431804966
49,90,쌀밥,복매운탕,돼지고기조림,감자구이,0.9696511441013016
62,35,쌀밥,어묵김치찌개,구절판,깻잎찜,0.9665769874616572
75,14,쌀밥,쏘가리매운탕,야채볶음(닭),옥수수구이,0.9638644273318392
89,496,기장밥,낙지찌개,완자조림(돈육),감자구이,0.9615451587673394
95,79,쌀밥,복매운탕,야채볶음(닭),감자구이,0.9608148769036936
99,102,조밥,아구(매운)탕,닭고기조림(옥수수),감자구이,0.9603643223825472
102,275,팥밥,아구(매운)탕,닭고기조림,감자구이,0.9597433989955704
107,502,기장밥,낙지찌개,돼지고기조림,감자구이,0.9593081859782708
112,80,쌀밥,복매운탕,닭다리조림,옥수수구이,0.9589959000438556
176,258,콩밥(대두),복매운탕,완자조림(돈육),감자구이,0.951905411702306
