,Unnamed: 0,밥,국,메인,서브,유사도
0,284,팥밥,아구(매운)탕,닭다리조림,옥수수구이,0.9848491272711436
1,369,팥밥,복매운탕,닭고기조림(옥수수),감자구이,0.9847800132204726
2,326,팥밥,어묵김치찌개,완자조림(돈육),깻잎찜,0.9841407082148144
3,247,콩밥(대두),어묵김치찌개,돼지고기조림,깻잎찜,0.9829837257033384
4,165,조밥,낙지찌개,야채볶음(닭),옥수수구이,0.9815629539330196
5,124,조밥,어묵김치찌개,부추볶음(제육),옥수수구이,0.9811318363597218
6,168,조밥,낙지찌개,닭다리조림,감자구이,0.981086822187991
8,140,조밥,어묵김치찌개,닭다리조림,옥수수구이,0.9794177155079472
10,86,쌀밥,복매운탕,닭고기조림,옥수수구이,0.9790536418948635
11,152,조밥,어묵김치찌개,닭고기조림(옥수수),감자구이,0.9789843693296351
12,57,쌀밥,어묵김치찌개,닭도리탕,감자구이,0.9781293311405229
13,136,조밥,어묵김치찌개,구절판,감자구이,0.9781240062389984
16,116,조밥,쏘가리매운탕,닭다리조림,감자구이,0.977039781246136
18,202,콩밥(대두),아구(매운)탕,닭고기조림(옥수수),감자구이,0.9764541389235426
22,73,쌀밥,낙지찌개,닭고기조림,옥수수구이,0.9757986845648514
29,199,콩밥(대두),아구(매운)탕,닭고기조림,옥수수구이,0.9741513088798104
31,105,조밥,아구(매운)탕,완자조림(돈육),옥수수구이,0.9739093510144498
32,170,조밥,낙지찌개,완자조림(돈육),감자구이,0.9738694208378512
33,203,콩밥(대두),아구(매운)탕,돼지고기조림,깻잎찜,0.9737995247888224
36,180,조밥,복매운탕,닭다리조림,옥수수구이,0.9735816114799204
38,77,쌀밥,낙지찌개,돼지고기조림,깻잎찜,0.9734140393553266
40,885,보리조밥,어묵김치찌개,부추볶음(고기),옥수수구이,0.973056418830872
46,281,팥밥,오징어찌개,돼지고기조림,감자구이,0.9719399747678892
49,149,조밥,어묵김치찌개,닭고기조림,감자구이,0.9712734730345666
55,178,조밥,복매운탕,야채볶음(닭),옥수수구이,0.9696463852604628
59,182,조밥,복매운탕,완자조림(돈육),옥수수구이,0.9691838963392876
60,617,기장밥,아구(매운)탕,야채볶음(닭),감자구이,0.9687660546039616
61,611,잡곡밥(강남콩),복매운탕,돼지고기조림,깻잎찜,0.9686676572102582
69,392,율무밥,쏘가리매운탕,완자조림(돈육),감자구이,0.9675625374613614
74,817,보리팥밥,어묵김치찌개,떡볶음(돼지고기&간장),감자구이,0.9664242904848386
75,263,콩밥(대두),낙지찌개,닭고기조림(옥수수),감자구이,0.9660232577329791
79,130,조밥,어묵김치찌개,야채볶음(닭),옥수수구이,0.9655982351665536
81,303,팥밥,해물찌개(넙치&장어),돼지고기조림,옥수수구이,0.9654685351687716
90,119,조밥,쏘가리매운탕,돼지고기조림,옥수수구이,0.9640058023257256
239,295,팥밥,쏘가리매운탕,야채볶음(닭),옥수수구이,0.9539984430139764
