,Unnamed: 0,밥,국,메인,서브,유사도
0,28,조밥,해물찌개(넙치&장어),돼지고기조림,옥수수구이,0.9825920900720498
1,38,조밥,어묵김치찌개,완자조림(돈육),옥수수구이,0.982518048778855
2,34,조밥,어묵김치찌개,닭다리조림,콩나물찜,0.9818000323552106
3,26,조밥,쏘가리매운탕,완자조림(돈육),옥수수구이,0.980649300403596
5,18,쌀밥,어묵김치찌개,돼지고기조림,옥수수버터구이,0.9788406224987692
9,21,쌀밥,복매운탕,닭다리조림,감자구이,0.9743762044204456
10,1,쌀밥,쏘가리매운탕,닭다리조림,감자구이,0.9737001487089324
11,9,쌀밥,어묵김치찌개,구절판,감자구이,0.9735327974193346
14,19,쌀밥,낙지찌개,닭다리조림,감자구이,0.9715674664318092
15,94,팥밥,복매운탕,완자조림(돈육),감자구이,0.9711578220426712
20,85,팥밥,어묵김치찌개,닭도리탕,감자구이,0.9645489870235908
27,100,기장밥,아구(매운)탕,완자조림(돈육),감자구이,0.9610292643195988
30,16,쌀밥,어묵김치찌개,닭고기조림,감자구이,0.9596187481445546
32,30,조밥,어묵김치찌개,떡볶음(돼지고기&간장),옥수수구이,0.9593137217251941
44,95,팥밥,복매운탕,닭고기조림,감자구이,0.9540348603236904
59,20,쌀밥,낙지찌개,완자조림(돈육),감자구이,0.9509722420518092
62,84,팥밥,어묵김치찌개,닭고기조림(옥수수),감자구이,0.9502023951726064
