,Unnamed: 0,밥,국,메인,서브,유사도
0,334,팥밥,어묵김치찌개,완자조림(돈육),양배추찜,0.984935049062621
1,428,율무밥,어묵김치찌개,돼지고기조림,옥수수버터구이,0.984866152936458
2,381,팥밥,복매운탕,돼지고기조림,감자구이,0.984230322861074
3,292,팥밥,아구(매운)탕,야채볶음(닭),감자구이,0.9830730809209052
4,188,조밥,복매운탕,야채볶음(닭),감자구이,0.981649725615013
5,140,조밥,어묵김치찌개,야채볶음(닭),감자구이,0.9812171082093984
6,191,조밥,복매운탕,완자조림(돈육),옥수수구이,0.9811723181919144
7,295,팥밥,아구(매운)탕,완자조림(돈육),옥수수구이,0.9806311111242716
8,158,조밥,어묵김치찌개,닭고기조림,감자구이,0.9795073661467106
9,384,완두콩밥,어묵김치찌개,구절판,감자구이,0.9793221191267266
11,174,조밥,낙지찌개,야채볶음(닭),옥수수구이,0.9790748848175692
12,57,쌀밥,어묵김치찌개,닭도리탕,감자구이,0.9782155169419896
14,484,차수수밥,어묵김치찌개,닭다리조림,감자구이,0.977706272469326
16,129,조밥,쏘가리매운탕,돼지고기조림,감자구이,0.9771299967317556
17,231,콩밥(대두),어묵김치찌개,떡볶음(돼지고기&간장),감자구이,0.9767670722733398
19,390,녹두밥,쏘가리매운탕,닭다리조림,감자구이,0.9760769982566284
21,299,팥밥,아구(매운)탕,닭고기조림(옥수수),옥수수구이,0.9760194947478834
22,75,쌀밥,낙지찌개,닭고기조림(옥수수),옥수수구이,0.9758851198679996
26,94,찰밥,해물찌개(넙치&장어),돼지고기조림,옥수수구이,0.9753830640595836
27,178,조밥,낙지찌개,완자조림(돈육),옥수수구이,0.9748329565135138
31,116,조밥,아구(매운)탕,닭고기조림,옥수수구이,0.9740008344506162
32,195,조밥,복매운탕,닭고기조림(옥수수),옥수수구이,0.9739574708098109
42,180,조밥,낙지찌개,닭고기조림,옥수수구이,0.9725944876001872
43,375,팥밥,복매운탕,닭고기조림,옥수수구이,0.972439641353176
47,204,콩밥(대두),아구(매운)탕,닭다리조림,옥수수구이,0.9714489935156824
48,69,쌀밥,낙지찌개,닭다리조림,옥수수구이,0.9714387910437444
51,319,팥밥,어묵김치찌개,부추볶음(고기),감자구이,0.9707671746108392
52,959,보리조밥,오징어찌개,돼지고기조림,감자구이,0.9704001749032232
53,698,기장밥,쏘가리매운탕,완자조림(돈육),감자구이,0.9699923174445506
56,190,조밥,복매운탕,닭다리조림,감자구이,0.9695640786889612
60,701,기장밥,어묵김치찌개,부추볶음(제육),깻잎찜,0.9688532473172271
64,341,팥밥,어묵김치찌개,닭고기조림(옥수수),깻잎찜,0.9685504963890618
66,213,콩밥(대두),아구(매운)탕,돼지고기조림,옥수수구이,0.9678827496615028
103,368,팥밥,낙지찌개,돼지고기조림,감자구이,0.962407047312232
123,969,보리조밥,쏘가리매운탕,야채볶음(닭),옥수수구이,0.9603726792211864
