,Unnamed: 0,밥,국,메인,서브,유사도
0,106,조밥,아구(매운)탕,돼지고기조림,옥수수구이,0.984025648393384
1,155,조밥,어묵김치찌개,돼지고기조림,옥수수버터구이,0.9839545787366036
2,130,조밥,어묵김치찌개,구절판,감자구이,0.9832840665038104
3,96,조밥,아구(매운)탕,야채볶음(닭),감자구이,0.9821294762525488
5,40,쌀밥,어묵김치찌개,닭다리조림,양배추찜,0.9803143931835347
7,97,조밥,아구(매운)탕,닭다리조림,옥수수구이,0.9797121862268094
8,49,쌀밥,어묵김치찌개,닭고기조림,깻잎찜,0.9785609949102496
10,30,쌀밥,어묵김치찌개,부추볶음(고기),감자구이,0.9782321481982156
11,55,쌀밥,어묵김치찌개,닭도리탕,깻잎찜,0.9781198960085042
12,19,쌀밥,쏘가리매운탕,완자조림(돈육),옥수수구이,0.9773038269036054
13,47,쌀밥,어묵김치찌개,완자조림(돈육),옥수수구이,0.9772842717193044
14,180,조밥,복매운탕,닭고기조림(옥수수),옥수수구이,0.9767678474940832
17,76,쌀밥,낙지찌개,닭고기조림(옥수수),감자구이,0.9758368377923712
18,79,쌀밥,낙지찌개,돼지고기조림,감자구이,0.975635356741474
20,7,쌀밥,아구(매운)탕,완자조림(돈육),감자구이,0.9751218255295716
22,26,쌀밥,어묵김치찌개,부추볶음(제육),옥수수구이,0.9749710580041279
23,22,쌀밥,쏘가리매운탕,돼지고기조림,감자구이,0.974804226888524
25,103,조밥,아구(매운)탕,닭고기조림(옥수수),옥수수구이,0.9746606480913124
26,32,쌀밥,어묵김치찌개,야채볶음(닭),옥수수구이,0.9744496970918208
27,178,조밥,복매운탕,닭고기조림,옥수수구이,0.9739383372954332
31,35,쌀밥,어묵김치찌개,떡볶음(돼지고기&간장),감자구이,0.9730364385680831
33,80,쌀밥,복매운탕,야채볶음(닭),옥수수구이,0.9729391536712346
36,69,쌀밥,낙지찌개,닭다리조림,옥수수구이,0.9727563477288026
41,72,쌀밥,낙지찌개,완자조림(돈육),감자구이,0.9721094937009528
49,53,쌀밥,어묵김치찌개,닭고기조림(옥수수),옥수수구이,0.9704259742357966
50,18,쌀밥,쏘가리매운탕,닭다리조림,감자구이,0.9699830952826636
51,101,조밥,아구(매운)탕,닭고기조림,옥수수구이,0.9698802946892704
54,74,쌀밥,낙지찌개,닭고기조림,감자구이,0.9688565529413304
55,67,쌀밥,낙지찌개,야채볶음(닭),옥수수구이,0.9687925517650142
60,289,팥밥,쏘가리매운탕,야채볶음(닭),옥수수구이,0.967931983121492
69,83,쌀밥,복매운탕,닭다리조림,감자구이,0.9665444654630618
101,90,쌀밥,복매운탕,돼지고기조림,깻잎찜,0.9610508485397748
105,116,조밥,해물찌개(넙치&장어),돼지고기조림,감자구이,0.9605682321957032
110,369,잡곡밥(강남콩),오징어찌개,돼지고기조림,옥수수구이,0.959838045958663
203,359,팥밥,복매운탕,완자조림(돈육),감자구이,0.9512441875018688
