,Unnamed: 0,밥,국,메인,서브,유사도
0,950,차수수밥,해물찌개(넙치&장어),돼지고기조림,옥수수구이,0.9857325672907086
1,832,차조밥,낙지찌개,돼지고기조림,옥수수구이,0.9839050888303787
2,516,완두콩밥,쏘가리매운탕,닭다리조림,옥수수구이,0.9824559608088792
3,374,콩밥(대두),어묵김치찌개,닭도리탕,깻잎찜,0.9820083564124013
4,530,완두콩밥,어묵김치찌개,구절판,깻잎찜,0.981965813202771
5,839,차조밥,복매운탕,완자조림(돈육),감자구이,0.9814386703518762
7,232,조밥,오징어찌개,돼지고기조림,감자구이,0.979935386813478
8,465,팥밥,어묵김치찌개,닭고기조림(옥수수),옥수수구이,0.979918762166163
9,418,팥밥,아구(매운)탕,완자조림(돈육),옥수수구이,0.9790282096285484
10,117,찰밥,어묵김치찌개,부추볶음(고기),감자구이,0.9790161053735048
11,335,콩밥(대두),아구(매운)탕,돼지고기조림,깻잎찜,0.977970994485958
12,650,녹두밥,낙지찌개,닭고기조림,옥수수구이,0.9775864107337298
16,170,찰밥,복매운탕,닭고기조림(옥수수),옥수수구이,0.9766883541836454
18,415,팥밥,아구(매운)탕,야채볶음(닭),감자구이,0.9765064013592496
20,236,조밥,아구(매운)탕,닭다리조림,감자구이,0.976205701327944
21,479,팥밥,낙지찌개,야채볶음(닭),옥수수구이,0.9756492848868398
22,658,녹두밥,복매운탕,닭다리조림,옥수수구이,0.9750617224159784
24,539,완두콩밥,어묵김치찌개,완자조림(돈육),양배추찜,0.9747769917954676
26,80,쌀밥,복매운탕,야채볶음(닭),옥수수구이,0.9746335350523586
28,206,현미밥,어묵김치찌개,돼지고기조림,콩나물찜,0.9742874178005064
31,483,팥밥,낙지찌개,완자조림(돈육),옥수수구이,0.973413835301456
32,264,조밥,어묵김치찌개,떡볶음(돼지고기&간장),옥수수구이,0.9729592140951624
33,427,팥밥,쏘가리매운탕,야채볶음(닭),옥수수구이,0.9729368728411868
34,928,수수찹쌀밥,복매운탕,돼지고기조림,감자구이,0.9728616362572424
37,451,팥밥,어묵김치찌개,닭다리조림,콩나물찜,0.9721880559644756
41,558,완두콩밥,낙지찌개,닭다리조림,옥수수구이,0.9705689332844368
42,522,완두콩밥,어묵김치찌개,부추볶음(제육),옥수수구이,0.9703894501224454
53,405,콩밥(대두),복매운탕,닭고기조림,옥수수구이,0.9665188563473328
57,119,찰밥,어묵김치찌개,야채볶음(닭),옥수수구이,0.9658816596535368
58,342,콩밥(대두),쏘가리매운탕,돼지고기조림,옥수수구이,0.9649197257384244
70,518,완두콩밥,쏘가리매운탕,완자조림(돈육),옥수수구이,0.961674016718795
75,717,율무밥,어묵김치찌개,닭고기조림,옥수수구이,0.96055100555381
100,240,조밥,아구(매운)탕,닭고기조림,감자구이,0.957342074641207
101,653,녹두밥,낙지찌개,닭고기조림(옥수수),감자구이,0.9573154140814762
124,242,조밥,아구(매운)탕,닭고기조림(옥수수),감자구이,0.9557046119064035
