,Unnamed: 0,밥,국,메인,서브,유사도
0,898,수수찹쌀밥,아구(매운)탕,닭고기조림(옥수수),옥수수구이,0.9840880574267028
1,559,완두콩밥,어묵김치찌개,닭다리조림,옥수수구이,0.9826327615492096
2,401,콩밥(대두),어묵김치찌개,돼지고기조림,옥수수버터구이,0.9821815637004429
3,574,완두콩밥,어묵김치찌개,닭도리탕,감자구이,0.9821395611002076
4,906,수수찹쌀밥,쏘가리매운탕,돼지고기조림,옥수수구이,0.9816158067653812
5,460,팥밥,어묵김치찌개,부추볶음(고기),옥수수구이,0.9805263532506321
6,256,조밥,아구(매운)탕,완자조림(돈육),옥수수구이,0.9801097741397105
7,502,팥밥,낙지찌개,완자조림(돈육),옥수수구이,0.9801046515009232
8,448,팥밥,쏘가리매운탕,닭다리조림,옥수수구이,0.9792075202206688
10,359,콩밥(대두),쏘가리매운탕,완자조림(돈육),옥수수구이,0.9781562254517284
12,737,율무밥,어묵김치찌개,구절판,옥수수구이,0.9775066755757
15,190,현미밥,아구(매운)탕,돼지고기조림,옥수수구이,0.9768645332224116
16,144,찰밥,어묵김치찌개,닭고기조림,감자구이,0.9767768301598808
20,516,팥밥,복매운탕,완자조림(돈육),감자구이,0.9758286281457909
21,715,율무밥,쏘가리매운탕,야채볶음(닭),감자구이,0.9752424635450704
23,583,완두콩밥,낙지찌개,야채볶음(닭),옥수수구이,0.9749571172227482
25,90,쌀밥,복매운탕,돼지고기조림,깻잎찜,0.9748175469536324
29,641,녹두밥,어묵김치찌개,떡볶음(돼지고기&간장),옥수수구이,0.9740597554377779
32,458,팥밥,어묵김치찌개,부추볶음(제육),감자구이,0.9731163229692024
33,165,찰밥,낙지찌개,닭고기조림,옥수수구이,0.972428050903977
35,483,팥밥,어묵김치찌개,닭고기조림(옥수수),깻잎찜,0.9723697614544689
37,971,수수찹쌀밥,복매운탕,닭고기조림(옥수수),옥수수구이,0.9717136267677068
39,602,완두콩밥,복매운탕,닭고기조림,감자구이,0.9707524090062114
40,565,완두콩밥,어묵김치찌개,완자조림(돈육),감자구이,0.970571056921259
42,616,녹두밥,아구(매운)탕,닭고기조림,감자구이,0.9702922296924001
47,408,콩밥(대두),낙지찌개,닭다리조림,감자구이,0.9682355520600208
50,434,팥밥,아구(매운)탕,야채볶음(닭),감자구이,0.9667019865190978
65,435,팥밥,아구(매운)탕,닭다리조림,옥수수구이,0.9619783494068174
67,326,조밥,낙지찌개,돼지고기조림,깻잎찜,0.9617604513014824
71,777,율무밥,낙지찌개,닭고기조림(옥수수),감자구이,0.9607274781081804
79,549,완두콩밥,어묵김치찌개,야채볶음(닭),옥수수구이,0.9590572296153844
88,514,팥밥,복매운탕,닭다리조림,감자구이,0.9584004200484992
114,723,율무밥,해물찌개(넙치&장어),돼지고기조림,감자구이,0.9560521315781326
147,888,수수찹쌀밥,오징어찌개,돼지고기조림,옥수수구이,0.9543731030883992
168,875,차조밥,복매운탕,야채볶음(닭),옥수수구이,0.9529358951819074
