,Unnamed: 0,밥,국,메인,서브,유사도
0,542,율무밥,낙지찌개,닭다리조림,감자구이,0.9852513389969066
2,616,수수찹쌀밥,쏘가리매운탕,완자조림(돈육),감자구이,0.9845606599062092
3,468,녹두밥,어묵김치찌개,닭다리조림,양배추찜,0.9834024438429508
4,293,콩밥(대두),어묵김치찌개,돼지고기조림,콩나물찜,0.9819692813045218
5,213,조밥,낙지찌개,야채볶음(닭),옥수수구이,0.9815309663132622
7,471,녹두밥,어묵김치찌개,완자조림(돈육),콩나물찜,0.9809511557790762
8,246,콩밥(대두),아구(매운)탕,완자조림(돈육),감자구이,0.9798378897660682
9,620,수수찹쌀밥,어묵김치찌개,부추볶음(고기),감자구이,0.9796426225597854
10,129,현미밥,어묵김치찌개,구절판,옥수수구이,0.9794550147016436
11,267,콩밥(대두),어묵김치찌개,야채볶음(닭),옥수수구이,0.9794087010203312
12,237,조밥,복매운탕,돼지고기조림,옥수수구이,0.9785351573321523
13,74,쌀밥,낙지찌개,닭고기조림,감자구이,0.9785328813647008
14,776,찹쌀밥,낙지찌개,완자조림(돈육),감자구이,0.9780338265386346
18,383,팥밥,어묵김치찌개,닭도리탕,깻잎찜,0.9768541627671018
20,476,녹두밥,어묵김치찌개,닭고기조림,옥수수구이,0.9763529285051594
23,80,쌀밥,복매운탕,야채볶음(닭),옥수수구이,0.9760853240485384
24,235,조밥,복매운탕,닭고기조림(옥수수),감자구이,0.9759884772124732
30,606,차조밥,복매운탕,닭고기조림,감자구이,0.9745327202736568
31,171,조밥,어묵김치찌개,부추볶음(제육),깻잎찜,0.9743383840831804
35,754,검정콩밥,복매운탕,완자조림(돈육),옥수수구이,0.9740673865822752
40,339,팥밥,아구(매운)탕,닭고기조림(옥수수),감자구이,0.973376653288312
43,149,조밥,아구(매운)탕,야채볶음(닭),옥수수구이,0.9724482014645476
45,532,율무밥,어묵김치찌개,닭고기조림(옥수수),옥수수구이,0.9723586330861984
50,509,율무밥,쏘가리매운탕,돼지고기조림,감자구이,0.9710753225902083
61,225,조밥,낙지찌개,돼지고기조림,감자구이,0.9680870947962308
70,228,조밥,복매운탕,닭다리조림,옥수수구이,0.9660163307298943
79,76,쌀밥,낙지찌개,닭고기조림(옥수수),감자구이,0.9653783400630042
83,164,조밥,쏘가리매운탕,닭다리조림,감자구이,0.9642491719892472
84,253,콩밥(대두),아구(매운)탕,돼지고기조림,감자구이,0.9640515100708792
88,911,잡곡밥(강남콩),쏘가리매운탕,야채볶음(닭),옥수수구이,0.9635719807671224
93,450,녹두밥,아구(매운)탕,닭다리조림,감자구이,0.962286303190045
100,824,잡곡밥(옥수수),오징어찌개,돼지고기조림,감자구이,0.9615438904184512
111,426,완두콩밥,어묵김치찌개,떡볶음(돼지고기&간장),옥수수구이,0.9598062011253986
151,905,잡곡밥(강남콩),아구(매운)탕,닭고기조림,감자구이,0.9574754056413028
169,510,율무밥,해물찌개(넙치&장어),돼지고기조림,옥수수구이,0.9563598257834874
