,Unnamed: 0,밥,국,메인,서브,유사도
0,585,녹두밥,어묵김치찌개,완자조림(돈육),가지찜,0.9832129367022904
1,424,팥밥,어묵김치찌개,돼지고기조림,가지찜,0.9827488749976216
2,950,차수수밥,어묵김치찌개,구절판,감자구이,0.9821972417174794
3,484,완두콩밥,어묵김치찌개,닭다리조림,양배추찜,0.9811317306307008
4,472,완두콩밥,어묵김치찌개,부추볶음(고기),깻잎찜,0.979796885534296
5,142,찰밥,낙지찌개,야채볶음(닭),옥수수구이,0.9797673186368988
6,378,콩밥(대두),복매운탕,닭고기조림,감자구이,0.9787668830883404
9,151,찰밥,낙지찌개,닭고기조림(옥수수),감자구이,0.977385576572706
10,468,완두콩밥,쏘가리매운탕,돼지고기조림,감자구이,0.9773195490036141
15,95,찰밥,해물찌개(넙치&장어),돼지고기조림,옥수수구이,0.9754240154981769
16,637,율무밥,아구(매운)탕,닭다리조림,감자구이,0.9752208039205664
17,235,현미밥,복매운탕,닭다리조림,감자구이,0.9750258716455692
19,549,녹두밥,아구(매운)탕,돼지고기조림,깻잎찜,0.9741864735886242
20,300,조밥,낙지찌개,돼지고기조림,옥수수구이,0.9737604698541064
22,174,현미밥,아구(매운)탕,완자조림(돈육),옥수수구이,0.9730136196779174
23,631,녹두밥,복매운탕,돼지고기조림,감자구이,0.9729711860815088
27,634,율무밥,아구(매운)탕,야채볶음(닭),옥수수구이,0.9713571776509816
28,591,녹두밥,어묵김치찌개,닭고기조림(옥수수),깻잎찜,0.9711691322602728
30,647,율무밥,쏘가리매운탕,야채볶음(닭),옥수수구이,0.9708985341006412
31,657,율무밥,어묵김치찌개,부추볶음(제육),깻잎찜,0.9695075424680488
35,431,팥밥,낙지찌개,닭다리조림,옥수수구이,0.9688310644732192
36,458,완두콩밥,아구(매운)탕,닭고기조림(옥수수),옥수수구이,0.9673057381866303
37,996,차수수밥,복매운탕,완자조림(돈육),옥수수구이,0.96730309780536
38,874,수수찹쌀밥,어묵김치찌개,닭도리탕,깻잎찜,0.9671329251375655
39,465,완두콩밥,쏘가리매운탕,완자조림(돈육),옥수수구이,0.9668857868089474
49,202,현미밥,어묵김치찌개,닭고기조림,옥수수구이,0.9629498432560843
53,912,차수수밥,오징어찌개,돼지고기조림,옥수수구이,0.961712726973182
60,105,찰밥,어묵김치찌개,야채볶음(닭),깻잎찜,0.959745900499899
64,56,쌀밥,낙지찌개,닭고기조림,감자구이,0.9594931376163214
65,992,차수수밥,복매운탕,야채볶음(닭),옥수수구이,0.9594214763385888
79,147,찰밥,낙지찌개,완자조림(돈육),감자구이,0.9578075352261334
89,817,차조밥,복매운탕,닭고기조림(옥수수),옥수수구이,0.956959718912356
94,464,완두콩밥,쏘가리매운탕,닭다리조림,감자구이,0.9566098661744488
99,853,수수찹쌀밥,어묵김치찌개,떡볶음(돼지고기&간장),옥수수구이,0.9563180781939892
131,9,쌀밥,아구(매운)탕,닭고기조림,감자구이,0.9546785098677304
