,Unnamed: 0,밥,국,메인,서브,유사도
0,950,수수찹쌀밥,어묵김치찌개,닭도리탕,감자구이,0.9844621913672499
1,590,완두콩밥,낙지찌개,완자조림(돈육),감자구이,0.9829935562960356
2,427,콩밥(대두),복매운탕,닭고기조림,감자구이,0.9825345778105062
3,607,완두콩밥,복매운탕,닭고기조림(옥수수),감자구이,0.9824937482710042
4,959,수수찹쌀밥,어묵김치찌개,돼지고기조림,감자구이,0.9819773526014434
6,532,완두콩밥,아구(매운)탕,닭고기조림(옥수수),옥수수구이,0.9804852092315828
7,475,팥밥,어묵김치찌개,완자조림(돈육),깻잎찜,0.9795738351158834
8,142,찰밥,어묵김치찌개,닭고기조림,옥수수구이,0.9795496689014114
9,381,콩밥(대두),어묵김치찌개,닭다리조림,양배추찜,0.978535400438956
11,781,율무밥,낙지찌개,닭고기조림,옥수수구이,0.9778610438009304
13,200,현미밥,어묵김치찌개,부추볶음(제육),감자구이,0.97722411229716
16,273,조밥,쏘가리매운탕,야채볶음(닭),옥수수구이,0.9767562672640508
17,549,완두콩밥,어묵김치찌개,야채볶음(닭),깻잎찜,0.9761950913303724
19,337,조밥,복매운탕,완자조림(돈육),옥수수구이,0.9754291859266628
20,619,녹두밥,아구(매운)탕,닭고기조림,옥수수구이,0.9753252962103856
21,785,율무밥,낙지찌개,돼지고기조림,깻잎찜,0.9752934028017596
22,94,찰밥,아구(매운)탕,닭다리조림,감자구이,0.9751941554236856
24,237,현미밥,낙지찌개,야채볶음(닭),감자구이,0.9748120972210688
27,554,완두콩밥,어묵김치찌개,구절판,깻잎찜,0.9739621134590248
30,175,찰밥,복매운탕,닭다리조림,감자구이,0.972792001250772
35,641,녹두밥,어묵김치찌개,부추볶음(고기),감자구이,0.9711279481800438
39,665,녹두밥,어묵김치찌개,닭고기조림(옥수수),깻잎찜,0.9692776996544404
43,434,팥밥,오징어찌개,돼지고기조림,감자구이,0.9686054701449288
50,328,조밥,낙지찌개,닭고기조림(옥수수),옥수수구이,0.9653015880748804
55,256,현미밥,복매운탕,돼지고기조림,옥수수구이,0.9629618841853076
61,916,수수찹쌀밥,쏘가리매운탕,돼지고기조림,감자구이,0.9614797276211616
65,208,현미밥,어묵김치찌개,떡볶음(돼지고기&간장),감자구이,0.9607783049094828
67,718,율무밥,아구(매운)탕,돼지고기조림,깻잎찜,0.9597278273208376
69,883,차조밥,복매운탕,야채볶음(닭),옥수수구이,0.9594775103128096
82,277,조밥,쏘가리매운탕,완자조림(돈육),감자구이,0.9579098736500798
91,808,차조밥,아구(매운)탕,완자조림(돈육),감자구이,0.9571886904946456
96,824,차조밥,해물찌개(넙치&장어),돼지고기조림,옥수수구이,0.9567347606336952
120,778,율무밥,낙지찌개,닭다리조림,감자구이,0.9554137899349398
138,899,수수찹쌀밥,아구(매운)탕,야채볶음(닭),감자구이,0.9545620594540783
193,537,완두콩밥,쏘가리매운탕,닭다리조림,옥수수구이,0.9514756152083952
