,Unnamed: 0,밥,국,메인,서브,유사도
0,993,잡곡밥(옥수수),아구(매운)탕,돼지고기조림,옥수수구이,0.967851261115135
1,755,검정콩밥,어묵김치찌개,닭고기조림(옥수수),옥수수구이,0.967747681718235
2,477,차조밥,어묵김치찌개,닭다리조림,옥수수구이,0.9661186153429108
4,982,잡곡밥(옥수수),아구(매운)탕,야채볶음(닭),옥수수구이,0.961267006677916
5,757,검정콩밥,어묵김치찌개,닭도리탕,깻잎찜,0.9603594448996252
7,38,찰밥,어묵김치찌개,구절판,옥수수구이,0.9601001484903804
8,409,율무밥,어묵김치찌개,돼지고기조림,김구이,0.9600848375057398
12,922,잡곡밥,어묵김치찌개,떡볶음(돼지고기&간장),옥수수구이,0.9597371506635698
14,458,차조밥,쏘가리매운탕,돼지고기조림,옥수수구이,0.9596666942018556
15,194,완두콩밥,어묵김치찌개,야채볶음(닭),깻잎찜,0.9595184575746148
16,977,잡곡밥,복매운탕,돼지고기조림,깻잎찜,0.9593629227070876
18,871,찹쌀밥,낙지찌개,닭고기조림(옥수수),옥수수구이,0.9590169189818464
19,639,차수수밥,어묵김치찌개,부추볶음(제육),옥수수구이,0.9587341441385808
20,546,수수찹쌀밥,쏘가리매운탕,완자조림(돈육),감자구이,0.9586931230386712
23,885,찹쌀밥,복매운탕,닭고기조림(옥수수),감자구이,0.9583061468702084
24,424,율무밥,복매운탕,야채볶음(닭),옥수수구이,0.9582886045238346
25,303,녹두밥,어묵김치찌개,닭고기조림,옥수수구이,0.958176849948154
28,112,현미밥,어묵김치찌개,부추볶음(고기),감자구이,0.9580723968969936
31,507,차조밥,낙지찌개,완자조림(돈육),감자구이,0.9577576389077289
32,746,검정콩밥,어묵김치찌개,완자조림(돈육),양배추찜,0.9576109821994452
36,800,찹쌀밥,아구(매운)탕,닭다리조림,감자구이,0.9572406942771576
39,229,완두콩밥,낙지찌개,야채볶음(닭),옥수수구이,0.9570858618095742
44,235,완두콩밥,낙지찌개,닭고기조림,옥수수구이,0.95679428597326
49,698,차수수밥,복매운탕,닭고기조림,감자구이,0.9563649840508732
56,428,율무밥,복매운탕,완자조림(돈육),옥수수구이,0.956096233299481
68,970,잡곡밥,복매운탕,닭다리조림,감자구이,0.9551608525299016
69,70,찰밥,낙지찌개,닭다리조림,옥수수구이,0.9549289273828035
75,806,찹쌀밥,아구(매운)탕,닭고기조림(옥수수),감자구이,0.9543925429592118
76,796,찹쌀밥,오징어찌개,돼지고기조림,감자구이,0.9542665816704732
77,272,녹두밥,쏘가리매운탕,닭다리조림,옥수수구이,0.9539554772545146
91,621,차수수밥,아구(매운)탕,완자조림(돈육),옥수수구이,0.9529717868031341
97,239,완두콩밥,낙지찌개,돼지고기조림,깻잎찜,0.9525101228594294
141,904,잡곡밥,쏘가리매운탕,야채볶음(닭),옥수수구이,0.9509460555331056
