,Unnamed: 0,밥,국,메인,서브,유사도
0,456,율무밥,해물찌개(넙치&장어),돼지고기조림,감자구이,0.9800307282378918
1,324,완두콩밥,복매운탕,야채볶음(닭),옥수수구이,0.9759136877086148
2,614,차조밥,복매운탕,완자조림(돈육),감자구이,0.97544907504099
4,121,현미밥,아구(매운)탕,닭다리조림,감자구이,0.9728611393967468
5,683,수수찹쌀밥,어묵김치찌개,돼지고기조림,더덕구이,0.9716775471567444
6,570,차조밥,어묵김치찌개,닭다리조림,옥수수구이,0.9714070638158544
8,624,수수찹쌀밥,아구(매운)탕,야채볶음(닭),옥수수구이,0.9711401128571656
9,418,녹두밥,낙지찌개,돼지고기조림,감자구이,0.9690679264690512
10,955,찹쌀밥,어묵김치찌개,닭고기조림(옥수수),감자구이,0.96753368865646
11,839,검정콩밥,어묵김치찌개,야채볶음(닭),감자구이,0.9673605935688452
12,450,율무밥,쏘가리매운탕,닭다리조림,감자구이,0.9671094877333964
13,372,녹두밥,어묵김치찌개,떡볶음(돼지고기&간장),옥수수구이,0.9669147484295888
14,142,현미밥,어묵김치찌개,구절판,감자구이,0.9669111032424228
15,543,차조밥,쏘가리매운탕,야채볶음(닭),감자구이,0.9657280063332294
16,481,율무밥,어묵김치찌개,완자조림(돈육),옥수수구이,0.9654924417203196
18,444,율무밥,아구(매운)탕,돼지고기조림,깻잎찜,0.9627834645700052
22,876,검정콩밥,낙지찌개,닭다리조림,옥수수구이,0.9619440789639696
23,825,검정콩밥,쏘가리매운탕,완자조림(돈육),감자구이,0.9613733684529352
25,648,수수찹쌀밥,어묵김치찌개,부추볶음(고기),옥수수구이,0.9610680692591868
30,171,현미밥,낙지찌개,완자조림(돈육),옥수수구이,0.9598338802219928
33,951,찹쌀밥,어묵김치찌개,닭고기조림,옥수수구이,0.95965396795638
38,524,율무밥,복매운탕,돼지고기조림,깻잎찜,0.9592509102223921
39,227,콩밥(대두),낙지찌개,야채볶음(닭),감자구이,0.959126398805578
46,816,검정콩밥,아구(매운)탕,닭고기조림(옥수수),감자구이,0.958086247915591
51,631,수수찹쌀밥,아구(매운)탕,닭고기조림,감자구이,0.9577110026729052
55,510,율무밥,낙지찌개,닭고기조림(옥수수),감자구이,0.9575117070120231
56,517,율무밥,복매운탕,닭다리조림,감자구이,0.9574980155584226
59,785,차수수밥,낙지찌개,닭고기조림,옥수수구이,0.9571960585206004
60,830,검정콩밥,어묵김치찌개,부추볶음(제육),깻잎찜,0.9571942557819858
67,268,완두콩밥,쏘가리매운탕,돼지고기조림,감자구이,0.9566925864738268
68,117,현미밥,오징어찌개,돼지고기조림,감자구이,0.956671230561144
74,155,현미밥,어묵김치찌개,닭도리탕,깻잎찜,0.9563811639087862
79,705,수수찹쌀밥,복매운탕,닭고기조림,옥수수구이,0.9559063386633104
90,344,녹두밥,아구(매운)탕,완자조림(돈육),감자구이,0.9552540385489592
97,896,검정콩밥,복매운탕,닭고기조림(옥수수),감자구이,0.9550670321604114
