,Unnamed: 0,밥,국,메인,서브,유사도
0,578,율무밥,어묵김치찌개,부추볶음(고기),옥수수구이,0.983309905788172
1,932,검정콩밥,아구(매운)탕,닭고기조림(옥수수),옥수수구이,0.9822944506280183
2,477,녹두밥,해물찌개(넙치&장어),돼지고기조림,옥수수구이,0.9812333279976776
3,466,녹두밥,아구(매운)탕,돼지고기조림,깻잎찜,0.979895567034535
4,141,찰밥,복매운탕,닭고기조림,옥수수구이,0.9798635031639302
5,940,검정콩밥,쏘가리매운탕,닭다리조림,감자구이,0.9777636275006238
6,462,녹두밥,아구(매운)탕,닭고기조림,옥수수구이,0.9774246187909914
10,628,율무밥,낙지찌개,돼지고기조림,깻잎찜,0.9753171724501454
14,502,녹두밥,어묵김치찌개,완자조림(돈육),가지찜,0.9730684764828764
15,623,율무밥,낙지찌개,완자조림(돈육),감자구이,0.9730652903762591
16,121,찰밥,어묵김치찌개,돼지고기조림,감자구이,0.9727172231116922
17,698,차조밥,어묵김치찌개,닭고기조림(옥수수),깻잎찜,0.9715372459022888
18,584,율무밥,어묵김치찌개,떡볶음(돼지고기&간장),옥수수구이,0.9712694867772964
22,921,차수수밥,복매운탕,돼지고기조림,감자구이,0.9691643409805356
28,459,녹두밥,아구(매운)탕,닭다리조림,감자구이,0.9669802487478552
30,143,찰밥,복매운탕,닭고기조림(옥수수),옥수수구이,0.9667716697701941
31,382,완두콩밥,쏘가리매운탕,완자조림(돈육),옥수수구이,0.9658006398599582
33,556,율무밥,아구(매운)탕,완자조림(돈육),감자구이,0.9655953716828276
34,492,녹두밥,어묵김치찌개,구절판,옥수수구이,0.96536273527343
35,149,현미밥,오징어찌개,돼지고기조림,감자구이,0.96485326237438
37,199,현미밥,낙지찌개,야채볶음(닭),옥수수구이,0.9630499196833197
39,580,율무밥,어묵김치찌개,야채볶음(닭),콩나물찜,0.9625527129147176
43,844,차수수밥,쏘가리매운탕,야채볶음(닭),옥수수구이,0.9612301433244312
48,104,찰밥,어묵김치찌개,닭고기조림,깻잎찜,0.9598417233061316
54,480,녹두밥,어묵김치찌개,부추볶음(제육),옥수수구이,0.9595184239065596
55,962,검정콩밥,어묵김치찌개,닭다리조림,콩나물찜,0.9594867531009044
58,552,율무밥,아구(매운)탕,야채볶음(닭),감자구이,0.9592043759155426
59,536,녹두밥,복매운탕,야채볶음(닭),옥수수구이,0.9591105678193278
63,40,쌀밥,낙지찌개,닭고기조림(옥수수),옥수수구이,0.9582770901934418
66,633,율무밥,복매운탕,닭다리조림,옥수수구이,0.9581048560464172
76,529,녹두밥,낙지찌개,닭고기조림,옥수수구이,0.9573642264983117
102,758,수수찹쌀밥,쏘가리매운탕,돼지고기조림,옥수수구이,0.9557425692617044
104,445,완두콩밥,복매운탕,완자조림(돈육),옥수수구이,0.9556456463970388
117,249,조밥,어묵김치찌개,닭도리탕,깻잎찜,0.9549928555937583
172,526,녹두밥,낙지찌개,닭다리조림,감자구이,0.9517985090776954
