,Unnamed: 0,밥,국,메인,서브,유사도
0,655,차수수밥,쏘가리매운탕,돼지고기조림,옥수수구이,0.971941425257654
1,923,잡곡밥,아구(매운)탕,완자조림(돈육),감자구이,0.9677835879267151
2,808,검정콩밥,낙지찌개,돼지고기조림,감자구이,0.9676070666466899
3,519,차조밥,낙지찌개,야채볶음(닭),감자구이,0.9659766469549173
4,542,차조밥,복매운탕,돼지고기조림,옥수수구이,0.9629486604492102
5,316,녹두밥,어묵김치찌개,닭도리탕,깻잎찜,0.9628037161402909
6,794,검정콩밥,어묵김치찌개,돼지고기조림,김구이,0.9616432759814758
10,810,검정콩밥,복매운탕,야채볶음(닭),감자구이,0.9602091925695092
13,51,찰밥,어묵김치찌개,완자조림(돈육),감자구이,0.95996136509513
14,450,차조밥,오징어찌개,돼지고기조림,감자구이,0.9599302399656252
15,919,잡곡밥,아구(매운)탕,야채볶음(닭),감자구이,0.9599062669241482
16,908,찹쌀밥,복매운탕,완자조림(돈육),감자구이,0.9598792405983259
18,798,검정콩밥,낙지찌개,닭다리조림,옥수수구이,0.9596333264422828
21,500,차조밥,어묵김치찌개,닭고기조림,깻잎찜,0.9595150863058638
24,932,잡곡밥,쏘가리매운탕,야채볶음(닭),감자구이,0.9588689117183812
25,254,완두콩밥,복매운탕,닭고기조림(옥수수),옥수수구이,0.95865710575871
26,35,찰밥,어묵김치찌개,야채볶음(닭),감자구이,0.9586526692700692
27,688,차수수밥,어묵김치찌개,닭고기조림(옥수수),감자구이,0.9585864659019424
35,741,검정콩밥,아구(매운)탕,돼지고기조림,감자구이,0.9579600374631838
38,493,차조밥,어묵김치찌개,닭다리조림,감자구이,0.9577491089500064
39,720,차수수밥,복매운탕,닭고기조림,옥수수구이,0.9576454322701664
42,756,검정콩밥,어묵김치찌개,부추볶음(고기),옥수수구이,0.9574529263596441
45,432,율무밥,낙지찌개,닭고기조림(옥수수),감자구이,0.9571028996573492
49,109,현미밥,어묵김치찌개,부추볶음(제육),깻잎찜,0.9569383177093066
51,905,찹쌀밥,복매운탕,닭다리조림,옥수수구이,0.9568011771516212
53,279,녹두밥,쏘가리매운탕,완자조림(돈육),감자구이,0.9567609670947024
57,669,차수수밥,어묵김치찌개,떡볶음(돼지고기&간장),감자구이,0.9562768052917516
66,801,검정콩밥,낙지찌개,완자조림(돈육),감자구이,0.9558948506509304
74,430,율무밥,낙지찌개,닭고기조림,감자구이,0.9554165647504764
76,826,찹쌀밥,아구(매운)탕,닭다리조림,옥수수구이,0.9552888885574442
78,9,찰밥,아구(매운)탕,닭고기조림,감자구이,0.9552144252924736
87,860,찹쌀밥,어묵김치찌개,구절판,옥수수구이,0.9542756895026796
97,657,차수수밥,해물찌개(넙치&장어),돼지고기조림,옥수수구이,0.9537151373841469
102,365,율무밥,아구(매운)탕,닭고기조림(옥수수),감자구이,0.9534918181936684
145,934,잡곡밥,쏘가리매운탕,닭다리조림,감자구이,0.9515463293877536
