,Unnamed: 0,밥,국,메인,서브,유사도
0,861,밤밥,아구(매운)탕,닭다리조림,옥수수구이,0.9661599809369756
1,984,보리콩밥,오징어찌개,돼지고기조림,옥수수구이,0.9629474284784678
2,455,수수찹쌀밥,어묵김치찌개,구절판,깻잎찜,0.9616948226726221
3,389,차조밥,어묵김치찌개,야채볶음(닭),감자구이,0.9604181835549312
4,788,잡곡밥,복매운탕,닭고기조림,감자구이,0.9601468181578636
5,914,밤밥,어묵김치찌개,돼지고기조림,옥수수구이,0.9600159007856579
6,588,검정콩밥,어묵김치찌개,부추볶음(제육),옥수수구이,0.9599658565493288
7,378,차조밥,쏘가리매운탕,야채볶음(닭),감자구이,0.9598983919738584
8,901,밤밥,어묵김치찌개,닭고기조림,깻잎찜,0.95955539914015
10,952,보리밥,아구(매운)탕,닭고기조림(옥수수),감자구이,0.9592894523201908
11,683,찹쌀밥,어묵김치찌개,닭고기조림(옥수수),감자구이,0.9592150230774869
14,91,현미밥,아구(매운)탕,돼지고기조림,옥수수구이,0.9586731136079716
16,359,율무밥,복매운탕,닭고기조림(옥수수),감자구이,0.9580844269056172
20,622,검정콩밥,낙지찌개,돼지고기조림,옥수수구이,0.9576959104270748
22,860,밤밥,아구(매운)탕,야채볶음(닭),감자구이,0.9574936127064752
25,276,녹두밥,낙지찌개,야채볶음(닭),감자구이,0.9571203191071616
27,98,현미밥,어묵김치찌개,부추볶음(고기),깻잎찜,0.9569579069494673
29,873,밤밥,쏘가리매운탕,닭다리조림,옥수수구이,0.9565512875703359
34,575,검정콩밥,아구(매운)탕,완자조림(돈육),옥수수구이,0.9561317572768272
38,314,율무밥,쏘가리매운탕,돼지고기조림,감자구이,0.9557709779963518
41,762,잡곡밥,어묵김치찌개,닭도리탕,깻잎찜,0.9553774938659324
45,926,밤밥,낙지찌개,닭고기조림,감자구이,0.9550339303774344
48,965,보리밥,어묵김치찌개,닭다리조림,깻잎찜,0.9549415048567016
51,482,수수찹쌀밥,낙지찌개,닭고기조림(옥수수),옥수수구이,0.9548111402849712
52,865,밤밥,아구(매운)탕,닭고기조림,옥수수구이,0.9547258611622012
60,278,녹두밥,낙지찌개,닭다리조림,감자구이,0.9536888665360664
73,224,완두콩밥,복매운탕,돼지고기조림,깻잎찜,0.95260301984143
74,206,완두콩밥,낙지찌개,완자조림(돈육),옥수수구이,0.9523884882971968
88,459,수수찹쌀밥,어묵김치찌개,완자조림(돈육),깻잎찜,0.9515403635986148
92,561,차수수밥,복매운탕,닭다리조림,옥수수구이,0.9512401808900369
94,560,차수수밥,복매운탕,야채볶음(닭),감자구이,0.951067504711796
120,876,밤밥,쏘가리매운탕,완자조림(돈육),감자구이,0.9502208293132796
