,Unnamed: 0,밥,국,메인,서브,유사도
0,738,차조밥,어묵김치찌개,야채볶음(닭),콩나물찜,0.9934992928268814
1,382,콩밥(대두),복매운탕,야채볶음(닭),옥수수구이,0.9928095128297691
2,452,팥밥,어묵김치찌개,닭도리탕,감자구이,0.9923793396952664
4,947,검정콩밥,아구(매운)탕,닭다리조림,감자구이,0.9919498464274148
5,297,조밥,복매운탕,완자조림(돈육),옥수수구이,0.9914930484136372
6,603,녹두밥,어묵김치찌개,돼지고기조림,콩나물찜,0.9914909021843732
7,411,팥밥,쏘가리매운탕,야채볶음(닭),감자구이,0.9910329167793464
8,206,현미밥,낙지찌개,돼지고기조림,감자구이,0.9909925202728128
10,961,검정콩밥,쏘가리매운탕,완자조림(돈육),감자구이,0.990136207036999
11,424,팥밥,어묵김치찌개,부추볶음(고기),옥수수구이,0.990052776684857
13,213,현미밥,복매운탕,돼지고기조림,감자구이,0.9899552410655179
14,952,검정콩밥,아구(매운)탕,닭고기조림(옥수수),옥수수구이,0.9896910736067946
15,571,녹두밥,쏘가리매운탕,돼지고기조림,감자구이,0.9896772514422231
17,597,녹두밥,어묵김치찌개,닭고기조림,옥수수구이,0.9895305089659788
18,239,조밥,어묵김치찌개,부추볶음(제육),옥수수구이,0.9893971549928507
19,188,현미밥,어묵김치찌개,닭고기조림(옥수수),옥수수구이,0.9893672784141172
24,495,완두콩밥,쏘가리매운탕,닭다리조림,옥수수구이,0.988654350918168
25,373,콩밥(대두),낙지찌개,완자조림(돈육),옥수수구이,0.9884669349076708
28,369,콩밥(대두),낙지찌개,야채볶음(닭),옥수수구이,0.9877088605827268
30,97,찰밥,아구(매운)탕,완자조림(돈육),감자구이,0.9876365585924788
31,429,팥밥,어묵김치찌개,떡볶음(돼지고기&간장),옥수수구이,0.9875951024430634
37,896,차수수밥,어묵김치찌개,구절판,깻잎찜,0.9872113459128016
38,205,현미밥,낙지찌개,닭고기조림(옥수수),감자구이,0.9872080474441294
39,469,팥밥,낙지찌개,닭고기조림,감자구이,0.9871713357476934
44,395,팥밥,오징어찌개,돼지고기조림,옥수수구이,0.9866380375689612
47,937,차수수밥,복매운탕,닭고기조림,옥수수구이,0.9864338677066384
50,543,완두콩밥,복매운탕,닭다리조림,옥수수구이,0.9861494790488096
56,434,팥밥,어묵김치찌개,닭다리조림,콩나물찜,0.9850781567587206
60,886,차수수밥,해물찌개(넙치&장어),돼지고기조림,옥수수구이,0.9846801289513644
72,907,차수수밥,어묵김치찌개,완자조림(돈육),옥수수구이,0.9835213856192744
74,549,완두콩밥,복매운탕,닭고기조림(옥수수),옥수수구이,0.9833127397320452
103,922,차수수밥,낙지찌개,닭다리조림,옥수수구이,0.9822134333418164
107,639,율무밥,아구(매운)탕,닭고기조림,감자구이,0.9820587573496776
133,216,조밥,아구(매운)탕,야채볶음(닭),옥수수구이,0.9811615473771441
142,226,조밥,아구(매운)탕,돼지고기조림,깻잎찜,0.9809021932378608
