,Unnamed: 0,밥,국,메인,서브,유사도
0,86,쌀밥,복매운탕,닭고기조림(옥수수),감자구이,0.9923455586230427
1,42,쌀밥,어묵김치찌개,완자조림(돈육),콩나물찜,0.9916458975832247
2,53,쌀밥,어묵김치찌개,닭도리탕,깻잎찜,0.9912667738714568
3,96,조밥,아구(매운)탕,완자조림(돈육),옥수수구이,0.9909264995429908
4,115,조밥,어묵김치찌개,부추볶음(제육),감자구이,0.9907959629205128
5,459,기장밥,어묵김치찌개,구절판,깻잎찜,0.9906120729246504
6,69,쌀밥,낙지찌개,완자조림(돈육),옥수수구이,0.9903924704643148
7,30,쌀밥,어묵김치찌개,야채볶음(닭),옥수수구이,0.9903180306111644
10,92,조밥,아구(매운)탕,야채볶음(닭),옥수수구이,0.9890943307164782
12,13,쌀밥,아구(매운)탕,돼지고기조림,감자구이,0.9889352707077684
13,49,쌀밥,어묵김치찌개,닭고기조림,감자구이,0.9889161878539756
16,263,콩밥(대두),복매운탕,돼지고기조림,옥수수구이,0.9887959401941117
17,117,조밥,어묵김치찌개,부추볶음(고기),옥수수구이,0.9885452213248844
18,66,쌀밥,낙지찌개,야채볶음(닭),감자구이,0.988539347610458
21,68,쌀밥,낙지찌개,닭다리조림,감자구이,0.988354763874296
22,22,쌀밥,해물찌개(넙치&장어),돼지고기조림,옥수수구이,0.9882748499216876
23,160,조밥,낙지찌개,닭고기조림,옥수수구이,0.9882540700119636
27,139,조밥,어묵김치찌개,닭고기조림(옥수수),깻잎찜,0.9878329598452916
28,4,쌀밥,아구(매운)탕,닭다리조림,옥수수구이,0.9876986630405474
29,60,쌀밥,어묵김치찌개,돼지고기조림,옥수수구이,0.9875429516687828
30,15,쌀밥,쏘가리매운탕,야채볶음(닭),감자구이,0.9874995469156808
31,41,쌀밥,어묵김치찌개,닭다리조림,감자구이,0.987337694968439
34,91,조밥,오징어찌개,돼지고기조림,감자구이,0.98711960526893
38,19,쌀밥,쏘가리매운탕,완자조림(돈육),감자구이,0.9864442450254988
39,21,쌀밥,쏘가리매운탕,돼지고기조림,감자구이,0.9863471733921916
66,33,쌀밥,어묵김치찌개,떡볶음(돼지고기&간장),감자구이,0.9840527810987176
69,275,팥밥,아구(매운)탕,닭고기조림(옥수수),옥수수구이,0.9838958461970502
74,79,쌀밥,복매운탕,닭다리조림,옥수수구이,0.9834182650974782
75,501,기장밥,낙지찌개,돼지고기조림,감자구이,0.9833902671227798
82,502,기장밥,복매운탕,야채볶음(닭),옥수수구이,0.9829713080916834
88,193,콩밥(대두),쏘가리매운탕,닭다리조림,옥수수구이,0.982616829944993
103,8,쌀밥,아구(매운)탕,닭고기조림,옥수수구이,0.9819462321061097
131,507,기장밥,복매운탕,완자조림(돈육),감자구이,0.9803597000991732
137,351,팥밥,복매운탕,닭고기조림,감자구이,0.98014729962108
144,249,콩밥(대두),낙지찌개,닭고기조림(옥수수),감자구이,0.979724515055262
