,Unnamed: 0,밥,국,메인,서브,유사도
0,215,콩밥(대두),어묵김치찌개,부추볶음(고기),감자구이,0.9929593905954576
2,928,영양밥(돌솥밥),복매운탕,완자조림(돈육),감자구이,0.9919759970499056
3,144,조밥,어묵김치찌개,완자조림(돈육),감자구이,0.9918600194020329
4,242,콩밥(대두),어묵김치찌개,닭도리탕,감자구이,0.991509817904478
5,275,콩밥(대두),복매운탕,돼지고기조림,깻잎찜,0.9914098099679456
7,792,보리조밥,어묵김치찌개,구절판,옥수수구이,0.9910780819863114
8,176,조밥,복매운탕,야채볶음(닭),옥수수구이,0.9909786288416976
9,99,조밥,아구(매운)탕,야채볶음(닭),옥수수구이,0.990942406390086
11,75,쌀밥,낙지찌개,닭고기조림(옥수수),옥수수구이,0.9904804307311734
12,925,영양밥(돌솥밥),복매운탕,닭다리조림,옥수수구이,0.9904802363757615
14,283,팥밥,아구(매운)탕,닭다리조림,감자구이,0.9895988672927192
15,50,쌀밥,어묵김치찌개,닭고기조림,옥수수구이,0.9895249653893838
16,135,조밥,어묵김치찌개,닭다리조림,콩나물찜,0.9895213319009828
17,910,영양밥(돌솥밥),어묵김치찌개,돼지고기조림,감자구이,0.9894202895882166
18,78,쌀밥,낙지찌개,돼지고기조림,옥수수구이,0.9894191585278668
19,764,보리팥밥,복매운탕,닭고기조림,감자구이,0.9893630609903205
20,529,잡곡밥(강남콩),낙지찌개,야채볶음(닭),감자구이,0.9892584233138736
23,931,영양밥(돌솥밥),복매운탕,닭고기조림(옥수수),옥수수구이,0.9891500408698046
26,108,조밥,아구(매운)탕,닭고기조림(옥수수),감자구이,0.9890591355015502
28,772,보리조밥,아구(매운)탕,완자조림(돈육),감자구이,0.9889517913170248
29,347,팥밥,낙지찌개,닭다리조림,옥수수구이,0.9888654849611406
35,579,기장밥,어묵김치찌개,야채볶음(닭),깻잎찜,0.9885227006046788
36,313,팥밥,어묵김치찌개,떡볶음(돼지고기&간장),감자구이,0.9884158753812532
41,52,쌀밥,어묵김치찌개,닭고기조림(옥수수),깻잎찜,0.9881210249376768
42,120,조밥,해물찌개(넙치&장어),돼지고기조림,감자구이,0.9879391110107608
45,724,보리팥밥,어묵김치찌개,부추볶음(제육),감자구이,0.9877165772602942
56,116,조밥,쏘가리매운탕,완자조림(돈육),감자구이,0.9867611078517876
58,74,쌀밥,낙지찌개,닭고기조림,감자구이,0.9866790682569188
78,167,조밥,낙지찌개,완자조림(돈육),옥수수구이,0.98559923655514
86,279,팥밥,오징어찌개,돼지고기조림,감자구이,0.9850330895588936
95,112,조밥,쏘가리매운탕,야채볶음(닭),옥수수구이,0.9844036077552198
104,204,콩밥(대두),쏘가리매운탕,닭다리조림,옥수수구이,0.9839484133194318
106,111,조밥,아구(매운)탕,돼지고기조림,감자구이,0.9838499457560694
121,859,영양밥(돌솥밥),아구(매운)탕,닭고기조림,감자구이,0.9832826374304936
170,117,조밥,쏘가리매운탕,돼지고기조림,옥수수구이,0.9818335195075856
