,Unnamed: 0,밥,국,메인,서브,유사도
0,966,수수찹쌀밥,낙지찌개,닭고기조림,옥수수구이,0.9939482213166714
1,494,팥밥,어묵김치찌개,돼지고기조림,김구이,0.9932632996473174
2,595,완두콩밥,낙지찌개,돼지고기조림,깻잎찜,0.9928084665032996
3,383,콩밥(대두),어묵김치찌개,닭다리조림,옥수수구이,0.9919524990063586
4,791,율무밥,복매운탕,닭다리조림,감자구이,0.9919132861194404
5,533,완두콩밥,아구(매운)탕,닭고기조림(옥수수),감자구이,0.9914928875973548
6,553,완두콩밥,어묵김치찌개,떡볶음(돼지고기&간장),감자구이,0.9904937867358092
7,146,찰밥,어묵김치찌개,닭고기조림(옥수수),감자구이,0.9904669279950952
8,279,조밥,쏘가리매운탕,돼지고기조림,감자구이,0.9904007386419976
10,784,율무밥,낙지찌개,닭고기조림(옥수수),감자구이,0.989990527798912
11,435,팥밥,아구(매운)탕,야채볶음(닭),옥수수구이,0.9899808898963508
12,310,조밥,어묵김치찌개,닭도리탕,감자구이,0.9898626471819312
14,965,수수찹쌀밥,낙지찌개,완자조림(돈육),감자구이,0.9896705117985709
15,95,찰밥,아구(매운)탕,완자조림(돈육),옥수수구이,0.9895791421534836
19,338,조밥,복매운탕,완자조림(돈육),감자구이,0.9888067079471284
21,479,팥밥,어묵김치찌개,닭고기조림,옥수수구이,0.9881508541884966
22,121,찰밥,어묵김치찌개,야채볶음(닭),양배추찜,0.9881088762958564
26,897,수수찹쌀밥,오징어찌개,돼지고기조림,감자구이,0.9878800287982956
28,270,조밥,아구(매운)탕,돼지고기조림,깻잎찜,0.9876468835922996
29,619,녹두밥,아구(매운)탕,닭고기조림,옥수수구이,0.9876139388215012
40,599,완두콩밥,복매운탕,야채볶음(닭),감자구이,0.985574256044944
42,345,조밥,복매운탕,돼지고기조림,감자구이,0.9853101361781808
44,456,팥밥,어묵김치찌개,부추볶음(제육),깻잎찜,0.9848486345946276
46,870,차조밥,낙지찌개,야채볶음(닭),옥수수구이,0.9845770654935669
51,467,팥밥,어묵김치찌개,구절판,깻잎찜,0.9838291178828772
57,991,차수수밥,아구(매운)탕,닭다리조림,감자구이,0.9834757573723556
64,370,콩밥(대두),어묵김치찌개,부추볶음(고기),깻잎찜,0.9829417479856633
69,474,팥밥,어묵김치찌개,완자조림(돈육),양배추찜,0.9827648121870831
73,276,조밥,쏘가리매운탕,완자조림(돈육),옥수수구이,0.982581372050128
76,634,녹두밥,해물찌개(넙치&장어),돼지고기조림,옥수수구이,0.9824344918181079
80,538,완두콩밥,쏘가리매운탕,닭다리조림,감자구이,0.9822971120137556
81,517,팥밥,복매운탕,닭고기조림(옥수수),옥수수구이,0.9822186058145732
92,605,완두콩밥,복매운탕,닭고기조림,감자구이,0.9818314398972956
130,626,녹두밥,쏘가리매운탕,야채볶음(닭),옥수수구이,0.9805948763121324
131,409,콩밥(대두),낙지찌개,닭다리조림,옥수수구이,0.9805894710117116
