,Unnamed: 0,밥,국,메인,서브,유사도
0,286,콩밥(대두),복매운탕,돼지고기조림,감자구이,0.9930793488283168
1,155,조밥,어묵김치찌개,닭고기조림,옥수수구이,0.9923856348473804
2,181,조밥,낙지찌개,닭고기조림(옥수수),감자구이,0.9919756397479204
3,326,팥밥,어묵김치찌개,닭다리조림,콩나물찜,0.99162334468087
4,369,팥밥,복매운탕,닭다리조림,옥수수구이,0.9915297865324714
5,963,보리조밥,어묵김치찌개,야채볶음(닭),콩나물찜,0.9911668328318608
6,232,콩밥(대두),어묵김치찌개,구절판,감자구이,0.9910927607290304
7,125,조밥,쏘가리매운탕,완자조림(돈육),감자구이,0.991064611588932
8,166,조밥,어묵김치찌개,돼지고기조림,가지찜,0.9906040793238824
10,312,팥밥,어묵김치찌개,부추볶음(제육),깻잎찜,0.9898225752922826
14,94,찰밥,해물찌개(넙치&장어),돼지고기조림,옥수수구이,0.989538290373474
15,935,보리팥밥,복매운탕,닭고기조림(옥수수),감자구이,0.9894611708945024
17,372,팥밥,복매운탕,완자조림(돈육),감자구이,0.9892741077989404
18,222,콩밥(대두),어묵김치찌개,부추볶음(고기),깻잎찜,0.9892634293260252
20,229,콩밥(대두),어묵김치찌개,떡볶음(돼지고기&간장),감자구이,0.9891017124558482
21,943,보리조밥,아구(매운)탕,완자조림(돈육),감자구이,0.9890389924563512
25,680,기장밥,쏘가리매운탕,닭다리조림,옥수수구이,0.9888971182634786
27,685,기장밥,쏘가리매운탕,돼지고기조림,감자구이,0.9887742254198091
28,47,쌀밥,어묵김치찌개,완자조림(돈육),옥수수구이,0.9886967103620208
29,742,기장밥,복매운탕,야채볶음(닭),감자구이,0.9886465629082152
32,200,콩밥(대두),아구(매운)탕,야채볶음(닭),옥수수구이,0.98825097579898
41,54,쌀밥,어묵김치찌개,닭고기조림(옥수수),감자구이,0.9871978110782104
42,173,조밥,낙지찌개,야채볶음(닭),감자구이,0.9871797096156808
43,69,쌀밥,낙지찌개,닭다리조림,옥수수구이,0.9871635307958172
47,301,팥밥,아구(매운)탕,돼지고기조림,감자구이,0.9869722389349628
57,288,팥밥,오징어찌개,돼지고기조림,감자구이,0.9862441817201542
62,184,조밥,낙지찌개,돼지고기조림,감자구이,0.9860894843207808
63,569,잡곡밥(옥수수),복매운탕,닭고기조림,옥수수구이,0.9860563642264784
72,870,보리팥밥,아구(매운)탕,닭다리조림,옥수수구이,0.9855761170731108
75,209,콩밥(대두),아구(매운)탕,닭고기조림(옥수수),감자구이,0.9853582817573636
86,114,조밥,아구(매운)탕,닭고기조림,옥수수구이,0.9844743995390438
116,361,팥밥,낙지찌개,닭고기조림,감자구이,0.98322318352199
120,589,잡곡밥(강남콩),쏘가리매운탕,야채볶음(닭),옥수수구이,0.98317036899428
126,645,잡곡밥(강남콩),낙지찌개,완자조림(돈육),옥수수구이,0.9830226161175468
140,342,팥밥,어묵김치찌개,닭도리탕,깻잎찜,0.982645034309386
