,Unnamed: 0,밥,국,메인,서브,유사도
0,785,차조밥,어묵김치찌개,닭고기조림(옥수수),감자구이,0.9935430332917812
1,398,콩밥(대두),복매운탕,닭고기조림(옥수수),감자구이,0.9928536926931516
2,473,팥밥,낙지찌개,완자조림(돈육),옥수수구이,0.9924212775799554
3,892,수수찹쌀밥,복매운탕,닭고기조림,옥수수구이,0.9920602661424552
4,310,조밥,복매운탕,돼지고기조림,깻잎찜,0.9915377390012384
5,638,녹두밥,복매운탕,야채볶음(닭),감자구이,0.9915322247488588
6,427,팥밥,어묵김치찌개,부추볶음(제육),깻잎찜,0.9910776532707214
7,215,현미밥,복매운탕,닭다리조림,옥수수구이,0.991033828535384
8,847,수수찹쌀밥,어묵김치찌개,구절판,옥수수구이,0.9902824563810873
10,115,찰밥,어묵김치찌개,부추볶음(고기),옥수수구이,0.9900825498273824
11,222,조밥,오징어찌개,돼지고기조림,감자구이,0.9899986592644175
12,601,녹두밥,어묵김치찌개,닭다리조림,깻잎찜,0.9897203226520306
14,631,녹두밥,낙지찌개,닭고기조림,옥수수구이,0.9895752453603932
18,79,쌀밥,낙지찌개,돼지고기조림,감자구이,0.9891670410650332
19,56,쌀밥,어묵김치찌개,닭도리탕,옥수수구이,0.9888316848512716
20,119,찰밥,어묵김치찌개,야채볶음(닭),감자구이,0.9887134394337606
25,385,콩밥(대두),낙지찌개,닭고기조림(옥수수),감자구이,0.9877519537293892
27,98,찰밥,아구(매운)탕,완자조림(돈육),감자구이,0.9876824068867492
28,446,팥밥,어묵김치찌개,완자조림(돈육),콩나물찜,0.9876383544478212
31,727,율무밥,복매운탕,완자조림(돈육),감자구이,0.98749026614369
32,821,수수찹쌀밥,아구(매운)탕,닭다리조림,옥수수구이,0.9874255135041461
33,379,콩밥(대두),낙지찌개,닭다리조림,감자구이,0.9873685134307081
34,952,차수수밥,어묵김치찌개,돼지고기조림,옥수수버터구이,0.9872564316511979
38,860,수수찹쌀밥,어묵김치찌개,닭고기조림,옥수수구이,0.9867166326681136
40,411,팥밥,아구(매운)탕,닭고기조림,감자구이,0.9866817937705046
43,994,검정콩밥,쏘가리매운탕,닭다리조림,감자구이,0.986478206454758
54,469,팥밥,낙지찌개,야채볶음(닭),옥수수구이,0.9848412003999156
65,987,검정콩밥,아구(매운)탕,닭고기조림(옥수수),옥수수구이,0.9836730127551514
69,577,녹두밥,쏘가리매운탕,야채볶음(닭),옥수수구이,0.9833551673332986
84,121,찰밥,어묵김치찌개,떡볶음(돼지고기&간장),감자구이,0.9828324156305676
108,836,수수찹쌀밥,쏘가리매운탕,돼지고기조림,감자구이,0.9818755338271664
112,112,찰밥,해물찌개(넙치&장어),돼지고기조림,감자구이,0.9816155652355932
124,745,차조밥,아구(매운)탕,돼지고기조림,옥수수구이,0.9813492002177304
165,330,콩밥(대두),쏘가리매운탕,완자조림(돈육),옥수수구이,0.9801494662125608
224,980,검정콩밥,아구(매운)탕,야채볶음(닭),감자구이,0.97846947166806
