,Unnamed: 0,밥,국,메인,서브,유사도
0,963,차수수밥,쏘가리매운탕,야채볶음(닭),감자구이,0.9940367339579224
1,491,완두콩밥,아구(매운)탕,닭고기조림,옥수수구이,0.9933528795363412
2,592,녹두밥,쏘가리매운탕,완자조림(돈육),감자구이,0.9928926668086616
3,380,콩밥(대두),어묵김치찌개,돼지고기조림,옥수수버터구이,0.9920433279758268
4,786,차조밥,해물찌개(넙치&장어),돼지고기조림,감자구이,0.9919960228339051
5,530,완두콩밥,어묵김치찌개,닭고기조림,감자구이,0.9915838345387666
6,550,완두콩밥,낙지찌개,완자조림(돈육),옥수수구이,0.9905806035908178
8,276,조밥,어묵김치찌개,야채볶음(닭),깻잎찜,0.9904885361316516
9,779,차조밥,쏘가리매운탕,닭다리조림,옥수수구이,0.9900814995830176
10,432,팥밥,어묵김치찌개,부추볶음(고기),깻잎찜,0.9900622765110606
11,307,조밥,낙지찌개,닭다리조림,감자구이,0.9899548151664636
12,242,현미밥,복매운탕,닭다리조림,옥수수구이,0.9898691646117254
15,150,찰밥,낙지찌개,야채볶음(닭),옥수수구이,0.9892163643176602
17,481,팥밥,복매운탕,돼지고기조림,옥수수구이,0.988990656555516
18,335,콩밥(대두),아구(매운)탕,완자조림(돈육),옥수수구이,0.9888999248486824
19,497,완두콩밥,아구(매운)탕,돼지고기조림,감자구이,0.9882496679125936
20,476,팥밥,복매운탕,닭고기조림,옥수수구이,0.9882379081735666
21,120,찰밥,어묵김치찌개,구절판,감자구이,0.9882025512331232
22,558,완두콩밥,낙지찌개,돼지고기조림,감자구이,0.9881262856448952
24,894,수수찹쌀밥,어묵김치찌개,닭다리조림,양배추찜,0.9879648907691008
25,469,팥밥,낙지찌개,닭고기조림(옥수수),감자구이,0.9878865718275136
30,969,차수수밥,쏘가리매운탕,돼지고기조림,감자구이,0.9871582288180284
31,564,완두콩밥,복매운탕,완자조림(돈육),감자구이,0.9870427753062162
36,431,팥밥,어묵김치찌개,부추볶음(제육),감자구이,0.9857413580432574
49,715,율무밥,어묵김치찌개,완자조림(돈육),가지찜,0.983833080567586
50,583,녹두밥,아구(매운)탕,닭고기조림(옥수수),감자구이,0.9837481469039744
51,484,완두콩밥,오징어찌개,돼지고기조림,감자구이,0.98369438613028
57,171,찰밥,복매운탕,닭고기조림(옥수수),옥수수구이,0.9834322319088412
58,670,율무밥,아구(매운)탕,야채볶음(닭),감자구이,0.9834191599386464
72,837,차조밥,낙지찌개,닭고기조림,옥수수구이,0.9825507770284004
73,630,녹두밥,어묵김치찌개,닭도리탕,옥수수구이,0.9825325238600526
78,514,완두콩밥,어묵김치찌개,떡볶음(돼지고기&간장),감자구이,0.9823106452566309
81,333,콩밥(대두),아구(매운)탕,닭다리조림,옥수수구이,0.9820935688067738
86,532,완두콩밥,어묵김치찌개,닭고기조림(옥수수),옥수수구이,0.982007385376411
97,163,찰밥,복매운탕,야채볶음(닭),옥수수구이,0.9815859375994528
