,Unnamed: 0,밥,국,메인,서브,유사도
0,909,수수찹쌀밥,어묵김치찌개,부추볶음(제육),감자구이,0.9937039097384156
1,463,팥밥,어묵김치찌개,야채볶음(닭),옥수수구이,0.9930162430026028
2,561,완두콩밥,어묵김치찌개,완자조림(돈육),콩나물찜,0.9925753085853972
3,359,콩밥(대두),쏘가리매운탕,완자조림(돈육),옥수수구이,0.9917022376712672
4,743,율무밥,어묵김치찌개,닭다리조림,감자구이,0.9916839217671596
5,501,팥밥,낙지찌개,닭다리조림,감자구이,0.991242328909408
6,256,조밥,아구(매운)탕,완자조림(돈육),옥수수구이,0.9911854738910436
7,978,차수수밥,아구(매운)탕,닭다리조림,옥수수구이,0.9904419371800444
8,519,팥밥,복매운탕,닭고기조림(옥수수),옥수수구이,0.9902539088628656
10,264,조밥,아구(매운)탕,돼지고기조림,감자구이,0.9901583299830294
13,736,율무밥,어묵김치찌개,구절판,깻잎찜,0.9897399287642024
17,90,쌀밥,복매운탕,돼지고기조림,깻잎찜,0.9893305130649004
18,64,쌀밥,어묵김치찌개,돼지고기조림,더덕구이,0.9889823877734616
19,142,찰밥,어묵김치찌개,닭고기조림,깻잎찜,0.9888770946126948
20,609,녹두밥,아구(매운)탕,야채볶음(닭),옥수수구이,0.9888502196315566
21,453,팥밥,쏘가리매운탕,돼지고기조림,감자구이,0.9886665777103676
22,320,조밥,낙지찌개,완자조림(돈육),옥수수구이,0.9885503301768346
24,448,팥밥,쏘가리매운탕,닭다리조림,옥수수구이,0.9879104011043768
26,115,찰밥,해물찌개(넙치&장어),돼지고기조림,감자구이,0.987851326811735
31,950,수수찹쌀밥,낙지찌개,야채볶음(닭),감자구이,0.9875825263775876
32,442,팥밥,아구(매운)탕,닭고기조림(옥수수),감자구이,0.9875367913302768
39,531,완두콩밥,아구(매운)탕,닭고기조림,옥수수구이,0.9867197982805408
41,602,완두콩밥,복매운탕,닭고기조림,감자구이,0.9864851576872962
44,642,녹두밥,어묵김치찌개,떡볶음(돼지고기&간장),감자구이,0.9859834247437216
49,327,조밥,낙지찌개,돼지고기조림,옥수수구이,0.9850758850903036
52,869,차조밥,낙지찌개,닭고기조림(옥수수),옥수수구이,0.9845747138163374
66,56,쌀밥,어묵김치찌개,닭도리탕,옥수수구이,0.9831807234686882
75,962,수수찹쌀밥,복매운탕,야채볶음(닭),감자구이,0.9826125256581882
76,368,콩밥(대두),어묵김치찌개,부추볶음(고기),감자구이,0.9825694055134075
84,956,수수찹쌀밥,낙지찌개,닭고기조림,감자구이,0.982268614828175
92,966,수수찹쌀밥,복매운탕,완자조림(돈육),감자구이,0.982041198550173
106,570,완두콩밥,어묵김치찌개,닭고기조림(옥수수),옥수수구이,0.9815676459137636
112,887,수수찹쌀밥,오징어찌개,돼지고기조림,감자구이,0.9813352432775658
150,82,쌀밥,복매운탕,닭다리조림,옥수수구이,0.9802995140971452
181,714,율무밥,쏘가리매운탕,야채볶음(닭),옥수수구이,0.9793614768254696
