,Unnamed: 0,밥,국,메인,서브,유사도
0,115,현미밥,어묵김치찌개,부추볶음(고기),깻잎찜,0.9885105581813524
1,833,찹쌀밥,아구(매운)탕,야채볶음(닭),옥수수구이,0.9882413094526592
2,936,잡곡밥,아구(매운)탕,닭고기조림(옥수수),감자구이,0.9881878387848982
3,524,차조밥,어묵김치찌개,돼지고기조림,더덕구이,0.987322563803398
4,596,수수찹쌀밥,어묵김치찌개,완자조림(돈육),깻잎찜,0.9870590790526156
5,659,차수수밥,쏘가리매운탕,야채볶음(닭),감자구이,0.9869978487096828
6,323,녹두밥,어묵김치찌개,닭고기조림(옥수수),옥수수구이,0.9856706073953176
7,548,차조밥,복매운탕,닭고기조림(옥수수),옥수수구이,0.9856349812508022
8,806,검정콩밥,낙지찌개,야채볶음(닭),감자구이,0.9849814668619594
9,193,완두콩밥,아구(매운)탕,돼지고기조림,감자구이,0.9848641686140917
10,635,수수찹쌀밥,복매운탕,완자조림(돈육),감자구이,0.9848507765237106
11,665,차수수밥,쏘가리매운탕,돼지고기조림,감자구이,0.9841120042758656
12,543,차조밥,복매운탕,닭다리조림,감자구이,0.984022369263418
14,819,검정콩밥,복매운탕,야채볶음(닭),감자구이,0.9838913794044128
16,933,잡곡밥,아구(매운)탕,닭고기조림,옥수수구이,0.9837989196558152
19,161,현미밥,낙지찌개,돼지고기조림,옥수수구이,0.9837242635009504
22,225,완두콩밥,어묵김치찌개,닭고기조림,옥수수구이,0.9832435947213763
26,37,찰밥,어묵김치찌개,야채볶음(닭),옥수수구이,0.9829960571352148
29,943,잡곡밥,쏘가리매운탕,닭다리조림,감자구이,0.9829008704136544
30,587,수수찹쌀밥,어묵김치찌개,구절판,옥수수구이,0.9828563109003768
31,139,현미밥,어묵김치찌개,닭도리탕,옥수수구이,0.9828203913887696
32,344,녹두밥,낙지찌개,닭고기조림,감자구이,0.9827014041475473
35,498,차조밥,어묵김치찌개,닭다리조림,콩나물찜,0.9824826969675132
40,929,잡곡밥,아구(매운)탕,닭다리조림,옥수수구이,0.9822645696092374
41,560,수수찹쌀밥,아구(매운)탕,완자조림(돈육),감자구이,0.9822445627422646
44,856,찹쌀밥,어묵김치찌개,부추볶음(제육),깻잎찜,0.982205820709473
49,153,현미밥,낙지찌개,닭다리조림,감자구이,0.9818658732456262
66,481,차조밥,해물찌개(넙치&장어),돼지고기조림,옥수수구이,0.9814402143309224
73,437,율무밥,낙지찌개,완자조림(돈육),감자구이,0.9810500219195396
79,625,수수찹쌀밥,낙지찌개,닭고기조림(옥수수),옥수수구이,0.980958689635948
95,643,차수수밥,오징어찌개,돼지고기조림,옥수수구이,0.9801534450682284
98,662,차수수밥,쏘가리매운탕,완자조림(돈육),옥수수구이,0.9800915379797844
114,399,율무밥,어묵김치찌개,떡볶음(돼지고기&간장),감자구이,0.9795184796899709
118,924,찹쌀밥,복매운탕,돼지고기조림,감자구이,0.9793219031330788
119,730,차수수밥,복매운탕,닭고기조림,감자구이,0.9792715843561652
