,Unnamed: 0,밥,국,메인,서브,유사도
0,620,차조밥,복매운탕,닭고기조림,감자구이,0.9893383947392244
1,463,율무밥,어묵김치찌개,부추볶음(제육),감자구이,0.9891656270071856
2,324,완두콩밥,낙지찌개,닭고기조림(옥수수),감자구이,0.9890903353093374
3,478,율무밥,어묵김치찌개,닭다리조림,깻잎찜,0.9884385177156548
4,119,현미밥,아구(매운)탕,야채볶음(닭),감자구이,0.9883939626413172
5,855,검정콩밥,어묵김치찌개,완자조림(돈육),양배추찜,0.9881372037321944
6,959,찹쌀밥,어묵김치찌개,닭고기조림(옥수수),감자구이,0.9880819039766624
7,541,차조밥,아구(매운)탕,닭고기조림(옥수수),옥수수구이,0.9872171206913916
8,614,차조밥,복매운탕,야채볶음(닭),감자구이,0.9869593376719964
9,617,차조밥,복매운탕,완자조림(돈육),옥수수구이,0.9869323939657512
10,679,수수찹쌀밥,어묵김치찌개,닭도리탕,옥수수구이,0.9868851892291296
13,444,율무밥,아구(매운)탕,닭고기조림,옥수수구이,0.9856236171707424
14,331,완두콩밥,복매운탕,닭다리조림,감자구이,0.9855667321777164
15,565,차조밥,어묵김치찌개,야채볶음(닭),감자구이,0.9855239039191266
16,828,검정콩밥,쏘가리매운탕,완자조림(돈육),옥수수구이,0.9848640033264195
20,685,수수찹쌀밥,어묵김치찌개,돼지고기조림,옥수수구이,0.9840068862382846
21,560,차조밥,어묵김치찌개,부추볶음(고기),옥수수구이,0.9839191098514928
24,102,찰밥,낙지찌개,돼지고기조림,감자구이,0.9837544755016616
25,940,찹쌀밥,어묵김치찌개,떡볶음(돼지고기&간장),감자구이,0.9837462518253658
26,956,찹쌀밥,어묵김치찌개,닭고기조림,감자구이,0.983690916382122
29,168,현미밥,낙지찌개,야채볶음(닭),감자구이,0.9836139600522432
31,545,차조밥,아구(매운)탕,돼지고기조림,감자구이,0.9832695743398531
32,356,녹두밥,쏘가리매운탕,야채볶음(닭),옥수수구이,0.9832074197118196
37,454,율무밥,쏘가리매운탕,닭다리조림,감자구이,0.983014684725538
44,605,차조밥,낙지찌개,완자조림(돈육),감자구이,0.982733445536164
52,141,현미밥,어묵김치찌개,구절판,옥수수구이,0.982279757613582
56,511,율무밥,낙지찌개,닭고기조림,옥수수구이,0.9821329120121474
62,114,찰밥,복매운탕,돼지고기조림,옥수수구이,0.9818907479774188
69,900,검정콩밥,복매운탕,닭고기조림(옥수수),감자구이,0.9816531702678732
79,362,녹두밥,쏘가리매운탕,돼지고기조림,옥수수구이,0.9813935246327088
86,345,녹두밥,아구(매운)탕,닭다리조림,옥수수구이,0.9811085649746812
87,904,찹쌀밥,오징어찌개,돼지고기조림,옥수수구이,0.9810276626528188
100,443,율무밥,아구(매운)탕,완자조림(돈육),감자구이,0.9806639744378306
110,880,검정콩밥,낙지찌개,닭다리조림,옥수수구이,0.9801750680764086
166,647,수수찹쌀밥,해물찌개(넙치&장어),돼지고기조림,옥수수구이,0.9785276417548796
