,Unnamed: 0,밥,국,메인,서브,유사도
0,929,고구마밥,아구(매운)탕,닭고기조림,옥수수구이,0.991083383017744
1,951,고구마밥,어묵김치찌개,닭고기조림,깻잎찜,0.9907670752810188
2,965,고구마밥,낙지찌개,야채볶음(닭),감자구이,0.9897679627052935
3,938,고구마밥,쏘가리매운탕,돼지고기조림,감자구이,0.9895529771188494
4,963,고구마밥,어묵김치찌개,돼지고기조림,감자구이,0.989461214769334
5,968,고구마밥,낙지찌개,닭고기조림,감자구이,0.9889800966247654
7,943,고구마밥,어묵김치찌개,부추볶음(고기),감자구이,0.9884505057274529
8,807,쑥쌀밥,어묵김치찌개,닭고기조림(옥수수),감자구이,0.9881993638639076
9,956,고구마밥,어묵김치찌개,닭도리탕,옥수수구이,0.9878200232502438
11,974,고구마밥,복매운탕,야채볶음(닭),옥수수구이,0.9875655278547992
13,972,고구마밥,낙지찌개,돼지고기조림,옥수수구이,0.9873473801818448
15,977,고구마밥,복매운탕,닭고기조림(옥수수),옥수수구이,0.9869687125831322
18,976,고구마밥,복매운탕,닭고기조림,옥수수구이,0.9861633593655964
19,947,고구마밥,어묵김치찌개,구절판,깻잎찜,0.9850579813397076
21,979,고구마밥,복매운탕,돼지고기조림,옥수수구이,0.984729461439472
24,970,고구마밥,낙지찌개,닭고기조림(옥수수),감자구이,0.9845329010818196
28,948,고구마밥,어묵김치찌개,닭다리조림,양배추찜,0.9840172096356952
29,607,밤밥,아구(매운)탕,완자조림(돈육),옥수수구이,0.9840042391840472
40,844,옥수수밥,아구(매운)탕,야채볶음(닭),감자구이,0.9825960831142552
43,934,고구마밥,아구(매운)탕,돼지고기조림,옥수수구이,0.9825706629497376
45,492,찹쌀밥,낙지찌개,완자조림(돈육),옥수수구이,0.9825521698013718
47,927,고구마밥,아구(매운)탕,닭다리조림,감자구이,0.9825419223732162
49,869,옥수수밥,어묵김치찌개,야채볶음(닭),옥수수구이,0.9823319849171476
58,234,율무밥,쏘가리매운탕,야채볶음(닭),감자구이,0.9816897532371274
61,733,수수밥,어묵김치찌개,부추볶음(제육),깻잎찜,0.9814547622942889
64,491,찹쌀밥,낙지찌개,닭다리조림,감자구이,0.981270920610808
75,724,수수밥,아구(매운)탕,닭고기조림(옥수수),옥수수구이,0.9806664598206
80,784,쑥쌀밥,쏘가리매운탕,닭다리조림,옥수수구이,0.979951081151848
98,769,쑥쌀밥,오징어찌개,돼지고기조림,감자구이,0.9786893808473371
104,871,옥수수밥,어묵김치찌개,떡볶음(돼지고기&간장),옥수수구이,0.9782426487113134
147,878,옥수수밥,어묵김치찌개,완자조림(돈육),깻잎찜,0.9771805021787664
186,672,밤밥,복매운탕,닭다리조림,감자구이,0.9763805260317744
235,619,밤밥,쏘가리매운탕,완자조림(돈육),옥수수구이,0.9755783939671456
