,Unnamed: 0,밥,국,메인,서브,유사도
0,800,검정콩밥,복매운탕,완자조림(돈육),감자구이,0.9883496414582348
1,499,차조밥,어묵김치찌개,닭도리탕,깻잎찜,0.9874323984626012
2,308,녹두밥,어묵김치찌개,닭고기조림,옥수수구이,0.9857787026592084
3,606,수수찹쌀밥,낙지찌개,닭고기조림,옥수수구이,0.9849725115026142
4,635,차수수밥,아구(매운)탕,닭고기조림,감자구이,0.9842215016806106
6,430,율무밥,낙지찌개,돼지고기조림,감자구이,0.9841266941606672
7,786,검정콩밥,낙지찌개,완자조림(돈육),옥수수구이,0.9840099632799442
9,896,찹쌀밥,복매운탕,닭고기조림,감자구이,0.9839116452227338
10,47,찰밥,어묵김치찌개,완자조림(돈육),양배추찜,0.98387872836098
11,785,검정콩밥,낙지찌개,닭다리조림,감자구이,0.9838424643753372
13,963,잡곡밥,어묵김치찌개,돼지고기조림,가지찜,0.9835663484788824
16,790,검정콩밥,낙지찌개,닭고기조림(옥수수),옥수수구이,0.983321917768884
17,479,차조밥,어묵김치찌개,떡볶음(돼지고기&간장),감자구이,0.9833078524283964
20,30,찰밥,어묵김치찌개,부추볶음(고기),감자구이,0.9831043902512276
22,905,잡곡밥,아구(매운)탕,야채볶음(닭),감자구이,0.9830173314468509
23,560,수수찹쌀밥,어묵김치찌개,부추볶음(제육),옥수수구이,0.9829856595362786
25,325,녹두밥,낙지찌개,야채볶음(닭),옥수수구이,0.9828102903254088
26,915,잡곡밥,아구(매운)탕,돼지고기조림,옥수수구이,0.9828056134969836
27,454,차조밥,아구(매운)탕,닭고기조림(옥수수),옥수수구이,0.9827328118077184
29,723,검정콩밥,아구(매운)탕,완자조림(돈육),옥수수구이,0.9825342062513492
30,585,수수찹쌀밥,어묵김치찌개,닭고기조림(옥수수),깻잎찜,0.9825042013136016
31,124,현미밥,어묵김치찌개,닭다리조림,옥수수구이,0.982499573389816
33,533,차조밥,복매운탕,닭고기조림(옥수수),감자구이,0.9823709155796734
37,732,검정콩밥,쏘가리매운탕,야채볶음(닭),옥수수구이,0.9822145213613048
38,100,현미밥,아구(매운)탕,닭다리조림,옥수수구이,0.982129128934246
39,841,찹쌀밥,어묵김치찌개,야채볶음(닭),옥수수구이,0.9821118486916618
40,248,완두콩밥,복매운탕,닭다리조림,감자구이,0.9820853628223783
46,259,녹두밥,오징어찌개,돼지고기조림,감자구이,0.9818301176046303
54,807,검정콩밥,복매운탕,돼지고기조림,감자구이,0.9816017129339688
60,983,잡곡밥,복매운탕,야채볶음(닭),감자구이,0.9812449399535322
61,847,찹쌀밥,어묵김치찌개,구절판,감자구이,0.9811981984971464
66,552,수수찹쌀밥,쏘가리매운탕,닭다리조림,옥수수구이,0.981119629482232
87,24,찰밥,해물찌개(넙치&장어),돼지고기조림,감자구이,0.980028937808484
94,370,율무밥,쏘가리매운탕,완자조림(돈육),옥수수구이,0.9796843247852652
97,647,차수수밥,쏘가리매운탕,돼지고기조림,옥수수구이,0.9794428189570348
