,Unnamed: 0,밥,국,메인,서브,유사도
0,254,고구마밥,어묵김치찌개,돼지고기조림,김구이,0.989079182272974
1,248,고구마밥,어묵김치찌개,부추볶음(고기),깻잎찜,0.989005646980838
2,252,고구마밥,어묵김치찌개,닭도리탕,깻잎찜,0.9875029936075326
3,255,고구마밥,낙지찌개,야채볶음(닭),옥수수구이,0.9874438749402524
4,256,고구마밥,낙지찌개,돼지고기조림,깻잎찜,0.987413283879174
5,257,고구마밥,복매운탕,돼지고기조림,깻잎찜,0.9848176712887536
9,211,옥수수밥,아구(매운)탕,닭고기조림,감자구이,0.9787891869012424
10,219,옥수수밥,어묵김치찌개,부추볶음(제육),깻잎찜,0.9786800562566508
12,73,수수찹쌀밥,아구(매운)탕,돼지고기조림,깻잎찜,0.977976948217645
14,235,옥수수밥,낙지찌개,닭고기조림(옥수수),옥수수구이,0.9774647302204968
16,222,옥수수밥,어묵김치찌개,야채볶음(닭),옥수수구이,0.97706731303464
17,138,밤밥,아구(매운)탕,야채볶음(닭),감자구이,0.9768762535660797
20,213,옥수수밥,아구(매운)탕,닭고기조림(옥수수),감자구이,0.9767557491984544
22,239,옥수수밥,복매운탕,야채볶음(닭),옥수수구이,0.9764038978317016
36,42,완두콩밥,어묵김치찌개,닭고기조림,깻잎찜,0.9742656324708012
48,234,옥수수밥,낙지찌개,닭고기조림,옥수수구이,0.9733689994982984
61,104,찹쌀밥,쏘가리매운탕,야채볶음(닭),감자구이,0.9723920597769966
76,226,옥수수밥,어묵김치찌개,닭고기조림(옥수수),깻잎찜,0.9720132918956434
92,109,찹쌀밥,어묵김치찌개,닭다리조림,깻잎찜,0.9712802499073608
100,95,찹쌀밥,오징어찌개,돼지고기조림,옥수수구이,0.9708895070514644
116,147,밤밥,쏘가리매운탕,돼지고기조림,옥수수구이,0.970293703070662
