,Unnamed: 0,밥,국,메인,서브,유사도
0,662,검정콩밥,어묵김치찌개,돼지고기조림,가지찜,0.9884659040512848
1,933,땅콩밥,복매운탕,돼지고기조림,옥수수구이,0.987099420579115
2,499,수수찹쌀밥,어묵김치찌개,닭고기조림,옥수수구이,0.9851045368491501
3,349,율무밥,어묵김치찌개,완자조림(돈육),양배추찜,0.9842601573143008
4,423,차조밥,어묵김치찌개,닭다리조림,옥수수구이,0.9842450286314962
7,856,잡곡밥,복매운탕,닭고기조림(옥수수),감자구이,0.9839295679849648
8,410,차조밥,어묵김치찌개,부추볶음(제육),깻잎찜,0.9835932483067302
9,984,밤밥,어묵김치찌개,닭고기조림(옥수수),감자구이,0.9834810388476112
10,167,완두콩밥,아구(매운)탕,닭고기조림,감자구이,0.983474119281426
14,94,현미밥,아구(매운)탕,완자조림(돈육),감자구이,0.9830722171091272
15,256,녹두밥,쏘가리매운탕,야채볶음(닭),감자구이,0.9829272639014288
16,384,율무밥,복매운탕,닭고기조림,감자구이,0.982715796877653
17,480,수수찹쌀밥,쏘가리매운탕,닭다리조림,옥수수구이,0.9826325890018864
19,986,밤밥,어묵김치찌개,닭도리탕,옥수수구이,0.9825404245953488
22,681,검정콩밥,복매운탕,닭다리조림,옥수수구이,0.9824724158155191
26,68,찰밥,낙지찌개,닭고기조림,옥수수구이,0.9822615552452216
27,106,현미밥,어묵김치찌개,야채볶음(닭),깻잎찜,0.9820941113073064
29,724,찹쌀밥,어묵김치찌개,구절판,깻잎찜,0.9819190976564234
31,541,차수수밥,아구(매운)탕,닭다리조림,옥수수구이,0.9818946221441516
32,562,차수수밥,어묵김치찌개,부추볶음(고기),깻잎찜,0.9818096054493248
33,956,밤밥,쏘가리매운탕,돼지고기조림,감자구이,0.9816972474225696
34,369,율무밥,낙지찌개,야채볶음(닭),감자구이,0.9816866171931108
39,629,검정콩밥,아구(매운)탕,돼지고기조림,깻잎찜,0.9812869670998148
41,680,검정콩밥,복매운탕,야채볶음(닭),감자구이,0.9811975668423092
43,161,완두콩밥,아구(매운)탕,야채볶음(닭),감자구이,0.981189442683662
49,670,검정콩밥,낙지찌개,닭다리조림,감자구이,0.9808464041175836
56,522,수수찹쌀밥,낙지찌개,닭고기조림(옥수수),옥수수구이,0.9803293676405554
60,465,수수찹쌀밥,오징어찌개,돼지고기조림,옥수수구이,0.9799187665796848
82,548,차수수밥,아구(매운)탕,닭고기조림(옥수수),감자구이,0.978902340120396
94,602,차수수밥,낙지찌개,돼지고기조림,깻잎찜,0.9784347699083756
113,153,현미밥,복매운탕,완자조림(돈육),옥수수구이,0.978008606963962
115,33,찰밥,어묵김치찌개,떡볶음(돼지고기&간장),옥수수구이,0.9779703383678018
120,840,잡곡밥,낙지찌개,완자조림(돈육),감자구이,0.9778758823123174
290,556,차수수밥,쏘가리매운탕,완자조림(돈육),옥수수구이,0.9748708809971244
