,Unnamed: 0,밥,국,메인,서브,유사도
0,825,찹쌀밥,아구(매운)탕,야채볶음(닭),감자구이,0.988287135698315
1,928,잡곡밥,아구(매운)탕,돼지고기조림,깻잎찜,0.988234510703629
2,518,차조밥,낙지찌개,야채볶음(닭),옥수수구이,0.9873690104348344
3,652,차수수밥,쏘가리매운탕,닭다리조림,감자구이,0.9870476320715114
4,319,녹두밥,어묵김치찌개,돼지고기조림,콩나물찜,0.985716333066372
5,542,차조밥,복매운탕,돼지고기조림,옥수수구이,0.9856840363899996
6,798,검정콩밥,낙지찌개,닭다리조림,옥수수구이,0.9850334757290612
7,189,완두콩밥,쏘가리매운탕,돼지고기조림,옥수수구이,0.9849103377267608
8,628,수수찹쌀밥,복매운탕,닭고기조림,감자구이,0.9849021413356828
9,658,차수수밥,해물찌개(넙치&장어),돼지고기조림,감자구이,0.9841583081032091
12,811,검정콩밥,복매운탕,닭다리조림,옥수수구이,0.9839414402400314
14,925,잡곡밥,아구(매운)탕,닭고기조림,감자구이,0.9838465579954276
15,52,찰밥,어묵김치찌개,닭고기조림,깻잎찜,0.9838168462680529
16,810,검정콩밥,복매운탕,야채볶음(닭),감자구이,0.9837784267762067
17,157,현미밥,낙지찌개,돼지고기조림,깻잎찜,0.9837729653366212
19,522,차조밥,낙지찌개,완자조림(돈육),옥수수구이,0.9834173150444782
21,221,완두콩밥,어묵김치찌개,닭도리탕,깻잎찜,0.9832905335768742
23,498,차조밥,어묵김치찌개,완자조림(돈육),옥수수구이,0.9832385283427388
25,35,찰밥,어묵김치찌개,야채볶음(닭),감자구이,0.9830418783669505
26,254,완두콩밥,복매운탕,닭고기조림(옥수수),옥수수구이,0.9830347156159032
28,935,잡곡밥,쏘가리매운탕,완자조림(돈육),옥수수구이,0.9829500524244504
29,581,수수찹쌀밥,어묵김치찌개,닭다리조림,양배추찜,0.9829108218640196
32,945,잡곡밥,어묵김치찌개,부추볶음(고기),옥수수구이,0.9827366644846904
37,132,현미밥,어묵김치찌개,닭고기조림(옥수수),깻잎찜,0.9824347641744694
38,804,검정콩밥,낙지찌개,닭고기조림(옥수수),옥수수구이,0.9823912827170616
39,921,잡곡밥,아구(매운)탕,닭다리조림,감자구이,0.9823140897591036
40,554,수수찹쌀밥,아구(매운)탕,닭고기조림(옥수수),옥수수구이,0.9822978343105774
43,848,찹쌀밥,어묵김치찌개,부추볶음(제육),옥수수구이,0.982259619234428
47,259,녹두밥,오징어찌개,돼지고기조림,옥수수구이,0.9820208341169676
50,429,율무밥,낙지찌개,닭고기조림,옥수수구이,0.981897047789172
65,813,검정콩밥,복매운탕,완자조림(돈육),옥수수구이,0.9814574211508059
92,295,녹두밥,어묵김치찌개,떡볶음(돼지고기&간장),감자구이,0.9801964786033668
100,650,차수수밥,쏘가리매운탕,야채볶음(닭),감자구이,0.979979812934385
113,670,차수수밥,어묵김치찌개,구절판,깻잎찜,0.9793759372419024
190,361,율무밥,아구(매운)탕,완자조림(돈육),감자구이,0.9778090919527692
