,Unnamed: 0,밥,국,메인,서브,유사도
0,243,콩밥(대두),어묵김치찌개,돼지고기조림,콩나물찜,0.990124075324202
1,278,팥밥,오징어찌개,돼지고기조림,옥수수구이,0.9900909196309332
2,320,팥밥,어묵김치찌개,닭다리조림,옥수수구이,0.9897417955140329
3,163,조밥,낙지찌개,야채볶음(닭),옥수수구이,0.98887703598044
4,359,팥밥,복매운탕,야채볶음(닭),감자구이,0.9882997104014818
6,122,조밥,어묵김치찌개,부추볶음(제육),옥수수구이,0.9870657446773572
7,85,쌀밥,복매운탕,완자조림(돈육),감자구이,0.9870065590028992
8,147,조밥,어묵김치찌개,닭고기조림,감자구이,0.987003703305058
9,113,조밥,쏘가리매운탕,닭다리조림,옥수수구이,0.9864258045508972
10,199,콩밥(대두),아구(매운)탕,닭고기조림(옥수수),옥수수구이,0.9861804158844651
11,56,쌀밥,어묵김치찌개,닭도리탕,옥수수구이,0.9860432465889276
12,316,팥밥,어묵김치찌개,구절판,감자구이,0.9855437227956646
14,165,조밥,낙지찌개,닭다리조림,옥수수구이,0.985291888741446
15,192,콩밥(대두),아구(매운)탕,야채볶음(닭),감자구이,0.9852611258619608
16,322,팥밥,어묵김치찌개,완자조림(돈육),콩나물찜,0.9852200918516062
19,263,콩밥(대두),낙지찌개,돼지고기조림,옥수수구이,0.9850687058357116
20,985,영양밥(돌솥밥),어묵김치찌개,닭고기조림(옥수수),옥수수구이,0.9848047929393732
21,88,쌀밥,복매운탕,닭고기조림(옥수수),옥수수구이,0.9847762229761916
22,864,보리조밥,어묵김치찌개,부추볶음(고기),옥수수구이,0.9847571634139336
28,197,콩밥(대두),아구(매운)탕,닭고기조림,옥수수구이,0.9839217862948824
32,72,쌀밥,낙지찌개,완자조림(돈육),감자구이,0.9835689967568167
33,131,조밥,어묵김치찌개,떡볶음(돼지고기&간장),감자구이,0.9833920440637834
35,102,조밥,아구(매운)탕,닭다리조림,감자구이,0.9832567794692284
40,843,보리팥밥,복매운탕,돼지고기조림,감자구이,0.9823471581432169
43,835,보리팥밥,복매운탕,닭다리조림,감자구이,0.9821923725206619
51,310,팥밥,어묵김치찌개,야채볶음(닭),옥수수구이,0.981523549029256
52,593,잡곡밥(강남콩),복매운탕,닭고기조림,감자구이,0.9815230764789438
57,388,율무밥,해물찌개(넙치&장어),돼지고기조림,감자구이,0.9813361647839196
64,172,조밥,낙지찌개,닭고기조림(옥수수),감자구이,0.9800206929793928
68,526,잡곡밥(강남콩),쏘가리매운탕,완자조림(돈육),감자구이,0.9789783898683236
69,291,팥밥,아구(매운)탕,돼지고기조림,옥수수구이,0.978891708799452
101,284,팥밥,아구(매운)탕,완자조림(돈육),옥수수구이,0.9762683120614486
133,74,쌀밥,낙지찌개,닭고기조림,감자구이,0.9745564542544124
190,22,쌀밥,쏘가리매운탕,돼지고기조림,감자구이,0.9722678166047471
243,112,조밥,쏘가리매운탕,야채볶음(닭),옥수수구이,0.9702187658108344
