,Unnamed: 0,밥,국,메인,서브,유사도
0,966,수수찹쌀밥,낙지찌개,완자조림(돈육),감자구이,0.9912079017362604
1,596,완두콩밥,낙지찌개,돼지고기조림,깻잎찜,0.9899206300418991
2,497,팥밥,낙지찌개,야채볶음(닭),옥수수구이,0.9892838898367888
3,532,완두콩밥,아구(매운)탕,닭고기조림,감자구이,0.9881084512993435
4,434,팥밥,오징어찌개,돼지고기조림,옥수수구이,0.9880839255722356
5,378,콩밥(대두),어묵김치찌개,구절판,깻잎찜,0.9875282451378132
6,793,율무밥,복매운탕,완자조림(돈육),옥수수구이,0.9872079278235834
7,145,찰밥,어묵김치찌개,닭고기조림(옥수수),옥수수구이,0.9870795254064434
9,615,녹두밥,아구(매운)탕,야채볶음(닭),감자구이,0.9863113971020914
11,970,수수찹쌀밥,낙지찌개,닭고기조림(옥수수),감자구이,0.98618782629423
12,277,조밥,쏘가리매운탕,완자조림(돈육),감자구이,0.9858501464544686
13,955,수수찹쌀밥,어묵김치찌개,돼지고기조림,가지찜,0.9857639001364109
14,550,완두콩밥,어묵김치찌개,야채볶음(닭),깻잎찜,0.9857045353077768
15,65,쌀밥,낙지찌개,닭다리조림,옥수수구이,0.9854137421204072
18,93,찰밥,아구(매운)탕,닭다리조림,옥수수구이,0.9847156130737804
20,203,현미밥,어묵김치찌개,부추볶음(고기),감자구이,0.984609854660394
21,471,팥밥,어묵김치찌개,닭다리조림,양배추찜,0.9845173528104246
24,310,조밥,어묵김치찌개,닭도리탕,감자구이,0.9841518654292276
25,611,완두콩밥,복매운탕,돼지고기조림,감자구이,0.98366705623015
27,269,조밥,아구(매운)탕,닭고기조림(옥수수),감자구이,0.9834391129912556
28,554,완두콩밥,어묵김치찌개,떡볶음(돼지고기&간장),감자구이,0.983322287739376
30,174,찰밥,복매운탕,닭다리조림,옥수수구이,0.982804453962664
36,703,녹두밥,복매운탕,닭고기조림(옥수수),감자구이,0.9813228400227936
37,638,녹두밥,어묵김치찌개,부추볶음(제육),옥수수구이,0.9811172710794128
41,427,콩밥(대두),복매운탕,닭고기조림,옥수수구이,0.9796454035741646
42,456,팥밥,쏘가리매운탕,돼지고기조림,감자구이,0.9793799487798496
43,569,완두콩밥,어묵김치찌개,닭고기조림,옥수수구이,0.978915111357736
48,967,수수찹쌀밥,낙지찌개,닭고기조림,옥수수구이,0.977855511961818
49,478,팥밥,어묵김치찌개,완자조림(돈육),감자구이,0.9771523829159834
64,722,율무밥,쏘가리매운탕,야채볶음(닭),옥수수구이,0.9746854469489976
66,103,찰밥,아구(매운)탕,돼지고기조림,감자구이,0.9744684714417214
71,918,수수찹쌀밥,해물찌개(넙치&장어),돼지고기조림,옥수수구이,0.974298223001567
86,629,녹두밥,쏘가리매운탕,닭다리조림,옥수수구이,0.973081094113669
95,994,차수수밥,아구(매운)탕,완자조림(돈육),감자구이,0.9725182996606402
97,599,완두콩밥,복매운탕,야채볶음(닭),옥수수구이,0.9724128621474488
