,Unnamed: 0,밥,국,메인,서브,유사도
0,731,차조밥,어묵김치찌개,부추볶음(제육),옥수수구이,0.9907009378630404
1,836,수수찹쌀밥,어묵김치찌개,돼지고기조림,가지찜,0.990639068096224
2,945,검정콩밥,아구(매운)탕,닭고기조림,감자구이,0.9903194997771161
3,449,팥밥,어묵김치찌개,닭도리탕,옥수수구이,0.9894337745936956
4,380,콩밥(대두),복매운탕,야채볶음(닭),옥수수구이,0.9887728278277718
5,332,콩밥(대두),어묵김치찌개,야채볶음(닭),옥수수구이,0.987609734635781
6,406,팥밥,아구(매운)탕,돼지고기조림,옥수수구이,0.9875908937828872
7,205,현미밥,낙지찌개,돼지고기조림,감자구이,0.9875558726101636
10,108,찰밥,해물찌개(넙치&장어),돼지고기조림,감자구이,0.9865962314847704
11,940,검정콩밥,아구(매운)탕,닭다리조림,옥수수구이,0.9861161556479372
12,464,팥밥,낙지찌개,완자조림(돈육),옥수수구이,0.9858364767687748
13,565,녹두밥,쏘가리매운탕,닭다리조림,감자구이,0.9858295101740868
15,370,콩밥(대두),낙지찌개,닭다리조림,감자구이,0.9857057031547506
16,734,차조밥,어묵김치찌개,부추볶음(고기),감자구이,0.98570142081948
17,781,차조밥,복매운탕,닭다리조림,감자구이,0.9856399171646651
18,209,현미밥,복매운탕,완자조림(돈육),감자구이,0.9853479490581658
21,54,쌀밥,어묵김치찌개,닭고기조림(옥수수),감자구이,0.9849372955117964
23,586,녹두밥,어묵김치찌개,닭다리조림,깻잎찜,0.9845077518842976
24,76,쌀밥,낙지찌개,닭고기조림(옥수수),감자구이,0.9842025486469445
25,184,현미밥,어묵김치찌개,완자조림(돈육),감자구이,0.9841872730463538
29,261,조밥,어묵김치찌개,닭고기조림,옥수수구이,0.9838532309574816
32,569,녹두밥,쏘가리매운탕,돼지고기조림,감자구이,0.9831231284607956
33,202,현미밥,낙지찌개,닭고기조림,감자구이,0.982943574117124
38,786,차조밥,복매운탕,닭고기조림(옥수수),옥수수구이,0.9823362700286103
43,795,수수찹쌀밥,아구(매운)탕,완자조림(돈육),감자구이,0.9820606490011252
46,485,팥밥,복매운탕,돼지고기조림,감자구이,0.9815469518766105
56,968,검정콩밥,어묵김치찌개,떡볶음(돼지고기&간장),감자구이,0.9788896883020776
58,430,팥밥,어묵김치찌개,구절판,옥수수구이,0.9784246423043942
68,955,검정콩밥,쏘가리매운탕,완자조림(돈육),감자구이,0.9766991379582244
77,394,팥밥,오징어찌개,돼지고기조림,감자구이,0.9759465835386518
85,859,수수찹쌀밥,복매운탕,닭고기조림,감자구이,0.9749637918275594
97,367,콩밥(대두),낙지찌개,야채볶음(닭),옥수수구이,0.9738912936822056
114,799,수수찹쌀밥,아구(매운)탕,닭고기조림(옥수수),감자구이,0.9730809541864472
144,721,차조밥,쏘가리매운탕,야채볶음(닭),옥수수구이,0.9715241972610608
146,214,조밥,아구(매운)탕,야채볶음(닭),옥수수구이,0.9714725607184488
