,Unnamed: 0,밥,국,메인,서브,유사도
0,829,차조밥,복매운탕,닭다리조림,옥수수구이,0.9908136169782716
1,945,차수수밥,어묵김치찌개,부추볶음(제육),옥수수구이,0.99074568256786
2,509,완두콩밥,아구(매운)탕,닭고기조림,감자구이,0.9895422147018716
3,427,팥밥,쏘가리매운탕,닭다리조림,감자구이,0.9888863576176878
4,371,콩밥(대두),어묵김치찌개,닭도리탕,깻잎찜,0.9877154987553012
5,456,팥밥,어묵김치찌개,완자조림(돈육),옥수수구이,0.9877057832360668
6,229,조밥,오징어찌개,돼지고기조림,감자구이,0.9876627617319472
7,324,콩밥(대두),아구(매운)탕,닭다리조림,옥수수구이,0.9871264696293728
8,677,율무밥,쏘가리매운탕,야채볶음(닭),감자구이,0.9868357796330576
9,118,찰밥,어묵김치찌개,야채볶음(닭),콩나물찜,0.9867039049683932
10,525,완두콩밥,어묵김치찌개,떡볶음(돼지고기&간장),옥수수구이,0.9859423836313204
11,635,녹두밥,어묵김치찌개,돼지고기조림,옥수수구이,0.985940443542734
12,415,팥밥,아구(매운)탕,완자조림(돈육),옥수수구이,0.9858159005111524
13,833,차조밥,복매운탕,닭고기조림,옥수수구이,0.9858097436341752
14,883,수수찹쌀밥,어묵김치찌개,닭고기조림,옥수수구이,0.985751449433384
16,818,차조밥,낙지찌개,닭다리조림,감자구이,0.9853610498685332
20,660,녹두밥,복매운탕,닭고기조림(옥수수),감자구이,0.9846224111457929
21,79,쌀밥,낙지찌개,돼지고기조림,감자구이,0.9843164721143576
23,170,찰밥,복매운탕,돼지고기조림,옥수수구이,0.984232337157313
26,558,완두콩밥,낙지찌개,닭고기조림,감자구이,0.9839698335890188
27,265,조밥,어묵김치찌개,구절판,감자구이,0.9837459779442635
28,522,완두콩밥,어묵김치찌개,부추볶음(고기),감자구이,0.9832786249896764
29,639,녹두밥,낙지찌개,야채볶음(닭),옥수수구이,0.9832345687768111
40,428,팥밥,쏘가리매운탕,완자조림(돈육),옥수수구이,0.9816482019840254
46,997,차수수밥,복매운탕,완자조림(돈육),옥수수구이,0.9795945445005968
49,392,콩밥(대두),낙지찌개,닭고기조림(옥수수),감자구이,0.978983194654726
51,584,녹두밥,아구(매운)탕,닭고기조림(옥수수),옥수수구이,0.9781726267542356
56,875,수수찹쌀밥,어묵김치찌개,닭다리조림,옥수수구이,0.9771466456126118
61,397,콩밥(대두),복매운탕,야채볶음(닭),감자구이,0.976381722600132
72,587,녹두밥,아구(매운)탕,돼지고기조림,감자구이,0.975129665727981
73,969,차수수밥,어묵김치찌개,닭고기조림(옥수수),깻잎찜,0.9750489059903898
81,412,팥밥,아구(매운)탕,야채볶음(닭),감자구이,0.9740081663330772
97,902,수수찹쌀밥,낙지찌개,완자조림(돈육),옥수수구이,0.973190629797796
135,250,조밥,해물찌개(넙치&장어),돼지고기조림,옥수수구이,0.971320973527984
251,857,수수찹쌀밥,쏘가리매운탕,돼지고기조림,감자구이,0.9672052528045892
