,Unnamed: 0,밥,국,메인,서브,유사도
0,969,수수찹쌀밥,낙지찌개,닭고기조림(옥수수),감자구이,0.9912489513929204
1,598,완두콩밥,복매운탕,야채볶음(닭),옥수수구이,0.9899599191131541
2,498,팥밥,낙지찌개,닭다리조림,옥수수구이,0.9893253059147512
3,533,완두콩밥,아구(매운)탕,닭고기조림(옥수수),감자구이,0.9881504416280412
4,435,팥밥,아구(매운)탕,야채볶음(닭),옥수수구이,0.9881221093783764
5,379,콩밥(대두),어묵김치찌개,구절판,옥수수구이,0.9875701378703676
6,796,율무밥,복매운탕,닭고기조림(옥수수),옥수수구이,0.9872465277933908
7,146,찰밥,어묵김치찌개,닭고기조림(옥수수),감자구이,0.9871185117457018
8,747,율무밥,어묵김치찌개,닭다리조림,양배추찜,0.986368668742172
9,618,녹두밥,아구(매운)탕,완자조림(돈육),감자구이,0.9863496511029058
10,484,팥밥,어묵김치찌개,닭도리탕,깻잎찜,0.9862410612929816
12,278,조밥,쏘가리매운탕,돼지고기조림,옥수수구이,0.9858907963719804
13,958,수수찹쌀밥,어묵김치찌개,돼지고기조림,김구이,0.98580591730325
14,552,완두콩밥,어묵김치찌개,떡볶음(돼지고기&간장),옥수수구이,0.98574477644256
17,94,찰밥,아구(매운)탕,닭다리조림,감자구이,0.9847572208208012
19,204,현미밥,어묵김치찌개,야채볶음(닭),깻잎찜,0.9846490588297128
21,338,조밥,복매운탕,완자조림(돈육),감자구이,0.9844231999848262
25,753,율무밥,어묵김치찌개,완자조림(돈육),깻잎찜,0.9836650018022092
26,270,조밥,아구(매운)탕,돼지고기조림,깻잎찜,0.9834791868333286
29,175,찰밥,복매운탕,닭다리조림,감자구이,0.9828444165876576
30,119,찰밥,어묵김치찌개,부추볶음(고기),감자구이,0.9827105503086376
31,681,녹두밥,낙지찌개,야채볶음(닭),감자구이,0.9825427378619452
32,508,팥밥,낙지찌개,돼지고기조림,감자구이,0.9823016142245118
35,706,율무밥,오징어찌개,돼지고기조림,옥수수구이,0.9813646819071332
41,457,팥밥,어묵김치찌개,부추볶음(제육),옥수수구이,0.9794213061633218
43,684,녹두밥,낙지찌개,완자조림(돈육),옥수수구이,0.9786134251487708
48,479,팥밥,어묵김치찌개,닭고기조림,옥수수구이,0.9771908075380954
63,725,율무밥,쏘가리매운탕,완자조림(돈육),옥수수구이,0.9747249150986624
65,104,찰밥,쏘가리매운탕,야채볶음(닭),옥수수구이,0.9745077501093662
67,877,차조밥,낙지찌개,닭고기조림,감자구이,0.9744303532242088
77,890,차조밥,복매운탕,닭고기조림,감자구이,0.9735302306994252
81,825,차조밥,해물찌개(넙치&장어),돼지고기조림,감자구이,0.973330367681498
82,274,조밥,쏘가리매운탕,닭다리조림,옥수수구이,0.9733105146227582
87,519,팥밥,복매운탕,돼지고기조림,깻잎찜,0.9729240665708532
93,810,차조밥,아구(매운)탕,닭고기조림,감자구이,0.9726660381151998
