,Unnamed: 0,밥,국,메인,서브,유사도
0,461,율무밥,어묵김치찌개,닭도리탕,옥수수구이,0.9866112117118556
1,116,현미밥,아구(매운)탕,돼지고기조림,깻잎찜,0.98311012058007
2,475,율무밥,낙지찌개,닭다리조림,감자구이,0.9824918950299826
3,612,수수찹쌀밥,쏘가리매운탕,돼지고기조림,옥수수구이,0.9824106890864328
4,667,수수찹쌀밥,낙지찌개,돼지고기조림,깻잎찜,0.9817529667687792
5,608,수수찹쌀밥,쏘가리매운탕,닭다리조림,옥수수구이,0.981545597206187
6,957,찹쌀밥,복매운탕,완자조림(돈육),감자구이,0.9805897063399984
7,852,검정콩밥,낙지찌개,닭고기조림,감자구이,0.9805836109793341
8,410,율무밥,아구(매운)탕,완자조림(돈육),감자구이,0.9800646865489404
9,543,차조밥,어묵김치찌개,완자조림(돈육),콩나물찜,0.9793211307501408
10,145,현미밥,어묵김치찌개,닭고기조림(옥수수),옥수수구이,0.9783319103918984
11,456,율무밥,어묵김치찌개,닭고기조림,감자구이,0.9775450310243212
12,378,녹두밥,낙지찌개,야채볶음(닭),감자구이,0.9774789723928904
13,443,율무밥,어묵김치찌개,닭다리조림,콩나물찜,0.9771669079154556
14,331,녹두밥,해물찌개(넙치&장어),돼지고기조림,옥수수구이,0.977064437835934
15,558,차조밥,어묵김치찌개,돼지고기조림,콩나물찜,0.977038783296678
21,685,차수수밥,아구(매운)탕,야채볶음(닭),옥수수구이,0.9750896555774068
23,102,찰밥,복매운탕,닭고기조림,감자구이,0.9748706014950196
28,954,찹쌀밥,복매운탕,닭다리조림,옥수수구이,0.9747163938140664
29,164,현미밥,낙지찌개,완자조림(돈육),감자구이,0.9746993913987102
36,960,찹쌀밥,복매운탕,닭고기조림(옥수수),옥수수구이,0.973801803660446
39,38,찰밥,어묵김치찌개,부추볶음(제육),옥수수구이,0.973706261994708
50,517,차조밥,쏘가리매운탕,완자조림(돈육),옥수수구이,0.9730394972511204
55,777,검정콩밥,오징어찌개,돼지고기조림,감자구이,0.9727322121181362
59,902,찹쌀밥,어묵김치찌개,야채볶음(닭),콩나물찜,0.9724844331803212
60,441,율무밥,어묵김치찌개,구절판,옥수수구이,0.9724140481620784
61,112,현미밥,아구(매운)탕,닭다리조림,옥수수구이,0.9724135967369733
72,698,차수수밥,쏘가리매운탕,야채볶음(닭),옥수수구이,0.9719375955350308
73,711,차수수밥,어묵김치찌개,부추볶음(고기),깻잎찜,0.971850862972087
86,227,완두콩밥,아구(매운)탕,닭고기조림,옥수수구이,0.9713015142022086
94,590,차조밥,복매운탕,돼지고기조림,깻잎찜,0.9710847218634014
106,854,검정콩밥,낙지찌개,닭고기조림(옥수수),감자구이,0.9702642135735264
112,671,수수찹쌀밥,복매운탕,야채볶음(닭),감자구이,0.969997858503616
189,976,잡곡밥,아구(매운)탕,닭고기조림(옥수수),감자구이,0.9676394699238744
212,907,찹쌀밥,어묵김치찌개,떡볶음(돼지고기&간장),감자구이,0.9670980025723921
