,Unnamed: 0,밥,국,메인,서브,유사도
0,113,현미밥,어묵김치찌개,부추볶음(제육),옥수수구이,0.9831978403887206
1,596,수수찹쌀밥,어묵김치찌개,완자조림(돈육),양배추찜,0.9824869039937486
2,651,차수수밥,아구(매운)탕,완자조림(돈육),감자구이,0.981837987881076
3,941,잡곡밥,쏘가리매운탕,야채볶음(닭),옥수수구이,0.9806698734769144
4,836,찹쌀밥,아구(매운)탕,닭다리조림,옥수수구이,0.9806625165002476
5,528,차조밥,낙지찌개,야채볶음(닭),옥수수구이,0.9794009107821932
6,325,녹두밥,어묵김치찌개,닭고기조림(옥수수),감자구이,0.977143064183388
7,543,차조밥,복매운탕,닭다리조림,옥수수구이,0.9771223552109128
9,197,완두콩밥,쏘가리매운탕,완자조림(돈육),옥수수구이,0.9760831341446312
12,545,차조밥,복매운탕,완자조림(돈육),옥수수구이,0.9750157989805032
14,815,검정콩밥,낙지찌개,닭고기조림(옥수수),감자구이,0.9749032825258644
15,913,찹쌀밥,복매운탕,야채볶음(닭),옥수수구이,0.9748856018047566
17,938,잡곡밥,아구(매운)탕,돼지고기조림,깻잎찜,0.9747977888322684
19,828,검정콩밥,복매운탕,닭고기조림(옥수수),감자구이,0.9746750981192972
22,225,완두콩밥,어묵김치찌개,닭고기조림,깻잎찜,0.9742668837401044
23,501,차조밥,어묵김치찌개,닭다리조림,깻잎찜,0.9742255680450236
25,944,잡곡밥,쏘가리매운탕,닭다리조림,감자구이,0.9738854790260476
26,681,차수수밥,어묵김치찌개,구절판,옥수수구이,0.9738728157066562
28,36,찰밥,어묵김치찌개,야채볶음(닭),깻잎찜,0.973784927029796
29,585,수수찹쌀밥,어묵김치찌개,떡볶음(돼지고기&간장),옥수수구이,0.9736324291332747
30,811,검정콩밥,낙지찌개,완자조림(돈육),감자구이,0.9736182493522048
31,139,현미밥,어묵김치찌개,닭도리탕,옥수수구이,0.9735848971794796
33,481,차조밥,쏘가리매운탕,돼지고기조림,감자구이,0.9734007715245891
36,615,수수찹쌀밥,어묵김치찌개,돼지고기조림,더덕구이,0.973143094224346
39,924,찹쌀밥,복매운탕,돼지고기조림,옥수수구이,0.9730282035752104
40,556,수수찹쌀밥,아구(매운)탕,야채볶음(닭),옥수수구이,0.9729538185618732
42,826,검정콩밥,복매운탕,닭고기조림,감자구이,0.9729172167531132
43,761,검정콩밥,해물찌개(넙치&장어),돼지고기조림,감자구이,0.9728154034045068
51,812,검정콩밥,낙지찌개,닭고기조림,옥수수구이,0.972345688234266
53,279,녹두밥,아구(매운)탕,닭고기조림(옥수수),옥수수구이,0.9722800054683749
64,621,수수찹쌀밥,낙지찌개,닭다리조림,감자구이,0.9718149160464784
82,84,찰밥,낙지찌개,돼지고기조림,옥수수구이,0.9711402100317996
89,116,현미밥,어묵김치찌개,부추볶음(고기),옥수수구이,0.9705017378749312
105,652,차수수밥,아구(매운)탕,닭고기조림,옥수수구이,0.9698375141080324
123,269,녹두밥,오징어찌개,돼지고기조림,옥수수구이,0.968958539487778
