,Unnamed: 0,밥,국,메인,서브,유사도
0,592,녹두밥,어묵김치찌개,완자조림(돈육),가지찜,0.9901041787375122
1,494,완두콩밥,어묵김치찌개,닭다리조림,감자구이,0.9894776533263772
2,431,팥밥,어묵김치찌개,돼지고기조림,더덕구이,0.9882621774231302
3,375,콩밥(대두),낙지찌개,돼지고기조림,감자구이,0.9877243059934868
4,787,차조밥,어묵김치찌개,닭고기조림,감자구이,0.9873881821214464
5,145,찰밥,낙지찌개,닭다리조림,감자구이,0.9872616352806004
6,480,완두콩밥,어묵김치찌개,부추볶음(고기),옥수수구이,0.9863882111370036
9,950,차수수밥,어묵김치찌개,야채볶음(닭),깻잎찜,0.9859605674309686
10,150,찰밥,낙지찌개,닭고기조림(옥수수),옥수수구이,0.985499556233542
12,94,찰밥,쏘가리매운탕,돼지고기조림,감자구이,0.9849103201609164
13,242,조밥,오징어찌개,돼지고기조림,감자구이,0.9848421184354491
14,468,완두콩밥,아구(매운)탕,돼지고기조림,옥수수구이,0.9847183532774499
15,334,콩밥(대두),어묵김치찌개,부추볶음(제육),감자구이,0.9845809968250422
16,645,율무밥,아구(매운)탕,완자조림(돈육),옥수수구이,0.9845301390299523
17,307,조밥,복매운탕,닭고기조림,옥수수구이,0.9843501837203292
18,744,차조밥,아구(매운)탕,닭고기조림(옥수수),옥수수구이,0.9838141944725396
20,470,완두콩밥,쏘가리매운탕,닭다리조림,옥수수구이,0.983365815738966
21,173,현미밥,아구(매운)탕,닭다리조림,감자구이,0.9829912727917562
24,504,완두콩밥,어묵김치찌개,닭고기조림(옥수수),옥수수구이,0.9824523010706774
26,637,녹두밥,복매운탕,돼지고기조림,옥수수구이,0.9821991414929352
27,697,율무밥,어묵김치찌개,닭도리탕,옥수수구이,0.9815186885678984
35,675,율무밥,어묵김치찌개,떡볶음(돼지고기&간장),감자구이,0.9787666338773712
37,148,찰밥,낙지찌개,닭고기조림,옥수수구이,0.9780987297208072
38,837,수수찹쌀밥,아구(매운)탕,닭고기조림,옥수수구이,0.9780412139114212
55,582,녹두밥,어묵김치찌개,구절판,옥수수구이,0.9747212536427664
61,914,수수찹쌀밥,복매운탕,닭고기조림(옥수수),옥수수구이,0.9744846601593896
64,365,콩밥(대두),낙지찌개,야채볶음(닭),감자구이,0.9740832780385568
66,237,현미밥,복매운탕,완자조림(돈육),감자구이,0.9739644232367092
72,817,차조밥,복매운탕,야채볶음(닭),감자구이,0.9734764018689276
74,713,율무밥,낙지찌개,완자조림(돈육),감자구이,0.9733645658529068
82,658,율무밥,쏘가리매운탕,완자조림(돈육),옥수수구이,0.9728241255633628
94,457,완두콩밥,아구(매운)탕,야채볶음(닭),옥수수구이,0.9721847003287594
131,87,찰밥,쏘가리매운탕,야채볶음(닭),옥수수구이,0.9708211160900656
135,95,찰밥,해물찌개(넙치&장어),돼지고기조림,옥수수구이,0.9704843951619656
240,158,찰밥,복매운탕,닭다리조림,감자구이,0.966898705110181
