,Unnamed: 0,밥,국,메인,서브,유사도
0,690,검정콩밥,어묵김치찌개,야채볶음(닭),깻잎찜,0.9809192529004336
1,426,차조밥,아구(매운)탕,닭고기조림,감자구이,0.9796608158956444
3,977,땅콩밥,어묵김치찌개,부추볶음(고기),옥수수구이,0.976431040792167
4,517,수수찹쌀밥,쏘가리매운탕,돼지고기조림,옥수수구이,0.9763491097562964
5,881,잡곡밥,어묵김치찌개,돼지고기조림,콩나물찜,0.975954346180858
6,440,차조밥,어묵김치찌개,부추볶음(제육),옥수수구이,0.975269940140268
8,672,검정콩밥,아구(매운)탕,닭고기조림(옥수수),옥수수구이,0.9751820029671404
9,755,찹쌀밥,쏘가리매운탕,야채볶음(닭),옥수수구이,0.9751566301800342
11,895,잡곡밥,낙지찌개,완자조림(돈육),감자구이,0.9749201202919224
15,777,찹쌀밥,어묵김치찌개,구절판,감자구이,0.9741594957583998
16,476,차조밥,낙지찌개,닭다리조림,옥수수구이,0.9739347428268018
17,99,현미밥,아구(매운)탕,완자조림(돈육),감자구이,0.9738684631713912
18,790,찹쌀밥,어묵김치찌개,닭고기조림(옥수수),옥수수구이,0.9736957577127586
20,266,녹두밥,아구(매운)탕,돼지고기조림,감자구이,0.9735976350656652
21,500,수수찹쌀밥,오징어찌개,돼지고기조림,감자구이,0.9734217548145528
22,97,현미밥,아구(매운)탕,닭다리조림,감자구이,0.9733914898887892
23,402,율무밥,낙지찌개,돼지고기조림,깻잎찜,0.9733850670686658
26,628,차수수밥,어묵김치찌개,닭도리탕,감자구이,0.9730877132514156
31,723,검정콩밥,낙지찌개,닭고기조림,감자구이,0.9726695592574716
35,295,녹두밥,어묵김치찌개,닭고기조림,감자구이,0.9725214759591664
36,758,찹쌀밥,쏘가리매운탕,닭다리조림,감자구이,0.972495558256494
42,333,녹두밥,복매운탕,돼지고기조림,옥수수구이,0.9720488608164078
46,653,차수수밥,복매운탕,닭다리조림,감자구이,0.9717033979548136
49,167,완두콩밥,아구(매운)탕,야채볶음(닭),옥수수구이,0.971563543341024
62,535,수수찹쌀밥,어묵김치찌개,완자조림(돈육),깻잎찜,0.970349144248666
63,575,수수찹쌀밥,복매운탕,닭고기조림(옥수수),감자구이,0.9702000293183424
68,234,완두콩밥,낙지찌개,닭고기조림(옥수수),옥수수구이,0.9698277985204309
70,890,잡곡밥,낙지찌개,야채볶음(닭),옥수수구이,0.9695866897807582
77,733,검정콩밥,복매운탕,닭고기조림,옥수수구이,0.9691794509525408
99,409,율무밥,복매운탕,완자조림(돈육),옥수수구이,0.9683468524389124
112,528,수수찹쌀밥,어묵김치찌개,떡볶음(돼지고기&간장),옥수수구이,0.9678772323029796
119,121,현미밥,어묵김치찌개,닭다리조림,감자구이,0.9677602377359064
165,904,잡곡밥,복매운탕,야채볶음(닭),감자구이,0.9665723749859864
313,20,찰밥,쏘가리매운탕,완자조림(돈육),감자구이,0.9634947868013876
