,Unnamed: 0,밥,국,메인,서브,유사도
0,954,고구마밥,아구(매운)탕,닭고기조림,옥수수구이,0.988003424721108
1,989,고구마밥,어묵김치찌개,돼지고기조림,김구이,0.9870905261274594
2,995,고구마밥,낙지찌개,닭고기조림,감자구이,0.9868849147472928
3,979,고구마밥,어묵김치찌개,닭고기조림,옥수수구이,0.9867746302122444
4,976,고구마밥,어묵김치찌개,완자조림(돈육),양배추찜,0.986091456213156
5,968,고구마밥,어묵김치찌개,부추볶음(고기),옥수수구이,0.9854922703002912
6,963,고구마밥,쏘가리매운탕,돼지고기조림,감자구이,0.9854339697567958
7,991,고구마밥,낙지찌개,야채볶음(닭),옥수수구이,0.9853187629593976
9,981,고구마밥,어묵김치찌개,닭고기조림(옥수수),옥수수구이,0.9835642157183688
12,999,고구마밥,낙지찌개,돼지고기조림,옥수수구이,0.9823440220134748
14,983,고구마밥,어묵김치찌개,닭도리탕,옥수수구이,0.981578885259258
17,997,고구마밥,낙지찌개,닭고기조림(옥수수),감자구이,0.9797414717735676
19,972,고구마밥,어묵김치찌개,야채볶음(닭),감자구이,0.9789422376448658
20,993,고구마밥,낙지찌개,닭다리조림,옥수수구이,0.9789319545895168
24,973,고구마밥,어묵김치찌개,구절판,깻잎찜,0.9775183849948176
26,959,고구마밥,아구(매운)탕,돼지고기조림,옥수수구이,0.976041803240974
27,952,고구마밥,아구(매운)탕,닭다리조림,감자구이,0.9759230816340864
29,484,찹쌀밥,어묵김치찌개,닭다리조림,양배추찜,0.9750397634985886
30,622,밤밥,오징어찌개,돼지고기조림,옥수수구이,0.9750323508328048
39,283,차조밥,쏘가리매운탕,야채볶음(닭),감자구이,0.9734890837876246
40,702,밤밥,복매운탕,돼지고기조림,감자구이,0.973457702714898
55,804,쑥쌀밥,아구(매운)탕,닭고기조림(옥수수),감자구이,0.9722773382474068
67,725,보리콩밥,어묵김치찌개,부추볶음(제육),깻잎찜,0.9713482952098016
74,683,밤밥,낙지찌개,완자조림(돈육),감자구이,0.9707817008054715
89,310,차조밥,복매운탕,야채볶음(닭),감자구이,0.9688317600799392
101,357,수수찹쌀밥,복매운탕,닭고기조림(옥수수),옥수수구이,0.9682074440684248
103,577,잡곡밥,복매운탕,닭고기조림,옥수수구이,0.9680340744419778
117,482,찹쌀밥,어묵김치찌개,떡볶음(돼지고기&간장),옥수수구이,0.9675280058160992
144,531,잡곡밥,아구(매운)탕,야채볶음(닭),옥수수구이,0.9667110501524094
170,883,옥수수밥,쏘가리매운탕,닭다리조림,감자구이,0.9661170891716792
174,457,찹쌀밥,아구(매운)탕,완자조림(돈육),옥수수구이,0.9660269833077686
205,693,밤밥,복매운탕,닭다리조림,옥수수구이,0.9651925945534204
252,884,옥수수밥,쏘가리매운탕,완자조림(돈육),옥수수구이,0.9642766978205471
271,695,밤밥,복매운탕,완자조림(돈육),옥수수구이,0.9638842084352188
