,Unnamed: 0,밥,국,메인,서브,유사도
0,63,고구마밥,아구(매운)탕,돼지고기조림,깻잎찜,0.9670672385160696
1,46,쑥쌀밥,낙지찌개,돼지고기조림,깻잎찜,0.9669030157632228
3,36,밤밥,어묵김치찌개,돼지고기조림,김구이,0.965697553577979
4,47,쑥쌀밥,복매운탕,돼지고기조림,깻잎찜,0.9653286778169854
8,55,옥수수밥,어묵김치찌개,닭고기조림,깻잎찜,0.96234367060368
10,37,밤밥,낙지찌개,야채볶음(닭),옥수수구이,0.961177682023176
11,56,옥수수밥,어묵김치찌개,닭고기조림(옥수수),깻잎찜,0.9607912765900034
12,31,밤밥,어묵김치찌개,부추볶음(고기),깻잎찜,0.9605607126474366
13,17,찹쌀밥,어묵김치찌개,부추볶음(제육),깻잎찜,0.9604430179831204
16,4,현미밥,어묵김치찌개,야채볶음(닭),깻잎찜,0.9597987765716032
17,41,쑥쌀밥,아구(매운)탕,야채볶음(닭),옥수수구이,0.9596137551079564
27,34,밤밥,어묵김치찌개,닭도리탕,깻잎찜,0.958532164456276
