,Unnamed: 0,밥,국,메인,서브,유사도
0,779,검정콩밥,낙지찌개,닭고기조림,감자구이,0.980822617455916
1,999,잡곡밥(옥수수),쏘가리매운탕,닭다리조림,옥수수구이,0.9806919607082714
2,484,차조밥,어묵김치찌개,완자조림(돈육),옥수수구이,0.979562921163626
3,586,수수찹쌀밥,어묵김치찌개,돼지고기조림,옥수수구이,0.976240979485581
4,994,잡곡밥(옥수수),아구(매운)탕,닭고기조림(옥수수),옥수수구이,0.9758564663876702
7,758,검정콩밥,어묵김치찌개,닭고기조림(옥수수),옥수수구이,0.9750766456953549
9,39,찰밥,어묵김치찌개,구절판,감자구이,0.9749747984909649
10,875,찹쌀밥,낙지찌개,닭고기조림(옥수수),감자구이,0.9749633507121712
12,940,잡곡밥,어묵김치찌개,닭고기조림,깻잎찜,0.9746466262053304
15,997,잡곡밥(옥수수),아구(매운)탕,돼지고기조림,옥수수구이,0.9744163541231592
18,879,찹쌀밥,복매운탕,야채볶음(닭),옥수수구이,0.9740559934004146
20,23,찰밥,해물찌개(넙치&장어),돼지고기조림,옥수수구이,0.9739445833210466
21,539,수수찹쌀밥,아구(매운)탕,닭고기조림,감자구이,0.9738200497595558
23,118,현미밥,어묵김치찌개,떡볶음(돼지고기&간장),감자구이,0.9737611832585412
24,895,잡곡밥,아구(매운)탕,야채볶음(닭),감자구이,0.9735898117879518
25,438,율무밥,복매운탕,돼지고기조림,감자구이,0.9735757580017068
27,699,차수수밥,복매운탕,완자조림(돈육),감자구이,0.9733546805031932
28,567,수수찹쌀밥,어묵김치찌개,닭다리조림,옥수수구이,0.9733164124403796
29,116,현미밥,어묵김치찌개,야채볶음(닭),감자구이,0.9732916884396166
30,458,차조밥,쏘가리매운탕,완자조림(돈육),옥수수구이,0.9732853071622966
34,707,검정콩밥,오징어찌개,돼지고기조림,옥수수구이,0.9729848805148924
37,827,찹쌀밥,어묵김치찌개,부추볶음(고기),옥수수구이,0.9727483222469842
38,90,찰밥,복매운탕,닭고기조림(옥수수),옥수수구이,0.9726784716019462
39,236,완두콩밥,낙지찌개,완자조림(돈육),감자구이,0.9726216964484998
42,134,현미밥,어묵김치찌개,닭도리탕,깻잎찜,0.9724556324971017
43,251,완두콩밥,복매운탕,닭고기조림,감자구이,0.9724474166383372
46,247,완두콩밥,복매운탕,닭다리조림,감자구이,0.9723644855926876
47,148,현미밥,낙지찌개,닭다리조림,옥수수구이,0.9723045689858244
57,772,검정콩밥,낙지찌개,야채볶음(닭),옥수수구이,0.9718934846207458
79,802,찹쌀밥,아구(매운)탕,닭다리조림,옥수수구이,0.9704642125766464
80,243,완두콩밥,낙지찌개,돼지고기조림,감자구이,0.9703637669324876
89,272,녹두밥,쏘가리매운탕,야채볶음(닭),옥수수구이,0.9697194595891856
94,623,차수수밥,아구(매운)탕,완자조림(돈육),옥수수구이,0.9694099380201104
152,460,차조밥,쏘가리매운탕,돼지고기조림,옥수수구이,0.9677418481971972
205,552,수수찹쌀밥,어묵김치찌개,부추볶음(제육),옥수수구이,0.9665161027018736
