,Unnamed: 0,밥,국,메인,서브,유사도
0,252,고구마밥,어묵김치찌개,야채볶음(닭),깻잎찜,0.9838736946702092
1,258,고구마밥,어묵김치찌개,돼지고기조림,김구이,0.9832786040589364
2,260,고구마밥,낙지찌개,돼지고기조림,깻잎찜,0.983033891889385
3,259,고구마밥,낙지찌개,야채볶음(닭),옥수수구이,0.9824627957850524
5,261,고구마밥,복매운탕,돼지고기조림,깻잎찜,0.9792711921062932
8,72,수수찹쌀밥,아구(매운)탕,야채볶음(닭),옥수수구이,0.9700364277809084
9,215,옥수수밥,아구(매운)탕,닭고기조림(옥수수),감자구이,0.9686444838529572
12,242,옥수수밥,복매운탕,야채볶음(닭),옥수수구이,0.9677461491575652
14,73,수수찹쌀밥,아구(매운)탕,돼지고기조림,깻잎찜,0.9675247516089632
17,226,옥수수밥,어묵김치찌개,구절판,깻잎찜,0.9665980940934914
21,21,현미밥,어묵김치찌개,부추볶음(제육),깻잎찜,0.9660491151850324
26,196,쑥쌀밥,어묵김치찌개,닭고기조림,깻잎찜,0.965309201642786
30,251,고구마밥,어묵김치찌개,부추볶음(고기),깻잎찜,0.9649510939979076
35,219,옥수수밥,쏘가리매운탕,야채볶음(닭),옥수수구이,0.9637414758893588
52,238,옥수수밥,낙지찌개,닭고기조림(옥수수),옥수수구이,0.9618730835503572
53,254,고구마밥,어묵김치찌개,닭고기조림(옥수수),깻잎찜,0.9618702520505352
56,209,옥수수밥,오징어찌개,돼지고기조림,감자구이,0.961526522864369
64,212,옥수수밥,아구(매운)탕,닭고기조림,옥수수구이,0.9607450080788084
76,230,옥수수밥,어묵김치찌개,닭도리탕,깻잎찜,0.9604264787575908
93,227,옥수수밥,어묵김치찌개,닭다리조림,깻잎찜,0.9595085339507616
106,220,옥수수밥,쏘가리매운탕,돼지고기조림,옥수수구이,0.9588511322202004
176,163,밤밥,낙지찌개,닭고기조림,옥수수구이,0.9547983394887748
