,Unnamed: 0,밥,국,메인,서브,유사도
0,874,땅콩밥,어묵김치찌개,돼지고기조림,가지찜,0.9793850255704164
1,468,수수찹쌀밥,어묵김치찌개,야채볶음(닭),감자구이,0.9763969449445731
2,402,차조밥,어묵김치찌개,닭다리조림,깻잎찜,0.9753120025515744
3,613,검정콩밥,어묵김치찌개,구절판,깻잎찜,0.9749804291647756
4,801,잡곡밥,낙지찌개,닭고기조림(옥수수),감자구이,0.9749674905402936
5,945,밤밥,낙지찌개,닭다리조림,옥수수구이,0.9747600884184354
6,390,차조밥,쏘가리매운탕,돼지고기조림,감자구이,0.9746111073223568
7,927,밤밥,어묵김치찌개,닭고기조림,감자구이,0.9745113954304016
8,974,보리밥,아구(매운)탕,닭고기조림,옥수수구이,0.974347735324494
10,695,찹쌀밥,어묵김치찌개,완자조림(돈육),감자구이,0.9742051964067384
11,434,차조밥,복매운탕,닭다리조림,옥수수구이,0.9739856171423932
12,93,현미밥,아구(매운)탕,돼지고기조림,감자구이,0.9739159107255972
13,246,녹두밥,쏘가리매운탕,야채볶음(닭),감자구이,0.9736402671789676
14,929,밤밥,어묵김치찌개,닭고기조림(옥수수),옥수수구이,0.9735159297589988
15,367,율무밥,복매운탕,닭고기조림(옥수수),옥수수구이,0.9734290393853464
17,412,차조밥,어묵김치찌개,닭도리탕,감자구이,0.9732991662267244
18,529,차수수밥,쏘가리매운탕,닭다리조림,옥수수구이,0.973273788071238
19,565,차수수밥,낙지찌개,야채볶음(닭),감자구이,0.9731331067120862
20,635,검정콩밥,낙지찌개,닭고기조림,감자구이,0.9730930083987226
24,105,현미밥,어묵김치찌개,떡볶음(돼지고기&간장),옥수수구이,0.9725964710697594
27,677,찹쌀밥,어묵김치찌개,부추볶음(고기),옥수수구이,0.9725405024876284
28,532,차수수밥,어묵김치찌개,부추볶음(제육),깻잎찜,0.972239620084659
31,306,율무밥,아구(매운)탕,닭다리조림,옥수수구이,0.9720990696558004
33,740,잡곡밥,오징어찌개,돼지고기조림,옥수수구이,0.9718868289558668
35,589,검정콩밥,아구(매운)탕,야채볶음(닭),감자구이,0.9717492667724144
45,892,밤밥,아구(매운)탕,닭고기조림(옥수수),감자구이,0.9710215619918529
52,955,밤밥,낙지찌개,돼지고기조림,감자구이,0.970724854882978
53,887,밤밥,아구(매운)탕,완자조림(돈육),옥수수구이,0.9707141063517628
60,219,완두콩밥,복매운탕,야채볶음(닭),감자구이,0.969875744531528
82,899,밤밥,쏘가리매운탕,완자조림(돈육),옥수수구이,0.9684836027054872
90,738,찹쌀밥,복매운탕,돼지고기조림,옥수수구이,0.9679717230649694
104,719,찹쌀밥,낙지찌개,완자조림(돈육),감자구이,0.967577414146021
127,366,율무밥,복매운탕,닭고기조림,감자구이,0.967023849679894
385,147,현미밥,복매운탕,완자조림(돈육),옥수수구이,0.9609927529134026
