,Unnamed: 0,밥,국,메인,서브,유사도
0,966,수수찹쌀밥,낙지찌개,완자조림(돈육),감자구이,0.9843967406610462
1,596,완두콩밥,낙지찌개,돼지고기조림,깻잎찜,0.9829264242198094
2,434,팥밥,오징어찌개,돼지고기조림,옥수수구이,0.9824310639520658
3,615,녹두밥,아구(매운)탕,야채볶음(닭),감자구이,0.9823734420326444
4,970,수수찹쌀밥,낙지찌개,닭고기조림(옥수수),감자구이,0.9818571694234808
5,497,팥밥,낙지찌개,야채볶음(닭),옥수수구이,0.9808518766600436
6,532,완두콩밥,아구(매운)탕,닭고기조림,감자구이,0.9804423434243332
7,483,팥밥,어묵김치찌개,닭고기조림(옥수수),옥수수구이,0.9794800004456322
9,378,콩밥(대두),어묵김치찌개,구절판,깻잎찜,0.9785064915464464
11,793,율무밥,복매운탕,완자조림(돈육),옥수수구이,0.9778311825239444
12,955,수수찹쌀밥,어묵김치찌개,돼지고기조림,가지찜,0.9773955526276129
13,65,쌀밥,낙지찌개,닭다리조림,옥수수구이,0.977269513552154
14,203,현미밥,어묵김치찌개,부추볶음(고기),감자구이,0.9771435619724256
16,471,팥밥,어묵김치찌개,닭다리조림,양배추찜,0.9770192491092651
17,277,조밥,쏘가리매운탕,완자조림(돈육),감자구이,0.9766969783455316
18,550,완두콩밥,어묵김치찌개,야채볶음(닭),깻잎찜,0.9761960580053924
21,611,완두콩밥,복매운탕,돼지고기조림,감자구이,0.9752900584706052
23,93,찰밥,아구(매운)탕,닭다리조림,옥수수구이,0.9751519674205796
26,269,조밥,아구(매운)탕,닭고기조림(옥수수),감자구이,0.9747186401381138
28,554,완두콩밥,어묵김치찌개,떡볶음(돼지고기&간장),감자구이,0.9739409871858514
29,310,조밥,어묵김치찌개,닭도리탕,감자구이,0.9734839954309592
31,174,찰밥,복매운탕,닭다리조림,옥수수구이,0.9727802058987762
35,703,녹두밥,복매운탕,닭고기조림(옥수수),감자구이,0.9711892467483166
39,638,녹두밥,어묵김치찌개,부추볶음(제육),옥수수구이,0.9706533913922974
41,456,팥밥,쏘가리매운탕,돼지고기조림,감자구이,0.969069858371804
42,967,수수찹쌀밥,낙지찌개,닭고기조림,옥수수구이,0.9688107857744792
44,427,콩밥(대두),복매운탕,닭고기조림,옥수수구이,0.9685882890720188
47,478,팥밥,어묵김치찌개,완자조림(돈육),감자구이,0.9666358469949592
52,569,완두콩밥,어묵김치찌개,닭고기조림,옥수수구이,0.9652248505340171
55,918,수수찹쌀밥,해물찌개(넙치&장어),돼지고기조림,옥수수구이,0.9633157190851735
65,719,율무밥,아구(매운)탕,돼지고기조림,깻잎찜,0.9608790157457654
68,722,율무밥,쏘가리매운탕,야채볶음(닭),옥수수구이,0.9596657128008588
85,629,녹두밥,쏘가리매운탕,닭다리조림,옥수수구이,0.9576990394898344
94,994,차수수밥,아구(매운)탕,완자조림(돈육),감자구이,0.9570672189983924
97,599,완두콩밥,복매운탕,야채볶음(닭),옥수수구이,0.9568651075752834
