,Unnamed: 0,밥,국,메인,서브,유사도
0,836,수수찹쌀밥,어묵김치찌개,돼지고기조림,가지찜,0.985524745850378
1,945,검정콩밥,아구(매운)탕,닭고기조림,감자구이,0.9848569444664216
2,731,차조밥,어묵김치찌개,부추볶음(제육),옥수수구이,0.9837129932021786
3,449,팥밥,어묵김치찌개,닭도리탕,옥수수구이,0.9822661104030034
4,332,콩밥(대두),어묵김치찌개,야채볶음(닭),옥수수구이,0.9817844362982816
5,464,팥밥,낙지찌개,완자조림(돈육),옥수수구이,0.9817247721391851
6,734,차조밥,어묵김치찌개,부추볶음(고기),감자구이,0.98119561021938
7,380,콩밥(대두),복매운탕,야채볶음(닭),옥수수구이,0.9801649320160296
8,952,검정콩밥,쏘가리매운탕,닭다리조림,옥수수구이,0.9798690122454948
9,205,현미밥,낙지찌개,돼지고기조림,감자구이,0.9797548355465197
10,406,팥밥,아구(매운)탕,돼지고기조림,옥수수구이,0.9797474252843628
11,108,찰밥,해물찌개(넙치&장어),돼지고기조림,감자구이,0.9788122061380774
12,370,콩밥(대두),낙지찌개,닭다리조림,감자구이,0.9788101248182756
13,940,검정콩밥,아구(매운)탕,닭다리조림,옥수수구이,0.978093241129276
19,54,쌀밥,어묵김치찌개,닭고기조림(옥수수),감자구이,0.9766225956138908
20,153,찰밥,복매운탕,닭다리조림,옥수수구이,0.9764855533478662
24,209,현미밥,복매운탕,완자조림(돈육),감자구이,0.9760211895127126
26,569,녹두밥,쏘가리매운탕,돼지고기조림,감자구이,0.9749017016103216
28,261,조밥,어묵김치찌개,닭고기조림,옥수수구이,0.9746764689929608
30,586,녹두밥,어묵김치찌개,닭다리조림,깻잎찜,0.9745829988762724
31,76,쌀밥,낙지찌개,닭고기조림(옥수수),감자구이,0.9744641230292588
34,184,현미밥,어묵김치찌개,완자조림(돈육),감자구이,0.9741248789366505
35,202,현미밥,낙지찌개,닭고기조림,감자구이,0.974050422226221
41,795,수수찹쌀밥,아구(매운)탕,완자조림(돈육),감자구이,0.9727096667058182
43,485,팥밥,복매운탕,돼지고기조림,감자구이,0.9720618050868168
44,388,콩밥(대두),복매운탕,닭고기조림(옥수수),옥수수구이,0.9720478323913234
52,955,검정콩밥,쏘가리매운탕,완자조림(돈육),감자구이,0.9691799789791836
69,968,검정콩밥,어묵김치찌개,떡볶음(돼지고기&간장),감자구이,0.9650602961977854
72,430,팥밥,어묵김치찌개,구절판,옥수수구이,0.9645669838885556
73,394,팥밥,오징어찌개,돼지고기조림,감자구이,0.964383995882164
86,799,수수찹쌀밥,아구(매운)탕,닭고기조림(옥수수),감자구이,0.9610559202174558
93,859,수수찹쌀밥,복매운탕,닭고기조림,감자구이,0.9599678791314435
108,367,콩밥(대두),낙지찌개,야채볶음(닭),옥수수구이,0.9584930316652548
145,721,차조밥,쏘가리매운탕,야채볶음(닭),옥수수구이,0.9556562278836171
147,214,조밥,아구(매운)탕,야채볶음(닭),옥수수구이,0.9555372932998234
