,Unnamed: 0,밥,국,메인,서브,유사도
0,278,팥밥,오징어찌개,돼지고기조림,옥수수구이,0.9847809340581544
1,359,팥밥,복매운탕,야채볶음(닭),감자구이,0.9846948716173344
2,320,팥밥,어묵김치찌개,닭다리조림,옥수수구이,0.9840794699243672
3,243,콩밥(대두),어묵김치찌개,돼지고기조림,콩나물찜,0.982937821937134
4,163,조밥,낙지찌개,야채볶음(닭),옥수수구이,0.9815144126652152
5,122,조밥,어묵김치찌개,부추볶음(제육),옥수수구이,0.9810464131829636
6,165,조밥,낙지찌개,닭다리조림,옥수수구이,0.9809847211167676
9,324,팥밥,어묵김치찌개,완자조림(돈육),깻잎찜,0.9791150766897176
10,85,쌀밥,복매운탕,완자조림(돈육),감자구이,0.9790124790329218
11,147,조밥,어묵김치찌개,닭고기조림,감자구이,0.9789615106219121
12,56,쌀밥,어묵김치찌개,닭도리탕,옥수수구이,0.9780657228581288
15,316,팥밥,어묵김치찌개,구절판,감자구이,0.9773246483247914
16,113,조밥,쏘가리매운탕,닭다리조림,옥수수구이,0.9770307703243422
17,192,콩밥(대두),아구(매운)탕,야채볶음(닭),감자구이,0.9766854244399564
18,199,콩밥(대두),아구(매운)탕,닭고기조림(옥수수),옥수수구이,0.9764423775047708
21,238,콩밥(대두),어묵김치찌개,닭고기조림(옥수수),옥수수구이,0.9759161591911184
23,72,쌀밥,낙지찌개,완자조림(돈육),감자구이,0.9757367052555724
25,263,콩밥(대두),낙지찌개,돼지고기조림,옥수수구이,0.975515832896988
26,131,조밥,어묵김치찌개,떡볶음(돼지고기&간장),감자구이,0.9755152735734036
27,88,쌀밥,복매운탕,닭고기조림(옥수수),옥수수구이,0.9752546807138308
30,401,차조밥,해물찌개(넙치&장어),돼지고기조림,옥수수구이,0.9746730153001206
31,194,콩밥(대두),아구(매운)탕,닭다리조림,감자구이,0.974135677399976
35,197,콩밥(대두),아구(매운)탕,닭고기조림,옥수수구이,0.9738007425148776
42,864,보리조밥,어묵김치찌개,부추볶음(고기),옥수수구이,0.9730706940260686
43,182,조밥,복매운탕,닭고기조림,옥수수구이,0.9729499095134764
46,310,팥밥,어묵김치찌개,야채볶음(닭),옥수수구이,0.9723449094129434
49,268,콩밥(대두),복매운탕,닭다리조림,감자구이,0.9719343604883762
55,843,보리팥밥,복매운탕,돼지고기조림,감자구이,0.9703223144604356
62,172,조밥,낙지찌개,닭고기조림(옥수수),감자구이,0.9691883347632486
67,284,팥밥,아구(매운)탕,완자조림(돈육),옥수수구이,0.9684156797305904
85,291,팥밥,아구(매운)탕,돼지고기조림,옥수수구이,0.9653634312662864
87,526,잡곡밥(강남콩),쏘가리매운탕,완자조림(돈육),감자구이,0.9651929527245559
144,74,쌀밥,낙지찌개,닭고기조림,감자구이,0.9593741699032904
191,22,쌀밥,쏘가리매운탕,돼지고기조림,감자구이,0.9565570803161516
246,112,조밥,쏘가리매운탕,야채볶음(닭),옥수수구이,0.9538803097040476
