,Unnamed: 0,밥,국,메인,서브,유사도
0,969,수수찹쌀밥,낙지찌개,닭고기조림(옥수수),감자구이,0.9844522360546912
1,598,완두콩밥,복매운탕,야채볶음(닭),옥수수구이,0.98297986899817
2,435,팥밥,아구(매운)탕,야채볶음(닭),옥수수구이,0.9824833094169126
3,618,녹두밥,아구(매운)탕,완자조림(돈육),감자구이,0.9824258670642226
5,498,팥밥,낙지찌개,닭다리조림,옥수수구이,0.9809076690863499
6,533,완두콩밥,아구(매운)탕,닭고기조림(옥수수),감자구이,0.980498837781514
7,484,팥밥,어묵김치찌개,닭도리탕,깻잎찜,0.9795343005942491
8,146,찰밥,어묵김치찌개,닭고기조림(옥수수),감자구이,0.9795206460952728
9,379,콩밥(대두),어묵김치찌개,구절판,옥수수구이,0.9785627781126656
10,747,율무밥,어묵김치찌개,닭다리조림,양배추찜,0.9781762612215232
11,796,율무밥,복매운탕,닭고기조림(옥수수),옥수수구이,0.977883651339146
12,958,수수찹쌀밥,어묵김치찌개,돼지고기조림,김구이,0.9774520105494072
13,204,현미밥,어묵김치찌개,야채볶음(닭),깻잎찜,0.9771968310051582
16,278,조밥,쏘가리매운탕,돼지고기조림,옥수수구이,0.9767518104737378
17,552,완두콩밥,어묵김치찌개,떡볶음(돼지고기&간장),옥수수구이,0.9762503945086336
18,753,율무밥,어묵김치찌개,완자조림(돈육),깻잎찜,0.9756319156054988
19,338,조밥,복매운탕,완자조림(돈육),감자구이,0.9754382771300842
22,94,찰밥,아구(매운)탕,닭다리조림,감자구이,0.9752078651012024
25,270,조밥,아구(매운)탕,돼지고기조림,깻잎찜,0.9747728166811164
26,681,녹두밥,낙지찌개,야채볶음(닭),감자구이,0.974458853403228
30,175,찰밥,복매운탕,닭다리조림,감자구이,0.9728341619470176
31,508,팥밥,낙지찌개,돼지고기조림,감자구이,0.9727821034323844
33,119,찰밥,어묵김치찌개,부추볶음(고기),감자구이,0.9723979341387521
34,706,율무밥,오징어찌개,돼지고기조림,옥수수구이,0.9712453463092006
39,684,녹두밥,낙지찌개,완자조림(돈육),옥수수구이,0.9692467000679356
40,457,팥밥,어묵김치찌개,부추볶음(제육),옥수수구이,0.9691253712939472
46,479,팥밥,어묵김치찌개,닭고기조림,옥수수구이,0.966687949859744
62,825,차조밥,해물찌개(넙치&장어),돼지고기조림,감자구이,0.9611585771451472
64,722,율무밥,쏘가리매운탕,야채볶음(닭),감자구이,0.9609324847159124
67,725,율무밥,쏘가리매운탕,완자조림(돈육),옥수수구이,0.9597186954932952
70,877,차조밥,낙지찌개,닭고기조림,감자구이,0.9594266029933004
80,890,차조밥,복매운탕,닭고기조림,감자구이,0.9582522129775756
83,274,조밥,쏘가리매운탕,닭다리조림,옥수수구이,0.9579438437180348
87,519,팥밥,복매운탕,돼지고기조림,깻잎찜,0.9575039771340528
91,810,차조밥,아구(매운)탕,닭고기조림,감자구이,0.9572201814372968
