,Unnamed: 0,밥,국,메인,서브,유사도
0,945,차수수밥,어묵김치찌개,부추볶음(제육),옥수수구이,0.9856698370527116
1,829,차조밥,복매운탕,닭다리조림,옥수수구이,0.9838647323428767
2,509,완두콩밥,아구(매운)탕,닭고기조림,감자구이,0.9824129076716804
3,371,콩밥(대두),어묵김치찌개,닭도리탕,깻잎찜,0.9819283502324636
4,525,완두콩밥,어묵김치찌개,떡볶음(돼지고기&간장),옥수수구이,0.9818691152683804
5,833,차조밥,복매운탕,닭고기조림,옥수수구이,0.9813426609300728
6,427,팥밥,쏘가리매운탕,닭다리조림,감자구이,0.9803173153886152
7,456,팥밥,어묵김치찌개,완자조림(돈육),옥수수구이,0.9799014828796999
8,229,조밥,오징어찌개,돼지고기조림,감자구이,0.9798996899047132
9,415,팥밥,아구(매운)탕,완자조림(돈육),옥수수구이,0.9789589061300592
10,118,찰밥,어묵김치찌개,야채볶음(닭),콩나물찜,0.9789579439559196
11,324,콩밥(대두),아구(매운)탕,닭다리조림,옥수수구이,0.9779675645098458
12,635,녹두밥,어묵김치찌개,돼지고기조림,옥수수구이,0.9775983662011828
13,677,율무밥,쏘가리매운탕,야채볶음(닭),감자구이,0.9773266137873291
14,818,차조밥,낙지찌개,닭다리조림,감자구이,0.9768551215974814
16,170,찰밥,복매운탕,돼지고기조림,옥수수구이,0.97663181929512
18,404,콩밥(대두),복매운탕,닭고기조림(옥수수),옥수수구이,0.9764690746186064
19,883,수수찹쌀밥,어묵김치찌개,닭고기조림,옥수수구이,0.9764316315346024
22,639,녹두밥,낙지찌개,야채볶음(닭),옥수수구이,0.9750516159880112
24,522,완두콩밥,어묵김치찌개,부추볶음(고기),감자구이,0.97476640648628
26,79,쌀밥,낙지찌개,돼지고기조림,감자구이,0.9746166500167148
27,558,완두콩밥,낙지찌개,닭고기조림,감자구이,0.9744442863847634
32,265,조밥,어묵김치찌개,구절판,감자구이,0.972941656954221
43,428,팥밥,쏘가리매운탕,완자조림(돈육),옥수수구이,0.9703267181279756
46,584,녹두밥,아구(매운)탕,닭고기조림(옥수수),옥수수구이,0.9686558646976368
47,392,콩밥(대두),낙지찌개,닭고기조림(옥수수),감자구이,0.9685382046399192
51,875,수수찹쌀밥,어묵김치찌개,닭다리조림,옥수수구이,0.9668753704467636
53,401,콩밥(대두),복매운탕,완자조림(돈육),감자구이,0.966472221827966
70,397,콩밥(대두),복매운탕,야채볶음(닭),감자구이,0.961799046604324
73,902,수수찹쌀밥,낙지찌개,완자조림(돈육),옥수수구이,0.9612028867784588
80,587,녹두밥,아구(매운)탕,돼지고기조림,감자구이,0.960089803577783
81,969,차수수밥,어묵김치찌개,닭고기조림(옥수수),깻잎찜,0.9600860832867094
92,412,팥밥,아구(매운)탕,야채볶음(닭),감자구이,0.9586476991176835
135,250,조밥,해물찌개(넙치&장어),돼지고기조림,옥수수구이,0.9554085054868516
247,857,수수찹쌀밥,쏘가리매운탕,돼지고기조림,감자구이,0.9502702413246228
