,Unnamed: 0,밥,국,메인,서브,유사도
0,461,율무밥,어묵김치찌개,닭도리탕,옥수수구이,0.9800375604340406
1,612,수수찹쌀밥,쏘가리매운탕,돼지고기조림,옥수수구이,0.973236417042113
2,116,현미밥,아구(매운)탕,돼지고기조림,깻잎찜,0.9729325259199336
3,667,수수찹쌀밥,낙지찌개,돼지고기조림,깻잎찜,0.9717669522139182
4,475,율무밥,낙지찌개,닭다리조림,감자구이,0.9714544410039391
5,608,수수찹쌀밥,쏘가리매운탕,닭다리조림,옥수수구이,0.9712287758537772
6,410,율무밥,아구(매운)탕,완자조림(돈육),감자구이,0.9691527147378096
7,957,찹쌀밥,복매운탕,완자조림(돈육),감자구이,0.9675520320502851
8,852,검정콩밥,낙지찌개,닭고기조림,감자구이,0.9674436048828752
9,456,율무밥,어묵김치찌개,닭고기조림,감자구이,0.967169747778412
10,378,녹두밥,낙지찌개,야채볶음(닭),감자구이,0.9669741538470864
11,145,현미밥,어묵김치찌개,닭고기조림(옥수수),옥수수구이,0.966955356793935
12,543,차조밥,어묵김치찌개,완자조림(돈육),콩나물찜,0.9657721121666626
14,150,현미밥,어묵김치찌개,돼지고기조림,콩나물찜,0.9650404712734888
15,443,율무밥,어묵김치찌개,닭다리조림,콩나물찜,0.9628541504687744
17,331,녹두밥,해물찌개(넙치&장어),돼지고기조림,옥수수구이,0.9626763248566276
21,685,차수수밥,아구(매운)탕,야채볶음(닭),옥수수구이,0.9602095832131512
22,102,찰밥,복매운탕,닭고기조림,감자구이,0.9600299214979272
25,164,현미밥,낙지찌개,완자조림(돈육),감자구이,0.9598628519531732
29,954,찹쌀밥,복매운탕,닭다리조림,옥수수구이,0.9597246365065408
36,960,찹쌀밥,복매운탕,닭고기조림(옥수수),옥수수구이,0.9587608738414044
37,38,찰밥,어묵김치찌개,부추볶음(제육),옥수수구이,0.9584837345204316
51,517,차조밥,쏘가리매운탕,완자조림(돈육),옥수수구이,0.9575915792488406
54,777,검정콩밥,오징어찌개,돼지고기조림,감자구이,0.9573455837360412
59,441,율무밥,어묵김치찌개,구절판,옥수수구이,0.9569554128352972
60,902,찹쌀밥,어묵김치찌개,야채볶음(닭),콩나물찜,0.9569303749890664
62,112,현미밥,아구(매운)탕,닭다리조림,옥수수구이,0.9567743281669672
72,698,차수수밥,쏘가리매운탕,야채볶음(닭),옥수수구이,0.9561441284896725
73,711,차수수밥,어묵김치찌개,부추볶음(고기),깻잎찜,0.9560346447389242
88,227,완두콩밥,아구(매운)탕,닭고기조림,옥수수구이,0.9553357926538388
96,590,차조밥,복매운탕,돼지고기조림,깻잎찜,0.9550019745897737
106,854,검정콩밥,낙지찌개,닭고기조림(옥수수),감자구이,0.9539886046086242
113,671,수수찹쌀밥,복매운탕,야채볶음(닭),감자구이,0.9536453536440029
191,976,잡곡밥,아구(매운)탕,닭고기조림(옥수수),감자구이,0.9507738724215736
212,907,찹쌀밥,어묵김치찌개,떡볶음(돼지고기&간장),감자구이,0.9501780880261892
