,Unnamed: 0,밥,국,메인,서브,유사도
0,592,녹두밥,어묵김치찌개,완자조림(돈육),가지찜,0.9831763522876656
1,431,팥밥,어묵김치찌개,돼지고기조림,더덕구이,0.982675237257558
3,494,완두콩밥,어묵김치찌개,닭다리조림,감자구이,0.9811130902935142
4,480,완두콩밥,어묵김치찌개,부추볶음(고기),옥수수구이,0.9797340586900736
5,145,찰밥,낙지찌개,닭다리조림,감자구이,0.979715576808975
6,375,콩밥(대두),낙지찌개,돼지고기조림,감자구이,0.978770093551848
7,787,차조밥,어묵김치찌개,닭고기조림,감자구이,0.9780764593900284
8,950,차수수밥,어묵김치찌개,야채볶음(닭),깻잎찜,0.9776599848813098
9,150,찰밥,낙지찌개,닭고기조림(옥수수),옥수수구이,0.977361586546259
10,468,완두콩밥,아구(매운)탕,돼지고기조림,옥수수구이,0.9772888920608696
12,744,차조밥,아구(매운)탕,닭고기조림(옥수수),옥수수구이,0.9758336155116156
13,334,콩밥(대두),어묵김치찌개,부추볶음(제육),감자구이,0.9756496744407231
15,94,찰밥,쏘가리매운탕,돼지고기조림,감자구이,0.9754137250786769
16,645,율무밥,아구(매운)탕,완자조림(돈육),옥수수구이,0.9752028599510842
17,242,조밥,오징어찌개,돼지고기조림,감자구이,0.9750131712275022
20,307,조밥,복매운탕,닭고기조림,옥수수구이,0.9737495422827256
21,470,완두콩밥,쏘가리매운탕,닭다리조림,옥수수구이,0.973716124168818
22,173,현미밥,아구(매운)탕,닭다리조림,감자구이,0.9730326575188456
23,504,완두콩밥,어묵김치찌개,닭고기조림(옥수수),옥수수구이,0.9729851132436966
24,637,녹두밥,복매운탕,돼지고기조림,옥수수구이,0.9729472984767152
26,697,율무밥,어묵김치찌개,닭도리탕,옥수수구이,0.9714520005614038
31,675,율무밥,어묵김치찌개,떡볶음(돼지고기&간장),감자구이,0.9694525318469494
34,837,수수찹쌀밥,아구(매운)탕,닭고기조림,옥수수구이,0.9689137756599949
40,148,찰밥,낙지찌개,닭고기조림,옥수수구이,0.9666423667095746
46,914,수수찹쌀밥,복매운탕,닭고기조림(옥수수),옥수수구이,0.9635670808396462
53,817,차조밥,복매운탕,야채볶음(닭),감자구이,0.9613552849508528
55,713,율무밥,낙지찌개,완자조림(돈육),감자구이,0.9611292095757236
60,582,녹두밥,어묵김치찌개,구절판,옥수수구이,0.9596597538901412
67,365,콩밥(대두),낙지찌개,야채볶음(닭),감자구이,0.9591358565283414
70,237,현미밥,복매운탕,완자조림(돈육),감자구이,0.958933171780926
81,658,율무밥,쏘가리매운탕,완자조림(돈육),옥수수구이,0.957448744325231
93,457,완두콩밥,아구(매운)탕,야채볶음(닭),옥수수구이,0.9566486788360054
131,87,찰밥,쏘가리매운탕,야채볶음(닭),옥수수구이,0.9547203765663664
136,95,찰밥,해물찌개(넙치&장어),돼지고기조림,옥수수구이,0.9543165625814166
