,Unnamed: 0,밥,국,메인,서브,유사도
0,690,검정콩밥,어묵김치찌개,야채볶음(닭),깻잎찜,0.9679000830255984
1,426,차조밥,아구(매운)탕,닭고기조림,감자구이,0.9662329004029634
3,977,땅콩밥,어묵김치찌개,부추볶음(고기),옥수수구이,0.9618817673703112
4,517,수수찹쌀밥,쏘가리매운탕,돼지고기조림,옥수수구이,0.9617127894581587
5,881,잡곡밥,어묵김치찌개,돼지고기조림,콩나물찜,0.9614184255910532
6,672,검정콩밥,아구(매운)탕,닭고기조림(옥수수),옥수수구이,0.9604314866689636
7,440,차조밥,어묵김치찌개,부추볶음(제육),옥수수구이,0.960402937104586
9,755,찹쌀밥,쏘가리매운탕,야채볶음(닭),옥수수구이,0.960269498540308
10,895,잡곡밥,낙지찌개,완자조림(돈육),감자구이,0.960055976840988
15,777,찹쌀밥,어묵김치찌개,구절판,감자구이,0.9592410644331176
16,476,차조밥,낙지찌개,닭다리조림,옥수수구이,0.9588282272626446
17,99,현미밥,아구(매운)탕,완자조림(돈육),감자구이,0.9586775427290952
19,790,찹쌀밥,어묵김치찌개,닭고기조림(옥수수),옥수수구이,0.9584818650064096
20,266,녹두밥,아구(매운)탕,돼지고기조림,감자구이,0.9583083458272832
21,500,수수찹쌀밥,오징어찌개,돼지고기조림,감자구이,0.9582477437250804
22,97,현미밥,아구(매운)탕,닭다리조림,감자구이,0.9582180970461786
23,402,율무밥,낙지찌개,돼지고기조림,깻잎찜,0.9580575022541532
26,628,차수수밥,어묵김치찌개,닭도리탕,감자구이,0.957822957667818
30,723,검정콩밥,낙지찌개,닭고기조림,감자구이,0.9573348533145348
34,758,찹쌀밥,쏘가리매운탕,닭다리조림,감자구이,0.9570776416230968
35,295,녹두밥,어묵김치찌개,닭고기조림,감자구이,0.9570140748239114
41,333,녹두밥,복매운탕,돼지고기조림,옥수수구이,0.9564123941779574
45,653,차수수밥,복매운탕,닭다리조림,감자구이,0.9560568639393704
49,167,완두콩밥,아구(매운)탕,야채볶음(닭),옥수수구이,0.9558381715720508
62,535,수수찹쌀밥,어묵김치찌개,완자조림(돈육),깻잎찜,0.9541170734209932
64,575,수수찹쌀밥,복매운탕,닭고기조림(옥수수),감자구이,0.9539889648901836
70,234,완두콩밥,낙지찌개,닭고기조림(옥수수),옥수수구이,0.9534609971992009
73,890,잡곡밥,낙지찌개,야채볶음(닭),옥수수구이,0.9531558195523501
79,733,검정콩밥,복매운탕,닭고기조림,옥수수구이,0.952723926234508
100,409,율무밥,복매운탕,완자조림(돈육),옥수수구이,0.9517175475464044
117,528,수수찹쌀밥,어묵김치찌개,떡볶음(돼지고기&간장),옥수수구이,0.9510106841248879
119,121,현미밥,어묵김치찌개,닭다리조림,감자구이,0.9510013088094884
