,Unnamed: 0,밥,국,메인,서브,유사도
0,596,수수찹쌀밥,어묵김치찌개,완자조림(돈육),양배추찜,0.97334090375384
1,113,현미밥,어묵김치찌개,부추볶음(제육),옥수수구이,0.9730501350936994
2,651,차수수밥,아구(매운)탕,완자조림(돈육),감자구이,0.971881455320644
3,941,잡곡밥,쏘가리매운탕,야채볶음(닭),옥수수구이,0.9676604993616694
4,836,찹쌀밥,아구(매운)탕,닭다리조림,옥수수구이,0.9675506049468616
5,528,차조밥,낙지찌개,야채볶음(닭),옥수수구이,0.965880039305728
6,543,차조밥,복매운탕,닭다리조림,옥수수구이,0.9628450764797292
7,325,녹두밥,어묵김치찌개,닭고기조림(옥수수),감자구이,0.9627827653208024
9,197,완두콩밥,쏘가리매운탕,완자조림(돈육),옥수수구이,0.9614202673560672
12,815,검정콩밥,낙지찌개,닭고기조림(옥수수),감자구이,0.9600578434568235
13,545,차조밥,복매운탕,완자조림(돈육),옥수수구이,0.9600576484105532
16,913,찹쌀밥,복매운탕,야채볶음(닭),옥수수구이,0.9599047784769424
18,938,잡곡밥,아구(매운)탕,돼지고기조림,깻잎찜,0.9598341384319292
19,828,검정콩밥,복매운탕,닭고기조림(옥수수),감자구이,0.9596193959084324
22,501,차조밥,어묵김치찌개,닭다리조림,깻잎찜,0.959387941265952
23,225,완두콩밥,어묵김치찌개,닭고기조림,깻잎찜,0.9593401455891556
25,944,잡곡밥,쏘가리매운탕,닭다리조림,감자구이,0.9588729782621254
26,36,찰밥,어묵김치찌개,야채볶음(닭),깻잎찜,0.9585900419436209
28,681,차수수밥,어묵김치찌개,구절판,옥수수구이,0.958583286438413
29,585,수수찹쌀밥,어묵김치찌개,떡볶음(돼지고기&간장),옥수수구이,0.9584276546666436
30,139,현미밥,어묵김치찌개,닭도리탕,옥수수구이,0.9582986034511752
31,811,검정콩밥,낙지찌개,완자조림(돈육),감자구이,0.9582958685884336
32,481,차조밥,쏘가리매운탕,돼지고기조림,감자구이,0.9581390955663835
36,615,수수찹쌀밥,어묵김치찌개,돼지고기조림,더덕구이,0.9578744730129718
38,924,찹쌀밥,복매운탕,돼지고기조림,옥수수구이,0.957748002408455
41,556,수수찹쌀밥,아구(매운)탕,야채볶음(닭),옥수수구이,0.9575815596326308
42,761,검정콩밥,해물찌개(넙치&장어),돼지고기조림,감자구이,0.9574570629973048
43,826,검정콩밥,복매운탕,닭고기조림,감자구이,0.9573974440367906
51,279,녹두밥,아구(매운)탕,닭고기조림(옥수수),옥수수구이,0.9567736330491646
52,812,검정콩밥,낙지찌개,닭고기조림,옥수수구이,0.9567575928420482
61,621,수수찹쌀밥,낙지찌개,닭다리조림,감자구이,0.9561359926416876
82,84,찰밥,낙지찌개,돼지고기조림,옥수수구이,0.9551457368394348
88,116,현미밥,어묵김치찌개,부추볶음(고기),옥수수구이,0.9543847708342916
107,652,차수수밥,아구(매운)탕,닭고기조림,옥수수구이,0.9534302186683598
125,269,녹두밥,오징어찌개,돼지고기조림,옥수수구이,0.952381092606576
