,Unnamed: 0,밥,국,메인,서브,유사도
0,779,검정콩밥,낙지찌개,닭고기조림,감자구이,0.9677682675805076
1,999,잡곡밥(옥수수),쏘가리매운탕,닭다리조림,옥수수구이,0.9677635709986492
2,484,차조밥,어묵김치찌개,완자조림(돈육),옥수수구이,0.9660997360953936
3,586,수수찹쌀밥,어묵김치찌개,돼지고기조림,옥수수구이,0.9615681273338
4,994,잡곡밥(옥수수),아구(매운)탕,닭고기조림(옥수수),옥수수구이,0.9612855603789521
5,758,검정콩밥,어묵김치찌개,닭고기조림(옥수수),옥수수구이,0.96029006552013
7,39,찰밥,어묵김치찌개,구절판,감자구이,0.9601425186115496
10,875,찹쌀밥,낙지찌개,닭고기조림(옥수수),감자구이,0.9600573378778672
12,940,잡곡밥,어묵김치찌개,닭고기조림,깻잎찜,0.9597659796202976
16,997,잡곡밥(옥수수),아구(매운)탕,돼지고기조림,옥수수구이,0.9593860603522084
18,879,찹쌀밥,복매운탕,야채볶음(닭),옥수수구이,0.9591018330251008
20,23,찰밥,해물찌개(넙치&장어),돼지고기조림,옥수수구이,0.9588063353680918
21,539,수수찹쌀밥,아구(매운)탕,닭고기조림,감자구이,0.958676145975527
22,118,현미밥,어묵김치찌개,떡볶음(돼지고기&간장),감자구이,0.9585340156070812
24,438,율무밥,복매운탕,돼지고기조림,감자구이,0.958373011079194
25,895,잡곡밥,아구(매운)탕,야채볶음(닭),감자구이,0.9583398823107329
27,699,차수수밥,복매운탕,완자조림(돈육),감자구이,0.9581317089072556
28,567,수수찹쌀밥,어묵김치찌개,닭다리조림,옥수수구이,0.9581064554691934
29,116,현미밥,어묵김치찌개,야채볶음(닭),감자구이,0.9580831908595792
30,458,차조밥,쏘가리매운탕,완자조림(돈육),옥수수구이,0.9579226712872948
33,707,검정콩밥,오징어찌개,돼지고기조림,옥수수구이,0.9576845835533097
37,827,찹쌀밥,어묵김치찌개,부추볶음(고기),옥수수구이,0.9572822124206638
39,90,찰밥,복매운탕,닭고기조림(옥수수),옥수수구이,0.9571272606728256
40,236,완두콩밥,낙지찌개,완자조림(돈육),감자구이,0.9570767697090016
41,251,완두콩밥,복매운탕,닭고기조림,감자구이,0.9569987115927996
43,855,찹쌀밥,어묵김치찌개,닭도리탕,옥수수구이,0.9569404307809336
46,247,완두콩밥,복매운탕,닭다리조림,감자구이,0.956806334861908
47,148,현미밥,낙지찌개,닭다리조림,옥수수구이,0.9566869942943446
58,772,검정콩밥,낙지찌개,야채볶음(닭),옥수수구이,0.956107870786729
79,802,찹쌀밥,아구(매운)탕,닭다리조림,옥수수구이,0.9542656120832548
80,243,완두콩밥,낙지찌개,돼지고기조림,감자구이,0.9541367654388518
92,272,녹두밥,쏘가리매운탕,야채볶음(닭),옥수수구이,0.9533165520587242
93,623,차수수밥,아구(매운)탕,완자조림(돈육),옥수수구이,0.9530712067031608
139,460,차조밥,쏘가리매운탕,돼지고기조림,옥수수구이,0.9511814118137936
