,Unnamed: 0,밥,국,메인,서브,유사도
0,995,고구마밥,낙지찌개,닭고기조림,감자구이,0.9831093126985896
1,989,고구마밥,어묵김치찌개,돼지고기조림,김구이,0.9808653826058794
2,954,고구마밥,아구(매운)탕,닭고기조림,옥수수구이,0.9808536368594044
3,979,고구마밥,어묵김치찌개,닭고기조림,옥수수구이,0.9788562266299408
4,968,고구마밥,어묵김치찌개,부추볶음(고기),옥수수구이,0.9784683732834246
5,963,고구마밥,쏘가리매운탕,돼지고기조림,감자구이,0.9768940713112078
6,976,고구마밥,어묵김치찌개,완자조림(돈육),양배추찜,0.9767787769314747
7,991,고구마밥,낙지찌개,야채볶음(닭),옥수수구이,0.9763597934933828
8,981,고구마밥,어묵김치찌개,닭고기조림(옥수수),옥수수구이,0.9748369254612989
11,999,고구마밥,낙지찌개,돼지고기조림,옥수수구이,0.9726368379558716
13,983,고구마밥,어묵김치찌개,닭도리탕,옥수수구이,0.9723097229098264
15,997,고구마밥,낙지찌개,닭고기조림(옥수수),감자구이,0.9703194996791608
18,993,고구마밥,낙지찌개,닭다리조림,옥수수구이,0.9681584883525044
21,972,고구마밥,어묵김치찌개,야채볶음(닭),감자구이,0.96783653297194
25,973,고구마밥,어묵김치찌개,구절판,깻잎찜,0.9659151223549158
27,959,고구마밥,아구(매운)탕,돼지고기조림,옥수수구이,0.9643637600476014
28,952,고구마밥,아구(매운)탕,닭다리조림,감자구이,0.964128192817932
31,622,밤밥,오징어찌개,돼지고기조림,옥수수구이,0.9602065125928722
32,484,찹쌀밥,어묵김치찌개,닭다리조림,양배추찜,0.9601131704182072
41,702,밤밥,복매운탕,돼지고기조림,감자구이,0.9583163605018468
43,283,차조밥,쏘가리매운탕,야채볶음(닭),감자구이,0.9581984526854208
58,804,쑥쌀밥,아구(매운)탕,닭고기조림(옥수수),감자구이,0.956553909355547
67,725,보리콩밥,어묵김치찌개,부추볶음(제육),깻잎찜,0.9556749736980438
74,683,밤밥,낙지찌개,완자조림(돈육),감자구이,0.954884957440826
88,310,차조밥,복매운탕,야채볶음(닭),감자구이,0.9523671705457204
99,577,잡곡밥,복매운탕,닭고기조림,옥수수구이,0.9516485758212674
101,357,수수찹쌀밥,복매운탕,닭고기조림(옥수수),옥수수구이,0.951615367631274
114,482,찹쌀밥,어묵김치찌개,떡볶음(돼지고기&간장),옥수수구이,0.9508738146446948
