,Unnamed: 0,밥,국,메인,서브,유사도
0,260,고구마밥,낙지찌개,돼지고기조림,깻잎찜,0.9741968753083712
1,252,고구마밥,어묵김치찌개,야채볶음(닭),깻잎찜,0.9740213308188772
2,259,고구마밥,낙지찌개,야채볶음(닭),옥수수구이,0.972798307777227
3,258,고구마밥,어묵김치찌개,돼지고기조림,김구이,0.972557141944405
5,261,고구마밥,복매운탕,돼지고기조림,깻잎찜,0.968877246360942
8,72,수수찹쌀밥,아구(매운)탕,야채볶음(닭),옥수수구이,0.9539430394377516
9,215,옥수수밥,아구(매운)탕,닭고기조림(옥수수),감자구이,0.9522141464779268
12,242,옥수수밥,복매운탕,야채볶음(닭),옥수수구이,0.9514555368619372
14,73,수수찹쌀밥,아구(매운)탕,돼지고기조림,깻잎찜,0.9507930151682552
