,Unnamed: 0,밥,국,메인,서브,유사도
0,874,땅콩밥,어묵김치찌개,돼지고기조림,가지찜,0.9661342163869022
1,468,수수찹쌀밥,어묵김치찌개,야채볶음(닭),감자구이,0.9617768594954264
2,402,차조밥,어묵김치찌개,닭다리조림,깻잎찜,0.960460328873328
3,801,잡곡밥,낙지찌개,닭고기조림(옥수수),감자구이,0.9601194786179552
4,613,검정콩밥,어묵김치찌개,구절판,깻잎찜,0.9600325119041762
5,945,밤밥,낙지찌개,닭다리조림,옥수수구이,0.9599590217722228
6,390,차조밥,쏘가리매운탕,돼지고기조림,감자구이,0.9597945771234327
7,927,밤밥,어묵김치찌개,닭고기조림,감자구이,0.9595970553555809
8,974,보리밥,아구(매운)탕,닭고기조림,옥수수구이,0.959373898260892
10,695,찹쌀밥,어묵김치찌개,완자조림(돈육),감자구이,0.9593026310505954
11,434,차조밥,복매운탕,닭다리조림,옥수수구이,0.9588957356217048
12,93,현미밥,아구(매운)탕,돼지고기조림,감자구이,0.9587410969127734
13,929,밤밥,어묵김치찌개,닭고기조림(옥수수),옥수수구이,0.9586450989195135
14,246,녹두밥,쏘가리매운탕,야채볶음(닭),감자구이,0.9583663431742232
16,367,율무밥,복매운탕,닭고기조림(옥수수),옥수수구이,0.9581170379903023
17,529,차수수밥,쏘가리매운탕,닭다리조림,옥수수구이,0.9580527073238212
18,412,차조밥,어묵김치찌개,닭도리탕,감자구이,0.9580404710324294
19,565,차수수밥,낙지찌개,야채볶음(닭),감자구이,0.95788413209613
20,635,검정콩밥,낙지찌개,닭고기조림,감자구이,0.9576874121920868
25,677,찹쌀밥,어묵김치찌개,부추볶음(고기),옥수수구이,0.9571382804431552
27,105,현미밥,어묵김치찌개,떡볶음(돼지고기&간장),옥수수구이,0.9570085651985366
28,984,보리밥,어묵김치찌개,부추볶음(제육),깻잎찜,0.9568789315001668
31,306,율무밥,아구(매운)탕,닭다리조림,옥수수구이,0.9564790747824532
34,589,검정콩밥,아구(매운)탕,야채볶음(닭),감자구이,0.9561185414578748
35,740,잡곡밥,오징어찌개,돼지고기조림,옥수수구이,0.9561048030638776
48,892,밤밥,아구(매운)탕,닭고기조림(옥수수),감자구이,0.9549542534394216
52,887,밤밥,아구(매운)탕,완자조림(돈육),옥수수구이,0.9547949512656012
53,955,밤밥,낙지찌개,돼지고기조림,감자구이,0.9546553300723388
62,219,완두콩밥,복매운탕,야채볶음(닭),감자구이,0.9535249910149668
83,899,밤밥,쏘가리매운탕,완자조림(돈육),옥수수구이,0.9517655339082276
86,738,찹쌀밥,복매운탕,돼지고기조림,옥수수구이,0.9515647007621854
108,719,찹쌀밥,낙지찌개,완자조림(돈육),감자구이,0.95070106254238
129,366,율무밥,복매운탕,닭고기조림,감자구이,0.9500618545343048
