,Unnamed: 0,밥,국,메인,서브,유사도
0,56,쌀밥,고동국(올갱이국),쇠고기내장(천엽)전,쥐포볶음,0.9970118200896856
1,367,콩밥(대두),김치무국,쇠간전,건새우볶음,0.9968321852656118
3,378,콩밥(대두),고동국(올갱이국),완자전(쇠고기),건꼴뚜기볶음,0.9966906689060936
4,37,쌀밥,고동국(올갱이국),완자전(돼지고기),어묵볶음(마늘쫑),0.9966539388092291
5,679,녹두밥,고동국(올갱이국),돼지고기전,멸치볶음(풋고추&간장),0.9966175138664332
6,485,팥밥,복국(복지리),쇠간전,건새우볶음,0.996606320274796
9,439,콩밥(대두),고동국(올갱이국),화양적,오징어채볶음,0.9958098809374212
11,834,수수찹쌀밥,고동국(올갱이국),쇠간전,멸치볶음(풋고추&간장),0.9957699544108594
14,433,콩밥(대두),고동국(올갱이국),두부전(돈육),잔멸치볶음,0.9954649660853396
16,637,완두콩밥,당면국(양배추),완자전(돼지고기),건새우볶음,0.9950621925117
17,595,팥밥,무국(새우젓),쇠고기내장(천엽)전,건새우볶음,0.9950081845068331
18,129,쌀밥,당면국(새우),쇠고기내장(천엽)전,건새우볶음,0.9949236261828008
20,817,수수찹쌀밥,고동국(올갱이국),쇠고기전,어묵볶음(마늘쫑),0.9947288165067014
23,844,수수찹쌀밥,당면국,쇠고기내장(천엽)전,건새우볶음,0.9945788597288288
25,988,찹쌀밥,당면국(새우),완자전(돼지고기),건새우볶음,0.9943021629883788
29,353,콩밥(대두),복국(복지리),쇠고기내장(천엽)전,참치볶음(콩나물),0.9939466618255824
33,740,율무밥,당면국(양배추),완자전(쇠고기),건새우볶음,0.9937126088617271
40,950,검정콩밥,당면국(양배추),쇠고기내장(천엽)전,건새우볶음,0.9932212275163824
42,368,콩밥(대두),김치무국,돼지고기전,건새우볶음,0.9929628292709471
45,163,찰밥,고동국(올갱이국),떡산적,건새우볶음,0.9928336595785694
46,237,조밥,김치무국,쇠고기내장(천엽)전,북어볶음,0.9926172121766788
49,459,콩밥(대두),당면국(양배추),화양적,건새우볶음,0.9924649500290064
62,217,조밥,복국(복지리),완자전(쇠고기),건새우볶음,0.9920316047068832
65,800,차조밥,당면국(새우),완자전(쇠고기),건새우볶음,0.9917843838024828
74,324,조밥,게장국,완자전(쇠고기),건새우볶음,0.9911381838050382
82,597,팥밥,무국(새우젓),두부전(돈육),건새우볶음,0.9905661590390488
85,460,콩밥(대두),무국(새우젓),완자전(쇠고기),건새우볶음,0.9905066357153168
92,461,콩밥(대두),무국(새우젓),완자전(돼지고기),건새우볶음,0.9902173273812158
97,231,조밥,복국(복지리),돼지고기전,건새우볶음,0.9900943988306414
148,804,차조밥,당면국(새우),화양적,건새우볶음,0.9877603254519598
155,690,녹두밥,당면국(양배추),두부전(돈육),건새우볶음,0.9873348123205024
190,25,쌀밥,김치국(참치),쇠고기내장(천엽)전,멸치볶음(풋고추&간장),0.9858430364626448
246,466,콩밥(대두),무국(새우젓),화양적,건새우볶음,0.9841092845058896
308,232,조밥,복국(복지리),두부전(돈육),건새우볶음,0.9826138062249392
309,488,팥밥,복국(복지리),화양적,건새우볶음,0.9826056020215486
318,235,조밥,김치무국,완자전(돼지고기),건새우볶음,0.9824120991493352
327,474,팥밥,복국(복지리),쇠고기전,건새우볶음,0.9822709320077244
406,109,쌀밥,게장국,쇠고기내장(천엽)전,건새우볶음,0.980638864763914
414,489,팥밥,김치무국,완자전(쇠고기),건새우볶음,0.9805404449810222
437,473,팥밥,복국(복지리),완자전(돼지고기),건새우볶음,0.9802139958203672
