,Unnamed: 0,밥,국,메인,서브,유사도
0,832,영양밥(돌솥밥),고동국(올갱이국),쇠간전,멸치볶음(풋고추&간장),0.9962572671684092
1,46,쌀밥,고동국(올갱이국),쇠고기내장(천엽)전,게맛살볶음,0.9962358953786128
2,268,콩밥(대두),고동국(올갱이국),돼지고기전,참치볶음(콩나물),0.9961553579282008
3,849,영양밥(돌솥밥),당면국(양배추),화양적,건새우볶음,0.9960749492957752
6,777,보리조밥,당면국(새우),화양적,건새우볶음,0.9959140884438786
9,464,검정콩밥,당면국(새우),완자전(쇠고기),건새우볶음,0.9958165970995384
10,434,차조밥,당면국(양배추),쇠고기내장(천엽)전,멸치볶음(풋고추&간장),0.9958107197358776
11,310,팥밥,고동국(올갱이국),완자전(쇠고기),어묵볶음(마늘쫑),0.9952203013175348
16,442,수수찹쌀밥,당면국(양배추),완자전(돼지고기),건새우볶음,0.9944493375960046
17,291,콩밥(대두),당면국,쇠고기내장(천엽)전,건새우볶음,0.9944119189429018
18,103,찰밥,당면국(새우),완자전(돼지고기),건새우볶음,0.9941357466389228
19,71,쌀밥,고동국(올갱이국),두부전(돈육),잔멸치볶음,0.9941133728271688
20,852,영양밥(돌솥밥),당면국(새우),쇠고기내장(천엽)전,멸치볶음(풋고추&간장),0.993978293929976
22,214,콩밥(대두),복국(복지리),쇠고기내장(천엽)전,멸치볶음(풋고추&간장),0.9938292424132
25,605,기장밥,고동국(올갱이국),완자전(돼지고기),건새우볶음,0.9932020452222724
29,658,기장밥,고동국(올갱이국),화양적,북어볶음,0.9929815833607164
35,296,콩밥(대두),당면국(양배추),두부전(돈육),건새우볶음,0.9924986142565024
50,576,잡곡밥(강남콩),무국(새우젓),쇠고기내장(천엽)전,멸치볶음(풋고추&간장),0.9916328038248012
54,292,콩밥(대두),당면국(양배추),완자전(쇠고기),건새우볶음,0.9914855457199344
78,662,기장밥,게장국,쇠고기내장(천엽)전,멸치볶음(풋고추&간장),0.9898333017272508
105,522,잡곡밥(강남콩),고동국(올갱이국),쇠고기전,멸치볶음(풋고추&간장),0.988552524789042
119,290,콩밥(대두),고동국(올갱이국),떡산적,건새우볶음,0.9877068650311616
418,581,기장밥,복국(복지리),쇠고기전,건새우볶음,0.9787754033373196
