,Unnamed: 0,밥,국,메인,서브,유사도
0,113,콩밥(대두),고동국(올갱이국),쇠고기내장(천엽)전,어묵볶음(양파),0.9955182623352182
1,9,쌀밥,고동국(올갱이국),완자전(돼지고기),새우볶음,0.9953592298599079
2,200,잡곡밥(강남콩),고동국(올갱이국),완자전(쇠고기),멸치볶음(풋고추&간장),0.9951787592879608
4,258,기장밥,고동국(올갱이국),돼지고기전,북어볶음,0.9950731304580096
5,294,영양밥(돌솥밥),당면국(양배추),두부전(돈육),건새우볶음,0.9950173808592424
8,12,쌀밥,고동국(올갱이국),쇠고기전,어묵볶음(마늘쫑),0.994001136304376
9,130,콩밥(대두),고동국(올갱이국),화양적,새우볶음,0.993530678950292
13,217,잡곡밥(강남콩),당면국,쇠고기내장(천엽)전,건새우볶음,0.9920867442653706
14,135,콩밥(대두),당면국(양배추),쇠고기내장(천엽)전,건새우볶음,0.9916351751583392
19,40,쌀밥,당면국(양배추),완자전(돼지고기),건새우볶음,0.9909804695717808
20,128,콩밥(대두),고동국(올갱이국),두부전(돈육),새우볶음,0.9909141094167162
25,131,콩밥(대두),고동국(올갱이국),떡산적,건새우볶음,0.9906250698372424
30,27,쌀밥,고동국(올갱이국),쇠간전,잔멸치볶음,0.9901410387316713
31,133,콩밥(대두),당면국(양배추),완자전(쇠고기),건새우볶음,0.9900996614490916
34,276,보리밥,당면국(새우),쇠고기내장(천엽)전,멸치볶음(풋고추&간장),0.9891947208942952
41,227,잡곡밥(강남콩),당면국(새우),화양적,건새우볶음,0.988370108922202
52,138,콩밥(대두),당면국(양배추),화양적,건새우볶음,0.9870649317030624
60,285,보리조밥,당면국(새우),완자전(쇠고기),건새우볶음,0.985734889972064
