,Unnamed: 0,밥,국,메인,서브,유사도
0,984,영양밥(돌솥밥),고동국(올갱이국),완자전(돼지고기),멸치볶음(풋고추&간장),0.9964290454673072
1,51,쌀밥,고동국(올갱이국),쇠고기내장(천엽)전,게맛살볶음,0.9964078416604798
2,306,콩밥(대두),고동국(올갱이국),두부전(돈육),참치볶음(콩나물),0.9962766829589268
3,296,콩밥(대두),고동국(올갱이국),돼지고기전,참치볶음(야채),0.996217968411204
5,910,보리조밥,고동국(올갱이국),쇠간전,어묵볶음(마늘쫑),0.9960902740101444
8,535,검정콩밥,당면국(양배추),쇠고기내장(천엽)전,건새우볶음,0.9959937975695968
11,353,팥밥,고동국(올갱이국),완자전(쇠고기),새우볶음,0.9952804717487996
13,617,잡곡밥(강남콩),고동국(올갱이국),쇠고기전,건새우볶음,0.9951397591827896
16,510,수수찹쌀밥,당면국(새우),완자전(쇠고기),건새우볶음,0.9945869614849372
17,331,콩밥(대두),무국(새우젓),쇠고기내장(천엽)전,멸치볶음(풋고추&간장),0.9945848561800684
18,118,찰밥,당면국(새우),두부전(돈육),건새우볶음,0.9943101896359186
19,84,쌀밥,고동국(올갱이국),화양적,새우볶음,0.9942853489231545
27,126,현미밥,당면국(새우),쇠고기내장(천엽)전,건새우볶음,0.9932613432932214
30,555,잡곡밥,당면국,쇠고기내장(천엽)전,건새우볶음,0.9931153260883744
35,336,팥밥,복국(복지리),완자전(쇠고기),건새우볶음,0.992667815613814
40,847,보리콩밥,당면국(새우),화양적,건새우볶음,0.9923273957353912
43,878,보리팥밥,당면국(양배추),완자전(쇠고기),건새우볶음,0.992233168208152
44,226,조밥,무국(새우젓),완자전(쇠고기),건새우볶음,0.9920244874202171
50,327,콩밥(대두),당면국(양배추),두부전(돈육),건새우볶음,0.9917729222494016
73,557,잡곡밥,당면국(양배추),완자전(돼지고기),건새우볶음,0.9902284467865909
81,337,팥밥,복국(복지리),완자전(돼지고기),건새우볶음,0.9898335647196554
85,592,잡곡밥(강남콩),복국(복지리),쇠고기내장(천엽)전,오징어채볶음,0.9895701087564396
89,345,팥밥,복국(복지리),쇠간전,건새우볶음,0.9893702706182638
94,547,찹쌀밥,당면국(새우),완자전(돼지고기),건새우볶음,0.989032403120084
107,919,보리조밥,고동국(올갱이국),떡산적,건새우볶음,0.9885196689083215
139,90,쌀밥,게장국,쇠고기내장(천엽)전,멸치볶음(풋고추&간장),0.9865272531574832
203,227,조밥,무국(새우젓),완자전(돼지고기),건새우볶음,0.9844234377731363
247,883,보리팥밥,당면국(양배추),화양적,건새우볶음,0.9830943570910732
273,243,콩밥(대두),복국(복지리),돼지고기전,건새우볶음,0.982464164178496
