,Unnamed: 0,밥,국,메인,서브,유사도
0,56,쌀밥,고동국(올갱이국),쇠고기내장(천엽)전,쥐포볶음,0.9970749391907724
1,368,콩밥(대두),복국(복지리),쇠간전,건새우볶음,0.9968964435663428
2,984,검정콩밥,당면국(양배추),두부전(돈육),건새우볶음,0.9968419265829768
3,379,콩밥(대두),김치국(참치),쇠고기내장(천엽)전,멸치볶음(풋고추&간장),0.9967326629110802
4,37,쌀밥,고동국(올갱이국),완자전(돼지고기),어묵볶음(마늘쫑),0.9967188822478698
6,487,팥밥,복국(복지리),쇠고기내장(천엽)전,참치볶음,0.9966698675278136
7,248,조밥,김치무국,쇠간전,건새우볶음,0.9964895627729043
9,441,콩밥(대두),고동국(올갱이국),두부전(돈육),참치볶음(야채),0.9958756456058908
10,822,차조밥,당면국(새우),완자전(돼지고기),건새우볶음,0.9958418616810384
12,261,조밥,고동국(올갱이국),완자전(쇠고기),멸치볶음(풋고추&간장),0.9958117858134901
13,83,쌀밥,고동국(올갱이국),돼지고기전,북어볶음,0.9957250917241478
17,599,팥밥,당면국(양배추),화양적,건새우볶음,0.9950615794173416
18,129,쌀밥,당면국(새우),쇠고기내장(천엽)전,건새우볶음,0.9949878054518247
20,825,차조밥,당면국(새우),화양적,건새우볶음,0.9947897238097406
21,876,수수찹쌀밥,당면국(새우),완자전(쇠고기),건새우볶음,0.9947325908459697
22,857,수수찹쌀밥,고동국(올갱이국),쇠간전,북어볶음,0.9947258641100194
25,818,차조밥,당면국(양배추),쇠고기내장(천엽)전,멸치볶음(풋고추&간장),0.9945659145797191
29,354,콩밥(대두),호박새우젓국,쇠고기내장(천엽)전,건새우볶음,0.9940106145902876
35,483,팥밥,복국(복지리),완자전(돼지고기),건새우볶음,0.9935704224840576
41,496,팥밥,복국(복지리),돼지고기전,건새우볶음,0.993106201707828
49,461,콩밥(대두),게장국,쇠고기내장(천엽)전,건새우볶음,0.9925262298002208
50,925,차수수밥,당면국(양배추),완자전(돼지고기),건새우볶음,0.9924598170797329
51,456,콩밥(대두),고동국(올갱이국),화양적,건꼴뚜기볶음,0.9924254397955626
61,594,팥밥,당면국(양배추),완자전(쇠고기),건새우볶음,0.9921125253603192
63,122,쌀밥,무국(새우젓),쇠고기내장(천엽)전,참치볶음(야채),0.992094609339578
68,471,콩밥(대두),무국(새우젓),완자전(돼지고기),건새우볶음,0.9917109004077465
84,784,차조밥,고동국(올갱이국),쇠고기전,어묵볶음(마늘쫑),0.9906014303051408
92,484,팥밥,복국(복지리),쇠고기전,건새우볶음,0.9903382851195944
93,463,콩밥(대두),당면국,쇠고기내장(천엽)전,건새우볶음,0.9902822479423226
103,213,현미밥,고동국(올갱이국),떡산적,건새우볶음,0.9898364478910128
128,497,팥밥,복국(복지리),두부전(돈육),건새우볶음,0.9888159551280004
144,501,팥밥,김치무국,쇠고기내장(천엽)전,어묵볶음(마늘쫑),0.9878991332215322
206,333,조밥,게장국,완자전(쇠고기),건새우볶음,0.9854807581314474
230,343,조밥,무국(새우젓),완자전(쇠고기),건새우볶음,0.9847337088331016
237,506,팥밥,김치국(참치),완자전(쇠고기),건새우볶음,0.9844429174416268
249,505,팥밥,김치무국,돼지고기전,건새우볶음,0.9840408191650344
275,242,조밥,복국(복지리),화양적,건새우볶음,0.9833993373816824
281,226,조밥,복국(복지리),완자전(쇠고기),건새우볶음,0.9832301927364548
325,476,콩밥(대두),무국(새우젓),화양적,건새우볶음,0.9823338219540949
400,500,팥밥,김치무국,완자전(돼지고기),건새우볶음,0.9807553270037724
435,475,콩밥(대두),무국(새우젓),두부전(돈육),건새우볶음,0.9802785870934008
468,372,콩밥(대두),김치무국,완자전(쇠고기),건새우볶음,0.9797968091079202
