,Unnamed: 0,밥,국,메인,서브,유사도
0,437,조밥,고동국(올갱이국),화양적,건새우볶음,0.997494972986082
1,806,완두콩밥,고동국(올갱이국),두부전(돈육),새우볶음,0.99729194798833
3,451,조밥,무국(새우젓),완자전(돼지고기),건새우볶음,0.9971083884103042
4,260,현미밥,고동국(올갱이국),쇠고기전,건새우볶음,0.9970882353947024
5,732,팥밥,무국(새우젓),쇠고기내장(천엽)전,멸치볶음(풋고추&간장),0.9967537137384048
6,523,콩밥(대두),고동국(올갱이국),쇠고기내장(천엽)전,어묵볶음(마늘쫑),0.9964892956957552
8,983,율무밥,고동국(올갱이국),쇠간전,참치볶음(콩나물),0.9964588527727865
9,288,현미밥,고동국(올갱이국),돼지고기전,참치볶음(콩나물),0.9963955883670071
11,483,콩밥(대두),김치무국,쇠고기내장(천엽)전,참치볶음(콩나물),0.995847677263738
12,517,콩밥(대두),고동국(올갱이국),완자전(돼지고기),멸치볶음(풋고추&간장),0.9956018993403962
13,139,쌀밥,당면국(새우),완자전(쇠고기),건새우볶음,0.9955856292311532
22,644,팥밥,고동국(올갱이국),완자전(쇠고기),멸치볶음(풋고추&간장),0.994759382612292
30,919,녹두밥,당면국(양배추),쇠고기내장(천엽)전,건새우볶음,0.9943003160923763
34,356,조밥,김치국(참치),두부전(돈육),건새우볶음,0.994055591246439
35,489,콩밥(대두),김치무국,두부전(돈육),건새우볶음,0.9938998014986272
36,585,콩밥(대두),당면국(양배추),두부전(돈육),건새우볶음,0.9937343761334012
50,479,콩밥(대두),김치무국,완자전(돼지고기),건새우볶음,0.9927520417629412
51,606,팥밥,복국(복지리),쇠고기내장(천엽)전,잔멸치볶음,0.9927142939995778
69,629,팥밥,김치국(참치),완자전(돼지고기),건새우볶음,0.9918399901136128
72,917,녹두밥,당면국(양배추),완자전(쇠고기),건새우볶음,0.9916588132402951
78,458,조밥,당면국(새우),쇠고기내장(천엽)전,건새우볶음,0.9914127055698588
88,236,찰밥,당면국(새우),화양적,건새우볶음,0.9909462786702392
108,576,콩밥(대두),고동국(올갱이국),떡산적,건새우볶음,0.9898545288984524
118,587,콩밥(대두),무국(새우젓),완자전(쇠고기),건새우볶음,0.9891808501601432
119,493,콩밥(대두),김치국(참치),쇠고기내장(천엽)전,건새우볶음,0.9891406939245502
123,614,팥밥,복국(복지리),화양적,건새우볶음,0.9889962353715592
131,592,콩밥(대두),무국(새우젓),두부전(돈육),건새우볶음,0.9884618893898074
134,475,콩밥(대두),복국(복지리),돼지고기전,건새우볶음,0.9883423760698956
140,818,완두콩밥,당면국,쇠고기내장(천엽)전,건새우볶음,0.9879738172011826
149,600,팥밥,복국(복지리),쇠고기전,건새우볶음,0.987697999551197
152,820,완두콩밥,당면국(양배추),완자전(돼지고기),건새우볶음,0.9876734408707452
158,461,콩밥(대두),복국(복지리),완자전(쇠고기),건새우볶음,0.9873671624812904
167,624,팥밥,김치무국,쇠간전,건새우볶음,0.9871513234933028
186,734,팥밥,무국(새우젓),화양적,건새우볶음,0.9865046194236908
189,490,콩밥(대두),김치무국,화양적,건새우볶음,0.986464676852618
218,611,팥밥,복국(복지리),쇠간전,건새우볶음,0.9855877231050874
219,460,콩밥(대두),호박새우젓국,쇠고기내장(천엽)전,건새우볶음,0.9855432062717876
226,718,팥밥,게장국,쇠고기내장(천엽)전,멸치볶음(풋고추&간장),0.9853210651019004
233,599,팥밥,복국(복지리),완자전(돼지고기),건새우볶음,0.9850686152554409
240,613,팥밥,복국(복지리),두부전(돈육),건새우볶음,0.9847744807774532
258,625,팥밥,김치무국,돼지고기전,건새우볶음,0.9842701088311384
268,719,팥밥,게장국,화양적,건새우볶음,0.9840105811151201
282,235,찰밥,당면국(새우),두부전(돈육),건새우볶음,0.9836924664050734
302,36,쌀밥,김치국(참치),화양적,건새우볶음,0.9833210071112962
325,314,현미밥,당면국(양배추),화양적,건새우볶음,0.9829356471273758
377,491,콩밥(대두),김치국(참치),완자전(쇠고기),건새우볶음,0.9819862783116772
