,Unnamed: 0,밥,국,메인,서브,유사도
0,904,율무밥,고동국(올갱이국),완자전(쇠고기),참치볶음(콩나물),0.9978691094948752
1,271,현미밥,고동국(올갱이국),쇠고기내장(천엽)전,쥐포볶음,0.9976539100095444
2,618,완두콩밥,호박새우젓국,쇠고기내장(천엽)전,건새우볶음,0.9970715239377812
3,312,현미밥,고동국(올갱이국),화양적,참치볶음(콩나물),0.9969449490909186
6,855,녹두밥,당면국(양배추),쇠고기내장(천엽)전,멸치볶음(풋고추&간장),0.9959504908473141
7,420,조밥,게장국,완자전(쇠고기),건새우볶음,0.995832850558836
8,608,팥밥,무국(새우젓),완자전(쇠고기),건새우볶음,0.9956409663342006
9,329,현미밥,무국(새우젓),쇠고기내장(천엽)전,어묵볶음(마늘쫑),0.9953131232440864
10,742,녹두밥,복국(복지리),완자전(쇠고기),건새우볶음,0.9952940670489531
12,450,콩밥(대두),김치무국,완자전(돼지고기),건새우볶음,0.995177051887566
16,877,율무밥,복국(복지리),쇠고기전,건새우볶음,0.9946313874352208
17,439,콩밥(대두),복국(복지리),쇠고기내장(천엽)전,참치볶음(콩나물),0.9945991644708164
20,540,팥밥,복국(복지리),돼지고기전,건새우볶음,0.9938584132122048
21,636,완두콩밥,김치무국,쇠고기내장(천엽)전,북어볶음,0.9936284214818716
22,869,녹두밥,당면국(새우),완자전(쇠고기),건새우볶음,0.9934713440132288
24,659,완두콩밥,고동국(올갱이국),완자전(돼지고기),멸치볶음(풋고추&간장),0.9931601454952784
30,990,율무밥,당면국(양배추),두부전(돈육),건새우볶음,0.9926187091479576
31,991,율무밥,당면국(양배추),화양적,건새우볶음,0.9926187091479576
33,945,율무밥,고동국(올갱이국),쇠간전,참치볶음,0.9925710570312464
35,321,현미밥,당면국(양배추),완자전(쇠고기),건새우볶음,0.9923969441000062
38,694,완두콩밥,고동국(올갱이국),돼지고기전,참치볶음(콩나물),0.9921041602632242
39,559,팥밥,김치국(참치),쇠고기내장(천엽)전,멸치볶음(풋고추&간장),0.9918540857083008
53,764,녹두밥,김치무국,돼지고기전,건새우볶음,0.9911867212600298
57,300,현미밥,고동국(올갱이국),두부전(돈육),참치볶음,0.9910686260963448
73,448,콩밥(대두),복국(복지리),화양적,건새우볶음,0.9896546511967391
77,849,녹두밥,게장국,쇠고기내장(천엽)전,건새우볶음,0.9893353030458428
78,527,팥밥,복국(복지리),완자전(돼지고기),건새우볶음,0.9892642352179992
94,458,콩밥(대두),김치무국,쇠간전,건새우볶음,0.9884258354880436
95,96,쌀밥,무국(새우젓),화양적,건새우볶음,0.9883975170919514
105,921,율무밥,고동국(올갱이국),쇠고기전,어묵볶음(마늘쫑),0.9880160125630814
106,561,팥밥,김치국(참치),화양적,건새우볶음,0.9879483457550944
108,423,조밥,게장국,화양적,건새우볶음,0.9878923534808968
114,847,녹두밥,고동국(올갱이국),떡산적,건새우볶음,0.9876773119055736
160,560,팥밥,김치국(참치),두부전(돈육),건새우볶음,0.9860217537484336
172,224,찰밥,당면국(새우),두부전(돈육),건새우볶음,0.9857186701595352
183,322,현미밥,당면국(양배추),완자전(돼지고기),건새우볶음,0.9852529225977312
193,851,녹두밥,당면국,쇠고기내장(천엽)전,건새우볶음,0.985041914476854
209,211,찰밥,무국(새우젓),완자전(돼지고기),건새우볶음,0.984589251343162
217,740,완두콩밥,당면국(새우),화양적,건새우볶음,0.9844568333461216
221,351,조밥,복국(복지리),쇠간전,건새우볶음,0.9843148429680428
240,757,녹두밥,복국(복지리),두부전(돈육),건새우볶음,0.9839918506236676
242,31,쌀밥,김치국(참치),완자전(쇠고기),건새우볶음,0.9839063836843154
254,872,녹두밥,당면국(새우),쇠고기내장(천엽)전,멸치볶음(풋고추&간장),0.9838087566612734
255,523,콩밥(대두),무국(새우젓),두부전(돈육),건새우볶음,0.9838076331585408
279,29,쌀밥,김치무국,두부전(돈육),건새우볶음,0.9833799586998672
389,866,녹두밥,무국(새우젓),돼지고기전,건새우볶음,0.9816763101434236
406,30,쌀밥,김치무국,화양적,건새우볶음,0.9813673019362876
434,543,팥밥,김치무국,완자전(쇠고기),건새우볶음,0.9810353239270656
