,Unnamed: 0,밥,국,메인,서브,유사도
0,56,쌀밥,고동국(올갱이국),쇠고기전,건새우볶음,0.9973074932550324
1,383,조밥,무국(새우젓),완자전(쇠고기),건새우볶음,0.9971333293900148
2,37,쌀밥,고동국(올갱이국),완자전(쇠고기),참치볶음(야채),0.9969583737997442
3,712,완두콩밥,고동국(올갱이국),두부전(돈육),북어볶음,0.996923735359784
4,505,콩밥(대두),게장국,완자전(쇠고기),건새우볶음,0.9969040521238642
5,394,콩밥(대두),호박새우젓국,쇠고기내장(천엽)전,건새우볶음,0.996884916707908
6,251,현미밥,당면국(양배추),쇠고기내장(천엽)전,멸치볶음(풋고추&간장),0.996726499097628
7,646,팥밥,게장국,화양적,건새우볶음,0.9965330089475124
8,457,콩밥(대두),고동국(올갱이국),쇠고기내장(천엽)전,참치볶음(콩나물),0.996118265139434
9,856,율무밥,당면국(양배추),완자전(쇠고기),건새우볶음,0.9960877575970404
10,877,차조밥,고동국(올갱이국),완자전(돼지고기),오징어채볶음,0.9960824747178724
11,266,조밥,복국(복지리),쇠고기내장(천엽)전,참치볶음(콩나물),0.9960430673649252
12,83,쌀밥,고동국(올갱이국),쇠간전,북어볶음,0.995959024189592
14,422,콩밥(대두),김치국(참치),완자전(쇠고기),건새우볶음,0.9954903778914076
15,667,팥밥,당면국(새우),화양적,건새우볶음,0.9952891818393238
17,132,쌀밥,무국(새우젓),쇠고기내장(천엽)전,참치볶음(콩나물),0.9952244049803888
18,92,쌀밥,고동국(올갱이국),돼지고기전,건새우볶음,0.9951853644134474
24,852,율무밥,고동국(올갱이국),화양적,새우볶음,0.9947321608836608
27,274,조밥,복국(복지리),두부전(돈육),건새우볶음,0.9943654984757634
35,794,녹두밥,당면국(새우),쇠고기내장(천엽)전,건새우볶음,0.9938914780992096
40,514,콩밥(대두),당면국(양배추),두부전(돈육),건새우볶음,0.993354311706102
41,932,차조밥,당면국(새우),완자전(쇠고기),건새우볶음,0.993220177339576
43,384,조밥,무국(새우젓),완자전(돼지고기),건새우볶음,0.9931913360451804
48,276,조밥,김치무국,완자전(쇠고기),건새우볶음,0.9927189609258184
52,423,콩밥(대두),김치국(참치),완자전(돼지고기),건새우볶음,0.9925348870438706
53,424,콩밥(대두),김치국(참치),쇠고기내장(천엽)전,멸치볶음(풋고추&간장),0.9925348870438706
56,418,콩밥(대두),김치무국,쇠고기내장(천엽)전,멸치볶음(풋고추&간장),0.9924826732293422
59,530,팥밥,복국(복지리),쇠고기전,건새우볶음,0.9923634615422602
100,260,조밥,복국(복지리),완자전(돼지고기),건새우볶음,0.9903078285007804
105,528,팥밥,복국(복지리),완자전(쇠고기),건새우볶음,0.9899557445105542
116,506,콩밥(대두),게장국,쇠고기내장(천엽)전,건새우볶음,0.9895073175238382
119,924,차조밥,고동국(올갱이국),떡산적,건새우볶음,0.9894419971019248
122,554,팥밥,김치무국,쇠간전,건새우볶음,0.9893038970767644
128,515,콩밥(대두),당면국(양배추),화양적,건새우볶음,0.9889640192995736
136,421,콩밥(대두),김치무국,두부전(돈육),건새우볶음,0.988620186456002
174,546,팥밥,김치무국,완자전(돼지고기),건새우볶음,0.9869031277387889
184,855,율무밥,당면국,쇠고기내장(천엽)전,건새우볶음,0.9864026126193428
192,544,팥밥,복국(복지리),화양적,건새우볶음,0.9861364223975092
249,522,콩밥(대두),무국(새우젓),화양적,건새우볶음,0.9843293219036616
252,272,조밥,복국(복지리),쇠간전,건새우볶음,0.9842647414988754
266,122,쌀밥,당면국(양배추),완자전(돼지고기),건새우볶음,0.9839346401322158
337,662,팥밥,무국(새우젓),두부전(돈육),건새우볶음,0.9824412159309048
376,409,콩밥(대두),복국(복지리),돼지고기전,건새우볶음,0.981703855069816
476,863,율무밥,당면국(새우),완자전(돼지고기),건새우볶음,0.9800643746670168
