,Unnamed: 0,밥,국,메인,서브,유사도
0,451,조밥,게장국,화양적,건새우볶음,0.9976266700371093
1,844,녹두밥,복국(복지리),쇠고기내장(천엽)전,북어볶음,0.9974261910337224
2,598,콩밥(대두),당면국(새우),쇠고기내장(천엽)전,건새우볶음,0.9973912842988452
3,261,현미밥,고동국(올갱이국),완자전(돼지고기),건새우볶음,0.9972199717645552
4,467,콩밥(대두),복국(복지리),완자전(돼지고기),건새우볶음,0.9971865725478084
5,766,완두콩밥,고동국(올갱이국),쇠고기전,건새우볶음,0.9968308291845752
6,543,콩밥(대두),고동국(올갱이국),쇠고기내장(천엽)전,멸치볶음(풋고추),0.9966246369067912
7,295,현미밥,고동국(올갱이국),돼지고기전,북어볶음,0.9965237613216941
8,502,콩밥(대두),고동국(올갱이국),완자전(쇠고기),어묵볶음(마늘쫑),0.9959777055560648
10,98,쌀밥,고동국(올갱이국),두부전(돈육),오징어채볶음,0.99566927904068
12,793,완두콩밥,고동국(올갱이국),쇠간전,북어볶음,0.9956496275661316
14,354,조밥,김치무국,쇠고기내장(천엽)전,건새우볶음,0.9954023702549046
20,817,완두콩밥,고동국(올갱이국),화양적,새우볶음,0.9946158007128936
23,940,녹두밥,당면국(새우),완자전(쇠고기),건새우볶음,0.9943561490520458
25,594,콩밥(대두),무국(새우젓),쇠고기내장(천엽)전,건새우볶음,0.9943109771094484
30,591,콩밥(대두),무국(새우젓),완자전(쇠고기),건새우볶음,0.9937990143377436
33,452,조밥,당면국(양배추),완자전(돼지고기),건새우볶음,0.99355460124761
43,496,콩밥(대두),김치국(참치),완자전(쇠고기),건새우볶음,0.9928480390369976
44,629,팥밥,김치무국,두부전(돈육),건새우볶음,0.9928418438559212
48,588,콩밥(대두),당면국(양배추),쇠고기내장(천엽)전,건새우볶음,0.9927301978485458
57,934,녹두밥,당면국(양배추),화양적,건새우볶음,0.9921979883270948
79,237,찰밥,당면국(새우),두부전(돈육),건새우볶음,0.991046735363486
83,954,율무밥,복국(복지리),쇠간전,건새우볶음,0.9909582167636356
91,627,팥밥,김치무국,쇠간전,건새우볶음,0.9904564000706588
99,599,콩밥(대두),당면국(새우),화양적,건새우볶음,0.9899807002578308
115,500,콩밥(대두),김치국(참치),두부전(돈육),건새우볶음,0.9890202861720474
121,615,팥밥,복국(복지리),돼지고기전,건새우볶음,0.988585102994178
158,128,쌀밥,무국(새우젓),완자전(돼지고기),건새우볶음,0.9871599660127812
178,586,콩밥(대두),당면국(양배추),완자전(쇠고기),건새우볶음,0.9865995702768674
206,634,팥밥,김치국(참치),쇠고기내장(천엽)전,멸치볶음(풋고추&간장),0.9856865730070616
210,822,완두콩밥,고동국(올갱이국),떡산적,건새우볶음,0.9856236121177232
224,224,찰밥,당면국,쇠고기내장(천엽)전,건새우볶음,0.9852591103044804
232,636,팥밥,김치국(참치),화양적,건새우볶음,0.98487210768887
233,619,팥밥,김치무국,완자전(돼지고기),건새우볶음,0.9848467250001028
235,596,콩밥(대두),무국(새우젓),두부전(돈육),건새우볶음,0.9848180233759852
237,724,팥밥,당면국(양배추),두부전(돈육),건새우볶음,0.9847757356036504
238,493,콩밥(대두),김치무국,돼지고기전,건새우볶음,0.984770595782105
245,120,쌀밥,게장국,쇠고기내장(천엽)전,건새우볶음,0.9845195215273764
302,947,율무밥,복국(복지리),쇠고기전,건새우볶음,0.9833333341679794
306,119,쌀밥,게장국,완자전(쇠고기),건새우볶음,0.9832945208652382
341,632,팥밥,김치국(참치),완자전(돼지고기),건새우볶음,0.9826192829445668
353,465,콩밥(대두),호박새우젓국,쇠고기내장(천엽)전,건새우볶음,0.982378142493258
442,630,팥밥,김치무국,화양적,건새우볶음,0.9810847673098748
459,466,콩밥(대두),복국(복지리),완자전(쇠고기),건새우볶음,0.980908639314305
490,17,쌀밥,복국(복지리),화양적,건새우볶음,0.9804934073534612
