,Unnamed: 0,밥,국,메인,서브,유사도
0,211,현미밥,복국(복지리),쇠고기내장(천엽)전,건새우볶음,0.9978266168431422
1,592,완두콩밥,고동국(올갱이국),쇠간전,건새우볶음,0.9972499675826992
2,253,현미밥,고동국(올갱이국),쇠고기내장(천엽)전,참치볶음,0.9971120316136188
3,83,찰밥,복국(복지리),돼지고기전,건새우볶음,0.9963229770285792
4,749,녹두밥,고동국(올갱이국),화양적,건꼴뚜기볶음,0.996128846741788
6,376,조밥,게장국,화양적,건새우볶음,0.9960040633705424
8,273,현미밥,고동국(올갱이국),돼지고기전,참치볶음(야채),0.9954903777628986
12,408,콩밥(대두),김치무국,쇠고기내장(천엽)전,건새우볶음,0.9953551804072618
13,482,팥밥,김치국(참치),완자전(돼지고기),건새우볶음,0.99534041418392
14,638,완두콩밥,무국(새우젓),화양적,건새우볶음,0.9949281478327512
15,930,차조밥,김치무국,완자전(쇠고기),건새우볶음,0.9949215168483754
17,820,율무밥,고동국(올갱이국),완자전(돼지고기),참치볶음,0.9946191680338141
18,947,차조밥,고동국(올갱이국),완자전(쇠고기),잔멸치볶음,0.9943153233995086
19,510,팥밥,무국(새우젓),쇠고기내장(천엽)전,참치볶음(야채),0.993973654471644
21,604,완두콩밥,고동국(올갱이국),두부전(돈육),참치볶음,0.993544525324742
22,632,완두콩밥,무국(새우젓),완자전(쇠고기),건새우볶음,0.99333117413461
28,926,차조밥,복국(복지리),쇠간전,건새우볶음,0.992785668325066
30,628,완두콩밥,당면국(양배추),완자전(돼지고기),건새우볶음,0.9927527637986916
37,661,녹두밥,김치무국,완자전(돼지고기),건새우볶음,0.9922746709898974
48,941,차조밥,김치국(참치),쇠고기내장(천엽)전,멸치볶음(풋고추&간장),0.9915543728647108
51,348,조밥,김치국(참치),완자전(쇠고기),건새우볶음,0.9913268960976684
55,906,율무밥,무국(새우젓),두부전(돈육),건새우볶음,0.9909510889717988
74,794,율무밥,복국(복지리),화양적,건새우볶음,0.9894350826990448
75,56,쌀밥,게장국,쇠고기내장(천엽)전,멸치볶음(풋고추&간장),0.9893875355976292
83,35,쌀밥,김치국(참치),화양적,건새우볶음,0.9887261403277788
90,196,찰밥,당면국(새우),완자전(쇠고기),건새우볶음,0.9884798005678128
92,645,녹두밥,복국(복지리),쇠고기전,건새우볶음,0.9883456769933078
96,658,녹두밥,복국(복지리),두부전(돈육),건새우볶음,0.9881486240208268
113,829,율무밥,고동국(올갱이국),쇠고기전,건새우볶음,0.9875176532629696
122,776,녹두밥,당면국(새우),화양적,건새우볶음,0.9872495220407392
125,629,완두콩밥,당면국(양배추),쇠고기내장(천엽)전,건새우볶음,0.9872099855837614
128,29,쌀밥,김치무국,화양적,건새우볶음,0.9870167528947956
136,221,현미밥,김치무국,돼지고기전,건새우볶음,0.9867948319773944
139,180,찰밥,당면국(양배추),완자전(쇠고기),건새우볶음,0.9866740849652694
162,454,팥밥,복국(복지리),완자전(돼지고기),건새우볶음,0.985778582000286
164,803,율무밥,김치무국,두부전(돈육),건새우볶음,0.9854891568807804
176,68,찰밥,호박새우젓국,쇠고기내장(천엽)전,건새우볶음,0.9851424754808432
185,453,팥밥,복국(복지리),완자전(쇠고기),건새우볶음,0.9848574050929388
228,753,녹두밥,게장국,완자전(쇠고기),건새우볶음,0.9840436458135904
231,631,완두콩밥,당면국(양배추),화양적,건새우볶음,0.9840290056366572
253,306,현미밥,당면국(양배추),두부전(돈육),건새우볶음,0.9836708496666898
266,640,완두콩밥,당면국(새우),쇠고기내장(천엽)전,건새우볶음,0.983443226494836
275,302,현미밥,당면국,쇠고기내장(천엽)전,건새우볶음,0.9832437096761248
282,801,율무밥,김치무국,쇠간전,건새우볶음,0.9830972848620178
292,752,녹두밥,고동국(올갱이국),떡산적,건새우볶음,0.9830095745516124
379,197,찰밥,당면국(새우),완자전(돼지고기),건새우볶음,0.9818434763737762
400,485,팥밥,김치국(참치),두부전(돈육),건새우볶음,0.9814582373588636
458,309,현미밥,무국(새우젓),완자전(돼지고기),건새우볶음,0.9804408982018517
