,Unnamed: 0,밥,국,메인,서브,유사도
0,524,녹두밥,고동국(올갱이국),두부전(돈육),어묵볶음(마늘쫑),0.9963456776184506
1,693,차조밥,김치무국,완자전(돼지고기),건새우볶음,0.9961649177605632
2,891,수수찹쌀밥,게장국,완자전(쇠고기),건새우볶음,0.9957073190096932
3,320,팥밥,김치국(참치),두부전(돈육),건새우볶음,0.9956336831312206
4,505,녹두밥,고동국(올갱이국),쇠고기내장(천엽)전,북어볶음,0.9956255249370808
5,639,율무밥,고동국(올갱이국),돼지고기전,건새우볶음,0.9951928366417088
6,244,현미밥,고동국(올갱이국),화양적,북어볶음,0.9950451900886657
8,574,율무밥,복국(복지리),돼지고기전,건새우볶음,0.9945638346468608
9,723,차조밥,고동국(올갱이국),완자전(돼지고기),참치볶음(야채),0.9945295186258988
13,444,녹두밥,복국(복지리),완자전(쇠고기),건새우볶음,0.993623283462783
15,701,차조밥,김치무국,쇠간전,건새우볶음,0.9933293509592482
17,697,차조밥,김치무국,쇠고기내장(천엽)전,참치볶음(콩나물),0.99324646438676
23,439,완두콩밥,무국(새우젓),쇠고기내장(천엽)전,건새우볶음,0.9930423094644908
24,613,율무밥,고동국(올갱이국),쇠고기전,건새우볶음,0.9930215902877292
25,270,조밥,김치무국,두부전(돈육),건새우볶음,0.9928356160197872
27,665,율무밥,무국(새우젓),완자전(돼지고기),건새우볶음,0.9927016544150696
30,932,차수수밥,김치무국,화양적,건새우볶음,0.9924209271227378
32,576,율무밥,복국(복지리),화양적,건새우볶음,0.9920543748498748
33,577,율무밥,김치무국,완자전(쇠고기),건새우볶음,0.9920543748498748
34,102,찰밥,고동국(올갱이국),쇠간전,잔멸치볶음,0.9919987179343585
36,37,찰밥,복국(복지리),쇠고기내장(천엽)전,건새우볶음,0.9917680232442267
43,793,수수찹쌀밥,복국(복지리),쇠고기전,건새우볶음,0.9909767356927648
46,319,팥밥,김치국(참치),쇠고기내장(천엽)전,건새우볶음,0.9909042630540356
49,719,차조밥,고동국(올갱이국),완자전(쇠고기),건새우볶음,0.9907735790149624
50,676,차조밥,복국(복지리),완자전(돼지고기),건새우볶음,0.9906428912470068
61,273,조밥,김치국(참치),완자전(돼지고기),건새우볶음,0.9895020914272848
73,457,녹두밥,복국(복지리),쇠간전,건새우볶음,0.9889855705078492
91,20,쌀밥,게장국,쇠고기내장(천엽)전,건새우볶음,0.9880911220210691
112,674,차조밥,호박새우젓국,쇠고기내장(천엽)전,건새우볶음,0.9874163807594784
123,787,차조밥,무국(새우젓),돼지고기전,건새우볶음,0.9871146273659942
133,788,차조밥,무국(새우젓),두부전(돈육),건새우볶음,0.98694029713152
157,317,팥밥,김치국(참치),완자전(쇠고기),건새우볶음,0.985358653037414
170,21,쌀밥,게장국,화양적,건새우볶음,0.9850434541199756
189,24,쌀밥,무국(새우젓),화양적,건새우볶음,0.9845363719521416
191,41,찰밥,복국(복지리),두부전(돈육),건새우볶음,0.9845007154623504
211,53,찰밥,김치무국,돼지고기전,건새우볶음,0.9841297607455244
238,19,쌀밥,김치국(참치),화양적,건새우볶음,0.983536187389825
298,436,완두콩밥,무국(새우젓),완자전(쇠고기),건새우볶음,0.9826243687865224
