,Unnamed: 0,밥,국,메인,서브,유사도
0,904,녹두밥,고동국(올갱이국),화양적,오징어채볶음,0.997701135767414
1,271,현미밥,고동국(올갱이국),쇠고기내장(천엽)전,어묵볶음(느타리버섯),0.9974894861612296
2,512,콩밥(대두),고동국(올갱이국),완자전(돼지고기),참치볶음(콩나물),0.9973400036986676
3,824,녹두밥,복국(복지리),쇠고기내장(천엽)전,북어볶음,0.996981949485554
5,309,현미밥,고동국(올갱이국),두부전(돈육),잔멸치볶음,0.9967855625991688
6,138,찰밥,고동국(올갱이국),완자전(쇠고기),참치볶음,0.9959863159104748
7,796,완두콩밥,게장국,쇠고기내장(천엽)전,멸치볶음(풋고추&간장),0.9958700435732628
10,580,콩밥(대두),무국(새우젓),화양적,건새우볶음,0.9956393666015464
13,759,완두콩밥,고동국(올갱이국),쇠간전,참치볶음,0.9950459744630964
21,547,콩밥(대두),고동국(올갱이국),돼지고기전,북어볶음,0.9942840879556408
24,595,팥밥,복국(복지리),쇠간전,건새우볶음,0.9939131086023768
25,493,콩밥(대두),김치국(참치),완자전(돼지고기),건새우볶음,0.9937454233998629
26,612,팥밥,김치국(참치),완자전(쇠고기),건새우볶음,0.9934739743960358
27,605,팥밥,김치무국,쇠고기내장(천엽)전,북어볶음,0.993367409413844
32,597,팥밥,복국(복지리),두부전(돈육),건새우볶음,0.9932084386790612
55,798,완두콩밥,당면국(양배추),완자전(쇠고기),건새우볶음,0.9915830109715152
56,737,완두콩밥,고동국(올갱이국),쇠고기전,멸치볶음(풋고추&간장),0.991576130763706
64,614,팥밥,김치국(참치),쇠고기내장(천엽)전,건새우볶음,0.9912944473409708
74,926,녹두밥,무국(새우젓),쇠고기내장(천엽)전,어묵볶음(마늘쫑),0.9906100042937516
76,111,쌀밥,게장국,화양적,건새우볶음,0.9904455115233086
82,596,팥밥,복국(복지리),돼지고기전,건새우볶음,0.9902337276009188
107,920,녹두밥,당면국(양배추),쇠고기내장(천엽)전,건새우볶음,0.9883590325868704
120,923,녹두밥,당면국(양배추),화양적,건새우볶음,0.9879204784031858
121,922,녹두밥,당면국(양배추),두부전(돈육),건새우볶음,0.9879204784031858
124,939,율무밥,복국(복지리),완자전(쇠고기),건새우볶음,0.9878496822030924
137,702,완두콩밥,복국(복지리),쇠고기전,건새우볶음,0.9874136973127527
148,933,녹두밥,무국(새우젓),두부전(돈육),건새우볶음,0.987061063561828
154,236,찰밥,당면국(새우),두부전(돈육),건새우볶음,0.9869045017258558
178,937,녹두밥,당면국(새우),쇠고기내장(천엽)전,멸치볶음(풋고추&간장),0.9859272527897064
186,940,율무밥,복국(복지리),완자전(돼지고기),건새우볶음,0.9858254200430531
194,454,조밥,무국(새우젓),완자전(쇠고기),건새우볶음,0.9855971769643308
195,227,찰밥,무국(새우젓),완자전(돼지고기),건새우볶음,0.9855440276882942
208,686,팥밥,게장국,완자전(쇠고기),건새우볶음,0.9850678825982772
236,341,현미밥,당면국(새우),화양적,건새우볶음,0.98434213700009
250,221,찰밥,당면국(양배추),완자전(돼지고기),건새우볶음,0.9839088606070284
257,810,완두콩밥,당면국(새우),완자전(쇠고기),건새우볶음,0.9838678093983816
262,35,쌀밥,김치국(참치),두부전(돈육),건새우볶음,0.9837357225880006
275,479,콩밥(대두),김치무국,완자전(쇠고기),건새우볶음,0.9836283044209566
286,480,콩밥(대두),김치무국,완자전(돼지고기),건새우볶음,0.9834644735337952
296,932,녹두밥,무국(새우젓),돼지고기전,건새우볶음,0.9832551920381896
360,610,팥밥,김치무국,두부전(돈육),건새우볶음,0.9820047763680804
370,609,팥밥,김치무국,돼지고기전,건새우볶음,0.9818135521191712
383,608,팥밥,김치무국,쇠간전,건새우볶음,0.9817309609229248
422,325,현미밥,고동국(올갱이국),떡산적,건새우볶음,0.9812697830410476
453,478,콩밥(대두),복국(복지리),화양적,건새우볶음,0.9809703458868284
459,497,콩밥(대두),김치국(참치),화양적,건새우볶음,0.9808584733240608
482,917,녹두밥,당면국,쇠고기내장(천엽)전,건새우볶음,0.980410727332152
487,30,쌀밥,김치무국,화양적,건새우볶음,0.9803012126599756
