,Unnamed: 0,밥,국,메인,서브,유사도
0,250,현미밥,고동국(올갱이국),완자전(쇠고기),건새우볶음,0.9977267470272128
1,616,완두콩밥,김치무국,쇠간전,건새우볶음,0.9971467322080668
2,291,현미밥,고동국(올갱이국),돼지고기전,참치볶음(야채),0.997015459528235
3,111,찰밥,김치무국,돼지고기전,건새우볶음,0.9962232457992944
4,790,녹두밥,고동국(올갱이국),쇠고기내장(천엽)전,멸치볶음,0.9960532202418516
5,404,조밥,고동국(올갱이국),화양적,참치볶음,0.9959050672192978
6,605,완두콩밥,복국(복지리),쇠고기내장(천엽)전,북어볶음,0.9956385339439341
8,735,녹두밥,복국(복지리),쇠간전,건새우볶음,0.995362492608266
9,761,녹두밥,고동국(올갱이국),완자전(돼지고기),참치볶음(야채),0.9952649943016579
10,437,콩밥(대두),복국(복지리),돼지고기전,건새우볶음,0.9952521271516949
11,507,콩밥(대두),무국(새우젓),두부전(돈육),건새우볶음,0.9952411462406364
12,975,율무밥,무국(새우젓),쇠고기내장(천엽)전,참치볶음(야채),0.994829043068584
13,663,완두콩밥,고동국(올갱이국),쇠간전,어묵볶음(마늘쫑),0.9948263584003736
14,426,콩밥(대두),복국(복지리),쇠고기전,건새우볶음,0.9946688663972704
17,534,팥밥,김치무국,쇠고기내장(천엽)전,멸치볶음(풋고추&간장),0.9939074836618208
19,852,녹두밥,당면국(새우),화양적,건새우볶음,0.9935353668496382
27,970,율무밥,당면국(양배추),화양적,건새우볶음,0.9926891624028082
28,971,율무밥,무국(새우젓),완자전(쇠고기),건새우볶음,0.9926891624028082
32,301,현미밥,고동국(올갱이국),두부전(돈육),참치볶음(콩나물),0.9924668865996524
33,458,콩밥(대두),김치국(참치),화양적,건새우볶음,0.9924472440272436
34,498,콩밥(대두),게장국,완자전(쇠고기),건새우볶음,0.9924375510555814
48,872,율무밥,김치무국,완자전(돼지고기),건새우볶음,0.991481695331102
54,595,완두콩밥,복국(복지리),완자전(쇠고기),건새우볶음,0.9911785779836196
69,136,찰밥,고동국(올갱이국),쇠고기전,멸치볶음(풋고추&간장),0.9902234083764059
72,581,팥밥,게장국,쇠고기내장(천엽)전,건새우볶음,0.9897225018661616
76,834,녹두밥,당면국(양배추),완자전(돼지고기),건새우볶음,0.9893779738930306
81,737,녹두밥,복국(복지리),두부전(돈육),건새우볶음,0.9891125411914038
113,832,녹두밥,당면국,쇠고기내장(천엽)전,건새우볶음,0.987748876975286
127,833,녹두밥,당면국(양배추),완자전(쇠고기),건새우볶음,0.987160919780139
131,16,쌀밥,복국(복지리),화양적,건새우볶음,0.9871362309979008
140,712,완두콩밥,무국(새우젓),완자전(돼지고기),건새우볶음,0.9867637841407906
146,216,찰밥,당면국(새우),완자전(쇠고기),건새우볶음,0.9865741766077528
151,583,팥밥,게장국,화양적,건새우볶음,0.9862289885055296
164,878,율무밥,김치국(참치),완자전(쇠고기),건새우볶음,0.9859117954680116
178,739,녹두밥,김치무국,완자전(쇠고기),건새우볶음,0.9853230461954704
187,836,녹두밥,당면국(양배추),두부전(돈육),건새우볶음,0.9850851566858436
190,451,콩밥(대두),김치무국,두부전(돈육),건새우볶음,0.9849477244021424
199,723,녹두밥,복국(복지리),완자전(돼지고기),건새우볶음,0.9846873219401804
205,333,현미밥,무국(새우젓),화양적,건새우볶음,0.9845769587408932
206,618,완두콩밥,김치국(참치),쇠고기내장(천엽)전,멸치볶음(풋고추&간장),0.9845593531808662
250,982,율무밥,당면국(새우),완자전(돼지고기),건새우볶음,0.9838200869752998
262,594,완두콩밥,호박새우젓국,쇠고기내장(천엽)전,건새우볶음,0.9835955041394908
267,968,율무밥,당면국(양배추),쇠고기내장(천엽)전,건새우볶음,0.9835267086860142
311,983,율무밥,당면국(새우),쇠고기내장(천엽)전,건새우볶음,0.9826970089038484
351,700,완두콩밥,고동국(올갱이국),떡산적,건새우볶음,0.982018952613762
384,457,콩밥(대두),김치국(참치),두부전(돈육),건새우볶음,0.9817483183379124
419,538,팥밥,김치무국,화양적,건새우볶음,0.9812283798430642
420,213,찰밥,무국(새우젓),돼지고기전,건새우볶음,0.9812276929562196
451,31,쌀밥,김치국(참치),완자전(돼지고기),건새우볶음,0.9806949694332744
