,Unnamed: 0,밥,국,메인,서브,유사도
0,565,차조밥,무국(새우젓),쇠고기내장(천엽)전,참치볶음(야채),0.9953236243909276
1,637,수수찹쌀밥,고동국(올갱이국),화양적,오징어채볶음,0.9947577989447722
2,786,검정콩밥,고동국(올갱이국),완자전(돼지고기),참치볶음,0.9943701774745162
3,569,차조밥,무국(새우젓),돼지고기전,건새우볶음,0.9942092880137884
4,859,찹쌀밥,김치무국,쇠간전,건새우볶음,0.9940442385757196
5,411,율무밥,복국(복지리),화양적,건새우볶음,0.9937654901941758
6,471,율무밥,게장국,쇠고기내장(천엽)전,멸치볶음(풋고추&간장),0.9935393426422529
7,600,수수찹쌀밥,김치무국,두부전(돈육),건새우볶음,0.993426451897394
8,967,잡곡밥,김치국(참치),쇠고기내장(천엽)전,멸치볶음(풋고추&간장),0.9933779942292684
9,617,수수찹쌀밥,고동국(올갱이국),쇠고기내장(천엽)전,참치볶음(야채),0.9933285090531468
10,854,찹쌀밥,김치무국,쇠고기내장(천엽)전,참치볶음(야채),0.9933165521787878
11,646,수수찹쌀밥,게장국,완자전(쇠고기),건새우볶음,0.9932989393410394
12,838,찹쌀밥,복국(복지리),쇠고기내장(천엽)전,참치볶음,0.9932606457445082
16,408,율무밥,복국(복지리),쇠간전,건새우볶음,0.9931831219720719
18,429,율무밥,김치국(참치),두부전(돈육),건새우볶음,0.9927075391029274
26,92,찰밥,게장국,화양적,건새우볶음,0.9921439598986768
28,29,찰밥,김치무국,완자전(쇠고기),건새우볶음,0.9919105992836392
33,986,잡곡밥,고동국(올갱이국),쇠간전,참치볶음(야채),0.9917346182977106
34,397,율무밥,복국(복지리),완자전(돼지고기),건새우볶음,0.9914110263846706
40,586,수수찹쌀밥,복국(복지리),돼지고기전,건새우볶음,0.9907983217435878
49,628,수수찹쌀밥,고동국(올갱이국),돼지고기전,참치볶음(야채),0.9895231133715904
50,6,쌀밥,김치국(참치),완자전(돼지고기),건새우볶음,0.9891782054781508
53,424,율무밥,김치무국,화양적,건새우볶음,0.9891283355731016
54,94,찰밥,무국(새우젓),완자전(돼지고기),건새우볶음,0.9891163096814456
57,543,차조밥,고동국(올갱이국),두부전(돈육),참치볶음(야채),0.9886839042897616
61,481,율무밥,무국(새우젓),두부전(돈육),건새우볶음,0.9884426120991856
62,138,현미밥,고동국(올갱이국),완자전(쇠고기),참치볶음(콩나물),0.988425780923212
67,207,콩밥(대두),김치국(참치),화양적,건새우볶음,0.9881843532456792
74,510,차조밥,김치무국,돼지고기전,건새우볶음,0.9877319288602716
83,851,찹쌀밥,김치무국,완자전(돼지고기),건새우볶음,0.9874148778840334
92,745,차수수밥,무국(새우젓),화양적,건새우볶음,0.9870761663474946
102,93,찰밥,무국(새우젓),완자전(쇠고기),건새우볶음,0.9866543296950196
103,749,검정콩밥,복국(복지리),쇠고기전,건새우볶음,0.986568383089754
105,42,찰밥,김치국(참치),완자전(쇠고기),건새우볶음,0.9863765999466204
137,484,차조밥,복국(복지리),완자전(쇠고기),건새우볶음,0.9848529431259726
148,234,완두콩밥,복국(복지리),두부전(돈육),건새우볶음,0.9846697320880478
155,306,녹두밥,호박새우젓국,쇠고기내장(천엽)전,건새우볶음,0.9844863919212524
