,Unnamed: 0,밥,국,메인,서브,유사도
0,153,찰밥,고동국(올갱이국),화양적,건새우볶음,0.9972931107565409
1,601,녹두밥,고동국(올갱이국),쇠고기내장(천엽)전,북어볶음,0.9962680322991851
2,842,차조밥,고동국(올갱이국),완자전(돼지고기),참치볶음(콩나물),0.9961033334279694
3,820,차조밥,김치무국,돼지고기전,건새우볶음,0.9960739611056146
4,169,찰밥,무국(새우젓),쇠고기내장(천엽)전,멸치볶음(풋고추&간장),0.995683417454184
5,792,차조밥,호박새우젓국,쇠고기내장(천엽)전,건새우볶음,0.9955461430087084
6,576,녹두밥,고동국(올갱이국),완자전(쇠고기),건꼴뚜기볶음,0.9955280642980324
7,371,팥밥,복국(복지리),두부전(돈육),건새우볶음,0.9955269084473006
8,751,율무밥,고동국(올갱이국),돼지고기전,북어볶음,0.99509442321793
9,290,현미밥,무국(새우젓),화양적,건새우볶음,0.9949431291827756
13,760,율무밥,고동국(올갱이국),두부전(돈육),새우볶음,0.9942850275499884
22,824,차조밥,김치국(참치),완자전(돼지고기),건새우볶음,0.9931670385634509
31,318,조밥,김치국(참치),화양적,건새우볶음,0.9927300324015318
32,360,콩밥(대두),게장국,쇠고기내장(천엽)전,건새우볶음,0.9927230197886824
34,526,완두콩밥,무국(새우젓),완자전(돼지고기),건새우볶음,0.9924598455902977
36,564,녹두밥,김치국(참치),완자전(쇠고기),건새우볶음,0.9920991420895948
38,665,율무밥,복국(복지리),완자전(돼지고기),건새우볶음,0.9919481710345832
39,666,율무밥,복국(복지리),쇠고기전,건새우볶음,0.9919481710345832
41,673,율무밥,복국(복지리),쇠고기내장(천엽)전,새우볶음,0.9917653713059494
42,60,찰밥,김치무국,쇠고기내장(천엽)전,어묵볶음(마늘쫑),0.9916614374530957
46,486,완두콩밥,고동국(올갱이국),쇠간전,북어볶음,0.9911760366520208
49,941,수수찹쌀밥,김치무국,완자전(돼지고기),건새우볶음,0.9908754545121984
50,67,찰밥,김치무국,쇠간전,건새우볶음,0.9908578908158158
68,284,현미밥,무국(새우젓),완자전(쇠고기),건새우볶음,0.9895078257555744
78,518,완두콩밥,고동국(올갱이국),떡산적,건새우볶음,0.988878874114096
83,388,팥밥,김치국(참치),쇠고기내장(천엽)전,건새우볶음,0.9887104439764414
90,524,완두콩밥,당면국(양배추),화양적,건새우볶음,0.9882498764869988
93,186,현미밥,복국(복지리),쇠간전,건새우볶음,0.9881730261898256
96,659,녹두밥,무국(새우젓),돼지고기전,건새우볶음,0.9879301776276544
101,354,콩밥(대두),김치국(참치),두부전(돈육),건새우볶음,0.9876882546543844
104,159,찰밥,게장국,화양적,건새우볶음,0.9876557263226934
131,692,율무밥,김치무국,두부전(돈육),건새우볶음,0.9868456034793616
135,822,차조밥,김치무국,화양적,건새우볶음,0.9866724039469956
147,678,율무밥,복국(복지리),돼지고기전,건새우볶음,0.986187747611638
152,776,율무밥,게장국,완자전(쇠고기),건새우볶음,0.9857678857280688
239,420,완두콩밥,복국(복지리),화양적,건새우볶음,0.9837930201307276
249,364,콩밥(대두),무국(새우젓),두부전(돈육),건새우볶음,0.9835454602226548
276,940,수수찹쌀밥,김치무국,완자전(쇠고기),건새우볶음,0.983142155690474
368,588,녹두밥,고동국(올갱이국),쇠고기전,건새우볶음,0.9818185367054544
371,532,완두콩밥,당면국(새우),화양적,건새우볶음,0.9817013392897156
446,404,완두콩밥,복국(복지리),완자전(쇠고기),건새우볶음,0.9803319014687776
