,Unnamed: 0,밥,국,메인,서브,유사도
0,288,콩밥(대두),무국(새우젓),쇠고기내장(천엽)전,멸치볶음(풋고추&간장),0.9949349816606392
1,325,팥밥,고동국(올갱이국),쇠고기내장(천엽)전,어묵볶음(양파),0.9935980896614744
2,767,영양밥(돌솥밥),고동국(올갱이국),돼지고기전,북어볶음,0.9935856059539908
5,433,검정콩밥,당면국,쇠고기내장(천엽)전,건새우볶음,0.9934154600558088
6,779,영양밥(돌솥밥),당면국(양배추),화양적,건새우볶음,0.9933376970453524
9,99,찰밥,당면국(새우),완자전(쇠고기),건새우볶음,0.9930327396806456
10,781,영양밥(돌솥밥),당면국(새우),쇠고기내장(천엽)전,건새우볶음,0.9930004846097634
12,785,비빔밥,고동국(올갱이국),완자전(쇠고기),건새우볶음,0.9929703892927932
13,365,팥밥,고동국(올갱이국),두부전(돈육),새우볶음,0.9929626936893508
17,274,콩밥(대두),고동국(올갱이국),화양적,잔멸치볶음,0.9922453042195934
23,543,기장밥,복국(복지리),쇠고기내장(천엽)전,북어볶음,0.9911310945965356
25,503,잡곡밥(강남콩),고동국(올갱이국),쇠간전,참치볶음(야채),0.990592952610072
36,201,조밥,당면국(새우),화양적,건새우볶음,0.9884463810025002
43,312,팥밥,고동국(올갱이국),완자전(돼지고기),참치볶음,0.9874348299915064
68,703,보리조밥,고동국(올갱이국),떡산적,건새우볶음,0.9856643605573704
69,86,쌀밥,당면국(양배추),쇠고기내장(천엽)전,멸치볶음(풋고추&간장),0.9855260670664238
74,447,잡곡밥,당면국(양배추),완자전(돼지고기),건새우볶음,0.98489951288295
89,446,잡곡밥,당면국(양배추),완자전(쇠고기),건새우볶음,0.983356477235564
100,709,보리조밥,당면국(양배추),두부전(돈육),건새우볶음,0.9825288987706224
130,540,기장밥,복국(복지리),쇠고기전,건새우볶음,0.9795544585533416
138,670,보리팥밥,고동국(올갱이국),쇠고기전,멸치볶음(풋고추&간장),0.9785641983301182
229,401,녹두밥,당면국(새우),완자전(돼지고기),건새우볶음,0.9734369795957908
