,Unnamed: 0,밥,국,메인,서브,유사도
0,488,콩밥(대두),고동국(올갱이국),완자전(돼지고기),오징어채볶음,0.9956225905655832
1,546,콩밥(대두),고동국(올갱이국),화양적,참치볶음,0.9953931560084748
2,757,완두콩밥,고동국(올갱이국),쇠고기내장(천엽)전,게맛살볶음,0.9952519187488658
4,88,쌀밥,고동국(올갱이국),돼지고기전,어묵볶음(마늘쫑),0.9950652291563574
10,153,찰밥,고동국(올갱이국),완자전(쇠고기),건꼴뚜기볶음,0.9947614199217696
11,99,쌀밥,고동국(올갱이국),두부전(돈육),참치볶음(야채),0.9947604231694755
12,427,조밥,당면국(양배추),두부전(돈육),건새우볶음,0.9947091021041056
15,261,현미밥,고동국(올갱이국),쇠간전,참치볶음,0.9940506548081208
16,464,콩밥(대두),김치무국,쇠고기내장(천엽)전,북어볶음,0.9940069684165618
20,332,조밥,김치국(참치),완자전(돼지고기),건새우볶음,0.9937929183299892
21,607,팥밥,김치무국,두부전(돈육),건새우볶음,0.9936939220032586
24,140,쌀밥,당면국(새우),쇠고기내장(천엽)전,건새우볶음,0.9930726613689166
26,458,콩밥(대두),김치무국,완자전(쇠고기),건새우볶음,0.9929384034439842
32,712,팥밥,무국(새우젓),쇠고기내장(천엽)전,참치볶음(콩나물),0.9916697093949676
45,291,현미밥,당면국(양배추),쇠고기내장(천엽)전,건새우볶음,0.9897382299748406
46,467,콩밥(대두),김치무국,쇠간전,건새우볶음,0.989706093424686
56,459,콩밥(대두),김치무국,완자전(돼지고기),건새우볶음,0.9891157808123447
63,288,현미밥,당면국,쇠고기내장(천엽)전,건새우볶음,0.9885355888968708
66,594,팥밥,복국(복지리),두부전(돈육),건새우볶음,0.9881120868014404
70,798,완두콩밥,당면국(새우),완자전(쇠고기),건새우볶음,0.987545223001396
83,804,녹두밥,복국(복지리),쇠고기내장(천엽)전,오징어채볶음,0.9866645684843324
84,359,조밥,고동국(올갱이국),쇠고기전,멸치볶음(풋고추&간장),0.986569617504588
85,791,완두콩밥,당면국(양배추),완자전(쇠고기),건새우볶음,0.9865692590923696
90,454,콩밥(대두),복국(복지리),쇠간전,건새우볶음,0.9864754142627142
97,428,조밥,당면국(양배추),화양적,건새우볶음,0.9861677291876192
110,567,콩밥(대두),무국(새우젓),완자전(쇠고기),건새우볶음,0.9846249781150116
113,435,조밥,무국(새우젓),화양적,건새우볶음,0.9843988615797667
122,557,콩밥(대두),게장국,쇠고기내장(천엽)전,건새우볶음,0.9835897778395928
134,789,완두콩밥,고동국(올갱이국),떡산적,건새우볶음,0.982489662683232
137,333,조밥,김치국(참치),쇠고기내장(천엽)전,건새우볶음,0.982257264639154
145,593,팥밥,복국(복지리),돼지고기전,건새우볶음,0.9820266882204888
155,579,팥밥,복국(복지리),완자전(쇠고기),건새우볶음,0.981020823468096
156,457,콩밥(대두),복국(복지리),화양적,건새우볶음,0.9810014605384382
171,892,녹두밥,당면국(새우),화양적,건새우볶음,0.9798884603055038
203,302,조밥,복국(복지리),완자전(돼지고기),건새우볶음,0.9784804960969264
215,792,완두콩밥,당면국(양배추),완자전(돼지고기),건새우볶음,0.9780241842623768
218,708,팥밥,무국(새우젓),완자전(돼지고기),건새우볶음,0.9778161083993441
255,613,팥밥,김치국(참치),두부전(돈육),건새우볶음,0.9761048197924944
263,608,팥밥,김치무국,화양적,건새우볶음,0.9755760723225324
264,609,팥밥,김치국(참치),완자전(쇠고기),건새우볶음,0.9755760723225324
273,121,쌀밥,게장국,화양적,건새우볶음,0.9752857530489992
279,606,팥밥,김치무국,돼지고기전,건새우볶음,0.9749179297302522
301,300,조밥,호박새우젓국,쇠고기내장(천엽)전,건새우볶음,0.9743628700781298
445,572,콩밥(대두),무국(새우젓),두부전(돈육),건새우볶음,0.971342692662144
