,Unnamed: 0,밥,국,메인,서브,유사도
0,419,콩밥(대두),무국(새우젓),완자전(쇠고기),건새우볶음,0.9953341042515258
1,472,팥밥,고동국(올갱이국),완자전(돼지고기),멸치볶음(풋고추&간장),0.9945496435795428
2,55,쌀밥,고동국(올갱이국),쇠고기내장(천엽)전,잔멸치볶음,0.9943961468744108
3,652,율무밥,고동국(올갱이국),쇠간전,북어볶음,0.9943876541783538
4,83,쌀밥,고동국(올갱이국),두부전(돈육),참치볶음,0.994222023060777
5,777,차수수밥,고동국(올갱이국),돼지고기전,북어볶음,0.9941337631958074
9,92,쌀밥,고동국(올갱이국),화양적,오징어채볶음,0.9939207337922404
16,424,콩밥(대두),무국(새우젓),두부전(돈육),건새우볶음,0.9930032775520669
17,583,완두콩밥,당면국(양배추),두부전(돈육),건새우볶음,0.9929999509401509
18,296,조밥,당면국(양배추),쇠고기내장(천엽)전,건새우볶음,0.9929457089172584
19,594,녹두밥,고동국(올갱이국),완자전(쇠고기),멸치볶음(풋고추&간장),0.9923672029519216
23,783,차수수밥,당면국(양배추),완자전(쇠고기),건새우볶음,0.9915858761650036
24,805,검정콩밥,고동국(올갱이국),쇠고기전,건새우볶음,0.9915783207421508
30,432,팥밥,복국(복지리),쇠고기전,건새우볶음,0.9906513312807272
31,536,팥밥,게장국,쇠고기내장(천엽)전,멸치볶음(풋고추&간장),0.9903087199802686
32,446,팥밥,복국(복지리),화양적,건새우볶음,0.9902608414718796
38,310,콩밥(대두),복국(복지리),완자전(쇠고기),건새우볶음,0.9894195006270252
44,441,팥밥,복국(복지리),쇠고기내장(천엽)전,건새우볶음,0.9887629766351982
45,848,찹쌀밥,고동국(올갱이국),떡산적,건새우볶음,0.9886394244865148
46,425,콩밥(대두),당면국(새우),완자전(쇠고기),건새우볶음,0.9885445715110551
48,831,검정콩밥,당면국(양배추),화양적,건새우볶음,0.988398924715994
53,743,수수찹쌀밥,당면국,쇠고기내장(천엽)전,건새우볶음,0.9882089739396904
55,710,차조밥,당면국(새우),완자전(돼지고기),건새우볶음,0.9879216627835838
56,445,팥밥,복국(복지리),두부전(돈육),건새우볶음,0.9878632910645272
62,943,잡곡밥(옥수수),당면국(양배추),완자전(돼지고기),건새우볶음,0.9876268935728708
76,629,녹두밥,당면국(새우),화양적,건새우볶음,0.9862087195022078
99,447,팥밥,김치무국,쇠고기내장(천엽)전,어묵볶음(마늘쫑),0.9848138843908136
101,443,팥밥,복국(복지리),쇠간전,건새우볶음,0.9841681971733862
122,155,찰밥,당면국(새우),쇠고기내장(천엽)전,멸치볶음(풋고추&간장),0.9824715853239114
150,421,콩밥(대두),무국(새우젓),쇠고기내장(천엽)전,어묵볶음(마늘쫑),0.9805330310325672
181,324,콩밥(대두),복국(복지리),돼지고기전,건새우볶음,0.9786967784305484
217,329,콩밥(대두),김치국(참치),쇠고기내장(천엽)전,멸치볶음(풋고추&간장),0.9767372252036776
223,156,찰밥,당면국(새우),두부전(돈육),건새우볶음,0.9764985440931719
253,103,쌀밥,게장국,완자전(쇠고기),건새우볶음,0.9750587791414258
284,188,조밥,호박새우젓국,쇠고기내장(천엽)전,건새우볶음,0.9739514537434912
436,450,팥밥,김치무국,돼지고기전,건새우볶음,0.9701771093925456
