,Unnamed: 0,밥,국,메인,서브,유사도
0,661,팥밥,고동국(올갱이국),쇠고기내장(천엽)전,참치볶음(콩나물),0.9961013839922412
1,912,녹두밥,고동국(올갱이국),두부전(돈육),잔멸치볶음,0.9959802213535568
2,591,콩밥(대두),무국(새우젓),쇠고기내장(천엽)전,어묵볶음(마늘쫑),0.995794294903556
3,808,완두콩밥,고동국(올갱이국),화양적,북어볶음,0.9955756335738186
4,515,콩밥(대두),고동국(올갱이국),완자전(쇠고기),북어볶음,0.9951704939290936
5,274,현미밥,고동국(올갱이국),쇠고기전,건새우볶음,0.9947662056373986
6,560,콩밥(대두),고동국(올갱이국),돼지고기전,건새우볶음,0.9946992400780884
8,599,팥밥,복국(복지리),쇠고기전,건새우볶음,0.9946052111437252
9,816,완두콩밥,당면국(양배추),완자전(돼지고기),건새우볶음,0.9945158842838552
14,139,찰밥,복국(복지리),돼지고기전,건새우볶음,0.9937876181114844
15,552,콩밥(대두),고동국(올갱이국),쇠간전,건새우볶음,0.9936458216750798
16,831,녹두밥,복국(복지리),완자전(돼지고기),건새우볶음,0.9934037400596062
17,937,녹두밥,당면국(양배추),화양적,건새우볶음,0.9923839705809032
18,961,율무밥,복국(복지리),쇠고기내장(천엽)전,북어볶음,0.9922572755836936
19,861,녹두밥,고동국(올갱이국),완자전(돼지고기),참치볶음(야채),0.99220785050166
22,624,팥밥,김치무국,돼지고기전,건새우볶음,0.9917592543407224
31,619,팥밥,김치무국,쇠고기내장(천엽)전,참치볶음(콩나물),0.9902524616170224
39,623,팥밥,김치무국,쇠간전,건새우볶음,0.989372896485934
44,613,팥밥,복국(복지리),화양적,건새우볶음,0.9890480667180196
56,949,녹두밥,당면국(새우),쇠고기내장(천엽)전,멸치볶음(풋고추&간장),0.9872230459584144
57,950,녹두밥,당면국(새우),화양적,건새우볶음,0.9872230459584144
71,625,팥밥,김치무국,두부전(돈육),건새우볶음,0.9863911554204068
92,113,쌀밥,게장국,완자전(쇠고기),건새우볶음,0.9838989900150416
98,473,콩밥(대두),복국(복지리),완자전(쇠고기),건새우볶음,0.9831887770165622
110,939,녹두밥,무국(새우젓),완자전(돼지고기),건새우볶음,0.9818880706518224
111,595,콩밥(대두),무국(새우젓),화양적,건새우볶음,0.9817468105020922
117,938,녹두밥,무국(새우젓),완자전(쇠고기),건새우볶음,0.9812345029952132
131,934,녹두밥,당면국(양배추),쇠고기내장(천엽)전,건새우볶음,0.9803899838267036
132,486,콩밥(대두),복국(복지리),쇠간전,건새우볶음,0.9803567826208576
136,945,녹두밥,무국(새우젓),두부전(돈육),건새우볶음,0.9802501911483936
139,947,녹두밥,당면국(새우),완자전(돼지고기),건새우볶음,0.9800450060252458
166,347,조밥,호박새우젓국,쇠고기내장(천엽)전,건새우볶음,0.9790363181153912
184,632,팥밥,김치국(참치),화양적,건새우볶음,0.9783209907031832
186,241,찰밥,당면국(새우),두부전(돈육),건새우볶음,0.9780916393114876
192,932,녹두밥,당면국(양배추),완자전(쇠고기),건새우볶음,0.9778838046646454
221,224,찰밥,당면국,쇠고기내장(천엽)전,건새우볶음,0.9763255657355008
250,35,쌀밥,김치국(참치),두부전(돈육),건새우볶음,0.9753819963023848
286,33,쌀밥,김치국(참치),쇠고기내장(천엽)전,건새우볶음,0.974603058006178
303,112,쌀밥,고동국(올갱이국),떡산적,건새우볶음,0.9743105189067348
307,336,현미밥,당면국(양배추),두부전(돈육),건새우볶음,0.9742412117607766
326,115,쌀밥,게장국,쇠고기내장(천엽)전,멸치볶음(풋고추&간장),0.9737224517851736
393,31,쌀밥,김치국(참치),완자전(쇠고기),건새우볶음,0.972230248810982
398,365,조밥,김치무국,완자전(쇠고기),건새우볶음,0.9722019966049796
452,463,조밥,게장국,화양적,건새우볶음,0.9713505645224496
458,30,쌀밥,김치무국,화양적,건새우볶음,0.9712798351263364
470,826,완두콩밥,당면국(새우),완자전(쇠고기),건새우볶음,0.9710567216742172
