,Unnamed: 0,밥,국,메인,서브,유사도
0,433,콩밥(대두),고동국(올갱이국),두부전(돈육),잔멸치볶음,0.9954041537896868
1,486,팥밥,복국(복지리),돼지고기전,건새우볶음,0.9947364464719282
2,55,쌀밥,고동국(올갱이국),쇠고기내장(천엽)전,오징어채볶음,0.9945817786765541
3,676,녹두밥,고동국(올갱이국),돼지고기전,어묵볶음(마늘쫑),0.9945788211711284
4,595,팥밥,무국(새우젓),쇠고기내장(천엽)전,건새우볶음,0.994419636472586
6,813,수수찹쌀밥,고동국(올갱이국),완자전(돼지고기),오징어채볶음,0.9943142489962934
7,377,콩밥(대두),고동국(올갱이국),완자전(쇠고기),북어볶음,0.9942540888533344
8,368,콩밥(대두),김치무국,돼지고기전,건새우볶음,0.9941967057699752
13,542,팥밥,고동국(올갱이국),쇠간전,참치볶음,0.9934581194965414
17,438,콩밥(대두),고동국(올갱이국),화양적,어묵볶음(마늘쫑),0.993195417569766
18,602,팥밥,당면국(새우),화양적,건새우볶음,0.993182890915012
21,614,완두콩밥,고동국(올갱이국),쇠고기전,어묵볶음(마늘쫑),0.9924988457395896
22,128,쌀밥,당면국(새우),완자전(쇠고기),건새우볶음,0.9924106372421648
27,847,수수찹쌀밥,당면국(양배추),쇠고기내장(천엽)전,건새우볶음,0.991398830940894
28,635,완두콩밥,당면국,쇠고기내장(천엽)전,건새우볶음,0.9911522376307887
29,986,찹쌀밥,당면국(양배추),화양적,건새우볶음,0.9911512267574476
34,460,콩밥(대두),무국(새우젓),완자전(쇠고기),건새우볶음,0.9904418498782964
37,481,팥밥,복국(복지리),쇠고기내장(천엽)전,새우볶음,0.9898047945301038
42,803,차조밥,당면국(새우),쇠고기내장(천엽)전,멸치볶음(풋고추&간장),0.9890855921378221
44,455,콩밥(대두),당면국(양배추),완자전(돼지고기),건새우볶음,0.988942998638934
47,454,콩밥(대두),당면국(양배추),완자전(쇠고기),건새우볶음,0.9886031900418609
49,493,팥밥,김치무국,쇠고기내장(천엽)전,멸치볶음(풋고추&간장),0.9885599756326404
54,163,찰밥,고동국(올갱이국),떡산적,건새우볶음,0.9881686931175492
58,955,검정콩밥,당면국(새우),완자전(돼지고기),건새우볶음,0.9879790917862752
66,217,조밥,복국(복지리),완자전(쇠고기),건새우볶음,0.9871266323536244
70,367,콩밥(대두),김치무국,쇠간전,건새우볶음,0.9867419026518784
78,324,조밥,게장국,완자전(쇠고기),건새우볶음,0.9861236955371809
94,590,팥밥,무국(새우젓),완자전(돼지고기),건새우볶음,0.9855189007749604
115,473,팥밥,복국(복지리),완자전(돼지고기),건새우볶음,0.983325720174357
127,952,검정콩밥,당면국(양배추),두부전(돈육),건새우볶음,0.9825148111932598
130,487,팥밥,복국(복지리),두부전(돈육),건새우볶음,0.982254195120128
198,25,쌀밥,김치국(참치),쇠고기내장(천엽)전,멸치볶음(풋고추&간장),0.9780344906871168
204,597,팥밥,무국(새우젓),두부전(돈육),건새우볶음,0.9778678667462429
224,466,콩밥(대두),무국(새우젓),화양적,건새우볶음,0.9768945842107846
255,485,팥밥,복국(복지리),쇠간전,건새우볶음,0.9754795016926099
303,234,조밥,김치무국,완자전(쇠고기),건새우볶음,0.9736185701355036
345,474,팥밥,복국(복지리),쇠고기전,건새우볶음,0.9726443614522344
356,452,콩밥(대두),게장국,쇠고기내장(천엽)전,멸치볶음(풋고추&간장),0.9723365520823356
414,490,팥밥,김치무국,완자전(돼지고기),건새우볶음,0.9710235614455259
425,488,팥밥,복국(복지리),화양적,건새우볶음,0.9707515975993616
