,Unnamed: 0,밥,국,메인,서브,유사도
0,491,콩밥(대두),고동국(올갱이국),완자전(쇠고기),건새우볶음,0.9956425383216694
1,550,콩밥(대두),고동국(올갱이국),화양적,어묵볶음(마늘쫑),0.995461841786308
2,770,완두콩밥,고동국(올갱이국),쇠간전,어묵볶음(마늘쫑),0.9953224275337196
3,56,쌀밥,고동국(올갱이국),완자전(돼지고기),멸치볶음(풋고추&간장),0.9953022977670258
4,88,쌀밥,고동국(올갱이국),돼지고기전,어묵볶음(마늘쫑),0.995133889808478
9,968,율무밥,고동국(올갱이국),두부전(돈육),어묵볶음(마늘쫑),0.9948970217959796
12,429,조밥,당면국,쇠고기내장(천엽)전,건새우볶음,0.9947553617372322
14,256,현미밥,고동국(올갱이국),쇠고기내장(천엽)전,어묵볶음(당근),0.9941199999446264
16,467,콩밥(대두),김치무국,쇠고기내장(천엽)전,참치볶음,0.9940741986298428
21,615,팥밥,김치국(참치),완자전(쇠고기),건새우볶음,0.9937158092847508
22,339,조밥,김치국(참치),완자전(돼지고기),건새우볶음,0.993487087025548
24,138,쌀밥,무국(새우젓),화양적,건새우볶음,0.9931419482645136
25,461,콩밥(대두),복국(복지리),돼지고기전,건새우볶음,0.9930070049375564
27,931,율무밥,고동국(올갱이국),쇠고기전,멸치볶음(풋고추&간장),0.9925354143773584
32,724,팥밥,당면국(새우),쇠고기내장(천엽)전,건새우볶음,0.991722927828102
33,813,녹두밥,복국(복지리),쇠고기내장(천엽)전,오징어채볶음,0.9916374927201421
43,577,콩밥(대두),무국(새우젓),쇠고기내장(천엽)전,멸치볶음(풋고추&간장),0.990336627472114
53,996,율무밥,당면국(새우),화양적,건새우볶음,0.9892843075799947
55,463,콩밥(대두),복국(복지리),화양적,건새우볶음,0.9891824484621812
56,462,콩밥(대두),복국(복지리),두부전(돈육),건새우볶음,0.9891824484621812
76,294,현미밥,고동국(올갱이국),떡산적,건새우볶음,0.9871658229027216
83,805,완두콩밥,당면국(양배추),화양적,건새우볶음,0.9866329607652166
84,804,완두콩밥,당면국(양배추),두부전(돈육),건새우볶음,0.9866329607652166
95,890,녹두밥,당면국(양배추),완자전(쇠고기),건새우볶음,0.9862674556553224
98,903,율무밥,복국(복지리),쇠고기전,건새우볶음,0.9859363969485444
104,480,콩밥(대두),김치국(참치),쇠고기내장(천엽)전,멸치볶음(풋고추&간장),0.9853238539886184
109,574,콩밥(대두),무국(새우젓),완자전(돼지고기),건새우볶음,0.9846949130045396
121,563,콩밥(대두),게장국,쇠고기내장(천엽)전,건새우볶음,0.9836346043250952
133,803,완두콩밥,당면국(양배추),쇠고기내장(천엽)전,멸치볶음(풋고추&간장),0.9825586997099918
151,476,콩밥(대두),김치무국,화양적,건새우볶음,0.9811557091616594
152,713,팥밥,무국(새우젓),완자전(쇠고기),건새우볶음,0.9811373259930436
153,586,팥밥,복국(복지리),완자전(돼지고기),건새우볶음,0.9810743788318024
154,460,콩밥(대두),복국(복지리),쇠간전,건새우볶음,0.9810590793286325
191,297,현미밥,당면국(양배추),완자전(돼지고기),건새우볶음,0.9790810700346684
199,308,조밥,복국(복지리),완자전(쇠고기),건새우볶음,0.9786828025693454
206,307,조밥,호박새우젓국,쇠고기내장(천엽)전,건새우볶음,0.9783984179124084
269,619,팥밥,김치국(참치),두부전(돈육),건새우볶음,0.975424682724616
275,121,쌀밥,게장국,화양적,건새우볶음,0.9753557452468256
284,441,조밥,무국(새우젓),두부전(돈육),건새우볶음,0.9749110359603004
286,465,콩밥(대두),김치무국,완자전(돼지고기),건새우볶음,0.9748687882727779
318,613,팥밥,김치무국,두부전(돈육),건새우볶음,0.9741110858170448
376,474,콩밥(대두),김치무국,돼지고기전,건새우볶음,0.9727127426757848
422,992,율무밥,당면국(새우),완자전(쇠고기),건새우볶음,0.9718405010062934
463,899,녹두밥,당면국(새우),완자전(돼지고기),건새우볶음,0.9711228266808328
