,Unnamed: 0,밥,국,메인,서브,유사도
0,896,녹두밥,게장국,쇠고기내장(천엽)전,멸치볶음(풋고추&간장),0.9961252599789712
1,585,팥밥,김치무국,쇠고기내장(천엽)전,참치볶음,0.99581777779769
2,793,녹두밥,복국(복지리),완자전(돼지고기),건새우볶음,0.995691182620984
3,273,현미밥,고동국(올갱이국),쇠고기전,건새우볶음,0.9949084764253352
4,558,콩밥(대두),무국(새우젓),완자전(돼지고기),건새우볶음,0.9948364277518488
5,314,현미밥,고동국(올갱이국),두부전(돈육),새우볶음,0.9947918431968704
6,592,팥밥,김치무국,돼지고기전,건새우볶음,0.9947512910423304
7,801,녹두밥,복국(복지리),쇠고기내장(천엽)전,새우볶음,0.9946527343845792
8,409,조밥,고동국(올갱이국),쇠고기내장(천엽)전,멸치볶음(풋고추&간장),0.994646385368852
11,134,찰밥,고동국(올갱이국),완자전(쇠고기),잔멸치볶음,0.9939297729280784
14,922,율무밥,복국(복지리),쇠고기전,건새우볶음,0.9925179182776724
16,735,완두콩밥,고동국(올갱이국),쇠간전,참치볶음,0.9919430026926408
18,764,완두콩밥,고동국(올갱이국),화양적,참치볶음(콩나물),0.9917676314113424
23,330,현미밥,당면국,쇠고기내장(천엽)전,건새우볶음,0.990610215622154
24,561,콩밥(대두),무국(새우젓),쇠고기내장(천엽)전,멸치볶음(풋고추&간장),0.9905035152180012
25,610,팥밥,고동국(올갱이국),완자전(돼지고기),잔멸치볶음,0.9903865834556914
27,594,팥밥,김치무국,화양적,건새우볶음,0.990156630721484
42,869,녹두밥,고동국(올갱이국),돼지고기전,북어볶음,0.9878994360432491
45,490,콩밥(대두),김치국(참치),두부전(돈육),건새우볶음,0.9875428965291314
46,935,율무밥,복국(복지리),두부전(돈육),건새우볶음,0.9873519339730594
47,934,율무밥,복국(복지리),돼지고기전,건새우볶음,0.9873519339730594
48,491,콩밥(대두),김치국(참치),화양적,건새우볶음,0.9873448983197708
57,939,율무밥,김치국(참치),쇠고기내장(천엽)전,멸치볶음(풋고추&간장),0.9867946784207504
64,578,팥밥,복국(복지리),쇠간전,건새우볶음,0.9855034693164229
75,656,팥밥,게장국,완자전(쇠고기),건새우볶음,0.9843697371244208
81,108,쌀밥,무국(새우젓),두부전(돈육),건새우볶음,0.9840352988691544
89,214,찰밥,당면국(양배추),완자전(쇠고기),건새우볶음,0.9831941652559996
103,455,콩밥(대두),호박새우젓국,쇠고기내장(천엽)전,건새우볶음,0.9814317215954538
108,100,쌀밥,무국(새우젓),완자전(쇠고기),건새우볶음,0.9809213450600424
116,596,팥밥,김치국(참치),완자전(돼지고기),건새우볶음,0.9805564544264521
130,920,율무밥,복국(복지리),완자전(쇠고기),건새우볶음,0.9799385437452184
131,788,완두콩밥,당면국(새우),쇠고기내장(천엽)전,건새우볶음,0.9799078496995182
153,556,콩밥(대두),게장국,화양적,건새우볶음,0.97915545903154
186,899,녹두밥,당면국(양배추),완자전(돼지고기),건새우볶음,0.9775040285378922
191,563,콩밥(대두),무국(새우젓),화양적,건새우볶음,0.977409114336148
198,473,콩밥(대두),김치무국,완자전(쇠고기),건새우볶음,0.9771761122721444
262,219,찰밥,당면국(양배추),화양적,건새우볶음,0.9748797832818772
272,31,쌀밥,김치국(참치),완자전(쇠고기),건새우볶음,0.9747413035193114
317,912,녹두밥,무국(새우젓),돼지고기전,건새우볶음,0.973691060750318
381,482,콩밥(대두),김치무국,쇠간전,건새우볶음,0.9724400043687618
384,29,쌀밥,김치무국,두부전(돈육),건새우볶음,0.9723761160237864
392,334,현미밥,당면국(양배추),쇠고기내장(천엽)전,멸치볶음(풋고추&간장),0.9723113958539188
400,335,현미밥,당면국(양배추),두부전(돈육),건새우볶음,0.9721923889184056
403,343,현미밥,당면국(새우),완자전(쇠고기),건새우볶음,0.9721605315038109
481,472,콩밥(대두),복국(복지리),화양적,건새우볶음,0.9707598845211552
