,Unnamed: 0,밥,국,메인,서브,유사도
0,592,콩밥(대두),당면국(양배추),쇠고기내장(천엽)전,건새우볶음,0.9957150125459772
1,530,콩밥(대두),고동국(올갱이국),쇠고기내장(천엽)전,어묵볶음,0.9957104349961751
2,827,완두콩밥,고동국(올갱이국),화양적,멸치볶음(풋고추&간장),0.9955825293804152
4,727,팥밥,게장국,화양적,건새우볶음,0.9952540860543504
6,98,쌀밥,고동국(올갱이국),두부전(돈육),오징어채볶음,0.9950806893421279
7,149,찰밥,고동국(올갱이국),완자전(쇠고기),참치볶음,0.995069285936396
8,460,조밥,무국(새우젓),완자전(돼지고기),건새우볶음,0.9949232874116228
9,260,현미밥,고동국(올갱이국),완자전(돼지고기),잔멸치볶음,0.9943756878804124
10,503,콩밥(대두),김치국(참치),쇠고기내장(천엽)전,멸치볶음(풋고추&간장),0.9943218472644522
11,291,현미밥,고동국(올갱이국),쇠간전,멸치볶음(풋고추&간장),0.9942719780867124
13,805,완두콩밥,고동국(올갱이국),돼지고기전,참치볶음(야채),0.9941490076327448
14,735,팥밥,무국(새우젓),쇠고기내장(천엽)전,어묵볶음(마늘쫑),0.9941393672806338
15,352,조밥,김치무국,쇠고기내장(천엽)전,참치볶음,0.9941163878516216
17,362,조밥,김치국(참치),완자전(쇠고기),건새우볶음,0.9937353913237652
18,137,쌀밥,무국(새우젓),화양적,건새우볶음,0.9933974225959362
19,946,녹두밥,당면국(새우),화양적,건새우볶음,0.9933097920849324
20,496,콩밥(대두),김치무국,쇠간전,건새우볶음,0.9932598748578606
21,749,완두콩밥,복국(복지리),쇠고기내장(천엽)전,북어볶음,0.9931600398121578
24,851,녹두밥,복국(복지리),돼지고기전,건새우볶음,0.9920149966275121
26,873,녹두밥,고동국(올갱이국),쇠고기전,어묵볶음(마늘쫑),0.9918831188854804
31,586,콩밥(대두),게장국,완자전(쇠고기),건새우볶음,0.9908029521705709
32,501,콩밥(대두),김치국(참치),완자전(돼지고기),건새우볶음,0.9907931148650538
45,498,콩밥(대두),김치무국,두부전(돈육),건새우볶음,0.9894279975435268
46,497,콩밥(대두),김치무국,돼지고기전,건새우볶음,0.9894279975435268
47,945,녹두밥,당면국(새우),쇠고기내장(천엽)전,멸치볶음(풋고추&간장),0.9893466298607572
53,608,팥밥,복국(복지리),쇠고기전,건새우볶음,0.988771939707948
57,226,찰밥,당면국,쇠고기내장(천엽)전,건새우볶음,0.988099349546638
60,588,콩밥(대두),게장국,쇠고기내장(천엽)전,멸치볶음(풋고추&간장),0.9877918942984616
79,505,콩밥(대두),김치국(참치),화양적,건새우볶음,0.9867668254396886
90,937,녹두밥,당면국(양배추),두부전(돈육),건새우볶음,0.9860120701004595
101,469,콩밥(대두),호박새우젓국,쇠고기내장(천엽)전,건새우볶음,0.98466580698819
103,504,콩밥(대두),김치국(참치),두부전(돈육),건새우볶음,0.9845856868943571
104,235,찰밥,당면국(새우),완자전(쇠고기),건새우볶음,0.9844339594214812
111,934,녹두밥,당면국(양배추),완자전(돼지고기),건새우볶음,0.9837937314332508
126,619,팥밥,복국(복지리),쇠간전,건새우볶음,0.9824967152754792
144,485,콩밥(대두),복국(복지리),두부전(돈육),건새우볶음,0.9805375632307216
176,488,콩밥(대두),김치무국,완자전(돼지고기),건새우볶음,0.9793134789380076
183,128,쌀밥,무국(새우젓),완자전(쇠고기),건새우볶음,0.9789477457973124
215,606,팥밥,복국(복지리),완자전(쇠고기),건새우볶음,0.9777505729484244
234,585,콩밥(대두),고동국(올갱이국),떡산적,건새우볶음,0.9768674284782978
235,471,콩밥(대두),복국(복지리),완자전(돼지고기),건새우볶음,0.9768166851949716
263,487,콩밥(대두),김치무국,완자전(쇠고기),건새우볶음,0.9756090210013376
326,319,현미밥,당면국(양배추),완자전(쇠고기),건새우볶음,0.973986058546298
332,741,팥밥,무국(새우젓),두부전(돈육),건새우볶음,0.9739108872948952
343,941,녹두밥,무국(새우젓),돼지고기전,건새우볶음,0.9736088996989112
398,348,조밥,복국(복지리),화양적,건새우볶음,0.9724855766378164
407,732,팥밥,당면국(양배추),화양적,건새우볶음,0.9723060409870138
