,Unnamed: 0,밥,국,메인,서브,유사도
0,908,차조밥,고동국(올갱이국),쇠고기내장(천엽)전,어묵볶음(마늘쫑),0.9962012614584874
1,678,녹두밥,고동국(올갱이국),두부전(돈육),멸치볶음(풋고추&간장),0.9960642160746068
2,940,차조밥,고동국(올갱이국),돼지고기전,멸치볶음(풋고추&간장),0.995937753140014
4,165,찰밥,게장국,화양적,건새우볶음,0.9953773630998546
5,203,현미밥,김치무국,쇠고기내장(천엽)전,건새우볶음,0.99524779907852
7,343,조밥,게장국,쇠고기내장(천엽)전,멸치볶음(풋고추&간장),0.9947036988887936
8,755,율무밥,고동국(올갱이국),완자전(쇠고기),건새우볶음,0.9942848036474996
9,856,차조밥,복국(복지리),쇠고기내장(천엽)전,새우볶음,0.9934507066010441
12,655,녹두밥,고동국(올갱이국),쇠간전,참치볶음(야채),0.9922032837756344
13,574,녹두밥,호박새우젓국,쇠고기내장(천엽)전,건새우볶음,0.9918186257141772
14,953,차조밥,고동국(올갱이국),화양적,참치볶음,0.9915674737572748
15,426,팥밥,김치국(참치),쇠고기내장(천엽)전,멸치볶음(풋고추&간장),0.9915122413631969
17,223,현미밥,고동국(올갱이국),완자전(돼지고기),참치볶음(야채),0.9910885628852116
20,568,완두콩밥,무국(새우젓),쇠고기내장(천엽)전,건새우볶음,0.9908212139536524
21,980,차조밥,무국(새우젓),화양적,건새우볶음,0.9907072413837132
26,849,차조밥,복국(복지리),쇠고기전,건새우볶음,0.988686718588567
27,848,차조밥,복국(복지리),완자전(돼지고기),건새우볶음,0.988686718588567
35,374,콩밥(대두),김치무국,두부전(돈육),건새우볶음,0.9877798597755496
43,563,완두콩밥,당면국(양배추),두부전(돈육),건새우볶음,0.9866649857610532
55,327,조밥,김치무국,화양적,건새우볶음,0.9846890375891991
59,588,녹두밥,복국(복지리),쇠간전,건새우볶음,0.9843784127067124
67,423,팥밥,김치국(참치),완자전(쇠고기),건새우볶음,0.9837983751401596
80,464,완두콩밥,김치무국,완자전(돼지고기),건새우볶음,0.9828357581044812
88,712,율무밥,복국(복지리),완자전(쇠고기),건새우볶음,0.9815515645995948
92,27,쌀밥,김치국(참치),완자전(돼지고기),건새우볶음,0.9811644892319664
104,566,완두콩밥,무국(새우젓),완자전(돼지고기),건새우볶음,0.9805428561600434
113,728,율무밥,복국(복지리),화양적,건새우볶음,0.9799790199384588
115,179,찰밥,무국(새우젓),두부전(돈육),건새우볶음,0.9799461551678252
116,293,현미밥,무국(새우젓),완자전(쇠고기),건새우볶음,0.9798858470339832
119,497,완두콩밥,고동국(올갱이국),쇠고기전,건새우볶음,0.979651244851159
125,166,찰밥,당면국(양배추),완자전(돼지고기),건새우볶음,0.9794417805736836
136,981,차조밥,당면국(새우),화양적,건새우볶음,0.979010095970516
150,408,팥밥,복국(복지리),두부전(돈육),건새우볶음,0.9782027405803836
159,827,율무밥,고동국(올갱이국),떡산적,건새우볶음,0.9777105037381651
183,602,녹두밥,김치무국,돼지고기전,건새우볶음,0.9762166353026116
187,380,콩밥(대두),김치국(참치),두부전(돈육),건새우볶음,0.976147896397334
250,706,녹두밥,무국(새우젓),돼지고기전,건새우볶음,0.9747406866756636
258,564,완두콩밥,당면국(양배추),화양적,건새우볶음,0.9745752810132012
265,864,차조밥,김치무국,완자전(쇠고기),건새우볶음,0.974393282244953
282,997,수수찹쌀밥,복국(복지리),돼지고기전,건새우볶음,0.9740137849341538
286,601,녹두밥,김치무국,쇠간전,건새우볶음,0.9738857546774944
299,181,찰밥,당면국(새우),쇠고기내장(천엽)전,건새우볶음,0.9737145177187264
311,828,율무밥,게장국,완자전(쇠고기),건새우볶음,0.973597155972381
363,182,찰밥,당면국(새우),두부전(돈육),건새우볶음,0.9724898845734209
444,167,찰밥,당면국(양배추),쇠고기내장(천엽)전,건새우볶음,0.9709443828137022
