,Unnamed: 0,밥,국,메인,서브,유사도
0,757,녹두밥,고동국(올갱이국),쇠간전,북어볶음,0.9959244137306368
1,587,완두콩밥,고동국(올갱이국),완자전(쇠고기),건새우볶음,0.995851430160701
2,224,현미밥,복국(복지리),두부전(돈육),건새우볶음,0.9951996471926396
3,266,현미밥,고동국(올갱이국),쇠고기내장(천엽)전,새우볶음,0.9950751960638644
4,595,완두콩밥,고동국(올갱이국),완자전(돼지고기),새우볶음,0.9950507217387624
5,382,조밥,고동국(올갱이국),두부전(돈육),참치볶음(콩나물),0.9949358751818836
6,403,콩밥(대두),복국(복지리),완자전(쇠고기),건새우볶음,0.9945325712991818
8,92,찰밥,복국(복지리),돼지고기전,건새우볶음,0.9942207092545272
9,706,녹두밥,김치국(참치),완자전(돼지고기),건새우볶음,0.9939591577155136
10,959,차조밥,복국(복지리),쇠고기내장(천엽)전,멸치볶음(풋고추&간장),0.9934353451674992
11,943,율무밥,당면국(새우),완자전(돼지고기),건새우볶음,0.9932845532689888
17,286,현미밥,고동국(올갱이국),돼지고기전,멸치볶음(풋고추&간장),0.9909070722193081
26,207,찰밥,당면국(새우),쇠고기내장(천엽)전,건새우볶음,0.9892040320874846
28,933,율무밥,무국(새우젓),완자전(돼지고기),건새우볶음,0.9885147715969224
29,932,율무밥,무국(새우젓),완자전(쇠고기),건새우볶음,0.9885147715969224
30,832,율무밥,김치무국,완자전(돼지고기),건새우볶음,0.9882141513399372
34,358,조밥,김치국(참치),쇠고기내장(천엽)전,건새우볶음,0.9880460295215407
35,476,콩밥(대두),무국(새우젓),쇠고기내장(천엽)전,멸치볶음(풋고추&간장),0.9878292653777098
36,478,콩밥(대두),무국(새우젓),화양적,건새우볶음,0.9876333140763206
43,664,완두콩밥,당면국(양배추),완자전(쇠고기),건새우볶음,0.9874916010487136
54,665,완두콩밥,당면국(양배추),완자전(돼지고기),건새우볶음,0.985786303932929
58,535,팥밥,고동국(올갱이국),화양적,북어볶음,0.9853236357524062
60,960,차조밥,복국(복지리),쇠간전,건새우볶음,0.9851773625788008
86,501,팥밥,김치무국,쇠고기내장(천엽)전,참치볶음(콩나물),0.9820311401640934
95,28,쌀밥,김치무국,두부전(돈육),건새우볶음,0.9810820861490412
101,599,완두콩밥,고동국(올갱이국),쇠고기전,어묵볶음(마늘쫑),0.9808256470439024
109,539,팥밥,게장국,쇠고기내장(천엽)전,건새우볶음,0.9803624980943224
110,663,완두콩밥,당면국,쇠고기내장(천엽)전,건새우볶음,0.9802451548206812
113,550,팥밥,무국(새우젓),두부전(돈육),건새우볶음,0.9801755986622008
119,209,찰밥,당면국(새우),화양적,건새우볶음,0.9798495341702146
131,839,율무밥,김치국(참치),완자전(쇠고기),건새우볶음,0.9793244569411852
133,225,현미밥,복국(복지리),화양적,건새우볶음,0.979267870836784
140,796,녹두밥,당면국(양배추),두부전(돈육),건새우볶음,0.9789401680734272
159,949,차조밥,복국(복지리),쇠고기전,건새우볶음,0.9776513187070444
165,328,조밥,복국(복지리),완자전(돼지고기),건새우볶음,0.9775086230537601
175,929,율무밥,당면국(양배추),쇠고기내장(천엽)전,건새우볶음,0.97659841743549
181,429,콩밥(대두),김치무국,돼지고기전,건새우볶음,0.9764921017489304
184,77,찰밥,호박새우젓국,쇠고기내장(천엽)전,건새우볶음,0.976449484194214
185,660,완두콩밥,게장국,완자전(쇠고기),건새우볶음,0.9764087413955832
195,66,쌀밥,게장국,화양적,건새우볶음,0.97598082686022
212,202,찰밥,무국(새우젓),돼지고기전,건새우볶음,0.9754146475019844
220,308,현미밥,고동국(올갱이국),떡산적,건새우볶음,0.9752838834123051
225,35,쌀밥,김치국(참치),화양적,건새우볶음,0.9752053247322272
287,931,율무밥,당면국(양배추),화양적,건새우볶음,0.973972552232314
304,17,쌀밥,김치무국,완자전(쇠고기),건새우볶음,0.9735840368975632
356,942,율무밥,당면국(새우),완자전(쇠고기),건새우볶음,0.9726952658114714
393,436,콩밥(대두),김치국(참치),두부전(돈육),건새우볶음,0.9721936871930072
443,505,팥밥,김치무국,쇠간전,건새우볶음,0.971209679475784
