,Unnamed: 0,밥,국,메인,서브,유사도
0,571,녹두밥,고동국(올갱이국),쇠고기내장(천엽)전,멸치볶음(풋고추),0.9962085627406292
1,783,차조밥,김치국(참치),완자전(쇠고기),건새우볶음,0.9960852116880772
2,793,차조밥,고동국(올갱이국),완자전(쇠고기),잔멸치볶음,0.9960554613547802
3,133,찰밥,고동국(올갱이국),두부전(돈육),건새우볶음,0.9954288308126776
4,269,현미밥,당면국(양배추),화양적,건새우볶음,0.9948830874515372
5,634,율무밥,복국(복지리),쇠고기내장(천엽)전,참치볶음(야채),0.9942800270131852
6,715,율무밥,고동국(올갱이국),돼지고기전,건새우볶음,0.9936245483783691
8,551,녹두밥,고동국(올갱이국),완자전(돼지고기),북어볶음,0.9923754003138604
9,349,팥밥,김치무국,쇠고기내장(천엽)전,어묵볶음(마늘쫑),0.9916975933922318
10,780,차조밥,김치무국,돼지고기전,건새우볶음,0.9916250100201324
11,150,찰밥,게장국,화양적,건새우볶음,0.9912795821085724
13,861,차조밥,고동국(올갱이국),화양적,멸치볶음(풋고추&간장),0.9910576764684296
18,869,차조밥,무국(새우젓),쇠고기내장(천엽)전,어묵볶음(마늘쫑),0.9907864276262432
22,682,율무밥,고동국(올갱이국),쇠고기전,건새우볶음,0.9890121121964159
26,630,율무밥,복국(복지리),쇠고기전,건새우볶음,0.9885474399135692
27,629,율무밥,복국(복지리),완자전(돼지고기),건새우볶음,0.9885474399135692
30,339,콩밥(대두),무국(새우젓),두부전(돈육),건새우볶음,0.9879942560146392
32,500,녹두밥,복국(복지리),완자전(쇠고기),건새우볶음,0.9878506780466512
47,283,조밥,복국(복지리),두부전(돈육),건새우볶음,0.9845395027071135
51,767,차조밥,복국(복지리),돼지고기전,건새우볶음,0.9843066279724578
57,51,찰밥,복국(복지리),화양적,건새우볶음,0.9838479446200862
64,234,현미밥,고동국(올갱이국),쇠간전,북어볶음,0.9836316528893368
65,766,차조밥,복국(복지리),쇠간전,건새우볶음,0.9835166395853856
70,364,팥밥,김치국(참치),화양적,건새우볶음,0.9824052864620908
72,301,조밥,김치국(참치),두부전(돈육),건새우볶음,0.9820963117355318
74,991,수수찹쌀밥,게장국,쇠고기내장(천엽)전,건새우볶음,0.9817395767533488
78,742,율무밥,무국(새우젓),완자전(쇠고기),건새우볶음,0.9813721926946244
79,8,쌀밥,김치무국,완자전(돼지고기),건새우볶음,0.9813544636294681
98,406,완두콩밥,김치국(참치),쇠고기내장(천엽)전,건새우볶음,0.9805609954280364
100,499,녹두밥,호박새우젓국,쇠고기내장(천엽)전,건새우볶음,0.9804620207749144
119,617,녹두밥,무국(새우젓),완자전(돼지고기),건새우볶음,0.9793302704389718
137,330,콩밥(대두),김치국(참치),완자전(돼지고기),건새우볶음,0.9783876796518084
160,529,녹두밥,김치무국,화양적,건새우볶음,0.9767935206446102
171,303,조밥,게장국,완자전(쇠고기),건새우볶음,0.9762865624644051
180,17,쌀밥,김치무국,두부전(돈육),건새우볶음,0.9760106112810644
197,517,녹두밥,김치무국,완자전(쇠고기),건새우볶음,0.9755465438668528
213,779,차조밥,김치무국,쇠간전,건새우볶음,0.9752315905257856
339,146,찰밥,고동국(올갱이국),떡산적,건새우볶음,0.9726706027974874
367,33,쌀밥,무국(새우젓),화양적,건새우볶음,0.9722386472975696
382,624,녹두밥,무국(새우젓),돼지고기전,건새우볶음,0.9717767605052
