,Unnamed: 0,밥,국,메인,서브,유사도
0,748,검정콩밥,무국(새우젓),완자전(쇠고기),건새우볶음,0.9966317015683978
1,586,수수찹쌀밥,고동국(올갱이국),화양적,건새우볶음,0.9962881572972504
2,774,찹쌀밥,복국(복지리),돼지고기전,건새우볶음,0.9913443681460116
4,400,율무밥,고동국(올갱이국),완자전(돼지고기),건새우볶음,0.9913223075533903
5,649,차수수밥,고동국(올갱이국),쇠간전,참치볶음(야채),0.9911697447596316
6,796,찹쌀밥,고동국(올갱이국),완자전(쇠고기),참치볶음,0.9911551912786856
7,616,차수수밥,김치무국,완자전(돼지고기),건새우볶음,0.9910783017740472
8,809,찹쌀밥,고동국(올갱이국),쇠고기내장(천엽)전,북어볶음,0.9910343186991504
9,595,수수찹쌀밥,무국(새우젓),쇠고기내장(천엽)전,멸치볶음(풋고추&간장),0.990999842537694
10,618,차수수밥,김치무국,쇠고기내장(천엽)전,참치볶음,0.9908583917852564
11,921,잡곡밥,게장국,완자전(쇠고기),건새우볶음,0.9905024334154005
15,549,수수찹쌀밥,김치국(참치),완자전(쇠고기),건새우볶음,0.9891746279839434
16,550,수수찹쌀밥,김치국(참치),완자전(돼지고기),건새우볶음,0.9891746279839434
19,858,잡곡밥,복국(복지리),쇠고기내장(천엽)전,참치볶음(야채),0.9862976216915649
20,884,잡곡밥,김치국(참치),쇠고기내장(천엽)전,멸치볶음(풋고추&간장),0.9860600315111157
26,974,잡곡밥(옥수수),고동국(올갱이국),두부전(돈육),참치볶음(야채),0.985217031960736
29,451,차조밥,복국(복지리),쇠간전,건새우볶음,0.9850867083169498
31,387,율무밥,김치무국,화양적,건새우볶음,0.9846471492153444
36,951,잡곡밥(옥수수),김치무국,완자전(쇠고기),건새우볶음,0.9840136535923484
40,697,검정콩밥,복국(복지리),두부전(돈육),건새우볶음,0.9824312788368692
41,249,완두콩밥,고동국(올갱이국),돼지고기전,건새우볶음,0.9824217293507768
43,6,쌀밥,김치국(참치),화양적,건새우볶음,0.98168045299413
44,92,찰밥,무국(새우젓),돼지고기전,건새우볶음,0.981666643558588
49,867,잡곡밥,복국(복지리),화양적,건새우볶음,0.9811248386486268
59,81,찰밥,게장국,쇠고기내장(천엽)전,건새우볶음,0.9804491777046068
61,937,잡곡밥(옥수수),복국(복지리),완자전(쇠고기),건새우볶음,0.9802356082070068
65,275,녹두밥,호박새우젓국,쇠고기내장(천엽)전,건새우볶음,0.9800047490501336
77,440,차조밥,복국(복지리),완자전(돼지고기),건새우볶음,0.979350930698194
82,522,수수찹쌀밥,복국(복지리),쇠고기전,건새우볶음,0.9789437490654741
83,710,검정콩밥,김치무국,두부전(돈육),건새우볶음,0.9788845952734117
84,709,검정콩밥,김치무국,돼지고기전,건새우볶음,0.9788845952734117
88,273,완두콩밥,무국(새우젓),두부전(돈육),건새우볶음,0.9787042259777571
105,269,완두콩밥,무국(새우젓),완자전(돼지고기),건새우볶음,0.9769501852637804
120,991,잡곡밥(옥수수),무국(새우젓),화양적,건새우볶음,0.976320591206858
126,392,율무밥,김치국(참치),두부전(돈육),건새우볶음,0.9760877695886234
186,384,율무밥,김치무국,쇠간전,건새우볶음,0.9745026001215562
195,507,차조밥,게장국,화양적,건새우볶음,0.9743755461747371
