,Unnamed: 0,밥,국,메인,서브,유사도
0,628,녹두밥,고동국(올갱이국),쇠고기내장(천엽)전,멸치볶음(풋고추),0.9961254330718904
1,865,차조밥,고동국(올갱이국),완자전(돼지고기),참치볶음(콩나물),0.9960002566471284
3,163,찰밥,당면국(양배추),쇠고기내장(천엽)전,건새우볶음,0.9953241834018478
5,301,조밥,복국(복지리),완자전(돼지고기),건새우볶음,0.9947794029547472
6,696,율무밥,복국(복지리),쇠고기내장(천엽)전,북어볶음,0.994284358242141
7,788,율무밥,고동국(올갱이국),화양적,오징어채볶음,0.993524115248456
8,798,율무밥,고동국(올갱이국),떡산적,건새우볶음,0.9934399674116372
9,587,녹두밥,김치국(참치),두부전(돈육),건새우볶음,0.9924604743840444
16,457,완두콩밥,고동국(올갱이국),완자전(쇠고기),오징어채볶음,0.9910056912312368
17,946,차조밥,당면국(새우),화양적,건새우볶음,0.9909664260190758
19,521,완두콩밥,고동국(올갱이국),두부전(돈육),잔멸치볶음,0.9908992138855772
20,906,차조밥,고동국(올갱이국),돼지고기전,건새우볶음,0.9907809208852388
22,899,차조밥,고동국(올갱이국),쇠간전,멸치볶음(풋고추&간장),0.9906077108430008
32,412,팥밥,게장국,완자전(쇠고기),건새우볶음,0.9882900162235696
38,685,율무밥,호박새우젓국,쇠고기내장(천엽)전,건새우볶음,0.9877745901640762
39,547,완두콩밥,무국(새우젓),쇠고기내장(천엽)전,어묵볶음(마늘쫑),0.9877443087485688
47,455,완두콩밥,김치국(참치),쇠고기내장(천엽)전,멸치볶음(풋고추&간장),0.9856007872995052
52,166,찰밥,무국(새우젓),완자전(쇠고기),건새우볶음,0.9849699109437626
54,67,찰밥,김치무국,쇠고기내장(천엽)전,북어볶음,0.9848904642841612
55,286,현미밥,게장국,쇠고기내장(천엽)전,건새우볶음,0.984772776312754
59,541,완두콩밥,게장국,화양적,건새우볶음,0.9844188431629498
66,739,율무밥,고동국(올갱이국),쇠고기전,어묵볶음(마늘쫑),0.9838905387058016
70,936,차조밥,무국(새우젓),완자전(돼지고기),건새우볶음,0.9836809483225666
74,551,완두콩밥,무국(새우젓),화양적,건새우볶음,0.9835846137382684
76,688,율무밥,복국(복지리),쇠고기전,건새우볶음,0.9835482787026504
84,296,현미밥,무국(새우젓),두부전(돈육),건새우볶음,0.9822144511509912
88,977,수수찹쌀밥,김치국(참치),완자전(쇠고기),건새우볶음,0.9816289539507518
100,404,팥밥,김치국(참치),완자전(돼지고기),건새우볶음,0.9808382732212032
150,704,율무밥,김치무국,완자전(돼지고기),건새우볶음,0.9779708959227984
154,712,율무밥,김치무국,쇠간전,건새우볶음,0.9778492635752044
158,567,녹두밥,복국(복지리),쇠간전,건새우볶음,0.9775687377482004
172,543,완두콩밥,당면국(양배추),두부전(돈육),건새우볶음,0.9766477352356177
173,672,녹두밥,당면국(양배추),화양적,건새우볶음,0.9766308219413771
182,582,녹두밥,김치무국,두부전(돈육),건새우볶음,0.9762383940894952
184,450,완두콩밥,김치무국,돼지고기전,건새우볶음,0.9761609595663742
199,568,녹두밥,복국(복지리),돼지고기전,건새우볶음,0.9755904516942084
208,10,쌀밥,김치무국,완자전(쇠고기),건새우볶음,0.9754631208190641
223,350,콩밥(대두),복국(복지리),화양적,건새우볶음,0.9752012346246732
273,554,녹두밥,복국(복지리),완자전(쇠고기),건새우볶음,0.973939827971908
291,349,콩밥(대두),복국(복지리),두부전(돈육),건새우볶음,0.973747791754866
329,363,콩밥(대두),김치무국,화양적,건새우볶음,0.9730215656999778
352,177,찰밥,당면국(새우),두부전(돈육),건새우볶음,0.97256091936181
447,369,콩밥(대두),김치국(참치),화양적,건새우볶음,0.9705134591490626
