,Unnamed: 0,밥,국,메인,서브,유사도
0,828,검정콩밥,복국(복지리),쇠고기내장(천엽)전,참치볶음(콩나물),0.9965453498894872
1,617,차조밥,게장국,쇠고기내장(천엽)전,건새우볶음,0.9962421342240616
2,626,차조밥,무국(새우젓),쇠고기내장(천엽)전,건새우볶음,0.9962048475846011
3,534,율무밥,무국(새우젓),두부전(돈육),건새우볶음,0.9942583346491096
4,584,차조밥,고동국(올갱이국),쇠고기내장(천엽)전,참치볶음(콩나물),0.9938124707742819
6,615,차조밥,고동국(올갱이국),화양적,멸치볶음(풋고추&간장),0.9917996588646368
7,366,녹두밥,김치무국,쇠고기내장(천엽)전,어묵볶음(마늘쫑),0.9912870359091186
8,860,검정콩밥,고동국(올갱이국),완자전(쇠고기),건새우볶음,0.9912647531401544
9,662,수수찹쌀밥,김치국(참치),완자전(쇠고기),건새우볶음,0.9912272603445282
17,911,검정콩밥,무국(새우젓),화양적,건새우볶음,0.9896315020194516
18,564,차조밥,김치무국,돼지고기전,건새우볶음,0.9892074745022504
19,580,차조밥,고동국(올갱이국),완자전(돼지고기),잔멸치볶음,0.9890627640144092
22,478,율무밥,김치국(참치),화양적,건새우볶음,0.9874878035537914
23,414,녹두밥,고동국(올갱이국),두부전(돈육),잔멸치볶음,0.9870462199491076
24,942,찹쌀밥,김치무국,화양적,건새우볶음,0.9865713093979206
28,834,검정콩밥,복국(복지리),쇠간전,건새우볶음,0.98579457967757
29,909,검정콩밥,무국(새우젓),돼지고기전,건새우볶음,0.9855106342572146
32,30,찰밥,복국(복지리),화양적,건새우볶음,0.9851974309549594
33,982,찹쌀밥,고동국(올갱이국),쇠간전,북어볶음,0.9851101051219172
35,941,찹쌀밥,김치무국,두부전(돈육),건새우볶음,0.9851086842861104
36,220,조밥,게장국,화양적,건새우볶음,0.9851053142964972
38,647,수수찹쌀밥,복국(복지리),두부전(돈육),건새우볶음,0.9849522902330526
39,571,차조밥,김치국(참치),두부전(돈육),건새우볶음,0.9845961769734756
47,202,현미밥,무국(새우젓),완자전(돼지고기),건새우볶음,0.9838317406963698
59,431,녹두밥,무국(새우젓),완자전(쇠고기),건새우볶음,0.9814144743722084
64,755,차수수밥,김치국(참치),완자전(돼지고기),건새우볶음,0.9811126409202108
66,985,찹쌀밥,고동국(올갱이국),돼지고기전,참치볶음(야채),0.9810228646249088
91,738,차수수밥,복국(복지리),돼지고기전,건새우볶음,0.9796370953417892
97,931,찹쌀밥,김치무국,완자전(돼지고기),건새우볶음,0.979321533611494
129,280,완두콩밥,김치국(참치),쇠고기내장(천엽)전,멸치볶음(풋고추&간장),0.9768751238433736
135,443,율무밥,복국(복지리),완자전(쇠고기),건새우볶음,0.97663095529503
141,364,녹두밥,김치무국,완자전(쇠고기),건새우볶음,0.9764629000014322
142,273,완두콩밥,김치무국,쇠간전,건새우볶음,0.9764599147753628
146,13,찰밥,호박새우젓국,쇠고기내장(천엽)전,건새우볶음,0.976214871819633
169,15,찰밥,복국(복지리),완자전(돼지고기),건새우볶음,0.9756732573292536
202,16,찰밥,복국(복지리),쇠고기전,건새우볶음,0.974780529226221
220,806,차수수밥,게장국,완자전(쇠고기),건새우볶음,0.9743327915918626
