,Unnamed: 0,밥,국,메인,서브,유사도
0,982,옥수수밥,고동국(올갱이국),완자전(돼지고기),참치볶음(야채),0.9961885411664694
1,988,옥수수밥,고동국(올갱이국),쇠간전,참치볶음,0.9916520757204088
2,629,땅콩밥,게장국,쇠고기내장(천엽)전,건새우볶음,0.9914473466953372
3,645,밤밥,복국(복지리),쇠고기내장(천엽)전,멸치볶음(풋고추&간장),0.9912955873250164
4,652,밤밥,김치무국,쇠고기내장(천엽)전,어묵볶음(마늘쫑),0.9911752736954508
5,337,수수찹쌀밥,고동국(올갱이국),화양적,참치볶음(야채),0.9873117541162127
6,773,보리콩밥,무국(새우젓),쇠고기내장(천엽)전,건새우볶음,0.9872690135958341
7,690,밤밥,게장국,완자전(쇠고기),건새우볶음,0.9864388383171034
8,379,차수수밥,김치국(참치),두부전(돈육),건새우볶음,0.9860690573843124
11,175,녹두밥,김치무국,쇠간전,건새우볶음,0.9853993298112076
14,381,차수수밥,고동국(올갱이국),두부전(돈육),참치볶음,0.9852346013942752
15,446,검정콩밥,무국(새우젓),두부전(돈육),건새우볶음,0.9848767536276244
16,326,수수찹쌀밥,김치무국,두부전(돈육),건새우볶음,0.9847920706743244
17,234,율무밥,김치국(참치),화양적,건새우볶음,0.9844600861100122
22,182,녹두밥,김치국(참치),쇠고기내장(천엽)전,멸치볶음(풋고추&간장),0.9827952884998932
25,834,수수밥,호박새우젓국,쇠고기내장(천엽)전,건새우볶음,0.9812370793720118
26,391,차수수밥,게장국,화양적,건새우볶음,0.9810963350138908
28,164,녹두밥,복국(복지리),두부전(돈육),건새우볶음,0.9807503566709458
29,351,차수수밥,복국(복지리),완자전(돼지고기),건새우볶음,0.9807098383488344
33,791,보리팥밥,김치무국,돼지고기전,건새우볶음,0.9802909321790544
34,34,찰밥,고동국(올갱이국),쇠고기내장(천엽)전,참치볶음(콩나물),0.9802768122076064
38,462,찹쌀밥,복국(복지리),돼지고기전,건새우볶음,0.9798637577379556
39,412,검정콩밥,김치무국,완자전(쇠고기),건새우볶음,0.97978357952372
49,70,현미밥,김치무국,완자전(돼지고기),건새우볶음,0.9790402180246668
54,68,현미밥,복국(복지리),화양적,건새우볶음,0.9785282095780048
62,820,보리조밥,김치무국,화양적,건새우볶음,0.9780679368742348
71,408,검정콩밥,복국(복지리),쇠간전,건새우볶음,0.976948793991528
78,155,녹두밥,복국(복지리),완자전(쇠고기),건새우볶음,0.9766285992724976
91,393,차수수밥,무국(새우젓),완자전(돼지고기),건새우볶음,0.9761872825785772
103,888,쑥쌀밥,복국(복지리),쇠고기전,건새우볶음,0.9758080166847442
113,81,현미밥,김치국(참치),완자전(돼지고기),건새우볶음,0.9753748928723682
115,972,옥수수밥,김치국(참치),완자전(쇠고기),건새우볶음,0.975318559606486
132,302,차조밥,무국(새우젓),화양적,건새우볶음,0.9747029932868002
166,300,차조밥,무국(새우젓),돼지고기전,건새우볶음,0.9740462338268854
208,46,찰밥,무국(새우젓),완자전(쇠고기),건새우볶음,0.9726034169067904
268,979,옥수수밥,고동국(올갱이국),완자전(쇠고기),참치볶음(야채),0.9706955218195492
