,Unnamed: 0,밥,국,메인,서브,유사도
0,365,팥밥,고동국(올갱이국),두부전(돈육),새우볶음,0.9953325510655574
1,400,녹두밥,당면국(새우),완자전(쇠고기),건새우볶음,0.9918607190257728
2,288,콩밥(대두),무국(새우젓),쇠고기내장(천엽)전,멸치볶음(풋고추&간장),0.9913214982533284
3,785,비빔밥,고동국(올갱이국),완자전(쇠고기),건새우볶음,0.9900389722058032
5,274,콩밥(대두),고동국(올갱이국),화양적,잔멸치볶음,0.988814766387744
6,781,영양밥(돌솥밥),당면국(새우),쇠고기내장(천엽)전,건새우볶음,0.9886421723997274
7,65,쌀밥,고동국(올갱이국),돼지고기전,멸치볶음(풋고추&간장),0.9884021004133186
8,779,영양밥(돌솥밥),당면국(양배추),화양적,건새우볶음,0.9883506010726733
11,246,콩밥(대두),고동국(올갱이국),쇠고기내장(천엽)전,게맛살볶음,0.9879553406388653
13,543,기장밥,복국(복지리),쇠고기내장(천엽)전,북어볶음,0.9872010880424079
14,433,검정콩밥,당면국,쇠고기내장(천엽)전,건새우볶음,0.9871098717388004
26,539,잡곡밥(강남콩),당면국(새우),화양적,건새우볶음,0.9832475563898536
32,443,찹쌀밥,당면국(양배추),쇠고기내장(천엽)전,멸치볶음(풋고추&간장),0.9827300615938324
34,506,잡곡밥(강남콩),고동국(올갱이국),쇠간전,북어볶음,0.9825337574374251
47,312,팥밥,고동국(올갱이국),완자전(돼지고기),참치볶음,0.9797421074682621
69,414,차조밥,당면국(양배추),완자전(돼지고기),건새우볶음,0.9757372428892908
83,703,보리조밥,고동국(올갱이국),떡산적,건새우볶음,0.9741276802507658
99,709,보리조밥,당면국(양배추),두부전(돈육),건새우볶음,0.971965378728586
104,446,잡곡밥,당면국(양배추),완자전(쇠고기),건새우볶음,0.9711605995744016
133,670,보리팥밥,고동국(올갱이국),쇠고기전,멸치볶음(풋고추&간장),0.9667283128059544
135,540,기장밥,복국(복지리),쇠고기전,건새우볶음,0.966249122763698
238,401,녹두밥,당면국(새우),완자전(돼지고기),건새우볶음,0.957745140748426
