,Unnamed: 0,밥,국,메인,서브,유사도
0,527,팥밥,고동국(올갱이국),화양적,잔멸치볶음,0.9960025794346052
1,583,완두콩밥,당면국(양배추),두부전(돈육),건새우볶음,0.9931164580322218
2,419,콩밥(대두),무국(새우젓),완자전(쇠고기),건새우볶음,0.9919585589955544
3,140,찰밥,고동국(올갱이국),쇠간전,멸치볶음(풋고추&간장),0.991102050471233
4,777,차수수밥,고동국(올갱이국),돼지고기전,북어볶음,0.9902894429201315
7,672,차조밥,고동국(올갱이국),완자전(쇠고기),어묵볶음(마늘쫑),0.9895367445326028
8,83,쌀밥,고동국(올갱이국),두부전(돈육),참치볶음,0.9893613731685564
9,366,콩밥(대두),고동국(올갱이국),쇠고기내장(천엽)전,북어볶음,0.9891599231100622
10,472,팥밥,고동국(올갱이국),완자전(돼지고기),멸치볶음(풋고추&간장),0.9888327195551831
14,296,조밥,당면국(양배추),쇠고기내장(천엽)전,건새우볶음,0.9877415052215616
19,424,콩밥(대두),무국(새우젓),두부전(돈육),건새우볶음,0.9862857390229168
24,432,팥밥,복국(복지리),쇠고기전,건새우볶음,0.9847210113839412
28,446,팥밥,복국(복지리),화양적,건새우볶음,0.9843800053121288
38,473,팥밥,고동국(올갱이국),쇠고기전,어묵볶음(마늘쫑),0.9831540589666716
39,783,차수수밥,당면국(양배추),완자전(쇠고기),건새우볶음,0.9830778950736726
42,831,검정콩밥,당면국(양배추),화양적,건새우볶음,0.9826144932790488
45,536,팥밥,게장국,쇠고기내장(천엽)전,멸치볶음(풋고추&간장),0.982288681913818
47,743,수수찹쌀밥,당면국,쇠고기내장(천엽)전,건새우볶음,0.9815066334790044
48,425,콩밥(대두),당면국(새우),완자전(쇠고기),건새우볶음,0.9814724322950468
49,445,팥밥,복국(복지리),두부전(돈육),건새우볶음,0.9813769747392156
50,441,팥밥,복국(복지리),쇠고기내장(천엽)전,건새우볶음,0.9811973272265472
52,310,콩밥(대두),복국(복지리),완자전(쇠고기),건새우볶음,0.9805450718658634
60,848,찹쌀밥,고동국(올갱이국),떡산적,건새우볶음,0.9800139341481856
66,943,잡곡밥(옥수수),당면국(양배추),완자전(돼지고기),건새우볶음,0.978716862256054
73,629,녹두밥,당면국(새우),화양적,건새우볶음,0.9777327161114816
75,710,차조밥,당면국(새우),완자전(돼지고기),건새우볶음,0.9772499440141432
100,447,팥밥,김치무국,쇠고기내장(천엽)전,어묵볶음(마늘쫑),0.9747527546595268
101,627,녹두밥,당면국(새우),쇠고기내장(천엽)전,건새우볶음,0.9746696674547041
109,443,팥밥,복국(복지리),쇠간전,건새우볶음,0.9739403098601752
163,421,콩밥(대두),무국(새우젓),쇠고기내장(천엽)전,어묵볶음(마늘쫑),0.9669349319452069
164,324,콩밥(대두),복국(복지리),돼지고기전,건새우볶음,0.9669220325251084
217,156,찰밥,당면국(새우),두부전(돈육),건새우볶음,0.9627813236241968
219,329,콩밥(대두),김치국(참치),쇠고기내장(천엽)전,멸치볶음(풋고추&간장),0.9626989950014446
247,103,쌀밥,게장국,완자전(쇠고기),건새우볶음,0.960943793440206
270,188,조밥,호박새우젓국,쇠고기내장(천엽)전,건새우볶음,0.9596371877657996
457,450,팥밥,김치무국,돼지고기전,건새우볶음,0.9536443556327208
477,2,쌀밥,복국(복지리),완자전(돼지고기),건새우볶음,0.9533579979149172
