,Unnamed: 0,밥,국,메인,서브,유사도
0,607,팥밥,김치무국,두부전(돈육),건새우볶음,0.9965275419679724
1,953,율무밥,고동국(올갱이국),돼지고기전,건새우볶음,0.9949189064915116
2,962,율무밥,고동국(올갱이국),화양적,어묵볶음(마늘쫑),0.9947476456822436
3,676,팥밥,고동국(올갱이국),두부전(돈육),참치볶음,0.9942306028719424
4,488,콩밥(대두),고동국(올갱이국),완자전(돼지고기),오징어채볶음,0.9924509858512632
5,153,찰밥,고동국(올갱이국),완자전(쇠고기),건꼴뚜기볶음,0.9921954100546893
8,464,콩밥(대두),김치무국,쇠고기내장(천엽)전,북어볶음,0.9911798634257806
12,428,조밥,당면국(양배추),화양적,건새우볶음,0.9902232358723626
16,757,완두콩밥,고동국(올갱이국),쇠고기내장(천엽)전,게맛살볶음,0.9895537687103866
18,332,조밥,김치국(참치),완자전(돼지고기),건새우볶음,0.9888742241609144
20,427,조밥,당면국(양배추),두부전(돈육),건새우볶음,0.9884718858188288
23,467,콩밥(대두),김치무국,쇠간전,건새우볶음,0.9874446306438732
25,261,현미밥,고동국(올갱이국),쇠간전,참치볶음,0.9870880984070252
27,140,쌀밥,당면국(새우),쇠고기내장(천엽)전,건새우볶음,0.9868195267577085
29,458,콩밥(대두),김치무국,완자전(쇠고기),건새우볶음,0.9861494335843438
32,560,콩밥(대두),당면국,쇠고기내장(천엽)전,건새우볶음,0.9854759628686218
35,791,완두콩밥,당면국(양배추),완자전(쇠고기),건새우볶음,0.9850016943365624
45,570,콩밥(대두),무국(새우젓),쇠고기내장(천엽)전,건새우볶음,0.9841100268256198
63,459,콩밥(대두),김치무국,완자전(돼지고기),건새우볶음,0.9812074580807696
67,594,팥밥,복국(복지리),두부전(돈육),건새우볶음,0.9802451622539328
68,291,현미밥,당면국(양배추),쇠고기내장(천엽)전,건새우볶음,0.98023905058226
78,798,완두콩밥,당면국(새우),완자전(쇠고기),건새우볶음,0.978692980879358
86,804,녹두밥,복국(복지리),쇠고기내장(천엽)전,오징어채볶음,0.9773997301689672
92,359,조밥,고동국(올갱이국),쇠고기전,멸치볶음(풋고추&간장),0.9770086803853676
110,454,콩밥(대두),복국(복지리),쇠간전,건새우볶음,0.9752469455218279
119,567,콩밥(대두),무국(새우젓),완자전(쇠고기),건새우볶음,0.9742098277338148
123,557,콩밥(대두),게장국,쇠고기내장(천엽)전,건새우볶음,0.9732228179997926
126,333,조밥,김치국(참치),쇠고기내장(천엽)전,건새우볶음,0.9726998235775282
128,435,조밥,무국(새우젓),화양적,건새우볶음,0.9722042371007112
139,695,팥밥,고동국(올갱이국),떡산적,건새우볶음,0.971000486311676
154,593,팥밥,복국(복지리),돼지고기전,건새우볶음,0.9690608299055972
166,892,녹두밥,당면국(새우),화양적,건새우볶음,0.9679368285291394
172,457,콩밥(대두),복국(복지리),화양적,건새우볶음,0.9676467437969509
173,579,팥밥,복국(복지리),완자전(쇠고기),건새우볶음,0.9675895580727056
200,302,조밥,복국(복지리),완자전(돼지고기),건새우볶음,0.9653227100141456
216,708,팥밥,무국(새우젓),완자전(돼지고기),건새우볶음,0.9642203421795624
226,792,완두콩밥,당면국(양배추),완자전(돼지고기),건새우볶음,0.9637756680991572
249,613,팥밥,김치국(참치),두부전(돈육),건새우볶음,0.9621065011256243
277,608,팥밥,김치무국,화양적,건새우볶음,0.9605223636955912
278,609,팥밥,김치국(참치),완자전(쇠고기),건새우볶음,0.9605223636955912
279,121,쌀밥,게장국,화양적,건새우볶음,0.9604740645396864
287,606,팥밥,김치무국,돼지고기전,건새우볶음,0.9601888004187688
326,300,조밥,호박새우젓국,쇠고기내장(천엽)전,건새우볶음,0.9589460719143796
439,572,콩밥(대두),무국(새우젓),두부전(돈육),건새우볶음,0.9558600723317798
