,Unnamed: 0,밥,국,메인,서브,유사도
0,542,팥밥,고동국(올갱이국),쇠간전,참치볶음,0.9961253566780458
1,602,팥밥,당면국(새우),화양적,건새우볶음,0.9933631157277168
2,433,콩밥(대두),고동국(올갱이국),두부전(돈육),잔멸치볶음,0.9920744431491486
3,141,찰밥,고동국(올갱이국),완자전(돼지고기),북어볶음,0.9913443116170602
5,595,팥밥,무국(새우젓),쇠고기내장(천엽)전,건새우볶음,0.9904084269410066
6,411,콩밥(대두),고동국(올갱이국),쇠고기내장(천엽)전,멸치볶음(풋고추),0.990314054290592
9,83,쌀밥,고동국(올갱이국),돼지고기전,북어볶음,0.9896110574801794
10,378,콩밥(대두),고동국(올갱이국),완자전(쇠고기),건꼴뚜기볶음,0.989395840719792
11,486,팥밥,복국(복지리),돼지고기전,건새우볶음,0.989082255259973
18,368,콩밥(대두),김치무국,돼지고기전,건새우볶음,0.987567092200502
21,438,콩밥(대두),고동국(올갱이국),화양적,어묵볶음(마늘쫑),0.9865410807375966
24,128,쌀밥,당면국(새우),완자전(쇠고기),건새우볶음,0.9859359729675071
28,237,조밥,김치무국,쇠고기내장(천엽)전,북어볶음,0.9846968103630319
30,460,콩밥(대두),무국(새우젓),완자전(쇠고기),건새우볶음,0.9846226724240998
31,614,완두콩밥,고동국(올갱이국),쇠고기전,어묵볶음(마늘쫑),0.9842164586626796
36,847,수수찹쌀밥,당면국(양배추),쇠고기내장(천엽)전,건새우볶음,0.9840460608179304
37,986,찹쌀밥,당면국(양배추),화양적,건새우볶음,0.9838205890762324
40,487,팥밥,복국(복지리),두부전(돈육),건새우볶음,0.983382682241868
45,635,완두콩밥,당면국,쇠고기내장(천엽)전,건새우볶음,0.9827708817416038
48,481,팥밥,복국(복지리),쇠고기내장(천엽)전,새우볶음,0.9817605252576764
52,455,콩밥(대두),당면국(양배추),완자전(돼지고기),건새우볶음,0.9814383361793668
56,454,콩밥(대두),당면국(양배추),완자전(쇠고기),건새우볶음,0.980483861880814
66,163,찰밥,고동국(올갱이국),떡산적,건새우볶음,0.978944435848358
67,803,차조밥,당면국(새우),쇠고기내장(천엽)전,멸치볶음(풋고추&간장),0.9787356313573248
74,217,조밥,복국(복지리),완자전(쇠고기),건새우볶음,0.9775708247239614
77,955,검정콩밥,당면국(새우),완자전(돼지고기),건새우볶음,0.9771568493018052
78,597,팥밥,무국(새우젓),두부전(돈육),건새우볶음,0.976997457366333
84,324,조밥,게장국,완자전(쇠고기),건새우볶음,0.976377858771158
95,367,콩밥(대두),김치무국,쇠간전,건새우볶음,0.9754013050410514
101,461,콩밥(대두),무국(새우젓),완자전(돼지고기),건새우볶음,0.9750036354743961
118,952,검정콩밥,당면국(양배추),두부전(돈육),건새우볶음,0.9732951616359168
125,473,팥밥,복국(복지리),완자전(돼지고기),건새우볶음,0.9722661020826304
201,25,쌀밥,김치국(참치),쇠고기내장(천엽)전,멸치볶음(풋고추&간장),0.964690926404314
206,466,콩밥(대두),무국(새우젓),화양적,건새우볶음,0.9642525050260142
252,485,팥밥,복국(복지리),쇠간전,건새우볶음,0.9611710489576876
296,234,조밥,김치무국,완자전(쇠고기),건새우볶음,0.9590166928349154
356,474,팥밥,복국(복지리),쇠고기전,건새우볶음,0.9569102450369208
357,109,쌀밥,게장국,쇠고기내장(천엽)전,건새우볶음,0.9568865193893764
396,17,쌀밥,복국(복지리),화양적,건새우볶음,0.955698363617115
419,490,팥밥,김치무국,완자전(돼지고기),건새우볶음,0.9551623572899154
488,216,조밥,호박새우젓국,쇠고기내장(천엽)전,건새우볶음,0.9535259686962956
