,Unnamed: 0,밥,국,메인,서브,유사도
0,739,완두콩밥,고동국(올갱이국),완자전(쇠고기),건꼴뚜기볶음,0.9968935208128354
1,816,완두콩밥,당면국(양배추),완자전(돼지고기),건새우볶음,0.9951667500391804
2,591,콩밥(대두),무국(새우젓),쇠고기내장(천엽)전,어묵볶음(마늘쫑),0.9927860769162228
3,560,콩밥(대두),고동국(올갱이국),돼지고기전,건새우볶음,0.9921143430153456
4,808,완두콩밥,고동국(올갱이국),화양적,북어볶음,0.9919999940970574
5,937,녹두밥,당면국(양배추),화양적,건새우볶음,0.9915512144290204
7,661,팥밥,고동국(올갱이국),쇠고기내장(천엽)전,참치볶음(콩나물),0.99091103527181
8,912,녹두밥,고동국(올갱이국),두부전(돈육),잔멸치볶음,0.9905268047138256
14,599,팥밥,복국(복지리),쇠고기전,건새우볶음,0.9884190141408522
16,274,현미밥,고동국(올갱이국),쇠고기전,건새우볶음,0.98804492175776
17,139,찰밥,복국(복지리),돼지고기전,건새우볶음,0.9877762929646288
18,552,콩밥(대두),고동국(올갱이국),쇠간전,건새우볶음,0.9870969250337959
19,609,팥밥,복국(복지리),쇠고기내장(천엽)전,멸치볶음(풋고추&간장),0.9867329130299236
21,624,팥밥,김치무국,돼지고기전,건새우볶음,0.9863952322799092
24,950,녹두밥,당면국(새우),화양적,건새우볶음,0.9858921786942376
25,949,녹두밥,당면국(새우),쇠고기내장(천엽)전,멸치볶음(풋고추&간장),0.9858921786942376
27,831,녹두밥,복국(복지리),완자전(돼지고기),건새우볶음,0.9855096325063658
32,748,완두콩밥,고동국(올갱이국),완자전(돼지고기),새우볶음,0.9842997730848474
38,623,팥밥,김치무국,쇠간전,건새우볶음,0.9834029305681116
39,619,팥밥,김치무국,쇠고기내장(천엽)전,참치볶음(콩나물),0.9831978684226336
52,613,팥밥,복국(복지리),화양적,건새우볶음,0.9804652967812538
70,625,팥밥,김치무국,두부전(돈육),건새우볶음,0.9768472886195866
95,113,쌀밥,게장국,완자전(쇠고기),건새우볶음,0.9722354501755198
103,473,콩밥(대두),복국(복지리),완자전(쇠고기),건새우볶음,0.9707822238602729
108,939,녹두밥,무국(새우젓),완자전(돼지고기),건새우볶음,0.9702995347329741
113,945,녹두밥,무국(새우젓),두부전(돈육),건새우볶음,0.9697394483209286
115,934,녹두밥,당면국(양배추),쇠고기내장(천엽)전,건새우볶음,0.9692100244957346
123,595,콩밥(대두),무국(새우젓),화양적,건새우볶음,0.9686014325204754
132,938,녹두밥,무국(새우젓),완자전(쇠고기),건새우볶음,0.9678544045411076
142,486,콩밥(대두),복국(복지리),쇠간전,건새우볶음,0.966761462762278
144,947,녹두밥,당면국(새우),완자전(돼지고기),건새우볶음,0.9666898321764644
153,632,팥밥,김치국(참치),화양적,건새우볶음,0.9661327869349756
174,347,조밥,호박새우젓국,쇠고기내장(천엽)전,건새우볶음,0.9651068711030274
189,241,찰밥,당면국(새우),두부전(돈육),건새우볶음,0.9641987630728772
193,932,녹두밥,당면국(양배추),완자전(쇠고기),건새우볶음,0.9636865460986052
228,224,찰밥,당면국,쇠고기내장(천엽)전,건새우볶음,0.9618123829571974
234,35,쌀밥,김치국(참치),두부전(돈육),건새우볶음,0.9614017335163284
266,33,쌀밥,김치국(참치),쇠고기내장(천엽)전,건새우볶음,0.9602715509895158
271,112,쌀밥,고동국(올갱이국),떡산적,건새우볶음,0.9601303947234172
292,115,쌀밥,게장국,쇠고기내장(천엽)전,멸치볶음(풋고추&간장),0.9595979071319743
321,229,찰밥,당면국(양배추),두부전(돈육),건새우볶음,0.9588302412872772
365,31,쌀밥,김치국(참치),완자전(쇠고기),건새우볶음,0.9576989113297728
401,365,조밥,김치무국,완자전(쇠고기),건새우볶음,0.9567333561868252
413,30,쌀밥,김치무국,화양적,건새우볶음,0.956421121252948
423,463,조밥,게장국,화양적,건새우볶음,0.956229272516486
463,826,완두콩밥,당면국(새우),완자전(쇠고기),건새우볶음,0.9555532782013052
494,19,쌀밥,김치무국,완자전(돼지고기),건새우볶음,0.9550852823407848
