,Unnamed: 0,밥,국,메인,서브,유사도
0,615,팥밥,김치국(참치),완자전(쇠고기),건새우볶음,0.9965665350793655
1,968,율무밥,고동국(올갱이국),두부전(돈육),어묵볶음(마늘쫑),0.9950004017691872
2,977,율무밥,고동국(올갱이국),화양적,잔멸치볶음,0.9948271828318672
4,491,콩밥(대두),고동국(올갱이국),완자전(쇠고기),건새우볶음,0.9924871501756894
6,925,율무밥,고동국(올갱이국),완자전(돼지고기),새우볶음,0.9914744614634096
7,467,콩밥(대두),김치무국,쇠고기내장(천엽)전,참치볶음,0.9912704572186752
8,676,팥밥,고동국(올갱이국),돼지고기전,참치볶음(콩나물),0.9912605761459408
12,430,조밥,당면국(양배추),완자전(쇠고기),건새우볶음,0.9903095623093596
15,339,조밥,김치국(참치),완자전(돼지고기),건새우볶음,0.9896731702313348
16,770,완두콩밥,고동국(올갱이국),쇠간전,어묵볶음(마늘쫑),0.9896478548285588
21,429,조밥,당면국,쇠고기내장(천엽)전,건새우볶음,0.9885380011558196
25,256,현미밥,고동국(올갱이국),쇠고기내장(천엽)전,어묵볶음(당근),0.9871806978441552
27,138,쌀밥,무국(새우젓),화양적,건새우볶음,0.9869121194540686
29,461,콩밥(대두),복국(복지리),돼지고기전,건새우볶음,0.9862411800722976
35,805,완두콩밥,당면국(양배추),화양적,건새우볶음,0.9850882567798968
36,804,완두콩밥,당면국(양배추),두부전(돈육),건새우볶음,0.9850882567798968
37,813,녹두밥,복국(복지리),쇠고기내장(천엽)전,오징어채볶음,0.9850371103459656
42,931,율무밥,고동국(올갱이국),쇠고기전,멸치볶음(풋고추&간장),0.9843366198998345
45,577,콩밥(대두),무국(새우젓),쇠고기내장(천엽)전,멸치볶음(풋고추&간장),0.9842005660850744
46,996,율무밥,당면국(새우),화양적,건새우볶음,0.9838025380136278
47,724,팥밥,당면국(새우),쇠고기내장(천엽)전,건새우볶음,0.9835599193622216
61,463,콩밥(대두),복국(복지리),화양적,건새우볶음,0.981296810903424
62,462,콩밥(대두),복국(복지리),두부전(돈육),건새우볶음,0.981296810903424
97,903,율무밥,복국(복지리),쇠고기전,건새우볶음,0.9765136042723709
98,294,현미밥,고동국(올갱이국),떡산적,건새우볶음,0.9765089704782988
107,480,콩밥(대두),김치국(참치),쇠고기내장(천엽)전,멸치볶음(풋고추&간장),0.9754134297313344
118,574,콩밥(대두),무국(새우젓),완자전(돼지고기),건새우볶음,0.9743026196366242
122,563,콩밥(대두),게장국,쇠고기내장(천엽)전,건새우볶음,0.9732867044559814
142,803,완두콩밥,당면국(양배추),쇠고기내장(천엽)전,멸치볶음(풋고추&간장),0.9702038017539651
167,713,팥밥,무국(새우젓),완자전(쇠고기),건새우볶음,0.9677947237131904
168,476,콩밥(대두),김치무국,화양적,건새우볶음,0.9677930105942044
170,460,콩밥(대두),복국(복지리),쇠간전,건새우볶음,0.967725007374744
171,586,팥밥,복국(복지리),완자전(돼지고기),건새우볶음,0.96766313752063
195,308,조밥,복국(복지리),완자전(쇠고기),건새우볶음,0.965651264984672
199,297,현미밥,당면국(양배추),완자전(돼지고기),건새우볶음,0.9653887842189279
217,307,조밥,호박새우젓국,쇠고기내장(천엽)전,건새우볶음,0.9642612336624607
272,619,팥밥,김치국(참치),두부전(돈육),건새우볶음,0.9608050314199714
278,441,조밥,무국(새우젓),두부전(돈육),건새우볶음,0.9606431004375798
281,121,쌀밥,게장국,화양적,건새우볶음,0.9605663394034678
287,465,콩밥(대두),김치무국,완자전(돼지고기),건새우볶음,0.9603490206271004
332,613,팥밥,김치무국,두부전(돈육),건새우볶음,0.9588566510692096
366,474,콩밥(대두),김치무국,돼지고기전,건새우볶음,0.9579598545919428
423,580,콩밥(대두),당면국(새우),완자전(쇠고기),건새우볶음,0.9564881571428352
486,899,녹두밥,당면국(새우),완자전(돼지고기),건새우볶음,0.9549888106775238
495,18,쌀밥,김치무국,완자전(쇠고기),건새우볶음,0.9547827899455908
