,Unnamed: 0,밥,국,메인,서브,유사도
0,726,완두콩밥,고동국(올갱이국),쇠고기내장(천엽)전,새우볶음,0.9969549158866644
1,801,녹두밥,복국(복지리),쇠고기내장(천엽)전,새우볶음,0.9953527387743591
2,585,팥밥,김치무국,쇠고기내장(천엽)전,참치볶음,0.9928408005725472
3,558,콩밥(대두),무국(새우젓),완자전(돼지고기),건새우볶음,0.9923000242680664
4,793,녹두밥,복국(복지리),완자전(돼지고기),건새우볶음,0.9921605751607078
5,922,율무밥,복국(복지리),쇠고기전,건새우볶음,0.9917334796783236
6,530,콩밥(대두),고동국(올갱이국),돼지고기전,잔멸치볶음,0.9912862379291124
7,896,녹두밥,게장국,쇠고기내장(천엽)전,멸치볶음(풋고추&간장),0.99072093872656
8,426,조밥,고동국(올갱이국),두부전(돈육),참치볶음,0.9907039378225766
12,592,팥밥,김치무국,돼지고기전,건새우볶음,0.9886141489106792
13,561,콩밥(대두),무국(새우젓),쇠고기내장(천엽)전,멸치볶음(풋고추&간장),0.9885279115984188
14,273,현미밥,고동국(올갱이국),쇠고기전,건새우볶음,0.9882355600851016
15,134,찰밥,고동국(올갱이국),완자전(쇠고기),잔멸치볶음,0.9879669238089056
19,935,율무밥,복국(복지리),두부전(돈육),건새우볶음,0.9860683643849188
20,934,율무밥,복국(복지리),돼지고기전,건새우볶음,0.9860683643849188
22,959,율무밥,고동국(올갱이국),완자전(돼지고기),건새우볶음,0.9856103417440464
25,651,팥밥,고동국(올갱이국),화양적,잔멸치볶음,0.985206752099854
26,735,완두콩밥,고동국(올갱이국),쇠간전,참치볶음,0.9844819249540294
30,594,팥밥,김치무국,화양적,건새우볶음,0.9836419269074914
40,330,현미밥,당면국,쇠고기내장(천엽)전,건새우볶음,0.9813987988620042
52,490,콩밥(대두),김치국(참치),두부전(돈육),건새우볶음,0.9780921502261074
55,491,콩밥(대두),김치국(참치),화양적,건새우볶음,0.9777090463778226
61,578,팥밥,복국(복지리),쇠간전,건새우볶음,0.9765064364401218
63,656,팥밥,게장국,완자전(쇠고기),건새우볶음,0.9763693688946729
66,939,율무밥,김치국(참치),쇠고기내장(천엽)전,멸치볶음(풋고추&간장),0.9755207772596759
84,108,쌀밥,무국(새우젓),두부전(돈육),건새우볶음,0.9724178446413344
94,214,찰밥,당면국(양배추),완자전(쇠고기),건새우볶음,0.9706106535013715
103,919,율무밥,호박새우젓국,쇠고기내장(천엽)전,건새우볶음,0.9693995231718421
116,100,쌀밥,무국(새우젓),완자전(쇠고기),건새우볶음,0.9683309678708388
127,596,팥밥,김치국(참치),완자전(돼지고기),건새우볶음,0.967143141959948
136,788,완두콩밥,당면국(새우),쇠고기내장(천엽)전,건새우볶음,0.9665189782491759
140,920,율무밥,복국(복지리),완자전(쇠고기),건새우볶음,0.966283253881222
154,556,콩밥(대두),게장국,화양적,건새우볶음,0.9658068694965208
192,899,녹두밥,당면국(양배추),완자전(돼지고기),건새우볶음,0.9632686972310602
197,473,콩밥(대두),김치무국,완자전(쇠고기),건새우볶음,0.9630355536517624
200,563,콩밥(대두),무국(새우젓),화양적,건새우볶음,0.9629155931313425
250,31,쌀밥,김치국(참치),완자전(쇠고기),건새우볶음,0.9604553321071015
273,219,찰밥,당면국(양배추),화양적,건새우볶음,0.9598234010670184
340,912,녹두밥,무국(새우젓),돼지고기전,건새우볶음,0.9581614027927408
354,29,쌀밥,김치무국,두부전(돈육),건새우볶음,0.9578913557072792
373,334,현미밥,당면국(양배추),쇠고기내장(천엽)전,멸치볶음(풋고추&간장),0.957343616821788
377,482,콩밥(대두),김치무국,쇠간전,건새우볶음,0.9572665464156384
400,335,현미밥,당면국(양배추),두부전(돈육),건새우볶음,0.9567234807191028
426,343,현미밥,당면국(새우),완자전(쇠고기),건새우볶음,0.9562380623060248
446,17,쌀밥,복국(복지리),화양적,건새우볶음,0.9558416704246258
