,Unnamed: 0,밥,국,메인,서브,유사도
0,661,팥밥,고동국(올갱이국),완자전(돼지고기),건새우볶음,0.996704286601149
1,735,팥밥,무국(새우젓),쇠고기내장(천엽)전,어묵볶음(마늘쫑),0.9946559618533044
2,530,콩밥(대두),고동국(올갱이국),쇠고기내장(천엽)전,어묵볶음,0.9926141900251282
3,149,찰밥,고동국(올갱이국),완자전(쇠고기),참치볶음,0.9926120932653446
5,503,콩밥(대두),김치국(참치),쇠고기내장(천엽)전,멸치볶음(풋고추&간장),0.9916044426974768
6,727,팥밥,게장국,화양적,건새우볶음,0.9915548871429144
7,98,쌀밥,고동국(올갱이국),두부전(돈육),오징어채볶음,0.9912242554987478
8,851,녹두밥,복국(복지리),돼지고기전,건새우볶음,0.9910501490410586
10,592,콩밥(대두),당면국(양배추),쇠고기내장(천엽)전,건새우볶음,0.9903922301979684
11,805,완두콩밥,고동국(올갱이국),돼지고기전,참치볶음(야채),0.990301597709154
12,362,조밥,김치국(참치),완자전(쇠고기),건새우볶음,0.9900074931445256
13,827,완두콩밥,고동국(올갱이국),화양적,멸치볶음(풋고추&간장),0.9899951347004644
14,352,조밥,김치무국,쇠고기내장(천엽)전,참치볶음,0.9893076576708032
16,460,조밥,무국(새우젓),완자전(돼지고기),건새우볶음,0.9887789519278294
17,946,녹두밥,당면국(새우),화양적,건새우볶음,0.9887603377772743
18,291,현미밥,고동국(올갱이국),쇠간전,멸치볶음(풋고추&간장),0.9881951119829708
22,137,쌀밥,무국(새우젓),화양적,건새우볶음,0.9872537503655616
24,496,콩밥(대두),김치무국,쇠간전,건새우볶음,0.9865796008896116
28,608,팥밥,복국(복지리),쇠고기전,건새우볶음,0.9858922097123184
29,501,콩밥(대두),김치국(참치),완자전(돼지고기),건새우볶음,0.9854846392404812
32,873,녹두밥,고동국(올갱이국),쇠고기전,어묵볶음(마늘쫑),0.9853671883724536
33,749,완두콩밥,복국(복지리),쇠고기내장(천엽)전,북어볶음,0.9851568431297758
35,504,콩밥(대두),김치국(참치),두부전(돈육),건새우볶음,0.9847146679439744
37,593,콩밥(대두),당면국(양배추),두부전(돈육),건새우볶음,0.9845729340130358
42,586,콩밥(대두),게장국,완자전(쇠고기),건새우볶음,0.9830885764112868
43,945,녹두밥,당면국(새우),쇠고기내장(천엽)전,멸치볶음(풋고추&간장),0.9830310658317344
53,497,콩밥(대두),김치무국,돼지고기전,건새우볶음,0.9816261834257288
54,498,콩밥(대두),김치무국,두부전(돈육),건새우볶음,0.9816261834257288
58,588,콩밥(대두),게장국,쇠고기내장(천엽)전,멸치볶음(풋고추&간장),0.980487745607662
68,226,찰밥,당면국,쇠고기내장(천엽)전,건새우볶음,0.9788668507695732
73,729,팥밥,당면국(양배추),완자전(돼지고기),건새우볶음,0.9781944713144972
76,505,콩밥(대두),김치국(참치),화양적,건새우볶음,0.9777767877418938
108,605,팥밥,호박새우젓국,쇠고기내장(천엽)전,건새우볶음,0.9735193419584882
112,235,찰밥,당면국(새우),완자전(쇠고기),건새우볶음,0.9726913727224612
120,619,팥밥,복국(복지리),쇠간전,건새우볶음,0.9717365660895078
165,485,콩밥(대두),복국(복지리),두부전(돈육),건새우볶음,0.9670700208371712
187,488,콩밥(대두),김치무국,완자전(돼지고기),건새우볶음,0.9654405420177719
190,606,팥밥,복국(복지리),완자전(쇠고기),건새우볶음,0.9653411078391548
194,128,쌀밥,무국(새우젓),완자전(쇠고기),건새우볶음,0.9651426321733404
241,585,콩밥(대두),고동국(올갱이국),떡산적,건새우볶음,0.9623845446663708
246,471,콩밥(대두),복국(복지리),완자전(돼지고기),건새우볶음,0.962165984765055
277,487,콩밥(대두),김치무국,완자전(쇠고기),건새우볶음,0.9605363460110369
319,941,녹두밥,무국(새우젓),돼지고기전,건새우볶음,0.9591398583454612
325,319,현미밥,당면국(양배추),완자전(쇠고기),건새우볶음,0.959034618921847
342,741,팥밥,무국(새우젓),두부전(돈육),건새우볶음,0.9585161010549424
370,348,조밥,복국(복지리),화양적,건새우볶음,0.9579186343449064
417,732,팥밥,당면국(양배추),화양적,건새우볶음,0.9566542975372616
488,30,쌀밥,김치무국,화양적,건새우볶음,0.9551926932855568
