,Unnamed: 0,밥,국,메인,서브,유사도
0,940,차조밥,고동국(올갱이국),돼지고기전,멸치볶음(풋고추&간장),0.9964490122737996
1,949,차조밥,고동국(올갱이국),두부전(돈육),건새우볶음,0.9962346359881654
2,908,차조밥,고동국(올갱이국),쇠고기내장(천엽)전,어묵볶음(마늘쫑),0.9930856270783114
4,343,조밥,게장국,쇠고기내장(천엽)전,멸치볶음(풋고추&간장),0.9913164352641108
5,755,율무밥,고동국(올갱이국),완자전(쇠고기),건새우볶음,0.9906518822968784
6,203,현미밥,김치무국,쇠고기내장(천엽)전,건새우볶음,0.9895092180671308
10,165,찰밥,게장국,화양적,건새우볶음,0.9888650588479154
11,856,차조밥,복국(복지리),쇠고기내장(천엽)전,새우볶음,0.9882076217341292
12,150,찰밥,고동국(올갱이국),화양적,어묵볶음(마늘쫑),0.9872802792492624
15,655,녹두밥,고동국(올갱이국),쇠간전,참치볶음(야채),0.9847692776898328
16,574,녹두밥,호박새우젓국,쇠고기내장(천엽)전,건새우볶음,0.9844453656062384
17,568,완두콩밥,무국(새우젓),쇠고기내장(천엽)전,건새우볶음,0.9842435096381784
20,426,팥밥,김치국(참치),쇠고기내장(천엽)전,멸치볶음(풋고추&간장),0.9832010107482424
21,980,차조밥,무국(새우젓),화양적,건새우볶음,0.982792412090814
24,223,현미밥,고동국(올갱이국),완자전(돼지고기),참치볶음(야채),0.9820369490292158
31,849,차조밥,복국(복지리),쇠고기전,건새우볶음,0.9800201460298452
32,848,차조밥,복국(복지리),완자전(돼지고기),건새우볶음,0.9800201460298452
38,374,콩밥(대두),김치무국,두부전(돈육),건새우볶음,0.9782523549011128
39,862,차조밥,복국(복지리),두부전(돈육),건새우볶음,0.9777622042209791
52,359,콩밥(대두),복국(복지리),쇠간전,건새우볶음,0.9755663587145186
54,563,완두콩밥,당면국(양배추),두부전(돈육),건새우볶음,0.9753782553025432
65,327,조밥,김치무국,화양적,건새우볶음,0.9728358546041586
72,423,팥밥,김치국(참치),완자전(쇠고기),건새우볶음,0.9715937972243088
82,712,율무밥,복국(복지리),완자전(쇠고기),건새우볶음,0.9708333667625364
86,464,완두콩밥,김치무국,완자전(돼지고기),건새우볶음,0.9701492595658168
91,293,현미밥,무국(새우젓),완자전(쇠고기),건새우볶음,0.9696852461953824
99,566,완두콩밥,무국(새우젓),완자전(돼지고기),건새우볶음,0.9685849453713888
102,27,쌀밥,김치국(참치),완자전(돼지고기),건새우볶음,0.9680010735124795
119,497,완두콩밥,고동국(올갱이국),쇠고기전,건새우볶음,0.9664610228991596
121,728,율무밥,복국(복지리),화양적,건새우볶음,0.9664209974097108
123,179,찰밥,무국(새우젓),두부전(돈육),건새우볶음,0.9662641301489552
129,166,찰밥,당면국(양배추),완자전(돼지고기),건새우볶음,0.9656316919664144
138,981,차조밥,당면국(새우),화양적,건새우볶음,0.9650719264587432
161,827,율무밥,고동국(올갱이국),떡산적,건새우볶음,0.9635886140984126
185,380,콩밥(대두),김치국(참치),두부전(돈육),건새우볶음,0.9618442816316262
188,602,녹두밥,김치무국,돼지고기전,건새우볶음,0.96174210318851
239,864,차조밥,김치무국,완자전(쇠고기),건새우볶음,0.9602165447099088
242,706,녹두밥,무국(새우젓),돼지고기전,건새우볶음,0.9601464917655612
269,564,완두콩밥,당면국(양배추),화양적,건새우볶음,0.9594697388711536
282,181,찰밥,당면국(새우),쇠고기내장(천엽)전,건새우볶음,0.95905184786507
298,601,녹두밥,김치무국,쇠간전,건새우볶음,0.9586963171895232
299,997,수수찹쌀밥,복국(복지리),돼지고기전,건새우볶음,0.9586915301831752
305,341,조밥,게장국,완자전(쇠고기),건새우볶음,0.9585936732765058
384,182,찰밥,당면국(새우),두부전(돈육),건새우볶음,0.9566824293173506
433,167,찰밥,당면국(양배추),쇠고기내장(천엽)전,건새우볶음,0.9554524946236216
