,Unnamed: 0,밥,국,메인,서브,유사도
0,783,차조밥,김치국(참치),완자전(쇠고기),건새우볶음,0.9966571891463776
1,793,차조밥,고동국(올갱이국),완자전(쇠고기),잔멸치볶음,0.9964353606344316
2,571,녹두밥,고동국(올갱이국),쇠고기내장(천엽)전,멸치볶음(풋고추),0.992885514165934
3,269,현미밥,당면국(양배추),화양적,건새우볶음,0.991560193963948
4,634,율무밥,복국(복지리),쇠고기내장(천엽)전,참치볶음(야채),0.9906834893273327
5,133,찰밥,고동국(올갱이국),두부전(돈육),건새우볶음,0.9897542034973882
6,421,완두콩밥,고동국(올갱이국),완자전(돼지고기),참치볶음,0.9893491733960954
8,715,율무밥,고동국(올갱이국),돼지고기전,건새우볶음,0.9884444036489598
12,871,차조밥,무국(새우젓),쇠고기내장(천엽)전,참치볶음(야채),0.9849506609269264
15,479,완두콩밥,고동국(올갱이국),화양적,잔멸치볶음,0.9844925984520556
18,349,팥밥,김치무국,쇠고기내장(천엽)전,어묵볶음(마늘쫑),0.9834500767024776
21,780,차조밥,김치무국,돼지고기전,건새우볶음,0.9825398241243164
22,150,찰밥,게장국,화양적,건새우볶음,0.9822923083366571
25,629,율무밥,복국(복지리),완자전(돼지고기),건새우볶음,0.98085825029384
26,630,율무밥,복국(복지리),쇠고기전,건새우볶음,0.98085825029384
27,682,율무밥,고동국(올갱이국),쇠고기전,건새우볶음,0.980661325128128
31,500,녹두밥,복국(복지리),완자전(쇠고기),건새우볶음,0.9786087619497096
32,339,콩밥(대두),무국(새우젓),두부전(돈육),건새우볶음,0.9785786500581404
35,767,차조밥,복국(복지리),돼지고기전,건새우볶음,0.9765362724353194
39,283,조밥,복국(복지리),두부전(돈육),건새우볶음,0.9758125974830106
42,766,차조밥,복국(복지리),쇠간전,건새우볶음,0.9753335387024206
63,51,찰밥,복국(복지리),화양적,건새우볶음,0.9714818052202908
65,234,현미밥,고동국(올갱이국),쇠간전,북어볶음,0.9713893098885692
77,742,율무밥,무국(새우젓),완자전(쇠고기),건새우볶음,0.9699150807512787
78,364,팥밥,김치국(참치),화양적,건새우볶음,0.9697312182459554
80,301,조밥,김치국(참치),두부전(돈육),건새우볶음,0.9693273176355024
83,991,수수찹쌀밥,게장국,쇠고기내장(천엽)전,건새우볶음,0.9686670777926536
87,8,쌀밥,김치무국,완자전(돼지고기),건새우볶음,0.9682536487056662
99,406,완두콩밥,김치국(참치),쇠고기내장(천엽)전,건새우볶음,0.9670862400843072
100,499,녹두밥,호박새우젓국,쇠고기내장(천엽)전,건새우볶음,0.9670805192417786
121,617,녹두밥,무국(새우젓),완자전(돼지고기),건새우볶음,0.9654394538085388
131,330,콩밥(대두),김치국(참치),완자전(돼지고기),건새우볶음,0.9646566063780933
152,529,녹두밥,김치무국,화양적,건새우볶음,0.9630805693088386
168,303,조밥,게장국,완자전(쇠고기),건새우볶음,0.9620372505859449
184,17,쌀밥,김치무국,두부전(돈육),건새우볶음,0.9612882440590028
200,517,녹두밥,김치무국,완자전(쇠고기),건새우볶음,0.9608290798030134
216,779,차조밥,김치무국,쇠간전,건새우볶음,0.9604212611942884
327,737,율무밥,고동국(올갱이국),떡산적,건새우볶음,0.9574956115591352
377,33,쌀밥,무국(새우젓),화양적,건새우볶음,0.956379794625204
386,624,녹두밥,무국(새우젓),돼지고기전,건새우볶음,0.9560861949381332
