,Unnamed: 0,밥,국,메인,서브,유사도
0,706,녹두밥,김치국(참치),완자전(돼지고기),건새우볶음,0.9970651707136076
1,587,완두콩밥,고동국(올갱이국),완자전(쇠고기),건새우볶음,0.9929366853875968
2,757,녹두밥,고동국(올갱이국),쇠간전,북어볶음,0.9924859855158178
3,403,콩밥(대두),복국(복지리),완자전(쇠고기),건새우볶음,0.9910843537587024
4,829,율무밥,복국(복지리),두부전(돈육),건새우볶음,0.9906095225518629
5,382,조밥,고동국(올갱이국),두부전(돈육),참치볶음(콩나물),0.9904089079165728
6,266,현미밥,고동국(올갱이국),쇠고기내장(천엽)전,새우볶음,0.9892760652976164
7,959,차조밥,복국(복지리),쇠고기내장(천엽)전,멸치볶음(풋고추&간장),0.9890628352893804
8,595,완두콩밥,고동국(올갱이국),완자전(돼지고기),새우볶음,0.9890145566246368
11,92,찰밥,복국(복지리),돼지고기전,건새우볶음,0.988357581378826
12,943,율무밥,당면국(새우),완자전(돼지고기),건새우볶음,0.9879818233111904
13,207,찰밥,당면국(새우),쇠고기내장(천엽)전,건새우볶음,0.9870498433429432
22,637,완두콩밥,고동국(올갱이국),돼지고기전,멸치볶음(풋고추&간장),0.9840067624263223
30,832,율무밥,김치무국,완자전(돼지고기),건새우볶음,0.9806751690832424
31,358,조밥,김치국(참치),쇠고기내장(천엽)전,건새우볶음,0.9806390516337756
36,933,율무밥,무국(새우젓),완자전(돼지고기),건새우볶음,0.9797887917758984
37,932,율무밥,무국(새우젓),완자전(쇠고기),건새우볶음,0.9797887917758984
40,476,콩밥(대두),무국(새우젓),쇠고기내장(천엽)전,멸치볶음(풋고추&간장),0.9784756154369856
41,664,완두콩밥,당면국(양배추),완자전(쇠고기),건새우볶음,0.9781269451874224
42,478,콩밥(대두),무국(새우젓),화양적,건새우볶음,0.9780947739024218
45,949,차조밥,복국(복지리),쇠고기전,건새우볶음,0.9775522783545204
52,650,완두콩밥,고동국(올갱이국),화양적,참치볶음,0.9767496570144444
57,665,완두콩밥,당면국(양배추),완자전(돼지고기),건새우볶음,0.9757539830779084
67,960,차조밥,복국(복지리),쇠간전,건새우볶음,0.9732670263997186
94,354,조밥,김치무국,두부전(돈육),건새우볶음,0.9694520055363616
96,501,팥밥,김치무국,쇠고기내장(천엽)전,참치볶음(콩나물),0.96923440343809
109,599,완두콩밥,고동국(올갱이국),쇠고기전,어묵볶음(마늘쫑),0.9675046506885114
113,539,팥밥,게장국,쇠고기내장(천엽)전,건새우볶음,0.967117403067934
116,663,완두콩밥,당면국,쇠고기내장(천엽)전,건새우볶음,0.9667653314390092
118,550,팥밥,무국(새우젓),두부전(돈육),건새우볶음,0.9665770637105746
120,209,찰밥,당면국(새우),화양적,건새우볶음,0.9664216920159066
135,839,율무밥,김치국(참치),완자전(쇠고기),건새우볶음,0.965523507075736
137,225,현미밥,복국(복지리),화양적,건새우볶음,0.9653998280223616
144,796,녹두밥,당면국(양배추),두부전(돈육),건새우볶음,0.9649535433875612
164,328,조밥,복국(복지리),완자전(돼지고기),건새우볶음,0.963376940342838
178,66,쌀밥,게장국,화양적,건새우볶음,0.9624730450619032
182,429,콩밥(대두),김치무국,돼지고기전,건새우볶음,0.9622133008795688
184,77,찰밥,호박새우젓국,쇠고기내장(천엽)전,건새우볶음,0.9620111899833326
187,929,율무밥,당면국(양배추),쇠고기내장(천엽)전,건새우볶음,0.9618571193164914
192,660,완두콩밥,게장국,완자전(쇠고기),건새우볶음,0.9616840560914393
218,35,쌀밥,김치국(참치),화양적,건새우볶음,0.9605974482264092
223,202,찰밥,무국(새우젓),돼지고기전,건새우볶음,0.9605207634834566
237,308,현미밥,고동국(올갱이국),떡산적,건새우볶음,0.9602024840386306
305,931,율무밥,당면국(양배추),화양적,건새우볶음,0.9585994423442944
318,343,조밥,김치무국,완자전(쇠고기),건새우볶음,0.9583978809748388
369,942,율무밥,당면국(새우),완자전(쇠고기),건새우볶음,0.9571133710229154
397,436,콩밥(대두),김치국(참치),두부전(돈육),건새우볶음,0.9564842202166098
465,505,팥밥,김치무국,쇠간전,건새우볶음,0.955042037635008
