,Unnamed: 0,밥,국,메인,서브,유사도
0,586,수수찹쌀밥,고동국(올갱이국),화양적,건새우볶음,0.9967700152652278
1,748,검정콩밥,무국(새우젓),완자전(쇠고기),건새우볶음,0.9963872652709032
2,774,찹쌀밥,복국(복지리),돼지고기전,건새우볶음,0.987452455588616
3,921,잡곡밥,게장국,완자전(쇠고기),건새우볶음,0.98564506888045
4,618,차수수밥,김치무국,쇠고기내장(천엽)전,참치볶음,0.9853499484289452
5,649,차수수밥,고동국(올갱이국),쇠간전,참치볶음(야채),0.9852002013271256
6,796,찹쌀밥,고동국(올갱이국),완자전(쇠고기),참치볶음,0.9851555227817498
7,616,차수수밥,김치무국,완자전(돼지고기),건새우볶음,0.9849281600297451
8,400,율무밥,고동국(올갱이국),완자전(돼지고기),건새우볶음,0.9849195146532901
9,809,찹쌀밥,고동국(올갱이국),쇠고기내장(천엽)전,북어볶음,0.9848037184799244
10,595,수수찹쌀밥,무국(새우젓),쇠고기내장(천엽)전,멸치볶음(풋고추&간장),0.9847085943813316
15,549,수수찹쌀밥,김치국(참치),완자전(쇠고기),건새우볶음,0.9806790739597891
16,550,수수찹쌀밥,김치국(참치),완자전(돼지고기),건새우볶음,0.9806790739597891
20,858,잡곡밥,복국(복지리),쇠고기내장(천엽)전,참치볶음(야채),0.9748187368759752
21,884,잡곡밥,김치국(참치),쇠고기내장(천엽)전,멸치볶음(풋고추&간장),0.9748161544359254
28,974,잡곡밥(옥수수),고동국(올갱이국),두부전(돈육),참치볶음(야채),0.9732712218815024
29,451,차조밥,복국(복지리),쇠간전,건새우볶음,0.973131228624402
31,387,율무밥,김치무국,화양적,건새우볶음,0.9725731325507804
37,951,잡곡밥(옥수수),김치무국,완자전(쇠고기),건새우볶음,0.9716484312207468
40,697,검정콩밥,복국(복지리),두부전(돈육),건새우볶음,0.9698978103577848
41,249,완두콩밥,고동국(올갱이국),돼지고기전,건새우볶음,0.9697611534062692
43,92,찰밥,무국(새우젓),돼지고기전,건새우볶음,0.9687839453611397
46,6,쌀밥,김치국(참치),화양적,건새우볶음,0.9686879251270402
50,867,잡곡밥,복국(복지리),화양적,건새우볶음,0.9681951867453059
63,81,찰밥,게장국,쇠고기내장(천엽)전,건새우볶음,0.9669355356959805
64,937,잡곡밥(옥수수),복국(복지리),완자전(쇠고기),건새우볶음,0.9668563645584408
67,275,녹두밥,호박새우젓국,쇠고기내장(천엽)전,건새우볶음,0.9664603631709351
76,440,차조밥,복국(복지리),완자전(돼지고기),건새우볶음,0.9656921762898636
82,522,수수찹쌀밥,복국(복지리),쇠고기전,건새우볶음,0.9651061199510792
83,273,완두콩밥,무국(새우젓),두부전(돈육),건새우볶음,0.965079490257448
85,709,검정콩밥,김치무국,돼지고기전,건새우볶음,0.9649835830341368
86,710,검정콩밥,김치무국,두부전(돈육),건새우볶음,0.9649835830341368
104,269,완두콩밥,무국(새우젓),완자전(돼지고기),건새우볶음,0.9629449613754154
123,991,잡곡밥(옥수수),무국(새우젓),화양적,건새우볶음,0.9616689077359986
125,392,율무밥,김치국(참치),두부전(돈육),건새우볶음,0.9615304824620272
180,384,율무밥,김치무국,쇠간전,건새우볶음,0.9596568545012356
182,83,찰밥,게장국,화양적,건새우볶음,0.9595967051583968
