,Unnamed: 0,밥,국,메인,서브,유사도
0,982,옥수수밥,고동국(올갱이국),완자전(돼지고기),참치볶음(야채),0.9900447596210129
1,629,땅콩밥,게장국,쇠고기내장(천엽)전,건새우볶음,0.9876029954970296
2,645,밤밥,복국(복지리),쇠고기내장(천엽)전,멸치볶음(풋고추&간장),0.9853486187298583
3,652,밤밥,김치무국,쇠고기내장(천엽)전,어묵볶음(마늘쫑),0.984997395925714
4,988,옥수수밥,고동국(올갱이국),쇠간전,참치볶음,0.9837245522688858
5,999,옥수수밥,고동국(올갱이국),화양적,건꼴뚜기볶음,0.9772237081651194
6,773,보리콩밥,무국(새우젓),쇠고기내장(천엽)전,건새우볶음,0.976404993527546
8,690,밤밥,게장국,완자전(쇠고기),건새우볶음,0.9750112349224936
9,379,차수수밥,김치국(참치),두부전(돈육),건새우볶음,0.97450114564755
10,175,녹두밥,김치무국,쇠간전,건새우볶음,0.973777703745246
14,381,차수수밥,고동국(올갱이국),두부전(돈육),참치볶음,0.973331255564564
15,446,검정콩밥,무국(새우젓),두부전(돈육),건새우볶음,0.97302080388404
16,326,수수찹쌀밥,김치무국,두부전(돈육),건새우볶음,0.97276969258358
17,234,율무밥,김치국(참치),화양적,건새우볶음,0.9724792024735548
22,182,녹두밥,김치국(참치),쇠고기내장(천엽)전,멸치볶음(풋고추&간장),0.9703365386742768
26,834,수수밥,호박새우젓국,쇠고기내장(천엽)전,건새우볶음,0.9683412580777782
27,391,차수수밥,게장국,화양적,건새우볶음,0.9680927202734032
29,164,녹두밥,복국(복지리),두부전(돈육),건새우볶음,0.9677150388815486
31,351,차수수밥,복국(복지리),완자전(돼지고기),건새우볶음,0.9674537861638572
33,34,찰밥,고동국(올갱이국),쇠고기내장(천엽)전,참치볶음(콩나물),0.9672153745564598
34,791,보리팥밥,김치무국,돼지고기전,건새우볶음,0.9669368926691522
36,462,찹쌀밥,복국(복지리),돼지고기전,건새우볶음,0.966553499936114
41,412,검정콩밥,김치무국,완자전(쇠고기),건새우볶음,0.9660488858573688
46,70,현미밥,김치무국,완자전(돼지고기),건새우볶음,0.9656937448961408
55,68,현미밥,복국(복지리),화양적,건새우볶음,0.9646192607592547
62,820,보리조밥,김치무국,화양적,건새우볶음,0.9640898782972438
71,408,검정콩밥,복국(복지리),쇠간전,건새우볶음,0.9627025849367143
82,155,녹두밥,복국(복지리),완자전(쇠고기),건새우볶음,0.9620345675719644
93,393,차수수밥,무국(새우젓),완자전(돼지고기),건새우볶음,0.9616725676384262
104,972,옥수수밥,김치국(참치),완자전(쇠고기),건새우볶음,0.9611075782320226
105,888,쑥쌀밥,복국(복지리),쇠고기전,건새우볶음,0.9610946949043856
109,81,현미밥,김치국(참치),완자전(돼지고기),건새우볶음,0.9608169109618432
139,302,차조밥,무국(새우젓),화양적,건새우볶음,0.959660919866346
161,300,차조밥,무국(새우젓),돼지고기전,건새우볶음,0.9590549357662392
194,46,찰밥,무국(새우젓),완자전(쇠고기),건새우볶음,0.9577931106556892
266,979,옥수수밥,고동국(올갱이국),완자전(쇠고기),참치볶음(야채),0.9546694085357436
