,Unnamed: 0,밥,국,메인,서브,유사도
0,865,차조밥,고동국(올갱이국),완자전(돼지고기),참치볶음(콩나물),0.996537115801968
1,875,차조밥,고동국(올갱이국),쇠고기내장(천엽)전,어묵볶음(마늘쫑),0.9963196578530134
3,301,조밥,복국(복지리),완자전(돼지고기),건새우볶음,0.9914192401378202
4,696,율무밥,복국(복지리),쇠고기내장(천엽)전,북어볶음,0.9906669687587188
5,163,찰밥,당면국(양배추),쇠고기내장(천엽)전,건새우볶음,0.98961252646804
7,457,완두콩밥,고동국(올갱이국),완자전(쇠고기),오징어채볶음,0.9892144850569016
8,798,율무밥,고동국(올갱이국),떡산적,건새우볶음,0.9891184068686504
9,788,율무밥,고동국(올갱이국),화양적,오징어채볶음,0.9883075356259672
11,455,완두콩밥,김치국(참치),쇠고기내장(천엽)전,멸치볶음(풋고추&간장),0.9860975151108382
12,587,녹두밥,김치국(참치),두부전(돈육),건새우볶음,0.985181634591308
17,521,완두콩밥,고동국(올갱이국),두부전(돈육),잔멸치볶음,0.9843485039131312
18,899,차조밥,고동국(올갱이국),쇠간전,멸치볶음(풋고추&간장),0.9841731877682524
21,946,차조밥,당면국(새우),화양적,건새우볶음,0.9831127752740006
22,906,차조밥,고동국(올갱이국),돼지고기전,건새우볶음,0.9828922657348608
36,547,완두콩밥,무국(새우젓),쇠고기내장(천엽)전,어묵볶음(마늘쫑),0.9784658740538491
40,688,율무밥,복국(복지리),쇠고기전,건새우볶음,0.9775761448198366
41,412,팥밥,게장국,완자전(쇠고기),건새우볶음,0.9775534287320848
45,685,율무밥,호박새우젓국,쇠고기내장(천엽)전,건새우볶음,0.9767666427158854
47,166,찰밥,무국(새우젓),완자전(쇠고기),건새우볶음,0.9762104423198242
52,316,조밥,김치무국,쇠고기내장(천엽)전,건새우볶음,0.975670156922009
58,541,완두콩밥,게장국,화양적,건새우볶음,0.9744318038653332
64,551,완두콩밥,무국(새우젓),화양적,건새우볶음,0.973184779124
65,286,현미밥,게장국,쇠고기내장(천엽)전,건새우볶음,0.9729467104434564
71,739,율무밥,고동국(올갱이국),쇠고기전,어묵볶음(마늘쫑),0.971975052060895
77,936,차조밥,무국(새우젓),완자전(돼지고기),건새우볶음,0.9712766166783752
94,296,현미밥,무국(새우젓),두부전(돈육),건새우볶음,0.9695592794603614
98,977,수수찹쌀밥,김치국(참치),완자전(쇠고기),건새우볶음,0.9685118298238852
106,404,팥밥,김치국(참치),완자전(돼지고기),건새우볶음,0.9674382486200968
148,704,율무밥,김치무국,완자전(돼지고기),건새우볶음,0.9641239684997492
155,712,율무밥,김치무국,쇠간전,건새우볶음,0.9637627581117388
159,7,쌀밥,복국(복지리),쇠간전,건새우볶음,0.9634305768882164
172,672,녹두밥,당면국(양배추),화양적,건새우볶음,0.9622303716258068
176,450,완두콩밥,김치무국,돼지고기전,건새우볶음,0.9620681270894548
177,543,완두콩밥,당면국(양배추),두부전(돈육),건새우볶음,0.9620044808005396
179,582,녹두밥,김치무국,두부전(돈육),건새우볶음,0.9619518219509736
202,10,쌀밥,김치무국,완자전(쇠고기),건새우볶음,0.9609395060998932
204,568,녹두밥,복국(복지리),돼지고기전,건새우볶음,0.9608834387391506
215,350,콩밥(대두),복국(복지리),화양적,건새우볶음,0.9606729383966732
276,300,조밥,복국(복지리),완자전(쇠고기),건새우볶음,0.9589540815006554
277,349,콩밥(대두),복국(복지리),두부전(돈육),건새우볶음,0.9589307641600876
319,363,콩밥(대두),김치무국,화양적,건새우볶음,0.9580313674390998
369,177,찰밥,당면국(새우),두부전(돈육),건새우볶음,0.9567950368268182
453,369,콩밥(대두),김치국(참치),화양적,건새우볶음,0.9541994092134148
