,Unnamed: 0,밥,국,메인,서브,유사도
0,617,차조밥,게장국,쇠고기내장(천엽)전,건새우볶음,0.9968801581132845
1,626,차조밥,무국(새우젓),쇠고기내장(천엽)전,건새우볶음,0.9966495880400442
2,828,검정콩밥,복국(복지리),쇠고기내장(천엽)전,참치볶음(콩나물),0.996263461686168
3,534,율무밥,무국(새우젓),두부전(돈육),건새우볶음,0.9906993548861448
4,366,녹두밥,김치무국,쇠고기내장(천엽)전,어묵볶음(마늘쫑),0.9896015135000537
5,586,차조밥,고동국(올갱이국),쇠고기내장(천엽)전,북어볶음,0.9891483399499208
7,860,검정콩밥,고동국(올갱이국),완자전(쇠고기),건새우볶음,0.9873372178594492
9,708,수수찹쌀밥,고동국(올갱이국),화양적,북어볶음,0.9850554493498466
15,662,수수찹쌀밥,김치국(참치),완자전(쇠고기),건새우볶음,0.9834732101681748
17,564,차조밥,김치무국,돼지고기전,건새우볶음,0.9809253974349412
18,911,검정콩밥,무국(새우젓),화양적,건새우볶음,0.9807062691711056
19,581,차조밥,고동국(올갱이국),완자전(돼지고기),건새우볶음,0.9805276086042516
22,834,검정콩밥,복국(복지리),쇠간전,건새우볶음,0.97707728191001
23,478,율무밥,김치국(참치),화양적,건새우볶음,0.9764647647833032
24,647,수수찹쌀밥,복국(복지리),두부전(돈육),건새우볶음,0.9758999967501852
25,414,녹두밥,고동국(올갱이국),두부전(돈육),잔멸치볶음,0.9758899240601908
26,942,찹쌀밥,김치무국,화양적,건새우볶음,0.975177888981796
32,909,검정콩밥,무국(새우젓),돼지고기전,건새우볶음,0.9737029525163522
34,982,찹쌀밥,고동국(올갱이국),쇠간전,북어볶음,0.9734685214079266
35,220,조밥,게장국,화양적,건새우볶음,0.9733873710084492
36,30,찰밥,복국(복지리),화양적,건새우볶음,0.9733222456810764
38,941,찹쌀밥,김치무국,두부전(돈육),건새우볶음,0.9731763180940052
40,571,차조밥,김치국(참치),두부전(돈육),건새우볶음,0.972646079844928
46,202,현미밥,무국(새우젓),완자전(돼지고기),건새우볶음,0.9716573474769656
64,431,녹두밥,무국(새우젓),완자전(쇠고기),건새우볶음,0.9682351177465204
67,985,찹쌀밥,고동국(올갱이국),돼지고기전,참치볶음(야채),0.9680561324795964
69,755,차수수밥,김치국(참치),완자전(돼지고기),건새우볶음,0.9677354871682268
74,931,찹쌀밥,김치무국,완자전(돼지고기),건새우볶음,0.9674442078955116
94,738,차수수밥,복국(복지리),돼지고기전,건새우볶음,0.9658411528908859
128,280,완두콩밥,김치국(참치),쇠고기내장(천엽)전,멸치볶음(풋고추&간장),0.9628372014120784
134,443,율무밥,복국(복지리),완자전(쇠고기),건새우볶음,0.9622890762790076
140,847,검정콩밥,김치무국,쇠간전,건새우볶음,0.9621551026472421
143,364,녹두밥,김치무국,완자전(쇠고기),건새우볶음,0.9619326577361954
150,13,찰밥,호박새우젓국,쇠고기내장(천엽)전,건새우볶음,0.9615599688373768
165,15,찰밥,복국(복지리),완자전(돼지고기),건새우볶음,0.9611182266363368
193,16,찰밥,복국(복지리),쇠고기전,건새우볶음,0.9600810854698312
234,806,차수수밥,게장국,완자전(쇠고기),건새우볶음,0.9590557072195804
