,Unnamed: 0,밥,국,메인,서브,유사도
0,57,쌀밥,고동국(올갱이국),쇠고기전,건새우볶음,0.9971362200100291
1,394,조밥,고동국(올갱이국),화양적,멸치볶음(풋고추&간장),0.9969964882635504
2,733,완두콩밥,고동국(올갱이국),쇠간전,어묵볶음(마늘쫑),0.9968382186459184
3,38,쌀밥,고동국(올갱이국),완자전(쇠고기),참치볶음(야채),0.996796515658523
4,408,조밥,무국(새우젓),완자전(돼지고기),건새우볶음,0.9967784324093402
6,253,현미밥,고동국(올갱이국),돼지고기전,잔멸치볶음,0.9966227371643982
7,677,팥밥,당면국,쇠고기내장(천엽)전,건새우볶음,0.9964698047045956
8,478,콩밥(대두),고동국(올갱이국),쇠고기내장(천엽)전,어묵볶음(양파),0.9960310819019844
9,876,율무밥,고동국(올갱이국),완자전(돼지고기),북어볶음,0.9960026845763158
11,275,현미밥,당면국(새우),완자전(쇠고기),건새우볶음,0.9959275998721696
14,441,콩밥(대두),김치무국,쇠고기내장(천엽)전,참치볶음(콩나물),0.9953722482568976
15,690,팥밥,무국(새우젓),쇠고기내장(천엽)전,건새우볶음,0.9952376099327378
16,137,쌀밥,무국(새우젓),화양적,건새우볶음,0.9950786384755128
18,98,쌀밥,고동국(올갱이국),두부전(돈육),참치볶음(야채),0.9949917576351897
20,938,율무밥,당면국(새우),쇠고기내장(천엽)전,건새우볶음,0.9948153851463885
26,283,조밥,복국(복지리),쇠고기내장(천엽)전,어묵볶음(마늘쫑),0.9942638385325384
39,445,콩밥(대두),김치무국,쇠간전,건새우볶음,0.9933898964953848
40,534,콩밥(대두),게장국,쇠고기내장(천엽)전,건새우볶음,0.9932649801369272
54,762,완두콩밥,당면국(양배추),쇠고기내장(천엽)전,건새우볶음,0.9924201664840238
55,436,콩밥(대두),김치무국,완자전(쇠고기),건새우볶음,0.9924011445627952
62,532,콩밥(대두),고동국(올갱이국),떡산적,건새우볶음,0.9921258017365808
74,569,팥밥,복국(복지리),쇠간전,건새우볶음,0.9914039490619351
75,279,조밥,호박새우젓국,쇠고기내장(천엽)전,건새우볶음,0.9913842381367188
92,449,콩밥(대두),김치국(참치),완자전(돼지고기),건새우볶음,0.9906717348175376
118,452,콩밥(대두),김치국(참치),두부전(돈육),건새우볶음,0.9894117052884354
125,929,율무밥,당면국(양배추),완자전(쇠고기),건새우볶음,0.9890669182666466
127,533,콩밥(대두),게장국,완자전(쇠고기),건새우볶음,0.988873232655326
136,447,콩밥(대두),김치무국,두부전(돈육),건새우볶음,0.9885609582077926
144,433,콩밥(대두),복국(복지리),돼지고기전,건새우볶음,0.987997442778157
147,273,현미밥,당면국(양배추),두부전(돈육),건새우볶음,0.9879259103994292
167,136,쌀밥,무국(새우젓),두부전(돈육),건새우볶음,0.9870151431747743
168,761,완두콩밥,당면국(양배추),완자전(돼지고기),건새우볶음,0.9869756308815764
179,676,팥밥,게장국,화양적,건새우볶음,0.9865841550173284
198,298,조밥,김치무국,완자전(돼지고기),건새우볶음,0.9858690425031684
200,588,팥밥,김치국(참치),쇠고기내장(천엽)전,건새우볶음,0.9857813810741208
216,854,녹두밥,당면국(새우),화양적,건새우볶음,0.9854556278655608
218,855,율무밥,복국(복지리),쇠고기전,건새우볶음,0.9854138866567054
227,585,팥밥,김치무국,화양적,건새우볶음,0.9850801812229876
230,765,완두콩밥,당면국(양배추),화양적,건새우볶음,0.9850108337192044
254,280,조밥,복국(복지리),완자전(쇠고기),건새우볶음,0.9841594118081564
289,446,콩밥(대두),김치무국,돼지고기전,건새우볶음,0.9832444350476331
327,571,팥밥,복국(복지리),두부전(돈육),건새우볶음,0.9826890288470236
340,420,콩밥(대두),복국(복지리),완자전(돼지고기),건새우볶음,0.9823446403045676
350,544,콩밥(대두),무국(새우젓),완자전(쇠고기),건새우볶음,0.9821934762189724
488,17,쌀밥,복국(복지리),화양적,건새우볶음,0.9798386878420324
