,Unnamed: 0,밥,국,메인,서브,유사도
0,56,쌀밥,고동국(올갱이국),쇠고기내장(천엽)전,어묵볶음(햄),0.9965080644872236
1,347,콩밥(대두),고동국(올갱이국),완자전(돼지고기),건새우볶음,0.9963572528078628
3,905,잡곡밥(옥수수),고동국(올갱이국),쇠고기전,건새우볶음,0.996344155919054
4,650,율무밥,고동국(올갱이국),돼지고기전,북어볶음,0.9961886878634496
9,424,콩밥(대두),당면국(새우),쇠고기내장(천엽)전,건새우볶음,0.9953772047121692
10,767,차수수밥,고동국(올갱이국),쇠간전,북어볶음,0.9953404407013788
11,786,검정콩밥,고동국(올갱이국),완자전(쇠고기),오징어채볶음,0.995338495834362
13,416,콩밥(대두),당면국(양배추),화양적,건새우볶음,0.9951996984085556
14,85,쌀밥,고동국(올갱이국),두부전(돈육),참치볶음(콩나물),0.995130840419202
15,613,녹두밥,고동국(올갱이국),떡산적,건새우볶음,0.9947482853310924
18,93,쌀밥,고동국(올갱이국),화양적,참치볶음,0.9943633519848191
22,296,조밥,당면국(양배추),두부전(돈육),건새우볶음,0.9941501500513024
31,145,찰밥,당면국,쇠고기내장(천엽)전,건새우볶음,0.9933156057975391
44,421,콩밥(대두),무국(새우젓),쇠고기내장(천엽)전,멸치볶음(풋고추&간장),0.9924325510816772
50,441,팥밥,복국(복지리),쇠간전,건새우볶음,0.992006486402496
53,436,팥밥,복국(복지리),쇠고기내장(천엽)전,잔멸치볶음,0.9919432029529252
56,448,팥밥,김치국(참치),쇠고기내장(천엽)전,멸치볶음(풋고추&간장),0.9918164360668468
60,427,팥밥,호박새우젓국,쇠고기내장(천엽)전,건새우볶음,0.9917358060944376
66,183,현미밥,당면국(새우),완자전(쇠고기),건새우볶음,0.9913422774461532
69,422,콩밥(대두),무국(새우젓),두부전(돈육),건새우볶음,0.9911768091381044
75,542,팥밥,무국(새우젓),완자전(돼지고기),건새우볶음,0.9907048557725948
79,699,차조밥,당면국(양배추),쇠고기내장(천엽)전,건새우볶음,0.9905106644843298
84,445,팥밥,김치무국,쇠고기내장(천엽)전,북어볶음,0.9900839036263904
85,531,팥밥,게장국,완자전(쇠고기),건새우볶음,0.990075226961278
96,442,팥밥,복국(복지리),돼지고기전,건새우볶음,0.9897321284252252
101,943,잡곡밥(옥수수),당면국(새우),화양적,건새우볶음,0.9894198564474296
110,106,쌀밥,당면국(양배추),완자전(쇠고기),건새우볶음,0.9889487293892928
118,663,율무밥,당면국(새우),완자전(돼지고기),건새우볶음,0.9885676751886872
135,104,쌀밥,게장국,쇠고기내장(천엽)전,멸치볶음(풋고추&간장),0.9875329248511951
235,447,팥밥,김치무국,돼지고기전,건새우볶음,0.9837252478150396
261,429,팥밥,복국(복지리),완자전(돼지고기),건새우볶음,0.9830852103352116
268,944,잡곡밥(강남콩),복국(복지리),완자전(쇠고기),건새우볶음,0.9829268203331818
304,417,콩밥(대두),무국(새우젓),완자전(쇠고기),건새우볶음,0.9821587870690244
309,412,콩밥(대두),당면국(양배추),완자전(돼지고기),건새우볶음,0.9820642343232922
470,946,잡곡밥(강남콩),복국(복지리),쇠고기전,건새우볶음,0.9792083813298798
