,Unnamed: 0,밥,국,메인,서브,유사도
0,871,녹두밥,고동국(올갱이국),완자전(돼지고기),새우볶음,0.997413660285804
1,616,팥밥,복국(복지리),쇠간전,건새우볶음,0.9973354228043696
2,262,현미밥,고동국(올갱이국),완자전(쇠고기),멸치볶음(풋고추&간장),0.9971879993340831
3,482,콩밥(대두),복국(복지리),쇠고기내장(천엽)전,참치볶음(콩나물),0.9971266097682838
4,808,완두콩밥,고동국(올갱이국),두부전(돈육),잔멸치볶음,0.9968136668044566
5,564,콩밥(대두),고동국(올갱이국),돼지고기전,북어볶음,0.9966109488706184
8,827,완두콩밥,당면국(양배추),완자전(쇠고기),건새우볶음,0.9956523459197688
10,773,완두콩밥,고동국(올갱이국),쇠고기내장(천엽)전,쥐포볶음,0.9955289329682934
11,556,콩밥(대두),고동국(올갱이국),쇠간전,북어볶음,0.9954747378907552
12,364,조밥,김치무국,완자전(돼지고기),건새우볶음,0.9953465402663484
15,721,팥밥,무국(새우젓),완자전(쇠고기),건새우볶음,0.9947379263818866
16,452,조밥,고동국(올갱이국),화양적,참치볶음(야채),0.9947222443667468
20,618,팥밥,복국(복지리),두부전(돈육),건새우볶음,0.9942890005029285
21,947,녹두밥,무국(새우젓),쇠고기내장(천엽)전,건새우볶음,0.994262113474522
26,630,팥밥,김치무국,돼지고기전,건새우볶음,0.9938590366171698
31,589,콩밥(대두),게장국,완자전(쇠고기),건새우볶음,0.9931530823118928
33,838,완두콩밥,당면국(새우),쇠고기내장(천엽)전,건새우볶음,0.9930700047553912
43,628,팥밥,김치무국,쇠고기내장(천엽)전,멸치볶음(풋고추&간장),0.9926862085286016
58,722,팥밥,무국(새우젓),완자전(돼지고기),건새우볶음,0.991571248174085
66,935,녹두밥,고동국(올갱이국),떡산적,건새우볶음,0.9912438034948796
71,877,녹두밥,고동국(올갱이국),쇠고기전,멸치볶음(풋고추&간장),0.9909706129106228
75,590,콩밥(대두),게장국,쇠고기내장(천엽)전,건새우볶음,0.9909496307098696
100,629,팥밥,김치무국,쇠간전,건새우볶음,0.9892110144916584
104,842,녹두밥,복국(복지리),완자전(돼지고기),건새우볶음,0.9890553739381284
112,637,팥밥,김치국(참치),두부전(돈육),건새우볶음,0.9885141009370584
114,510,콩밥(대두),김치국(참치),화양적,건새우볶음,0.9884552767575072
120,826,완두콩밥,당면국,쇠고기내장(천엽)전,건새우볶음,0.9880512512232308
131,633,팥밥,김치국(참치),완자전(쇠고기),건새우볶음,0.9877117457663522
137,491,콩밥(대두),복국(복지리),화양적,건새우볶음,0.9874882692535631
139,375,조밥,김치무국,화양적,건새우볶음,0.9874169089437398
148,829,완두콩밥,당면국(양배추),쇠고기내장(천엽)전,건새우볶음,0.9871604574517524
154,954,녹두밥,당면국(새우),화양적,건새우볶음,0.9869557138684184
188,593,콩밥(대두),당면국(양배추),화양적,건새우볶음,0.9858164956908724
197,617,팥밥,복국(복지리),돼지고기전,건새우볶음,0.9855863612694749
210,228,찰밥,당면국(양배추),완자전(돼지고기),건새우볶음,0.9852339705092006
215,734,완두콩밥,복국(복지리),쇠고기전,건새우볶음,0.9849277126634765
264,119,쌀밥,게장국,화양적,건새우볶음,0.9836381803921436
282,34,쌀밥,김치국(참치),쇠고기내장(천엽)전,멸치볶음(풋고추&간장),0.9834008688971816
283,620,팥밥,김치무국,완자전(쇠고기),건새우볶음,0.9833995232636288
317,831,완두콩밥,당면국(양배추),두부전(돈육),건새우볶음,0.982852433945954
323,841,녹두밥,복국(복지리),완자전(쇠고기),건새우볶음,0.9827390203432226
443,129,쌀밥,무국(새우젓),두부전(돈육),건새우볶음,0.9809221976970433
