,Unnamed: 0,밥,국,메인,서브,유사도
0,891,녹두밥,고동국(올갱이국),쇠고기내장(천엽)전,건꼴뚜기볶음,0.9974605060351254
1,634,팥밥,김치국(참치),화양적,건새우볶음,0.997380754123372
2,267,현미밥,고동국(올갱이국),완자전(돼지고기),참치볶음(콩나물),0.9972339523516596
3,497,콩밥(대두),김치무국,쇠고기내장(천엽)전,건새우볶음,0.9971535071473192
4,828,완두콩밥,당면국(양배추),두부전(돈육),건새우볶음,0.9968401865373973
5,581,콩밥(대두),고동국(올갱이국),화양적,건꼴뚜기볶음,0.9966581860296772
6,309,현미밥,고동국(올갱이국),두부전(돈육),오징어채볶음,0.9965230728282756
8,138,찰밥,복국(복지리),쇠고기내장(천엽)전,멸치볶음(풋고추&간장),0.9956889595465079
10,792,완두콩밥,고동국(올갱이국),돼지고기전,어묵볶음(마늘쫑),0.9955655923247694
12,374,조밥,김치무국,두부전(돈육),건새우볶음,0.9953921436107176
16,468,조밥,무국(새우젓),쇠고기내장(천엽)전,멸치볶음(풋고추&간장),0.994767948714484
20,636,팥밥,고동국(올갱이국),완자전(쇠고기),오징어채볶음,0.9943356659896752
22,967,율무밥,복국(복지리),두부전(돈육),건새우볶음,0.9942929880520444
27,633,팥밥,김치국(참치),두부전(돈육),건새우볶음,0.9938009711094052
32,596,콩밥(대두),무국(새우젓),화양적,건새우볶음,0.9931266136759642
37,584,콩밥(대두),고동국(올갱이국),떡산적,건새우볶음,0.9929608140828459
38,528,콩밥(대두),고동국(올갱이국),쇠고기전,건새우볶음,0.9928546512033528
53,460,조밥,게장국,쇠고기내장(천엽)전,건새우볶음,0.9919722986104867
59,725,팥밥,무국(새우젓),두부전(돈육),건새우볶음,0.99133095829619
60,718,팥밥,무국(새우젓),완자전(돼지고기),건새우볶음,0.9913248960264444
61,791,완두콩밥,고동국(올갱이국),쇠간전,멸치볶음(풋고추&간장),0.9913027310691702
64,955,율무밥,복국(복지리),완자전(쇠고기),건새우볶음,0.9912690632646132
71,631,팥밥,김치국(참치),쇠고기내장(천엽)전,건새우볶음,0.9909989848364552
73,364,조밥,김치무국,완자전(돼지고기),건새우볶음,0.9907693220843671
79,114,쌀밥,게장국,완자전(쇠고기),건새우볶음,0.990155210818346
82,601,팥밥,복국(복지리),쇠고기전,건새우볶음,0.9901188782003708
142,829,완두콩밥,당면국(양배추),화양적,건새우볶음,0.9872561831367141
144,849,녹두밥,복국(복지리),돼지고기전,건새우볶음,0.9872051599845484
148,372,조밥,김치무국,쇠간전,건새우볶음,0.9870920361178654
149,826,완두콩밥,당면국(양배추),쇠고기내장(천엽)전,건새우볶음,0.9870667573665636
159,834,완두콩밥,당면국(새우),완자전(쇠고기),건새우볶음,0.9867184821009912
160,232,찰밥,무국(새우젓),완자전(쇠고기),건새우볶음,0.9866948030699112
202,344,현미밥,당면국(새우),화양적,건새우볶음,0.9853714472940488
223,729,완두콩밥,복국(복지리),완자전(돼지고기),건새우볶음,0.9846864570194382
245,331,현미밥,당면국(양배추),완자전(쇠고기),건새우볶음,0.9841221788654247
251,330,현미밥,당면국,쇠고기내장(천엽)전,건새우볶음,0.9840106755849758
253,612,팥밥,복국(복지리),쇠간전,건새우볶음,0.9839374683468692
258,363,조밥,김치무국,완자전(쇠고기),건새우볶음,0.9837098857081644
264,628,팥밥,김치무국,화양적,건새우볶음,0.98364882460478
359,238,찰밥,당면국(새우),완자전(돼지고기),건새우볶음,0.9819370667719224
361,630,팥밥,김치국(참치),완자전(돼지고기),건새우볶음,0.9818992369979256
391,825,완두콩밥,당면국(양배추),완자전(돼지고기),건새우볶음,0.9814882659207504
397,117,쌀밥,게장국,화양적,건새우볶음,0.9814471547872736
423,953,녹두밥,당면국(새우),쇠고기내장(천엽)전,멸치볶음(풋고추&간장),0.9811502885166444
438,241,찰밥,당면국(새우),두부전(돈육),건새우볶음,0.9809698452468816
455,489,콩밥(대두),복국(복지리),화양적,건새우볶음,0.980809334012984
461,236,찰밥,무국(새우젓),돼지고기전,건새우볶음,0.980748401669388
469,629,팥밥,김치국(참치),완자전(쇠고기),건새우볶음,0.98063626453254
