,Unnamed: 0,밥,국,메인,서브,유사도
0,57,쌀밥,고동국(올갱이국),쇠고기전,어묵볶음(마늘쫑),0.9972591630884806
1,414,조밥,고동국(올갱이국),화양적,어묵볶음(마늘쫑),0.9971217732078436
2,773,완두콩밥,고동국(올갱이국),쇠간전,어묵볶음(마늘쫑),0.9969656798988442
3,38,쌀밥,고동국(올갱이국),완자전(쇠고기),참치볶음,0.9969232029829668
4,547,콩밥(대두),고동국(올갱이국),두부전(돈육),잔멸치볶음,0.996901066779827
5,430,조밥,당면국,쇠고기내장(천엽)전,건새우볶음,0.9968580722978498
6,257,현미밥,고동국(올갱이국),쇠고기내장(천엽)전,어묵볶음(당근),0.9967480550733442
7,713,팥밥,당면국(양배추),쇠고기내장(천엽)전,멸치볶음(풋고추&간장),0.9965485346014004
8,503,콩밥(대두),고동국(올갱이국),완자전(돼지고기),건새우볶음,0.99615946916998
12,92,쌀밥,고동국(올갱이국),돼지고기전,잔멸치볶음,0.9958861371567151
13,464,콩밥(대두),복국(복지리),두부전(돈육),건새우볶음,0.9954960910627324
15,730,완두콩밥,복국(복지리),쇠고기내장(천엽)전,새우볶음,0.9953312452405404
16,139,쌀밥,당면국(새우),완자전(쇠고기),건새우볶음,0.9952037724504864
22,336,조밥,김치무국,돼지고기전,건새우볶음,0.9949097904268746
26,295,현미밥,고동국(올갱이국),떡산적,건새우볶음,0.9943915269250012
27,608,팥밥,김치무국,쇠고기내장(천엽)전,참치볶음(야채),0.994349167025249
41,431,조밥,당면국(양배추),완자전(쇠고기),건새우볶음,0.9931922617440808
42,994,율무밥,무국(새우젓),쇠고기내장(천엽)전,멸치볶음(풋고추&간장),0.9931844983070376
50,466,콩밥(대두),김치무국,완자전(쇠고기),건새우볶음,0.9925498695782916
51,465,콩밥(대두),복국(복지리),화양적,건새우볶음,0.9925498695782916
59,229,찰밥,당면국(새우),화양적,건새우볶음,0.992313150208366
65,467,콩밥(대두),김치무국,완자전(돼지고기),건새우볶음,0.9919883571645408
74,600,팥밥,복국(복지리),쇠간전,건새우볶음,0.9915239296308191
82,446,조밥,당면국(새우),쇠고기내장(천엽)전,멸치볶음(풋고추&간장),0.9911671761797828
91,991,율무밥,당면국(양배추),두부전(돈육),건새우볶음,0.9907942840930016
104,478,콩밥(대두),김치무국,화양적,건새우볶음,0.9902310659976378
106,225,찰밥,당면국(새우),완자전(돼지고기),건새우볶음,0.9900308080777558
131,477,콩밥(대두),김치무국,두부전(돈육),건새우볶음,0.988798112274538
132,479,콩밥(대두),김치국(참치),완자전(쇠고기),건새우볶음,0.988788631092586
142,566,콩밥(대두),게장국,쇠고기내장(천엽)전,멸치볶음(풋고추&간장),0.988101612003533
151,729,완두콩밥,복국(복지리),쇠고기전,건새우볶음,0.9876503007830796
168,437,조밥,무국(새우젓),완자전(쇠고기),건새우볶음,0.9870379321223006
170,341,조밥,김치국(참치),쇠고기내장(천엽)전,건새우볶음,0.9869765763661974
172,601,팥밥,복국(복지리),돼지고기전,건새우볶음,0.9869247985477354
185,988,율무밥,당면국(양배추),완자전(돼지고기),건새우볶음,0.9864549246566164
191,613,팥밥,김치무국,쇠간전,건새우볶음,0.986187322373024
199,308,조밥,호박새우젓국,쇠고기내장(천엽)전,건새우볶음,0.9859757907366732
220,898,녹두밥,당면국(양배추),화양적,건새우볶음,0.9855443284569164
249,576,콩밥(대두),무국(새우젓),완자전(돼지고기),건새우볶음,0.9844277171126457
294,121,쌀밥,게장국,화양적,건새우볶음,0.9832773909606524
295,443,조밥,무국(새우젓),화양적,건새우볶음,0.9832547291722804
308,705,팥밥,게장국,완자전(쇠고기),건새우볶음,0.9830784337638464
340,724,팥밥,무국(새우젓),두부전(돈육),건새우볶음,0.9825164713239212
378,480,콩밥(대두),김치국(참치),완자전(돼지고기),건새우볶음,0.9818590209085511
411,587,팥밥,복국(복지리),완자전(쇠고기),건새우볶음,0.9810708747969364
