,Unnamed: 0,밥,국,메인,서브,유사도
0,214,현미밥,복국(복지리),쇠고기내장(천엽)전,참치볶음,0.9976611575330702
1,591,완두콩밥,고동국(올갱이국),쇠고기전,멸치볶음(풋고추&간장),0.9970982585209948
2,986,차조밥,고동국(올갱이국),완자전(돼지고기),멸치볶음(풋고추&간장),0.9970863803487198
3,263,현미밥,고동국(올갱이국),쇠고기내장(천엽)전,잔멸치볶음,0.99693761469875
5,753,녹두밥,고동국(올갱이국),돼지고기전,참치볶음(콩나물),0.9958998641196626
8,287,현미밥,고동국(올갱이국),두부전(돈육),오징어채볶음,0.9953247202844422
9,684,녹두밥,복국(복지리),돼지고기전,건새우볶음,0.9952140050750182
10,490,팥밥,김치무국,완자전(쇠고기),건새우볶음,0.9951927463870875
14,929,율무밥,무국(새우젓),쇠고기내장(천엽)전,건새우볶음,0.9947010189113704
15,400,콩밥(대두),복국(복지리),완자전(돼지고기),건새우볶음,0.9945892748187382
20,614,완두콩밥,고동국(올갱이국),쇠간전,참치볶음(야채),0.9934003862160156
21,642,완두콩밥,고동국(올갱이국),화양적,참치볶음(콩나물),0.9931550053110718
27,973,차조밥,고동국(올갱이국),완자전(쇠고기),북어볶음,0.9926546304358748
30,919,율무밥,당면국(양배추),완자전(돼지고기),건새우볶음,0.9926044858930456
32,473,팥밥,호박새우젓국,쇠고기내장(천엽)전,건새우볶음,0.9924609717839572
33,433,콩밥(대두),김치국(참치),화양적,건새우볶음,0.9924065857508836
36,670,녹두밥,복국(복지리),완자전(쇠고기),건새우볶음,0.9921341003666788
41,558,완두콩밥,복국(복지리),두부전(돈육),건새우볶음,0.9917242253017208
47,935,율무밥,당면국(새우),쇠고기내장(천엽)전,건새우볶음,0.9914203162938384
48,936,율무밥,당면국(새우),화양적,건새우볶음,0.9914203162938384
52,354,조밥,김치무국,화양적,건새우볶음,0.9911639302439867
53,566,완두콩밥,김치무국,돼지고기전,건새우볶음,0.9910883505728346
57,922,율무밥,당면국(양배추),화양적,건새우볶음,0.990754070835104
58,65,쌀밥,게장국,화양적,건새우볶음,0.9905645343934582
67,932,율무밥,무국(새우젓),화양적,건새우볶음,0.990108505692897
72,567,완두콩밥,김치국(참치),쇠고기내장(천엽)전,멸치볶음(풋고추&간장),0.9896243376398708
76,489,팥밥,복국(복지리),화양적,건새우볶음,0.9892698229490776
77,388,조밥,게장국,쇠고기내장(천엽)전,건새우볶음,0.9891839013256224
80,428,콩밥(대두),김치국(참치),완자전(쇠고기),건새우볶음,0.9890671172440656
86,656,완두콩밥,당면국(양배추),쇠고기내장(천엽)전,건새우볶음,0.98855779331073
91,418,콩밥(대두),김치무국,쇠고기내장(천엽)전,참치볶음,0.9884142860528884
95,26,쌀밥,김치무국,쇠간전,건새우볶음,0.9881637806668874
111,207,찰밥,당면국(새우),두부전(돈육),건새우볶음,0.9876131645711316
157,696,녹두밥,김치국(참치),완자전(돼지고기),건새우볶음,0.9859416731421736
168,786,녹두밥,당면국(양배추),두부전(돈육),건새우볶음,0.98533655184615
180,74,쌀밥,무국(새우젓),두부전(돈육),건새우볶음,0.9849824023248408
191,79,찰밥,복국(복지리),쇠고기전,건새우볶음,0.9846903127129274
197,432,콩밥(대두),김치국(참치),두부전(돈육),건새우볶음,0.9845168723827092
201,62,쌀밥,게장국,완자전(쇠고기),건새우볶음,0.9844633448612587
207,556,완두콩밥,복국(복지리),쇠간전,건새우볶음,0.9842551001894952
224,28,쌀밥,김치무국,두부전(돈육),건새우볶음,0.9840194365133365
227,688,녹두밥,김치무국,완자전(돼지고기),건새우볶음,0.9839765431451879
228,654,완두콩밥,당면국(양배추),완자전(쇠고기),건새우볶음,0.9839349525344282
252,466,콩밥(대두),무국(새우젓),완자전(쇠고기),건새우볶음,0.9836297572476992
263,924,율무밥,무국(새우젓),완자전(돼지고기),건새우볶음,0.9834034754228608
284,800,녹두밥,당면국(새우),완자전(돼지고기),건새우볶음,0.9830369624686351
289,796,녹두밥,무국(새우젓),돼지고기전,건새우볶음,0.982933929386552
324,933,율무밥,당면국(새우),완자전(쇠고기),건새우볶음,0.9823287656549354
442,779,녹두밥,고동국(올갱이국),떡산적,건새우볶음,0.9808118234071009
