,Unnamed: 0,밥,국,메인,서브,유사도
0,509,녹두밥,무국(새우젓),화양적,건새우볶음,0.9961994940276091
1,650,차조밥,김치국(참치),화양적,건새우볶음,0.9961280689405247
2,829,차수수밥,복국(복지리),쇠고기내장(천엽)전,참치볶음(콩나물),0.9956446637387172
3,319,완두콩밥,김치무국,쇠고기내장(천엽)전,건새우볶음,0.9955921008244332
4,487,녹두밥,고동국(올갱이국),화양적,참치볶음,0.995544018914588
5,604,율무밥,무국(새우젓),완자전(쇠고기),건새우볶음,0.9950717027827994
6,237,조밥,복국(복지리),화양적,건새우볶음,0.9949724608112726
7,704,차조밥,게장국,완자전(쇠고기),건새우볶음,0.9945065694523062
8,542,율무밥,김치국(참치),완자전(돼지고기),건새우볶음,0.9944326700869196
9,672,차조밥,고동국(올갱이국),쇠고기내장(천엽)전,게맛살볶음,0.9944186918040548
10,611,율무밥,무국(새우젓),쇠고기내장(천엽)전,멸치볶음(풋고추&간장),0.9941687372265432
11,892,차수수밥,고동국(올갱이국),돼지고기전,잔멸치볶음,0.9940725136621552
12,998,검정콩밥,고동국(올갱이국),두부전(돈육),오징어채볶음,0.9938801823486542
13,439,녹두밥,김치국(참치),두부전(돈육),건새우볶음,0.9935527994255974
14,497,녹두밥,게장국,쇠고기내장(천엽)전,멸치볶음(풋고추&간장),0.9933098827760832
15,656,차조밥,고동국(올갱이국),완자전(돼지고기),참치볶음,0.993189710279992
16,676,차조밥,고동국(올갱이국),쇠간전,참치볶음(야채),0.9931356483457742
20,758,수수찹쌀밥,고동국(올갱이국),완자전(쇠고기),참치볶음(콩나물),0.99305756605557
23,422,녹두밥,김치무국,완자전(쇠고기),건새우볶음,0.993014443338432
32,34,찰밥,복국(복지리),쇠간전,건새우볶음,0.9917046239230566
33,498,녹두밥,게장국,화양적,건새우볶음,0.9915670286270252
60,721,수수찹쌀밥,복국(복지리),완자전(돼지고기),건새우볶음,0.9893468873265552
64,23,찰밥,복국(복지리),쇠고기전,건새우볶음,0.9891285478796842
65,752,수수찹쌀밥,김치국(참치),쇠고기내장(천엽)전,건새우볶음,0.9890770136422422
81,507,녹두밥,무국(새우젓),돼지고기전,건새우볶음,0.9882990737620552
83,848,차수수밥,김치무국,쇠간전,건새우볶음,0.9882454087265786
106,821,차수수밥,호박새우젓국,쇠고기내장(천엽)전,건새우볶음,0.987372906984788
120,957,검정콩밥,김치무국,두부전(돈육),건새우볶음,0.9868482167844114
134,50,찰밥,김치무국,화양적,건새우볶음,0.9861658373764076
151,511,율무밥,복국(복지리),완자전(쇠고기),건새우볶음,0.9851581937868296
165,265,콩밥(대두),김치무국,돼지고기전,건새우볶음,0.984807949553276
169,36,찰밥,복국(복지리),두부전(돈육),건새우볶음,0.9846569982960264
182,39,찰밥,김치무국,완자전(돼지고기),건새우볶음,0.9844707692183104
216,12,쌀밥,김치국(참치),완자전(쇠고기),건새우볶음,0.9837281599872784
261,717,차조밥,무국(새우젓),두부전(돈육),건새우볶음,0.9828418487794124
324,525,율무밥,복국(복지리),돼지고기전,건새우볶음,0.9822247561888888
407,73,찰밥,고동국(올갱이국),쇠고기전,건새우볶음,0.9804539223570522
