,Unnamed: 0,밥,국,메인,서브,유사도
0,889,녹두밥,고동국(올갱이국),화양적,북어볶음,0.9976331642989252
1,270,현미밥,고동국(올갱이국),완자전(돼지고기),건새우볶음,0.9974032186147992
3,589,팥밥,김치무국,쇠고기내장(천엽)전,건새우볶음,0.9968323363651987
5,134,찰밥,고동국(올갱이국),완자전(쇠고기),참치볶음(콩나물),0.99585797977228
6,847,녹두밥,고동국(올갱이국),쇠고기내장(천엽)전,어묵볶음(햄),0.9958041643261148
7,793,녹두밥,복국(복지리),완자전(돼지고기),건새우볶음,0.9956995428950772
9,582,팥밥,김치무국,완자전(쇠고기),건새우볶음,0.995493756892728
10,337,현미밥,무국(새우젓),완자전(돼지고기),건새우볶음,0.9950604891541504
12,740,완두콩밥,고동국(올갱이국),쇠간전,건새우볶음,0.994938064292897
14,430,조밥,고동국(올갱이국),두부전(돈육),북어볶음,0.9949184305396076
16,864,녹두밥,고동국(올갱이국),돼지고기전,어묵볶음(마늘쫑),0.9944876436372916
28,674,완두콩밥,복국(복지리),쇠고기내장(천엽)전,어묵볶음(마늘쫑),0.9929952991335278
38,490,콩밥(대두),김치국(참치),두부전(돈육),건새우볶음,0.9922068777067401
39,453,조밥,무국(새우젓),두부전(돈육),건새우볶음,0.9921525583408602
43,686,완두콩밥,복국(복지리),두부전(돈육),건새우볶음,0.9918793094951848
46,450,조밥,무국(새우젓),쇠고기내장(천엽)전,어묵볶음(마늘쫑),0.991677570701482
49,792,녹두밥,복국(복지리),완자전(쇠고기),건새우볶음,0.991463823115618
50,557,콩밥(대두),무국(새우젓),완자전(쇠고기),건새우볶음,0.9914622115122488
56,895,녹두밥,게장국,쇠고기내장(천엽)전,멸치볶음(풋고추&간장),0.9911832279454093
66,673,완두콩밥,복국(복지리),쇠고기전,건새우볶음,0.9906697494287222
68,110,쌀밥,무국(새우젓),화양적,건새우볶음,0.990317634595862
75,600,팥밥,김치국(참치),화양적,건새우볶음,0.9901707232687572
80,581,팥밥,복국(복지리),화양적,건새우볶음,0.9898222655660738
94,660,팥밥,게장국,화양적,건새우볶음,0.9887148367734686
102,598,팥밥,김치국(참치),쇠고기내장(천엽)전,멸치볶음(풋고추&간장),0.988214254401678
112,917,녹두밥,당면국(새우),화양적,건새우볶음,0.9878947210108718
113,916,녹두밥,당면국(새우),쇠고기내장(천엽)전,멸치볶음(풋고추&간장),0.9878947210108718
122,346,조밥,호박새우젓국,쇠고기내장(천엽)전,건새우볶음,0.9875663074395048
123,896,녹두밥,당면국,쇠고기내장(천엽)전,건새우볶음,0.98755120909201
138,483,콩밥(대두),김치무국,돼지고기전,건새우볶음,0.9870447775273556
140,893,녹두밥,고동국(올갱이국),떡산적,건새우볶음,0.9869318352393036
142,833,녹두밥,고동국(올갱이국),쇠고기전,어묵볶음(마늘쫑),0.9868855544167616
170,684,완두콩밥,복국(복지리),쇠간전,건새우볶음,0.9858697768335388
171,485,콩밥(대두),김치무국,화양적,건새우볶음,0.9858670243236864
189,231,찰밥,당면국(새우),완자전(쇠고기),건새우볶음,0.985461295511916
200,595,팥밥,김치국(참치),완자전(쇠고기),건새우볶음,0.984980125564764
209,482,콩밥(대두),김치무국,쇠간전,건새우볶음,0.9847044981135398
222,553,콩밥(대두),게장국,완자전(쇠고기),건새우볶음,0.9843715227291427
224,217,찰밥,당면국(양배추),쇠고기내장(천엽)전,건새우볶음,0.9843258499898064
241,779,완두콩밥,당면국(양배추),두부전(돈육),건새우볶음,0.9838585870073764
259,32,쌀밥,김치국(참치),완자전(돼지고기),건새우볶음,0.9836233590507304
273,579,팥밥,복국(복지리),돼지고기전,건새우볶음,0.9834920294614125
291,593,팥밥,김치무국,두부전(돈육),건새우볶음,0.9830961814761064
314,898,녹두밥,당면국(양배추),완자전(돼지고기),건새우볶음,0.9827438655197356
330,780,완두콩밥,당면국(양배추),화양적,건새우볶음,0.9823480619532724
348,775,완두콩밥,당면국(양배추),완자전(쇠고기),건새우볶음,0.9820570307447412
