,Unnamed: 0,밥,국,메인,서브,유사도
0,179,찰밥,무국(새우젓),쇠고기내장(천엽)전,참치볶음(콩나물),0.9977549246706534
1,549,완두콩밥,고동국(올갱이국),돼지고기전,어묵볶음(마늘쫑),0.9971951206742372
2,225,현미밥,고동국(올갱이국),완자전(돼지고기),어묵볶음(마늘쫑),0.9970283471892154
3,702,녹두밥,고동국(올갱이국),화양적,어묵볶음(마늘쫑),0.99597132922898
5,948,차조밥,고동국(올갱이국),쇠간전,참치볶음,0.995856157882672
6,985,차조밥,게장국,완자전(쇠고기),건새우볶음,0.9958360519617232
7,250,현미밥,고동국(올갱이국),쇠고기내장(천엽)전,북어볶음,0.9954209384588408
9,635,녹두밥,고동국(올갱이국),완자전(쇠고기),참치볶음(야채),0.9953020128032508
12,589,완두콩밥,무국(새우젓),완자전(돼지고기),건새우볶음,0.9948656218379184
13,883,차조밥,복국(복지리),쇠간전,건새우볶음,0.9947879736211408
14,366,콩밥(대두),복국(복지리),쇠고기내장(천엽)전,참치볶음(콩나물),0.9946789555712484
15,765,율무밥,김치국(참치),완자전(돼지고기),건새우볶음,0.9944820433608106
16,892,차조밥,김치무국,쇠고기내장(천엽)전,참치볶음(콩나물),0.994219763999391
21,596,완두콩밥,당면국(새우),쇠고기내장(천엽)전,건새우볶음,0.9932478633067452
25,968,차조밥,고동국(올갱이국),두부전(돈육),잔멸치볶음,0.992968758224586
32,437,팥밥,김치무국,쇠간전,건새우볶음,0.9925532818884348
34,443,팥밥,김치국(참치),쇠고기내장(천엽)전,건새우볶음,0.9924896616522848
35,235,현미밥,고동국(올갱이국),쇠고기전,건새우볶음,0.9924766454266376
44,206,현미밥,김치무국,완자전(쇠고기),건새우볶음,0.9915772046075791
48,320,조밥,복국(복지리),화양적,건새우볶음,0.9912499267977636
52,578,완두콩밥,고동국(올갱이국),떡산적,건새우볶음,0.9909687341182938
69,375,콩밥(대두),김치무국,완자전(돼지고기),건새우볶음,0.9897784444487536
71,597,완두콩밥,당면국(새우),화양적,건새우볶음,0.9895109872548448
72,763,율무밥,김치무국,두부전(돈육),건새우볶음,0.9894024824022408
74,354,조밥,무국(새우젓),완자전(쇠고기),건새우볶음,0.989277761449806
81,31,쌀밥,김치국(참치),화양적,건새우볶음,0.9886633707628544
86,467,팥밥,무국(새우젓),화양적,건새우볶음,0.9885223673652772
89,171,찰밥,당면국(양배추),쇠고기내장(천엽)전,건새우볶음,0.988337216282437
90,601,녹두밥,복국(복지리),쇠고기전,건새우볶음,0.9882630407537876
99,352,조밥,게장국,쇠고기내장(천엽)전,멸치볶음(풋고추&간장),0.987985283897712
101,80,찰밥,김치국(참치),완자전(쇠고기),건새우볶음,0.9879468478870248
106,172,찰밥,당면국(양배추),두부전(돈육),건새우볶음,0.9877061656272412
108,333,조밥,김치무국,화양적,건새우볶음,0.9876382109016364
113,897,차조밥,김치무국,돼지고기전,건새우볶음,0.9874216760693928
120,991,차조밥,당면국(양배추),화양적,건새우볶음,0.9872025866632552
123,593,완두콩밥,무국(새우젓),두부전(돈육),건새우볶음,0.9871516446062758
135,188,찰밥,당면국(새우),두부전(돈육),건새우볶음,0.9867419183491069
137,182,찰밥,무국(새우젓),돼지고기전,건새우볶음,0.9867003432622248
154,204,현미밥,복국(복지리),두부전(돈육),건새우볶음,0.9860414927126996
162,425,팥밥,복국(복지리),돼지고기전,건새우볶음,0.9858169891424652
164,736,율무밥,복국(복지리),완자전(돼지고기),건새우볶음,0.9854254011717702
176,416,팥밥,복국(복지리),완자전(쇠고기),건새우볶음,0.9850133396946604
203,582,완두콩밥,게장국,화양적,건새우볶음,0.9843044923525082
258,186,찰밥,당면국(새우),완자전(돼지고기),건새우볶음,0.9834881020391574
271,305,현미밥,당면국(새우),완자전(쇠고기),건새우볶음,0.9832359384393938
336,190,현미밥,호박새우젓국,쇠고기내장(천엽)전,건새우볶음,0.9822006157163232
414,583,완두콩밥,당면국(양배추),완자전(쇠고기),건새우볶음,0.9811577652249256
456,170,찰밥,당면국(양배추),완자전(돼지고기),건새우볶음,0.9803951874583958
