,Unnamed: 0,밥,국,메인,서브,유사도
0,138,찰밥,고동국(올갱이국),화양적,참치볶음(야채),0.9972132773543236
1,572,녹두밥,고동국(올갱이국),쇠고기내장(천엽)전,멸치볶음,0.9961145116659084
2,768,차조밥,복국(복지리),쇠간전,건새우볶음,0.9960289848841204
3,160,찰밥,무국(새우젓),돼지고기전,건새우볶음,0.9956177772061334
4,360,팥밥,김치국(참치),완자전(돼지고기),건새우볶음,0.9954762793869312
5,541,녹두밥,고동국(올갱이국),완자전(쇠고기),북어볶음,0.9954380597799845
6,708,율무밥,고동국(올갱이국),쇠간전,멸치볶음(풋고추&간장),0.9949647421609846
7,273,현미밥,무국(새우젓),쇠고기내장(천엽)전,건새우볶음,0.9948616338230108
9,847,차조밥,고동국(올갱이국),두부전(돈육),참치볶음(야채),0.9944108054695128
10,802,차조밥,고동국(올갱이국),완자전(돼지고기),참치볶음,0.9943108887159808
11,716,율무밥,고동국(올갱이국),돼지고기전,멸치볶음(풋고추&간장),0.9941941474554938
13,487,완두콩밥,게장국,쇠고기내장(천엽)전,건새우볶음,0.9934374447487152
17,777,차조밥,김치무국,쇠고기내장(천엽)전,참치볶음(콩나물),0.9931075642790624
20,917,수수찹쌀밥,김치국(참치),두부전(돈육),건새우볶음,0.992951994709552
22,738,율무밥,고동국(올갱이국),떡산적,건새우볶음,0.9929301391334932
23,770,차조밥,복국(복지리),두부전(돈육),건새우볶음,0.9929096233360558
26,341,팥밥,호박새우젓국,쇠고기내장(천엽)전,건새우볶음,0.9927416839972903
27,303,조밥,게장국,완자전(쇠고기),건새우볶음,0.9926872178871724
28,348,팥밥,김치무국,완자전(돼지고기),건새우볶음,0.9926797890447938
30,508,녹두밥,복국(복지리),쇠고기내장(천엽)전,잔멸치볶음,0.9924156774589876
32,532,녹두밥,김치국(참치),쇠고기내장(천엽)전,건새우볶음,0.992034851960635
51,755,차조밥,복국(복지리),완자전(쇠고기),건새우볶음,0.9904500127179948
56,428,완두콩밥,고동국(올갱이국),쇠고기전,건새우볶음,0.9898806532275516
59,359,팥밥,김치국(참치),완자전(쇠고기),건새우볶음,0.9895655445656919
60,617,녹두밥,무국(새우젓),완자전(돼지고기),건새우볶음,0.9895088434664762
68,32,쌀밥,무국(새우젓),두부전(돈육),건새우볶음,0.9890071521507656
70,7,쌀밥,김치무국,완자전(쇠고기),건새우볶음,0.9888599489683864
71,498,완두콩밥,당면국(새우),화양적,건새우볶음,0.9888409378814624
72,642,율무밥,복국(복지리),돼지고기전,건새우볶음,0.9887669516098904
83,502,녹두밥,복국(복지리),쇠고기전,건새우볶음,0.9882224905815852
114,526,녹두밥,김치무국,쇠간전,건새우볶음,0.9872402781809642
127,753,율무밥,무국(새우젓),화양적,건새우볶음,0.986820394001912
137,337,콩밥(대두),게장국,화양적,건새우볶음,0.9864087221785244
148,328,콩밥(대두),김치무국,화양적,건새우볶음,0.985945588831352
174,17,쌀밥,김치무국,두부전(돈육),건새우볶음,0.9847524907663848
176,302,조밥,김치국(참치),화양적,건새우볶음,0.9847255240475852
194,51,찰밥,복국(복지리),화양적,건새우볶음,0.9843454936323559
211,743,율무밥,당면국(양배추),화양적,건새우볶음,0.9840931117428874
223,356,팥밥,김치무국,돼지고기전,건새우볶음,0.9838996583799088
271,871,차조밥,무국(새우젓),완자전(쇠고기),건새우볶음,0.9830222244759652
311,166,현미밥,복국(복지리),완자전(돼지고기),건새우볶음,0.982386911308468
