,Unnamed: 0,밥,국,메인,서브,유사도
0,818,옥수수밥,무국(새우젓),완자전(쇠고기),건새우볶음,0.9976417114819316
1,829,고구마밥,복국(복지리),쇠고기내장(천엽)전,참치볶음(콩나물),0.9961997672638306
2,849,고구마밥,김치국(참치),완자전(쇠고기),건새우볶음,0.9960047200686536
4,852,고구마밥,김치국(참치),쇠고기내장(천엽)전,멸치볶음(풋고추&간장),0.9940671535257256
5,866,고구마밥,무국(새우젓),화양적,건새우볶음,0.9938506589080012
7,871,영양밥(돌솥밥),김치무국,화양적,건새우볶음,0.993420615373879
8,868,영양밥(돌솥밥),김치무국,쇠고기내장(천엽)전,참치볶음(야채),0.9933573100512946
10,826,고구마밥,복국(복지리),완자전(돼지고기),건새우볶음,0.9932643653032248
12,850,고구마밥,김치국(참치),완자전(돼지고기),건새우볶음,0.9932148080288372
13,674,보리조밥,김치국(참치),화양적,건새우볶음,0.9931300680822256
14,861,고구마밥,게장국,화양적,건새우볶음,0.992936625336124
17,327,차수수밥,무국(새우젓),완자전(돼지고기),건새우볶음,0.9924803920391572
18,824,고구마밥,호박새우젓국,쇠고기내장(천엽)전,건새우볶음,0.992451432906728
22,13,찰밥,김치무국,완자전(돼지고기),건새우볶음,0.9920320296241828
25,845,고구마밥,김치무국,쇠간전,건새우볶음,0.9918068647717724
31,407,찹쌀밥,고동국(올갱이국),두부전(돈육),참치볶음,0.9909331091157156
32,856,고구마밥,고동국(올갱이국),화양적,참치볶음(야채),0.99078936770766
37,870,영양밥(돌솥밥),김치무국,두부전(돈육),건새우볶음,0.9896965929886108
39,603,보리밥,게장국,쇠고기내장(천엽)전,건새우볶음,0.9887019485200802
41,341,검정콩밥,복국(복지리),화양적,건새우볶음,0.9886552215104032
46,836,고구마밥,김치무국,완자전(쇠고기),건새우볶음,0.9883143783365056
48,853,고구마밥,김치국(참치),두부전(돈육),건새우볶음,0.98811309659071
49,833,고구마밥,복국(복지리),돼지고기전,건새우볶음,0.988077989950732
57,323,차수수밥,게장국,완자전(쇠고기),건새우볶음,0.9874483688210636
61,549,밤밥,김치무국,돼지고기전,건새우볶음,0.9872107534714668
62,44,찰밥,무국(새우젓),돼지고기전,건새우볶음,0.9870751491250568
63,259,수수찹쌀밥,복국(복지리),두부전(돈육),건새우볶음,0.986913716123432
64,8,찰밥,복국(복지리),쇠간전,건새우볶음,0.986890024885086
67,864,고구마밥,무국(새우젓),쇠고기내장(천엽)전,건새우볶음,0.986818599290196
181,822,옥수수밥,무국(새우젓),두부전(돈육),건새우볶음,0.9823299925123876
220,48,현미밥,복국(복지리),완자전(쇠고기),건새우볶음,0.9808562246087104
226,802,옥수수밥,고동국(올갱이국),쇠고기내장(천엽)전,참치볶음,0.9807066683387244
