,Unnamed: 0,밥,국,메인,서브,유사도
0,554,수수찹쌀밥,복국(복지리),쇠고기전,건새우볶음,0.9951831708105836
1,619,수수찹쌀밥,고동국(올갱이국),화양적,참치볶음(콩나물),0.9946055245691028
2,752,검정콩밥,김치국(참치),완자전(쇠고기),건새우볶음,0.9941597993690966
3,558,수수찹쌀밥,복국(복지리),쇠고기내장(천엽)전,참치볶음(야채),0.994132225845871
4,833,찹쌀밥,김치무국,쇠고기내장(천엽)전,멸치볶음(풋고추&간장),0.9940011556304544
5,413,율무밥,김치국(참치),쇠고기내장(천엽)전,멸치볶음(풋고추&간장),0.9936736641438758
6,467,차조밥,복국(복지리),완자전(돼지고기),건새우볶음,0.9934322570893499
7,936,잡곡밥,김치국(참치),완자전(돼지고기),건새우볶음,0.9933018465384036
8,589,수수찹쌀밥,고동국(올갱이국),완자전(쇠고기),참치볶음(콩나물),0.9932734516221194
9,602,수수찹쌀밥,고동국(올갱이국),쇠간전,참치볶음,0.9932462339923579
12,806,검정콩밥,무국(새우젓),화양적,건새우볶음,0.993176223315956
13,652,차수수밥,김치무국,완자전(쇠고기),건새우볶음,0.9931674973305976
17,548,차조밥,무국(새우젓),돼지고기전,건새우볶음,0.9931086963259236
20,625,수수찹쌀밥,게장국,쇠고기내장(천엽)전,건새우볶음,0.9924520560498028
21,735,검정콩밥,복국(복지리),쇠간전,건새우볶음,0.9923980803270572
22,451,율무밥,게장국,완자전(쇠고기),건새우볶음,0.9922728918524106
24,93,찰밥,무국(새우젓),쇠고기내장(천엽)전,참치볶음(야채),0.9920110584285085
25,28,찰밥,김치무국,완자전(돼지고기),건새우볶음,0.9918257863271648
26,857,찹쌀밥,고동국(올갱이국),쇠고기내장(천엽)전,잔멸치볶음,0.9917994517669038
32,396,율무밥,복국(복지리),화양적,건새우볶음,0.9913730203676432
33,552,수수찹쌀밥,복국(복지리),완자전(쇠고기),건새우볶음,0.9912959439591644
36,765,검정콩밥,고동국(올갱이국),완자전(돼지고기),건새우볶음,0.9909287369887191
38,579,수수찹쌀밥,김치무국,두부전(돈육),건새우볶음,0.9907068014208004
50,782,검정콩밥,고동국(올갱이국),두부전(돈육),건새우볶음,0.9890616042971307
53,894,찹쌀밥,게장국,화양적,건새우볶음,0.9887774869777624
55,903,찹쌀밥,무국(새우젓),두부전(돈육),건새우볶음,0.9885229827776448
67,984,잡곡밥,무국(새우젓),완자전(돼지고기),건새우볶음,0.9879723709364188
74,919,잡곡밥,복국(복지리),돼지고기전,건새우볶음,0.9876580522742232
75,491,차조밥,김치무국,쇠간전,건새우볶음,0.9876570064752328
82,835,찹쌀밥,김치무국,돼지고기전,건새우볶음,0.9874198808690428
85,436,율무밥,고동국(올갱이국),돼지고기전,참치볶음(콩나물),0.9871430817570293
93,586,수수찹쌀밥,김치국(참치),화양적,건새우볶음,0.9868652383089884
104,44,찰밥,김치국(참치),두부전(돈육),건새우볶음,0.98629820593649
110,566,수수찹쌀밥,복국(복지리),두부전(돈육),건새우볶음,0.9859510056038716
129,380,율무밥,호박새우젓국,쇠고기내장(천엽)전,건새우볶음,0.9850453786648689
136,664,차수수밥,김치무국,화양적,건새우볶음,0.9848055176937056
180,983,잡곡밥,무국(새우젓),완자전(쇠고기),건새우볶음,0.9839389634941984
