,Unnamed: 0,밥,국,메인,서브,유사도
0,853,보리콩밥,무국(새우젓),쇠고기내장(천엽)전,참치볶음(콩나물),0.9936945661974091
1,399,차수수밥,김치무국,쇠고기내장(천엽)전,어묵볶음(마늘쫑),0.9935649397537408
2,668,땅콩밥,복국(복지리),완자전(쇠고기),건새우볶음,0.9933525389354428
3,656,잡곡밥(옥수수),무국(새우젓),완자전(돼지고기),건새우볶음,0.9932943814305218
4,340,수수찹쌀밥,복국(복지리),쇠고기내장(천엽)전,잔멸치볶음,0.9932637386132176
9,17,찰밥,김치무국,완자전(쇠고기),건새우볶음,0.9919570646838636
10,777,보리밥,호박새우젓국,쇠고기내장(천엽)전,건새우볶음,0.991955612935403
11,685,땅콩밥,김치무국,화양적,건새우볶음,0.9919194857857294
12,686,땅콩밥,김치국(참치),쇠고기내장(천엽)전,건새우볶음,0.9919194857857294
20,769,밤밥,게장국,화양적,건새우볶음,0.9910791912535774
21,770,밤밥,무국(새우젓),완자전(쇠고기),건새우볶음,0.9910791912535774
22,165,완두콩밥,게장국,쇠고기내장(천엽)전,멸치볶음(풋고추&간장),0.9908584655784359
23,487,검정콩밥,무국(새우젓),돼지고기전,건새우볶음,0.9908504953355638
25,184,녹두밥,복국(복지리),두부전(돈육),건새우볶음,0.9898418992582076
37,36,찰밥,고동국(올갱이국),쇠고기내장(천엽)전,참치볶음,0.9878022001045216
39,758,밤밥,고동국(올갱이국),두부전(돈육),건새우볶음,0.9877788608939456
43,474,검정콩밥,고동국(올갱이국),화양적,참치볶음(야채),0.987575519249584
45,382,수수찹쌀밥,무국(새우젓),두부전(돈육),건새우볶음,0.9874181276421856
52,310,차조밥,김치국(참치),두부전(돈육),건새우볶음,0.9868418931439338
55,74,현미밥,복국(복지리),돼지고기전,건새우볶음,0.9867843123790132
63,809,보리밥,게장국,완자전(쇠고기),건새우볶음,0.9862145951123066
66,999,쑥쌀밥,김치무국,쇠간전,건새우볶음,0.9860886721344376
68,27,찰밥,김치무국,돼지고기전,건새우볶음,0.985903388721198
69,741,밤밥,고동국(올갱이국),완자전(돼지고기),참치볶음(야채),0.9856580923714484
70,226,녹두밥,무국(새우젓),화양적,건새우볶음,0.9855457386979808
71,253,율무밥,김치국(참치),완자전(쇠고기),건새우볶음,0.9854938478091372
88,865,보리팥밥,김치무국,완자전(돼지고기),건새우볶음,0.9849747276331968
92,76,현미밥,복국(복지리),화양적,건새우볶음,0.9849157543566764
104,462,검정콩밥,김치무국,두부전(돈육),건새우볶음,0.9845649489266396
107,0,쌀밥,김치국(참치),화양적,건새우볶음,0.9845159309050489
116,732,밤밥,김치국(참치),완자전(돼지고기),건새우볶음,0.9842936223278294
121,4,찰밥,복국(복지리),쇠고기전,건새우볶음,0.9842424304215024
169,289,차조밥,복국(복지리),쇠간전,건새우볶음,0.9831812802544918
258,118,완두콩밥,복국(복지리),완자전(돼지고기),건새우볶음,0.9810479034558134
307,738,밤밥,고동국(올갱이국),완자전(쇠고기),참치볶음(야채),0.9798248981972096
336,749,밤밥,고동국(올갱이국),쇠간전,참치볶음,0.979288106526288
429,540,찹쌀밥,고동국(올갱이국),돼지고기전,참치볶음(야채),0.9777035272519914
