,Unnamed: 0,밥,국,메인,서브,유사도
0,612,차조밥,고동국(올갱이국),화양적,오징어채볶음,0.9961715554245014
1,577,차조밥,고동국(올갱이국),완자전(쇠고기),참치볶음,0.9951188328947826
2,652,수수찹쌀밥,복국(복지리),두부전(돈육),건새우볶음,0.9945485249095841
4,581,차조밥,고동국(올갱이국),완자전(돼지고기),참치볶음,0.9941546771908452
8,480,율무밥,김치국(참치),두부전(돈육),건새우볶음,0.9933615207781386
10,631,차조밥,무국(새우젓),쇠고기내장(천엽)전,건새우볶음,0.9931824115746518
11,889,검정콩밥,고동국(올갱이국),두부전(돈육),참치볶음(콩나물),0.9931700799709764
12,657,수수찹쌀밥,김치무국,쇠고기내장(천엽)전,참치볶음,0.993151970325595
14,694,수수찹쌀밥,고동국(올갱이국),쇠간전,참치볶음(콩나물),0.993104058621573
16,594,차조밥,고동국(올갱이국),쇠고기내장(천엽)전,멸치볶음,0.9930919811881156
17,408,녹두밥,고동국(올갱이국),돼지고기전,참치볶음,0.993064984172124
18,571,차조밥,김치국(참치),완자전(쇠고기),건새우볶음,0.9930410177432228
20,932,찹쌀밥,복국(복지리),쇠간전,건새우볶음,0.9927403446712769
21,443,녹두밥,무국(새우젓),두부전(돈육),건새우볶음,0.9925815007923124
25,464,율무밥,김치무국,완자전(돼지고기),건새우볶음,0.9922024729499364
27,905,검정콩밥,게장국,쇠고기내장(천엽)전,멸치볶음(풋고추&간장),0.9920019581892754
30,31,찰밥,김치무국,완자전(쇠고기),건새우볶음,0.9917557591279828
31,929,찹쌀밥,복국(복지리),쇠고기내장(천엽)전,북어볶음,0.991735045446352
33,481,율무밥,김치국(참치),화양적,건새우볶음,0.9916162882847408
34,843,검정콩밥,복국(복지리),화양적,건새우볶음,0.9915856844338341
35,214,조밥,김치무국,두부전(돈육),건새우볶음,0.9915264194603148
43,202,현미밥,무국(새우젓),완자전(쇠고기),건새우볶음,0.990657374149198
48,860,검정콩밥,김치국(참치),쇠고기내장(천엽)전,멸치볶음(풋고추&간장),0.9899786790363978
50,221,조밥,게장국,화양적,건새우볶음,0.9896381121386748
52,757,차수수밥,김치무국,돼지고기전,건새우볶음,0.989422328154083
54,638,수수찹쌀밥,복국(복지리),완자전(돼지고기),건새우볶음,0.9892398342125672
59,841,검정콩밥,복국(복지리),돼지고기전,건새우볶음,0.9890003675060136
64,921,찹쌀밥,복국(복지리),쇠고기전,건새우볶음,0.988694954801711
84,729,차수수밥,호박새우젓국,쇠고기내장(천엽)전,건새우볶음,0.987714731141102
85,730,차수수밥,복국(복지리),완자전(쇠고기),건새우볶음,0.987714731141102
110,375,녹두밥,김치무국,쇠간전,건새우볶음,0.9866483396013598
118,969,찹쌀밥,고동국(올갱이국),쇠고기전,건새우볶음,0.9864317543321962
133,531,율무밥,무국(새우젓),완자전(돼지고기),건새우볶음,0.9853355323573284
171,570,차조밥,김치무국,화양적,건새우볶음,0.9843497807298262
172,812,차수수밥,게장국,완자전(쇠고기),건새우볶음,0.9843454286548688
189,8,쌀밥,김치국(참치),완자전(돼지고기),건새우볶음,0.9840215295890712
194,825,차수수밥,무국(새우젓),화양적,건새우볶음,0.9839575016350768
