,Unnamed: 0,밥,국,메인,서브,유사도
0,500,고구마밥,복국(복지리),쇠고기내장(천엽)전,참치볶음(콩나물),0.9961046119814684
1,492,옥수수밥,게장국,화양적,건새우볶음,0.9952043285712212
2,516,고구마밥,김치국(참치),완자전(돼지고기),건새우볶음,0.9939499917387732
3,522,고구마밥,게장국,쇠고기내장(천엽)전,건새우볶음,0.9935164266283482
4,521,고구마밥,게장국,완자전(쇠고기),건새우볶음,0.9935164266283482
5,518,고구마밥,김치국(참치),쇠고기내장(천엽)전,멸치볶음(풋고추&간장),0.9934528636034174
6,501,고구마밥,복국(복지리),두부전(돈육),건새우볶음,0.9933146820316356
7,511,고구마밥,김치무국,쇠간전,건새우볶음,0.9930356428402309
8,199,차수수밥,김치무국,화양적,건새우볶음,0.99197658201254
9,497,고구마밥,호박새우젓국,쇠고기내장(천엽)전,건새우볶음,0.9918949904233147
10,166,수수찹쌀밥,김치무국,완자전(돼지고기),건새우볶음,0.9916591102436508
11,241,찹쌀밥,김치무국,쇠고기내장(천엽)전,참치볶음,0.991618905427992
15,134,율무밥,무국(새우젓),쇠고기내장(천엽)전,참치볶음(야채),0.9906747074166103
16,525,고구마밥,무국(새우젓),화양적,건새우볶음,0.9903583834256968
18,512,고구마밥,김치무국,돼지고기전,건새우볶음,0.9899476949796372
19,520,고구마밥,김치국(참치),화양적,건새우볶음,0.9897936673295415
21,503,고구마밥,김치무국,완자전(쇠고기),건새우볶음,0.9882102333711076
22,513,고구마밥,김치무국,두부전(돈육),건새우볶음,0.988020203995493
28,524,고구마밥,무국(새우젓),두부전(돈육),건새우볶음,0.9869555207104468
43,200,차수수밥,김치국(참치),완자전(쇠고기),건새우볶음,0.985038232891087
68,519,고구마밥,김치국(참치),두부전(돈육),건새우볶음,0.9835000030908648
70,139,차조밥,복국(복지리),화양적,건새우볶음,0.9833728987692778
103,487,옥수수밥,고동국(올갱이국),화양적,참치볶음,0.9818361430864024
294,493,옥수수밥,무국(새우젓),완자전(돼지고기),건새우볶음,0.9746041558631564
