,Unnamed: 0,밥,국,메인,서브,유사도
0,618,팥밥,복국(복지리),두부전(돈육),건새우볶음,0.9959121867229312
1,867,녹두밥,고동국(올갱이국),완자전(돼지고기),오징어채볶음,0.9958502896225012
2,552,콩밥(대두),고동국(올갱이국),쇠간전,어묵볶음(마늘쫑),0.9955680676140508
3,767,완두콩밥,고동국(올갱이국),쇠고기전,멸치볶음(풋고추&간장),0.9953051288045606
4,481,콩밥(대두),복국(복지리),쇠고기내장(천엽)전,참치볶음(야채),0.9950178892011028
5,261,현미밥,고동국(올갱이국),완자전(쇠고기),북어볶음,0.9946096170307144
7,559,콩밥(대두),고동국(올갱이국),돼지고기전,어묵볶음(마늘쫑),0.9944720308332532
10,363,조밥,김치무국,완자전(돼지고기),건새우볶음,0.9943147474715904
11,839,완두콩밥,당면국(새우),쇠고기내장(천엽)전,건새우볶음,0.9940136745669862
13,698,팥밥,고동국(올갱이국),두부전(돈육),참치볶음(야채),0.9936954669760312
14,132,쌀밥,당면국(새우),화양적,건새우볶음,0.9935728689991428
19,886,녹두밥,고동국(올갱이국),쇠고기내장(천엽)전,참치볶음,0.9921645566879012
20,818,완두콩밥,고동국(올갱이국),화양적,참치볶음(콩나물),0.9921320362686462
25,725,팥밥,무국(새우젓),쇠고기내장(천엽)전,참치볶음,0.9914540936389581
34,634,팥밥,김치국(참치),완자전(돼지고기),건새우볶음,0.9900433912702142
35,627,팥밥,김치무국,쇠고기내장(천엽)전,건새우볶음,0.989858665043896
38,604,팥밥,복국(복지리),완자전(돼지고기),건새우볶음,0.9896672419070992
42,591,콩밥(대두),게장국,쇠고기내장(천엽)전,멸치볶음(풋고추&간장),0.9892284712521636
45,943,녹두밥,당면국(양배추),두부전(돈육),건새우볶음,0.9889843338636478
46,636,팥밥,김치국(참치),쇠고기내장(천엽)전,멸치볶음(풋고추&간장),0.9889388140191868
49,252,현미밥,복국(복지리),쇠간전,건새우볶음,0.9885383527093748
50,951,녹두밥,당면국(새우),완자전(쇠고기),건새우볶음,0.988128958310972
56,853,녹두밥,복국(복지리),돼지고기전,건새우볶음,0.9876396725894508
63,830,완두콩밥,당면국(양배추),쇠고기내장(천엽)전,건새우볶음,0.9870387562321558
79,588,콩밥(대두),고동국(올갱이국),떡산적,건새우볶음,0.9861785559879488
87,717,팥밥,게장국,완자전(쇠고기),건새우볶음,0.9848573039222216
95,631,팥밥,김치무국,두부전(돈육),건새우볶음,0.9838996473818384
108,620,팥밥,김치무국,완자전(쇠고기),건새우볶음,0.9829158311136852
109,374,조밥,김치무국,화양적,건새우볶음,0.9828080667013658
126,509,콩밥(대두),김치국(참치),두부전(돈육),건새우볶음,0.9807741244181272
139,465,조밥,당면국(양배추),화양적,건새우볶음,0.9802103690697584
142,939,녹두밥,당면국(양배추),완자전(쇠고기),건새우볶음,0.980100984882468
158,723,팥밥,무국(새우젓),완자전(돼지고기),건새우볶음,0.979487919636002
166,834,완두콩밥,무국(새우젓),완자전(쇠고기),건새우볶음,0.9791182933455628
177,844,녹두밥,복국(복지리),쇠고기전,건새우볶음,0.9787590271584992
233,733,완두콩밥,복국(복지리),완자전(쇠고기),건새우볶음,0.9761152166648556
242,120,쌀밥,게장국,화양적,건새우볶음,0.9758619038917142
258,599,콩밥(대두),무국(새우젓),두부전(돈육),건새우볶음,0.975227613305456
289,638,팥밥,김치국(참치),화양적,건새우볶음,0.974516785508084
304,940,녹두밥,당면국(양배추),완자전(돼지고기),건새우볶음,0.9742989261517084
307,329,현미밥,당면국,쇠고기내장(천엽)전,건새우볶음,0.974270887490456
323,344,조밥,호박새우젓국,쇠고기내장(천엽)전,건새우볶음,0.9738673002296098
411,619,팥밥,복국(복지리),화양적,건새우볶음,0.9720592543843808
476,131,쌀밥,무국(새우젓),화양적,건새우볶음,0.9711685933832606
480,31,쌀밥,김치국(참치),완자전(쇠고기),건새우볶음,0.9711161319328764
497,28,쌀밥,김치무국,돼지고기전,건새우볶음,0.9708222508074524
