,Unnamed: 0,밥,국,메인,서브,유사도
0,482,콩밥(대두),고동국(올갱이국),완자전(돼지고기),어묵볶음(마늘쫑),0.995416134515426
1,538,콩밥(대두),고동국(올갱이국),두부전(돈육),멸치볶음(풋고추&간장),0.9953164399281904
2,749,완두콩밥,고동국(올갱이국),쇠고기내장(천엽)전,북어볶음,0.9952378988690882
3,57,쌀밥,고동국(올갱이국),쇠고기전,어묵볶음(마늘쫑),0.9950910418100128
4,92,쌀밥,고동국(올갱이국),돼지고기전,잔멸치볶음,0.9948872163960376
6,409,조밥,고동국(올갱이국),화양적,건꼴뚜기볶음,0.9947672271388444
8,422,조밥,당면국(양배추),두부전(돈육),건새우볶음,0.9946262972508356
12,38,쌀밥,고동국(올갱이국),완자전(쇠고기),참치볶음,0.9940176715931978
13,256,현미밥,고동국(올갱이국),쇠간전,어묵볶음(마늘쫑),0.994007804372803
15,459,콩밥(대두),김치무국,쇠고기내장(천엽)전,북어볶음,0.9938774148435694
19,329,조밥,김치국(참치),쇠고기내장(천엽)전,멸치볶음(풋고추&간장),0.9937159191204128
20,603,팥밥,김치무국,화양적,건새우볶음,0.993525792749032
23,135,쌀밥,무국(새우젓),쇠고기내장(천엽)전,건새우볶음,0.9929715973425476
30,702,팥밥,무국(새우젓),완자전(쇠고기),건새우볶음,0.9916769386841066
32,790,완두콩밥,당면국(양배추),화양적,건새우볶음,0.9915333434533296
48,552,콩밥(대두),게장국,쇠고기내장(천엽)전,건새우볶음,0.9894465814746776
49,977,차조밥,복국(복지리),쇠고기내장(천엽)전,어묵볶음(마늘쫑),0.9893312206911642
54,964,율무밥,당면국(양배추),완자전(돼지고기),건새우볶음,0.9891474630702836
66,587,팥밥,복국(복지리),쇠간전,건새우볶음,0.9880858805838216
71,885,율무밥,복국(복지리),쇠고기전,건새우볶음,0.9874003409479128
72,884,녹두밥,당면국(새우),화양적,건새우볶음,0.9874003409479128
74,130,쌀밥,무국(새우젓),완자전(돼지고기),건새우볶음,0.9872134549246172
81,323,조밥,김치무국,돼지고기전,건새우볶음,0.9869180897642704
83,794,완두콩밥,당면국(새우),쇠고기내장(천엽)전,멸치볶음(풋고추&간장),0.9866348394874548
85,784,완두콩밥,당면국,쇠고기내장(천엽)전,건새우볶음,0.986488087052374
86,785,완두콩밥,당면국(양배추),완자전(쇠고기),건새우볶음,0.986488087052374
94,574,팥밥,복국(복지리),완자전(쇠고기),건새우볶음,0.9863514715194496
114,971,율무밥,당면국(새우),완자전(쇠고기),건새우볶음,0.9842653663201764
116,464,콩밥(대두),김치무국,두부전(돈육),건새우볶음,0.9841627005973892
141,466,콩밥(대두),김치국(참치),완자전(쇠고기),건새우볶음,0.9821384380509056
144,590,팥밥,복국(복지리),화양적,건새우볶음,0.9820619945160398
155,573,팥밥,호박새우젓국,쇠고기내장(천엽)전,건새우볶음,0.9810185288634324
156,462,콩밥(대두),김치무국,쇠간전,건새우볶음,0.9810051031386208
174,412,조밥,고동국(올갱이국),떡산적,건새우볶음,0.9797606451953768
177,138,쌀밥,무국(새우젓),화양적,건새우볶음,0.979636437499384
191,429,조밥,무국(새우젓),두부전(돈육),건새우볶음,0.9791735307667954
220,605,팥밥,김치국(참치),완자전(돼지고기),건새우볶음,0.9776884860268537
226,558,콩밥(대두),당면국(양배추),쇠고기내장(천엽)전,건새우볶음,0.97747015853122
244,437,콩밥(대두),복국(복지리),완자전(돼지고기),건새우볶음,0.9765547734101818
250,310,조밥,복국(복지리),돼지고기전,건새우볶음,0.9763423309750844
261,591,팥밥,김치무국,완자전(쇠고기),건새우볶음,0.9756625089531222
269,454,콩밥(대두),김치무국,완자전(돼지고기),건새우볶음,0.9753371560686651
272,121,쌀밥,게장국,화양적,건새우볶음,0.9752536363325204
319,881,녹두밥,당면국(새우),완자전(돼지고기),건새우볶음,0.973981701295121
349,589,팥밥,복국(복지리),두부전(돈육),건새우볶음,0.9735348635001008
409,330,조밥,김치국(참치),두부전(돈육),건새우볶음,0.9720932920084308
