,Unnamed: 0,밥,국,메인,서브,유사도
0,765,녹두밥,고동국(올갱이국),쇠고기내장(천엽)전,새우볶음,0.9957351845624944
1,589,완두콩밥,복국(복지리),돼지고기전,건새우볶음,0.9956481279236584
2,233,현미밥,김치무국,완자전(쇠고기),건새우볶음,0.9951413416858496
3,599,완두콩밥,김치국(참치),쇠고기내장(천엽)전,멸치볶음(풋고추&간장),0.9950182529187338
5,384,조밥,고동국(올갱이국),쇠간전,참치볶음(야채),0.9948434979021784
6,414,콩밥(대두),호박새우젓국,쇠고기내장(천엽)전,건새우볶음,0.9944557019342783
7,96,찰밥,복국(복지리),쇠고기내장(천엽)전,건새우볶음,0.9941041260393932
8,826,녹두밥,무국(새우젓),쇠고기내장(천엽)전,건새우볶음,0.9940860836316602
11,942,율무밥,고동국(올갱이국),화양적,건새우볶음,0.9931341350270864
12,699,완두콩밥,당면국(새우),쇠고기내장(천엽)전,건새우볶음,0.9920531881450552
13,733,녹두밥,고동국(올갱이국),완자전(쇠고기),참치볶음(콩나물),0.9919504580859376
15,415,콩밥(대두),복국(복지리),완자전(쇠고기),건새우볶음,0.9913957094227502
20,656,완두콩밥,고동국(올갱이국),돼지고기전,잔멸치볶음,0.9905704262959076
21,597,완두콩밥,김치무국,쇠간전,건새우볶음,0.9903502114595134
23,620,완두콩밥,고동국(올갱이국),완자전(돼지고기),멸치볶음(풋고추&간장),0.9897375702838009
29,852,율무밥,복국(복지리),화양적,건새우볶음,0.9881889902862276
34,484,콩밥(대두),게장국,완자전(쇠고기),건새우볶음,0.9877857562620594
41,818,녹두밥,당면국(양배추),두부전(돈육),건새우볶음,0.9875149254995303
43,987,차조밥,김치무국,완자전(돼지고기),건새우볶음,0.9869781080313544
47,951,율무밥,당면국(양배추),쇠고기내장(천엽)전,건새우볶음,0.9868067395041624
48,950,율무밥,당면국(양배추),완자전(돼지고기),건새우볶음,0.9868067395041624
52,992,차조밥,김치무국,돼지고기전,건새우볶음,0.9861642561075272
53,666,완두콩밥,고동국(올갱이국),두부전(돈육),새우볶음,0.9857647770056016
66,131,찰밥,고동국(올갱이국),쇠고기전,어묵볶음(마늘쫑),0.9842373825362678
78,953,율무밥,당면국(양배추),화양적,건새우볶음,0.9833295338071288
80,812,녹두밥,게장국,쇠고기내장(천엽)전,건새우볶음,0.9832582696791244
83,75,쌀밥,무국(새우젓),완자전(돼지고기),건새우볶음,0.9824586998073755
89,443,콩밥(대두),김치무국,화양적,건새우볶음,0.9817198841806996
94,20,쌀밥,김치무국,쇠고기내장(천엽)전,참치볶음,0.981061637513452
114,317,현미밥,당면국,쇠고기내장(천엽)전,건새우볶음,0.9801099582036938
122,87,찰밥,복국(복지리),쇠고기전,건새우볶음,0.9797172305573536
125,820,녹두밥,무국(새우젓),완자전(쇠고기),건새우볶음,0.9796325640125291
131,831,녹두밥,당면국(새우),완자전(쇠고기),건새우볶음,0.9792835866758672
141,860,율무밥,김치국(참치),완자전(쇠고기),건새우볶음,0.978973395857752
146,700,완두콩밥,당면국(새우),화양적,건새우볶음,0.9787621256686728
147,686,완두콩밥,당면국(양배추),완자전(쇠고기),건새우볶음,0.9785974474898508
181,965,율무밥,당면국(새우),완자전(돼지고기),건새우볶음,0.9766186365899452
189,86,찰밥,복국(복지리),완자전(돼지고기),건새우볶음,0.9764014724114296
193,35,쌀밥,김치국(참치),화양적,건새우볶음,0.9761785715599599
210,367,조밥,김치국(참치),두부전(돈육),건새우볶음,0.9756041785886692
211,73,쌀밥,게장국,화양적,건새우볶음,0.9755807968701548
245,15,쌀밥,복국(복지리),두부전(돈육),건새우볶음,0.9749046618928688
249,830,녹두밥,무국(새우젓),화양적,건새우볶음,0.9748625763332476
258,828,녹두밥,무국(새우젓),돼지고기전,건새우볶음,0.9746917429118542
279,944,율무밥,고동국(올갱이국),떡산적,건새우볶음,0.9742398929320436
297,588,완두콩밥,복국(복지리),쇠간전,건새우볶음,0.9737966321284008
321,82,쌀밥,무국(새우젓),두부전(돈육),건새우볶음,0.9734247320953636
341,31,쌀밥,김치국(참치),완자전(돼지고기),건새우볶음,0.9729010896147444
348,215,찰밥,당면국(새우),두부전(돈육),건새우볶음,0.9728120194481288
