,Unnamed: 0,밥,국,메인,서브,유사도
0,540,녹두밥,고동국(올갱이국),쇠고기내장(천엽)전,어묵볶음(양파),0.9960816796706864
1,731,차조밥,복국(복지리),쇠고기내장(천엽)전,잔멸치볶음,0.99595131854303
2,725,차조밥,복국(복지리),쇠고기전,건새우볶음,0.9958417940390519
3,252,현미밥,고동국(올갱이국),화양적,참치볶음,0.9948833917462412
7,517,녹두밥,김치국(참치),두부전(돈육),건새우볶음,0.9923612699411224
8,338,팥밥,김치무국,쇠고기내장(천엽)전,참치볶음,0.9917432934438764
9,723,차조밥,복국(복지리),완자전(쇠고기),건새우볶음,0.991670691798988
10,147,찰밥,당면국(양배추),화양적,건새우볶음,0.9913059002233556
11,407,완두콩밥,고동국(올갱이국),완자전(돼지고기),참치볶음(야채),0.9910723858700392
12,441,완두콩밥,고동국(올갱이국),돼지고기전,참치볶음,0.9910366165715878
14,797,차조밥,고동국(올갱이국),쇠간전,북어볶음,0.9909665245311156
15,859,수수찹쌀밥,김치무국,완자전(쇠고기),건새우볶음,0.990872430577053
16,760,차조밥,고동국(올갱이국),완자전(쇠고기),오징어채볶음,0.9908212651368437
21,658,율무밥,고동국(올갱이국),쇠고기전,건새우볶음,0.9890736037397676
23,696,율무밥,고동국(올갱이국),두부전(돈육),멸치볶음(풋고추&간장),0.9889317800405191
24,602,녹두밥,무국(새우젓),두부전(돈육),건새우볶음,0.9886277606467736
25,593,녹두밥,무국(새우젓),완자전(쇠고기),건새우볶음,0.9886049568629394
26,592,녹두밥,게장국,화양적,건새우볶음,0.9886049568629394
28,317,콩밥(대두),김치무국,돼지고기전,건새우볶음,0.9882227375896712
29,326,콩밥(대두),게장국,완자전(쇠고기),건새우볶음,0.9880503942904338
31,482,녹두밥,호박새우젓국,쇠고기내장(천엽)전,건새우볶음,0.9879079910781748
45,268,현미밥,무국(새우젓),쇠고기내장(천엽)전,건새우볶음,0.9845397416907724
59,752,차조밥,김치무국,화양적,건새우볶음,0.9837557212967076
71,277,조밥,복국(복지리),두부전(돈육),건새우볶음,0.9821713013130151
74,827,차조밥,게장국,쇠고기내장(천엽)전,건새우볶음,0.9817470688568058
79,7,쌀밥,김치무국,완자전(돼지고기),건새우볶음,0.9813938244114864
96,618,율무밥,복국(복지리),쇠간전,건새우볶음,0.98064577779979
97,387,완두콩밥,김치무국,두부전(돈육),건새우볶음,0.9805674709091636
99,476,완두콩밥,무국(새우젓),완자전(돼지고기),건새우볶음,0.9804880980816524
100,514,녹두밥,김치국(참치),완자전(돼지고기),건새우볶음,0.9804382592714964
104,22,쌀밥,김치국(참치),화양적,건새우볶음,0.9801726012138792
108,62,찰밥,김치국(참치),완자전(쇠고기),건새우볶음,0.9798870545089309
121,755,차조밥,김치국(참치),쇠고기내장(천엽)전,건새우볶음,0.979266525256514
125,497,녹두밥,복국(복지리),돼지고기전,건새우볶음,0.9791841172148624
139,724,차조밥,복국(복지리),완자전(돼지고기),건새우볶음,0.9783979464923402
183,868,수수찹쌀밥,김치무국,쇠간전,건새우볶음,0.9759400696889206
201,469,완두콩밥,고동국(올갱이국),떡산적,건새우볶음,0.9755433230715692
206,335,팥밥,복국(복지리),화양적,건새우볶음,0.9754029342371291
255,601,녹두밥,무국(새우젓),돼지고기전,건새우볶음,0.9740886329720784
302,30,쌀밥,무국(새우젓),화양적,건새우볶음,0.9732895279727414
