,Unnamed: 0,밥,국,메인,서브,유사도
0,656,팥밥,고동국(올갱이국),쇠고기내장(천엽)전,어묵볶음,0.996028806483918
1,908,녹두밥,고동국(올갱이국),돼지고기전,참치볶음(콩나물),0.9959704256265194
2,586,콩밥(대두),게장국,쇠고기내장(천엽)전,건새우볶음,0.9955909446815208
3,807,완두콩밥,고동국(올갱이국),화양적,어묵볶음(마늘쫑),0.9954016523555418
4,509,콩밥(대두),고동국(올갱이국),완자전(쇠고기),어묵볶음(마늘쫑),0.9950913940209044
5,272,현미밥,고동국(올갱이국),완자전(돼지고기),건새우볶음,0.9947275301290514
6,311,현미밥,고동국(올갱이국),두부전(돈육),참치볶음,0.9945955021239395
7,595,콩밥(대두),무국(새우젓),두부전(돈육),건새우볶음,0.9945929937317516
14,135,찰밥,복국(복지리),쇠고기내장(천엽)전,북어볶음,0.9936906774194928
15,550,콩밥(대두),고동국(올갱이국),쇠간전,참치볶음(야채),0.9935857213885891
18,957,율무밥,복국(복지리),완자전(쇠고기),건새우볶음,0.9922239410649281
21,622,팥밥,김치무국,쇠고기내장(천엽)전,북어볶음,0.9916755021577768
29,330,현미밥,고동국(올갱이국),떡산적,건새우볶음,0.990429669380836
31,632,팥밥,김치국(참치),쇠고기내장(천엽)전,멸치볶음(풋고추&간장),0.9902320064947132
34,594,콩밥(대두),무국(새우젓),쇠고기내장(천엽)전,멸치볶음(풋고추&간장),0.9899641494935988
35,612,팥밥,복국(복지리),쇠간전,건새우볶음,0.9898736623142964
39,626,팥밥,김치무국,돼지고기전,건새우볶음,0.989341590740876
56,465,조밥,무국(새우젓),완자전(쇠고기),건새우볶음,0.9873786655684552
57,471,조밥,무국(새우젓),화양적,건새우볶음,0.987199993034848
69,502,콩밥(대두),김치무국,화양적,건새우볶음,0.9866257785680416
77,589,콩밥(대두),당면국(양배추),화양적,건새우볶음,0.9853258586522212
78,615,팥밥,복국(복지리),화양적,건새우볶음,0.9850976969446116
80,969,율무밥,복국(복지리),돼지고기전,건새우볶음,0.98496818029673
120,832,완두콩밥,당면국(새우),완자전(쇠고기),건새우볶음,0.980867598945506
123,828,완두콩밥,무국(새우젓),완자전(돼지고기),건새우볶음,0.9806567662810896
133,823,완두콩밥,당면국(양배추),쇠고기내장(천엽)전,건새우볶음,0.9802656547597824
155,383,조밥,김치국(참치),화양적,건새우볶음,0.9793656726062142
156,849,녹두밥,복국(복지리),두부전(돈육),건새우볶음,0.9793390855752326
161,875,녹두밥,고동국(올갱이국),쇠고기전,건새우볶음,0.979232439840902
163,347,조밥,호박새우젓국,쇠고기내장(천엽)전,건새우볶음,0.979133311302114
165,236,찰밥,무국(새우젓),돼지고기전,건새우볶음,0.9790193638692236
175,460,조밥,게장국,완자전(쇠고기),건새우볶음,0.9787979347460136
187,241,찰밥,당면국(새우),두부전(돈육),건새우볶음,0.9780856501844324
198,633,팥밥,김치국(참치),두부전(돈육),건새우볶음,0.9774714186920818
220,601,팥밥,복국(복지리),쇠고기전,건새우볶음,0.976477329025206
222,226,찰밥,당면국(양배추),완자전(돼지고기),건새우볶음,0.976252230679206
247,600,팥밥,복국(복지리),완자전(돼지고기),건새우볶음,0.9753947122962108
299,346,현미밥,당면국(새우),화양적,건새우볶음,0.9743872695344384
306,820,완두콩밥,당면국,쇠고기내장(천엽)전,건새우볶음,0.9742477469613684
313,344,현미밥,당면국(새우),쇠고기내장(천엽)전,건새우볶음,0.974008170253883
356,501,콩밥(대두),김치무국,두부전(돈육),건새우볶음,0.9730434444133688
362,116,쌀밥,게장국,화양적,건새우볶음,0.9729318075609216
448,503,콩밥(대두),김치국(참치),완자전(쇠고기),건새우볶음,0.9714314165514126
476,942,녹두밥,당면국(양배추),두부전(돈육),건새우볶음,0.9710044500720104
498,19,쌀밥,김치무국,완자전(돼지고기),건새우볶음,0.9704712569762785
