,Unnamed: 0,밥,국,메인,서브,유사도
0,997,차조밥,고동국(올갱이국),쇠고기내장(천엽)전,어묵볶음(마늘쫑),0.9958595363712572
1,751,녹두밥,고동국(올갱이국),쇠간전,잔멸치볶음,0.9957694676614691
2,579,완두콩밥,고동국(올갱이국),완자전(쇠고기),새우볶음,0.995651689616724
3,217,현미밥,복국(복지리),쇠고기내장(천엽)전,참치볶음(콩나물),0.9951845510887856
4,589,완두콩밥,고동국(올갱이국),완자전(돼지고기),잔멸치볶음,0.9950627352976424
7,402,콩밥(대두),복국(복지리),완자전(돼지고기),건새우볶음,0.994497359292116
9,811,율무밥,복국(복지리),쇠고기전,건새우볶음,0.9940889791553256
10,700,녹두밥,김치국(참치),완자전(쇠고기),건새우볶음,0.9937986156433658
11,991,차조밥,고동국(올갱이국),쇠고기전,어묵볶음(마늘쫑),0.9936748112595958
12,942,차조밥,복국(복지리),완자전(쇠고기),건새우볶음,0.993293287391135
13,926,율무밥,당면국(양배추),화양적,건새우볶음,0.9931746165350538
14,689,녹두밥,복국(복지리),돼지고기전,건새우볶음,0.9920940188951484
16,632,완두콩밥,고동국(올갱이국),돼지고기전,멸치볶음(풋고추&간장),0.9916372411165894
18,492,팥밥,복국(복지리),화양적,건새우볶음,0.9913447118667036
19,292,현미밥,고동국(올갱이국),두부전(돈육),잔멸치볶음,0.9908954005038304
20,569,완두콩밥,김치무국,쇠고기내장(천엽)전,멸치볶음(풋고추&간장),0.9907065170406812
22,649,완두콩밥,고동국(올갱이국),화양적,새우볶음,0.990613239966224
27,208,찰밥,당면국(새우),두부전(돈육),건새우볶음,0.9890890882339196
28,919,율무밥,게장국,완자전(쇠고기),건새우볶음,0.9886860556821508
32,824,율무밥,복국(복지리),두부전(돈육),건새우볶음,0.9882081726045884
35,357,조밥,김치국(참치),완자전(돼지고기),건새우볶음,0.9880173890145268
36,473,콩밥(대두),무국(새우젓),쇠고기내장(천엽)전,멸치볶음(풋고추&간장),0.9878282391595344
38,435,콩밥(대두),김치국(참치),화양적,건새우볶음,0.9876245234034808
43,803,녹두밥,무국(새우젓),화양적,건새우볶음,0.9875532849391784
44,669,완두콩밥,무국(새우젓),두부전(돈육),건새우볶음,0.9875123930222276
55,659,완두콩밥,당면국(양배추),완자전(쇠고기),건새우볶음,0.9858085789439492
68,67,쌀밥,무국(새우젓),완자전(쇠고기),건새우볶음,0.98423548458837
72,918,율무밥,고동국(올갱이국),떡산적,건새우볶음,0.9839531889726448
80,937,율무밥,당면국(새우),완자전(쇠고기),건새우볶음,0.9833720884008568
81,359,조밥,김치국(참치),쇠고기내장(천엽)전,멸치볶음(풋고추&간장),0.9833305786425354
84,656,완두콩밥,게장국,쇠고기내장(천엽)전,건새우볶음,0.9832904823171508
86,66,쌀밥,게장국,화양적,건새우볶음,0.9825003197319502
91,808,율무밥,호박새우젓국,쇠고기내장(천엽)전,건새우볶음,0.9818575800530588
96,17,쌀밥,김치무국,완자전(쇠고기),건새우볶음,0.9811048935905634
98,28,쌀밥,김치무국,두부전(돈육),건새우볶음,0.981014342680279
114,662,완두콩밥,당면국(양배추),두부전(돈육),건새우볶음,0.9802505320707068
126,805,녹두밥,당면국(새우),완자전(돼지고기),건새우볶음,0.9796742953340531
127,353,조밥,김치무국,돼지고기전,건새우볶음,0.9796587301887127
129,313,현미밥,당면국(양배추),쇠고기내장(천엽)전,건새우볶음,0.979458484817296
134,34,쌀밥,김치국(참치),두부전(돈육),건새우볶음,0.979303208656116
147,188,찰밥,당면국,쇠고기내장(천엽)전,건새우볶음,0.978538948626892
149,227,현미밥,김치무국,완자전(돼지고기),건새우볶음,0.9783350452070504
168,325,현미밥,당면국(새우),화양적,건새우볶음,0.9774818090749916
170,698,녹두밥,김치무국,쇠간전,건새우볶음,0.9774117441489096
191,29,쌀밥,김치무국,화양적,건새우볶음,0.9762192192383576
242,489,팥밥,복국(복지리),쇠간전,건새우볶음,0.9750002894880572
277,928,율무밥,무국(새우젓),완자전(돼지고기),건새우볶음,0.9742730604258232
375,672,완두콩밥,당면국(새우),쇠고기내장(천엽)전,건새우볶음,0.9724245429550328
381,190,찰밥,당면국(양배추),완자전(돼지고기),건새우볶음,0.9723565698038932
415,202,찰밥,무국(새우젓),돼지고기전,건새우볶음,0.9717691668225312
