,Unnamed: 0,밥,국,메인,서브,유사도
0,915,차조밥,고동국(올갱이국),쇠고기내장(천엽)전,어묵볶음(당근),0.996008557442198
1,681,녹두밥,고동국(올갱이국),두부전(돈육),북어볶음,0.9958946703209692
2,940,차조밥,고동국(올갱이국),돼지고기전,참치볶음,0.9957686246247124
3,933,차조밥,고동국(올갱이국),쇠간전,참치볶음(야채),0.99565075529821
4,165,찰밥,게장국,쇠고기내장(천엽)전,멸치볶음(풋고추&간장),0.9953436847128772
6,207,현미밥,김치무국,두부전(돈육),건새우볶음,0.9951950416116928
7,348,조밥,무국(새우젓),완자전(돼지고기),건새우볶음,0.9946505972740975
8,742,율무밥,김치무국,쇠고기내장(천엽)전,멸치볶음(풋고추&간장),0.9940948894712328
9,854,차조밥,복국(복지리),완자전(돼지고기),건새우볶음,0.9933233920119958
10,865,차조밥,복국(복지리),쇠고기내장(천엽)전,멸치볶음(풋고추&간장),0.9932983811083044
11,621,녹두밥,고동국(올갱이국),완자전(쇠고기),북어볶음,0.9922441273442992
13,569,완두콩밥,당면국(양배추),두부전(돈육),건새우볶음,0.9917989190121704
14,438,팥밥,고동국(올갱이국),화양적,건새우볶음,0.991502696268808
21,976,차조밥,무국(새우젓),완자전(쇠고기),건새우볶음,0.990594855212766
25,845,율무밥,무국(새우젓),쇠고기내장(천엽)전,참치볶음(콩나물),0.988839830934498
26,899,차조밥,고동국(올갱이국),완자전(돼지고기),오징어채볶음,0.9886976682414186
31,467,완두콩밥,복국(복지리),두부전(돈육),건새우볶음,0.9881939680635572
32,303,현미밥,당면국(새우),화양적,건새우볶음,0.9881643339947951
34,426,팥밥,김치무국,화양적,건새우볶음,0.9878103382096668
35,379,콩밥(대두),김치국(참치),완자전(돼지고기),건새우볶음,0.9877808655288821
42,699,녹두밥,게장국,화양적,건새우볶음,0.987093691869134
50,502,완두콩밥,고동국(올갱이국),쇠고기전,어묵볶음(마늘쫑),0.9854210760312688
52,866,차조밥,복국(복지리),쇠간전,건새우볶음,0.9853544850260691
56,580,녹두밥,호박새우젓국,쇠고기내장(천엽)전,건새우볶음,0.9847748990032604
60,583,녹두밥,복국(복지리),쇠고기전,건새우볶음,0.9843169800934998
61,365,콩밥(대두),김치무국,완자전(쇠고기),건새우볶음,0.9843018829554652
62,562,완두콩밥,고동국(올갱이국),떡산적,건새우볶음,0.9841973538781496
67,424,팥밥,김치무국,돼지고기전,건새우볶음,0.9837835783125604
69,839,율무밥,당면국(양배추),화양적,건새우볶음,0.9837214511870512
71,333,조밥,김치국(참치),쇠고기내장(천엽)전,멸치볶음(풋고추&간장),0.9835414316717296
86,334,조밥,김치국(참치),두부전(돈육),건새우볶음,0.982143704273164
89,700,녹두밥,당면국(양배추),쇠고기내장(천엽)전,건새우볶음,0.9814859720671744
123,22,쌀밥,김치무국,쇠간전,건새우볶음,0.9794639471222508
125,183,찰밥,당면국(새우),두부전(돈육),건새우볶음,0.9794320505302664
126,411,팥밥,복국(복지리),돼지고기전,건새우볶음,0.979429925863505
128,985,차조밥,무국(새우젓),두부전(돈육),건새우볶음,0.9792566760982372
132,711,녹두밥,무국(새우젓),돼지고기전,건새우볶음,0.9791443485804516
133,717,율무밥,복국(복지리),완자전(쇠고기),건새우볶음,0.979141825220838
149,415,팥밥,김치무국,완자전(돼지고기),건새우볶음,0.9782361562213724
185,378,콩밥(대두),김치국(참치),완자전(쇠고기),건새우볶음,0.9761529239499732
202,567,완두콩밥,당면국(양배추),완자전(돼지고기),건새우볶음,0.9756081414169816
210,578,완두콩밥,당면국(새우),쇠고기내장(천엽)전,건새우볶음,0.9754364151574594
274,50,쌀밥,무국(새우젓),화양적,건새우볶음,0.974242520949028
275,290,현미밥,당면국(양배추),완자전(쇠고기),건새우볶음,0.9742248988040788
290,39,쌀밥,게장국,완자전(쇠고기),건새우볶음,0.9737939212827657
353,31,쌀밥,김치국(참치),화양적,건새우볶음,0.9728074497065452
373,597,녹두밥,복국(복지리),화양적,건새우볶음,0.9724450830546204
