,Unnamed: 0,밥,국,메인,서브,유사도
0,524,검정콩밥,게장국,화양적,건새우볶음,0.9962226240641856
1,924,보리콩밥,무국(새우젓),완자전(돼지고기),건새우볶음,0.9926063460526924
2,856,보리밥,김치무국,완자전(쇠고기),건새우볶음,0.9912739360408984
3,699,잡곡밥(옥수수),김치국(참치),완자전(쇠고기),건새우볶음,0.9912010870233536
4,709,잡곡밥(옥수수),게장국,완자전(쇠고기),건새우볶음,0.991083375831352
5,681,잡곡밥(옥수수),복국(복지리),쇠고기내장(천엽)전,건새우볶음,0.9909915238682621
6,786,밤밥,김치무국,쇠고기내장(천엽)전,북어볶음,0.9904752303671144
7,791,밤밥,김치무국,두부전(돈육),건새우볶음,0.9903764499582732
8,418,수수찹쌀밥,무국(새우젓),쇠고기내장(천엽)전,건새우볶음,0.9876569877199924
9,356,차조밥,무국(새우젓),완자전(쇠고기),건새우볶음,0.9872844057717428
11,753,땅콩밥,고동국(올갱이국),두부전(돈육),건새우볶음,0.9864367763148412
13,406,수수찹쌀밥,고동국(올갱이국),화양적,참치볶음,0.9859968940812988
17,728,땅콩밥,복국(복지리),완자전(돼지고기),건새우볶음,0.9853595935162698
20,420,수수찹쌀밥,무국(새우젓),화양적,건새우볶음,0.9851557915824308
22,492,검정콩밥,복국(복지리),화양적,건새우볶음,0.98475230388838
28,170,완두콩밥,고동국(올갱이국),쇠고기내장(천엽)전,참치볶음,0.98409825883441
30,192,완두콩밥,무국(새우젓),두부전(돈육),건새우볶음,0.9827608828826324
31,224,녹두밥,김치국(참치),쇠고기내장(천엽)전,건새우볶음,0.9825562343333388
32,378,수수찹쌀밥,복국(복지리),두부전(돈육),건새우볶음,0.9816458952817726
34,963,보리조밥,호박새우젓국,쇠고기내장(천엽)전,건새우볶음,0.9811861253666792
38,413,수수찹쌀밥,게장국,쇠고기내장(천엽)전,멸치볶음(풋고추&간장),0.9808043157440276
45,39,찰밥,고동국(올갱이국),완자전(돼지고기),참치볶음,0.980270934432588
51,503,검정콩밥,김치무국,돼지고기전,건새우볶음,0.9798620691798684
59,398,수수찹쌀밥,김치국(참치),화양적,건새우볶음,0.9794264520046808
60,392,수수찹쌀밥,김치무국,화양적,건새우볶음,0.9793874553719232
65,82,현미밥,복국(복지리),돼지고기전,건새우볶음,0.979009669208112
66,870,보리밥,김치국(참치),완자전(돼지고기),건새우볶음,0.9788798406812068
67,251,녹두밥,무국(새우젓),돼지고기전,건새우볶음,0.978850387256892
102,210,녹두밥,김치무국,완자전(돼지고기),건새우볶음,0.9763961131840401
135,432,차수수밥,복국(복지리),쇠간전,건새우볶음,0.9753477980233304
136,584,찹쌀밥,고동국(올갱이국),쇠간전,참치볶음(야채),0.9752826652740628
140,35,찰밥,김치국(참치),두부전(돈육),건새우볶음,0.975275585752842
142,366,수수찹쌀밥,복국(복지리),완자전(쇠고기),건새우볶음,0.9751857501591676
143,502,검정콩밥,김치무국,쇠간전,건새우볶음,0.97517710757046
157,817,밤밥,고동국(올갱이국),돼지고기전,참치볶음(야채),0.9747537234007114
195,101,현미밥,고동국(올갱이국),완자전(쇠고기),참치볶음,0.9740810295522166
231,72,현미밥,복국(복지리),쇠고기전,건새우볶음,0.9731719424160382
