,Unnamed: 0,밥,국,메인,서브,유사도
0,899,차수수밥,고동국(올갱이국),돼지고기전,참치볶음(야채),0.9962648663513904
1,509,녹두밥,무국(새우젓),쇠고기내장(천엽)전,참치볶음(콩나물),0.9961483127795278
2,661,차조밥,고동국(올갱이국),완자전(돼지고기),참치볶음,0.9960162812664908
3,656,차조밥,고동국(올갱이국),완자전(쇠고기),참치볶음,0.9959099889153604
4,237,조밥,호박새우젓국,쇠고기내장(천엽)전,건새우볶음,0.9949677620171454
5,544,율무밥,김치무국,두부전(돈육),건새우볶음,0.9940784527571735
6,607,율무밥,게장국,쇠고기내장(천엽)전,멸치볶음(풋고추&간장),0.9936304913880254
8,492,녹두밥,고동국(올갱이국),화양적,참치볶음(야채),0.992441978260991
9,319,완두콩밥,김치무국,쇠고기내장(천엽)전,북어볶음,0.991830703536437
10,654,차조밥,김치국(참치),두부전(돈육),건새우볶음,0.9917465509852826
15,973,검정콩밥,김치국(참치),화양적,건새우볶음,0.9909386881132188
16,682,차조밥,고동국(올갱이국),쇠간전,참치볶음(콩나물),0.9909031865991872
17,835,차수수밥,복국(복지리),쇠고기내장(천엽)전,참치볶음(야채),0.9908770157316592
24,633,차조밥,복국(복지리),쇠간전,건새우볶음,0.98901669501471
28,458,녹두밥,고동국(올갱이국),쇠고기내장(천엽)전,어묵볶음(마늘쫑),0.9879947168286529
30,422,녹두밥,복국(복지리),돼지고기전,건새우볶음,0.9870019479520904
38,726,수수찹쌀밥,복국(복지리),완자전(돼지고기),건새우볶음,0.9848949919522842
41,423,녹두밥,복국(복지리),두부전(돈육),건새우볶음,0.9845083502418366
45,694,차조밥,고동국(올갱이국),두부전(돈육),참치볶음(콩나물),0.984121630073618
50,38,찰밥,김치무국,완자전(쇠고기),건새우볶음,0.9839201734421664
52,610,율무밥,무국(새우젓),완자전(돼지고기),건새우볶음,0.9838541437088144
56,754,수수찹쌀밥,김치무국,화양적,건새우볶음,0.9833535055244456
60,860,차수수밥,김치국(참치),완자전(돼지고기),건새우볶음,0.9829073210379091
61,563,율무밥,고동국(올갱이국),쇠고기전,건새우볶음,0.9827184175027984
67,827,수수찹쌀밥,무국(새우젓),화양적,건새우볶음,0.9821732669527328
78,408,녹두밥,복국(복지리),완자전(쇠고기),건새우볶음,0.9812192289517564
80,743,수수찹쌀밥,김치무국,완자전(돼지고기),건새우볶음,0.9811695106761692
82,821,수수찹쌀밥,무국(새우젓),완자전(쇠고기),건새우볶음,0.981085667674444
96,18,쌀밥,게장국,화양적,건새우볶음,0.9802631478432048
99,53,찰밥,김치국(참치),쇠고기내장(천엽)전,건새우볶음,0.9799764769598868
104,817,수수찹쌀밥,게장국,완자전(쇠고기),건새우볶음,0.9796896135487646
111,532,율무밥,복국(복지리),화양적,건새우볶음,0.9794657028637777
118,622,차조밥,복국(복지리),쇠고기전,건새우볶음,0.9790742044118488
121,859,차수수밥,김치국(참치),완자전(쇠고기),건새우볶음,0.978820824287985
151,322,완두콩밥,김치무국,쇠간전,건새우볶음,0.9768520312311012
206,513,녹두밥,무국(새우젓),두부전(돈육),건새우볶음,0.9751587546479976
227,266,콩밥(대두),김치무국,돼지고기전,건새우볶음,0.9746324031228212
