,Unnamed: 0,밥,국,메인,서브,유사도
0,729,검정콩밥,김치국(참치),두부전(돈육),건새우볶음,0.9963991730630142
1,577,수수찹쌀밥,고동국(올갱이국),쇠고기내장(천엽)전,건새우볶음,0.9961459922208784
3,604,수수찹쌀밥,무국(새우젓),완자전(쇠고기),건새우볶음,0.9911888086972604
4,638,차수수밥,김치무국,돼지고기전,건새우볶음,0.9911164552064712
5,785,찹쌀밥,복국(복지리),쇠고기내장(천엽)전,새우볶음,0.9911022636521644
6,607,수수찹쌀밥,무국(새우젓),쇠고기내장(천엽)전,건새우볶음,0.9910271824812936
7,802,찹쌀밥,김치무국,쇠간전,건새우볶음,0.9909841666885502
8,591,수수찹쌀밥,고동국(올갱이국),화양적,어묵볶음(마늘쫑),0.9909504198107376
9,762,검정콩밥,게장국,쇠고기내장(천엽)전,멸치볶음(풋고추&간장),0.9909185655852146
11,899,잡곡밥,김치무국,화양적,건새우볶음,0.9903745480654466
12,911,잡곡밥,고동국(올갱이국),완자전(돼지고기),참치볶음(야채),0.9902767904781462
13,806,찹쌀밥,김치국(참치),완자전(쇠고기),건새우볶음,0.9897742730903812
16,559,수수찹쌀밥,김치무국,두부전(돈육),건새우볶음,0.9891897276422617
18,389,율무밥,김치무국,쇠고기내장(천엽)전,멸치볶음(풋고추&간장),0.9871776309064476
21,774,검정콩밥,무국(새우젓),화양적,건새우볶음,0.9858959236864326
27,967,잡곡밥(옥수수),복국(복지리),돼지고기전,건새우볶음,0.9852166820912232
33,282,녹두밥,복국(복지리),완자전(돼지고기),건새우볶음,0.9842935622432112
36,955,잡곡밥(옥수수),호박새우젓국,쇠고기내장(천엽)전,건새우볶음,0.9840184509700498
40,211,완두콩밥,복국(복지리),화양적,건새우볶음,0.9826517971858676
42,686,차수수밥,무국(새우젓),완자전(돼지고기),건새우볶음,0.9823699863339476
46,84,찰밥,게장국,화양적,건새우볶음,0.9815800254123122
47,413,율무밥,고동국(올갱이국),쇠간전,참치볶음,0.9815379604656628
48,856,찹쌀밥,게장국,완자전(쇠고기),건새우볶음,0.9814733190722914
54,450,차조밥,복국(복지리),쇠고기전,건새우볶음,0.9806982755822966
55,419,율무밥,고동국(올갱이국),두부전(돈육),참치볶음,0.980631872205504
57,62,찰밥,고동국(올갱이국),돼지고기전,참치볶음,0.9805540555306014
58,196,완두콩밥,복국(복지리),완자전(쇠고기),건새우볶음,0.9805398308147528
61,108,현미밥,복국(복지리),쇠간전,건새우볶음,0.980388160941958
63,46,찰밥,고동국(올갱이국),완자전(쇠고기),건새우볶음,0.9801593795515664
72,968,잡곡밥(옥수수),복국(복지리),두부전(돈육),건새우볶음,0.9797012417290284
74,482,차조밥,김치국(참치),화양적,건새우볶음,0.979641863347002
83,773,검정콩밥,무국(새우젓),두부전(돈육),건새우볶음,0.9789388881459544
92,396,율무밥,김치국(참치),쇠고기내장(천엽)전,건새우볶음,0.9784889654904628
93,361,녹두밥,무국(새우젓),돼지고기전,건새우볶음,0.978378823931816
131,465,차조밥,김치무국,완자전(돼지고기),건새우볶음,0.9760858955623286
156,562,수수찹쌀밥,김치국(참치),완자전(돼지고기),건새우볶음,0.9753126892324038
214,712,검정콩밥,김치무국,완자전(쇠고기),건새우볶음,0.9741760949843002
