,Unnamed: 0,밥,국,메인,서브,유사도
0,340,고구마밥,김치무국,돼지고기전,건새우볶음,0.9918058390328304
1,336,고구마밥,김치무국,쇠고기내장(천엽)전,참치볶음(야채),0.9914678444090164
2,342,고구마밥,김치무국,화양적,건새우볶음,0.989877572001075
3,346,고구마밥,김치국(참치),두부전(돈육),건새우볶음,0.9897473498289964
4,345,고구마밥,김치국(참치),쇠고기내장(천엽)전,건새우볶음,0.9897473498289964
6,349,고구마밥,게장국,화양적,건새우볶음,0.9864176183020908
7,344,고구마밥,김치국(참치),완자전(돼지고기),건새우볶음,0.9856021025187464
8,151,찹쌀밥,복국(복지리),화양적,건새우볶음,0.9850737055592748
9,99,차조밥,김치국(참치),화양적,건새우볶음,0.9850645366962906
14,350,고구마밥,무국(새우젓),화양적,건새우볶음,0.9811815804302212
15,348,고구마밥,게장국,쇠고기내장(천엽)전,건새우볶음,0.9804430833725692
16,326,옥수수밥,게장국,완자전(쇠고기),건새우볶음,0.9787848847590068
18,64,녹두밥,김치무국,쇠간전,건새우볶음,0.9773976534941856
24,343,고구마밥,김치국(참치),완자전(쇠고기),건새우볶음,0.9761273767278874
30,59,녹두밥,김치무국,완자전(돼지고기),건새우볶음,0.9747276672014188
33,22,현미밥,김치무국,완자전(쇠고기),건새우볶음,0.9745871635123156
43,270,수수밥,김치무국,두부전(돈육),건새우볶음,0.9737749619769741
53,149,찹쌀밥,복국(복지리),쇠고기내장(천엽)전,참치볶음(야채),0.9717772964362328
64,171,찹쌀밥,무국(새우젓),쇠고기내장(천엽)전,참치볶음(야채),0.9697756575943304
85,0,찰밥,호박새우젓국,쇠고기내장(천엽)전,건새우볶음,0.9684433226652228
129,213,밤밥,복국(복지리),두부전(돈육),건새우볶음,0.9656573823165084
163,329,옥수수밥,무국(새우젓),두부전(돈육),건새우볶음,0.9639268842836296
