,Unnamed: 0,밥,국,메인,서브,유사도
0,834,옥수수밥,무국(새우젓),완자전(쇠고기),건새우볶음,0.9960261032844088
1,848,고구마밥,복국(복지리),쇠간전,건새우볶음,0.995338331304754
2,866,고구마밥,김치국(참치),완자전(돼지고기),건새우볶음,0.9924132262792208
3,846,고구마밥,복국(복지리),쇠고기내장(천엽)전,잔멸치볶음,0.9920255235869742
4,883,영양밥(돌솥밥),김치무국,쇠고기내장(천엽)전,참치볶음,0.9916136069988718
5,869,고구마밥,김치국(참치),두부전(돈육),건새우볶음,0.9915911991166696
6,879,고구마밥,무국(새우젓),완자전(돼지고기),건새우볶음,0.9912989552825509
7,825,옥수수밥,고동국(올갱이국),화양적,참치볶음,0.9897203088130679
9,889,영양밥(돌솥밥),김치국(참치),쇠고기내장(천엽)전,건새우볶음,0.989561777572361
10,888,영양밥(돌솥밥),김치무국,화양적,건새우볶음,0.989561777572361
14,862,고구마밥,김치무국,돼지고기전,건새우볶음,0.9889215330041063
16,841,고구마밥,복국(복지리),완자전(쇠고기),건새우볶음,0.9887897469705306
22,290,수수찹쌀밥,게장국,완자전(쇠고기),건새우볶음,0.987396157647966
23,683,보리조밥,김치무국,두부전(돈육),건새우볶음,0.9872401837460802
25,892,영양밥(돌솥밥),게장국,화양적,건새우볶음,0.9862361946802134
26,331,차수수밥,게장국,쇠고기내장(천엽)전,건새우볶음,0.9861106416157679
27,839,옥수수밥,무국(새우젓),화양적,건새우볶음,0.9855423230745024
28,13,찰밥,김치무국,완자전(돼지고기),건새우볶음,0.9855029659980348
31,342,검정콩밥,복국(복지리),완자전(돼지고기),건새우볶음,0.9852644423232348
32,861,고구마밥,김치무국,쇠간전,건새우볶음,0.9851262898079932
34,870,고구마밥,김치국(참치),화양적,건새우볶음,0.9848720759668832
37,852,고구마밥,김치무국,완자전(쇠고기),건새우볶음,0.9845052867518214
39,850,고구마밥,복국(복지리),두부전(돈육),건새우볶음,0.9844929596154736
42,414,찹쌀밥,고동국(올갱이국),쇠고기내장(천엽)전,참치볶음(야채),0.9842436554085272
43,133,녹두밥,호박새우젓국,쇠고기내장(천엽)전,건새우볶음,0.9842111863429879
47,881,고구마밥,무국(새우젓),두부전(돈육),건새우볶음,0.9816238300874414
48,880,고구마밥,무국(새우젓),쇠고기내장(천엽)전,건새우볶음,0.981461843671303
68,391,찹쌀밥,복국(복지리),돼지고기전,건새우볶음,0.979175646091322
70,45,찰밥,무국(새우젓),돼지고기전,건새우볶음,0.9788639275594699
75,823,옥수수밥,고동국(올갱이국),두부전(돈육),참치볶음(콩나물),0.9784674472299948
78,407,찹쌀밥,김치국(참치),완자전(쇠고기),건새우볶음,0.9780927685879509
113,393,찹쌀밥,복국(복지리),화양적,건새우볶음,0.9758165602917688
