,Unnamed: 0,밥,국,메인,서브,유사도
0,811,보리팥밥,김치무국,쇠고기내장(천엽)전,북어볶음,0.9926502901043176
1,637,땅콩밥,김치무국,화양적,건새우볶음,0.991244587160906
2,647,땅콩밥,고동국(올갱이국),화양적,건새우볶음,0.9911270545603136
3,621,땅콩밥,복국(복지리),완자전(돼지고기),건새우볶음,0.9910230677136956
5,780,보리콩밥,김치무국,쇠간전,건새우볶음,0.9871673767205644
6,686,밤밥,김치국(참치),두부전(돈육),건새우볶음,0.9864805499151624
9,665,밤밥,복국(복지리),쇠간전,건새우볶음,0.9854034676762884
10,664,밤밥,복국(복지리),쇠고기내장(천엽)전,멸치볶음(풋고추&간장),0.9854034676762884
12,387,차수수밥,김치국(참치),쇠고기내장(천엽)전,건새우볶음,0.9852016916930498
14,448,검정콩밥,게장국,화양적,건새우볶음,0.9848023194391964
15,234,율무밥,김치무국,돼지고기전,건새우볶음,0.9844515492863972
20,152,완두콩밥,게장국,쇠고기내장(천엽)전,건새우볶음,0.98414592634408
21,273,차조밥,김치무국,완자전(쇠고기),건새우볶음,0.9834571101646996
22,174,녹두밥,김치무국,완자전(돼지고기),건새우볶음,0.9828091456161461
23,695,밤밥,고동국(올갱이국),쇠고기내장(천엽)전,참치볶음(야채),0.9812710096978086
26,392,차수수밥,고동국(올갱이국),두부전(돈육),참치볶음(야채),0.981172586381284
28,50,찰밥,무국(새우젓),쇠고기내장(천엽)전,참치볶음(야채),0.9807096192010578
30,159,완두콩밥,무국(새우젓),화양적,건새우볶음,0.9807069372153624
31,291,차조밥,김치국(참치),화양적,건새우볶음,0.9803385593262416
34,458,찹쌀밥,호박새우젓국,쇠고기내장(천엽)전,건새우볶음,0.9799142286194044
36,743,보리밥,김치무국,두부전(돈육),건새우볶음,0.9798410518429621
37,420,검정콩밥,복국(복지리),두부전(돈육),건새우볶음,0.9798059531013856
38,494,찹쌀밥,고동국(올갱이국),완자전(쇠고기),참치볶음,0.9796700718918812
39,371,차수수밥,복국(복지리),화양적,건새우볶음,0.9795851828705142
44,945,쑥쌀밥,고동국(올갱이국),완자전(돼지고기),참치볶음,0.9792167456781724
46,629,땅콩밥,복국(복지리),돼지고기전,건새우볶음,0.9791096558456704
51,337,수수찹쌀밥,김치국(참치),완자전(쇠고기),건새우볶음,0.9786597349929228
57,826,보리팥밥,무국(새우젓),두부전(돈육),건새우볶음,0.9780727144064512
58,459,찹쌀밥,복국(복지리),완자전(쇠고기),건새우볶음,0.9780206956990636
60,757,보리밥,무국(새우젓),완자전(돼지고기),건새우볶음,0.9780001898010032
85,338,수수찹쌀밥,김치국(참치),완자전(돼지고기),건새우볶음,0.9762883592342408
117,649,땅콩밥,무국(새우젓),완자전(쇠고기),건새우볶음,0.9751243098547384
160,308,차조밥,무국(새우젓),돼지고기전,건새우볶음,0.9741199250823184
214,350,수수찹쌀밥,게장국,완자전(쇠고기),건새우볶음,0.9721824550816298
315,973,옥수수밥,복국(복지리),쇠고기전,건새우볶음,0.969284373770474
336,699,밤밥,고동국(올갱이국),쇠간전,참치볶음(야채),0.9687811144281896
