,Unnamed: 0,밥,국,메인,서브,유사도
0,501,옥수수밥,게장국,쇠고기내장(천엽)전,건새우볶음,0.9954552558559209
1,510,고구마밥,복국(복지리),쇠고기내장(천엽)전,참치볶음(콩나물),0.9925360722284108
2,526,고구마밥,김치국(참치),완자전(돼지고기),건새우볶음,0.9917360190527996
3,522,고구마밥,김치무국,돼지고기전,건새우볶음,0.9914069171786004
4,528,고구마밥,김치국(참치),쇠고기내장(천엽)전,멸치볶음(풋고추&간장),0.9898104395097505
6,531,고구마밥,게장국,완자전(쇠고기),건새우볶음,0.9896800601969942
7,507,고구마밥,호박새우젓국,쇠고기내장(천엽)전,건새우볶음,0.9890314944800559
8,511,고구마밥,복국(복지리),두부전(돈육),건새우볶음,0.9888407748467656
9,503,옥수수밥,무국(새우젓),완자전(돼지고기),건새우볶음,0.988803771676032
10,521,고구마밥,김치무국,쇠간전,건새우볶음,0.988684920459696
11,516,고구마밥,김치무국,쇠고기내장(천엽)전,참치볶음,0.9868567408415488
12,535,고구마밥,무국(새우젓),화양적,건새우볶음,0.986351897856998
13,530,고구마밥,김치국(참치),화양적,건새우볶음,0.9855340066187034
14,205,차수수밥,김치국(참치),두부전(돈육),건새우볶음,0.9853816883887464
18,513,고구마밥,김치무국,완자전(쇠고기),건새우볶음,0.9849918395219804
19,252,찹쌀밥,김치무국,두부전(돈육),건새우볶음,0.9843781526383976
23,524,고구마밥,김치무국,화양적,건새우볶음,0.9817397690769292
26,534,고구마밥,무국(새우젓),두부전(돈육),건새우볶음,0.9803692637258562
35,55,현미밥,게장국,화양적,건새우볶음,0.9774612441052052
36,128,율무밥,김치국(참치),완자전(쇠고기),건새우볶음,0.9773339996911328
58,353,밤밥,고동국(올갱이국),화양적,참치볶음,0.9748456615618424
60,143,차조밥,김치무국,완자전(돼지고기),건새우볶음,0.9747404955481396
72,56,현미밥,무국(새우젓),쇠고기내장(천엽)전,건새우볶음,0.9745107689808123
90,415,수수밥,복국(복지리),화양적,건새우볶음,0.9736996571883086
209,327,밤밥,복국(복지리),완자전(돼지고기),건새우볶음,0.9668017328595684
