,Unnamed: 0,밥,국,메인,서브,유사도
0,157,고구마밥,김치무국,쇠고기내장(천엽)전,건새우볶음,0.9918988421877052
1,159,고구마밥,김치무국,화양적,건새우볶음,0.9898367301644512
2,160,고구마밥,김치국(참치),완자전(돼지고기),건새우볶음,0.9898367301644512
3,163,고구마밥,김치국(참치),화양적,건새우볶음,0.9865047672446358
5,164,고구마밥,게장국,화양적,건새우볶음,0.9812775994839588
6,162,고구마밥,김치국(참치),두부전(돈육),건새우볶음,0.980541921865274
13,25,완두콩밥,김치무국,두부전(돈육),건새우볶음,0.9743676254118392
14,7,찰밥,김치국(참치),쇠고기내장(천엽)전,건새우볶음,0.9741985951906872
29,141,옥수수밥,김치무국,완자전(돼지고기),건새우볶음,0.9694260930058513
31,134,쑥쌀밥,김치국(참치),완자전(쇠고기),건새우볶음,0.969228319652594
86,140,옥수수밥,김치무국,완자전(쇠고기),건새우볶음,0.9618779426301765
