,Unnamed: 0,밥,국,메인,서브,유사도
0,603,팥밥,김치무국,화양적,건새우볶음,0.9963631589567364
1,927,율무밥,고동국(올갱이국),쇠고기내장(천엽)전,게맛살볶음,0.9946077567507366
2,660,팥밥,고동국(올갱이국),쇠간전,멸치볶음(풋고추&간장),0.9941563917985958
3,482,콩밥(대두),고동국(올갱이국),완자전(돼지고기),어묵볶음(마늘쫑),0.9922412342398748
6,459,콩밥(대두),김치무국,쇠고기내장(천엽)전,북어볶음,0.99105864767137
7,662,팥밥,고동국(올갱이국),돼지고기전,참치볶음,0.9910034475478312
8,99,쌀밥,고동국(올갱이국),두부전(돈육),참치볶음(야채),0.9906217006383304
11,419,조밥,당면국(양배추),완자전(돼지고기),건새우볶음,0.9900315672617966
12,722,완두콩밥,고동국(올갱이국),완자전(쇠고기),잔멸치볶음,0.9899458965419068
16,57,쌀밥,고동국(올갱이국),쇠고기전,어묵볶음(마늘쫑),0.9889707247166292
17,329,조밥,김치국(참치),쇠고기내장(천엽)전,멸치볶음(풋고추&간장),0.9888130293627704
19,422,조밥,당면국(양배추),두부전(돈육),건새우볶음,0.9884037471538428
20,409,조밥,고동국(올갱이국),화양적,건꼴뚜기볶음,0.9883725416554549
26,135,쌀밥,무국(새우젓),쇠고기내장(천엽)전,건새우볶음,0.9867303232552088
32,553,콩밥(대두),게장국,쇠고기내장(천엽)전,멸치볶음(풋고추&간장),0.9853946649416988
34,784,완두콩밥,당면국,쇠고기내장(천엽)전,건새우볶음,0.984936222986154
35,785,완두콩밥,당면국(양배추),완자전(쇠고기),건새우볶음,0.984936222986154
36,790,완두콩밥,당면국(양배추),화양적,건새우볶음,0.9849314401176188
42,464,콩밥(대두),김치무국,두부전(돈육),건새우볶음,0.9841931335525692
46,702,팥밥,무국(새우젓),완자전(쇠고기),건새우볶음,0.9835210069837428
54,978,차조밥,복국(복지리),쇠고기내장(천엽)전,오징어채볶음,0.982349749291092
67,587,팥밥,복국(복지리),쇠간전,건새우볶음,0.9802416170811624
75,323,조밥,김치무국,돼지고기전,건새우볶음,0.9791548324309154
80,884,녹두밥,당면국(새우),화양적,건새우볶음,0.9783220333997588
81,885,율무밥,복국(복지리),쇠고기전,건새우볶음,0.9783220333997588
83,703,팥밥,무국(새우젓),완자전(돼지고기),건새우볶음,0.9779498047805966
85,794,완두콩밥,당면국(새우),쇠고기내장(천엽)전,멸치볶음(풋고추&간장),0.9773917833183324
94,574,팥밥,복국(복지리),완자전(쇠고기),건새우볶음,0.9766317861553668
130,971,율무밥,당면국(새우),완자전(쇠고기),건새우볶음,0.9719345552183978
151,466,콩밥(대두),김치국(참치),완자전(쇠고기),건새우볶음,0.969193986443025
152,590,팥밥,복국(복지리),화양적,건새우볶음,0.9691267893273332
171,462,콩밥(대두),김치무국,쇠간전,건새우볶음,0.9676761471003068
173,573,팥밥,호박새우젓국,쇠고기내장(천엽)전,건새우볶음,0.9676121120745166
183,138,쌀밥,무국(새우젓),화양적,건새우볶음,0.9665945037215936
192,412,조밥,고동국(올갱이국),떡산적,건새우볶음,0.9659765824984784
196,429,조밥,무국(새우젓),두부전(돈육),건새우볶음,0.9655733647703024
206,558,콩밥(대두),당면국(양배추),쇠고기내장(천엽)전,건새우볶음,0.9649872680537288
228,605,팥밥,김치국(참치),완자전(돼지고기),건새우볶음,0.9636838370618322
239,314,조밥,김치무국,완자전(돼지고기),건새우볶음,0.9626605824805144
256,310,조밥,복국(복지리),돼지고기전,건새우볶음,0.9618609178774664
257,437,콩밥(대두),복국(복지리),완자전(돼지고기),건새우볶음,0.9618340745779308
260,591,팥밥,김치무국,완자전(쇠고기),건새우볶음,0.9615397128091152
280,121,쌀밥,게장국,화양적,건새우볶음,0.9604618299129384
331,881,녹두밥,당면국(새우),완자전(돼지고기),건새우볶음,0.9587862913094856
348,451,콩밥(대두),복국(복지리),두부전(돈육),건새우볶음,0.9583501263595358
383,330,조밥,김치국(참치),두부전(돈육),건새우볶음,0.9574368085314594
