,Unnamed: 0,밥,국,메인,서브,유사도
0,711,녹두밥,복국(복지리),쇠고기내장(천엽)전,새우볶음,0.9969003714241872
1,589,완두콩밥,복국(복지리),돼지고기전,건새우볶음,0.9927274542626364
2,765,녹두밥,고동국(올갱이국),쇠고기내장(천엽)전,새우볶음,0.9922928580694158
3,414,콩밥(대두),호박새우젓국,쇠고기내장(천엽)전,건새우볶음,0.9910205579267636
4,826,녹두밥,무국(새우젓),쇠고기내장(천엽)전,건새우볶음,0.990412765933566
5,384,조밥,고동국(올갱이국),쇠간전,참치볶음(야채),0.9903270574346092
7,599,완두콩밥,김치국(참치),쇠고기내장(천엽)전,멸치볶음(풋고추&간장),0.989001393612808
10,233,현미밥,김치무국,완자전(쇠고기),건새우볶음,0.9885832163240096
12,942,율무밥,고동국(올갱이국),화양적,건새우볶음,0.9878329527870948
16,918,율무밥,고동국(올갱이국),돼지고기전,참치볶음(콩나물),0.9858799922783464
18,699,완두콩밥,당면국(새우),쇠고기내장(천엽)전,건새우볶음,0.9846875747769772
19,733,녹두밥,고동국(올갱이국),완자전(쇠고기),참치볶음(콩나물),0.9844681956860892
22,597,완두콩밥,김치무국,쇠간전,건새우볶음,0.9839440527656308
23,620,완두콩밥,고동국(올갱이국),완자전(돼지고기),멸치볶음(풋고추&간장),0.9839292157315076
26,415,콩밥(대두),복국(복지리),완자전(쇠고기),건새우볶음,0.9832076760056256
30,852,율무밥,복국(복지리),화양적,건새우볶음,0.9806699539051807
40,484,콩밥(대두),게장국,완자전(쇠고기),건새우볶음,0.9784489125421014
44,987,차조밥,김치무국,완자전(돼지고기),건새우볶음,0.9779330524428008
45,951,율무밥,당면국(양배추),쇠고기내장(천엽)전,건새우볶음,0.9775043897688304
46,950,율무밥,당면국(양배추),완자전(돼지고기),건새우볶음,0.9775043897688304
47,952,율무밥,당면국(양배추),두부전(돈육),건새우볶음,0.9774083809490692
49,812,녹두밥,게장국,쇠고기내장(천엽)전,건새우볶음,0.9772170883915784
55,666,완두콩밥,고동국(올갱이국),두부전(돈육),새우볶음,0.975752406194112
62,992,차조밥,김치무국,돼지고기전,건새우볶음,0.9746467630545784
69,131,찰밥,고동국(올갱이국),쇠고기전,어묵볶음(마늘쫑),0.9728169335334212
81,953,율무밥,당면국(양배추),화양적,건새우볶음,0.971234743648597
87,75,쌀밥,무국(새우젓),완자전(돼지고기),건새우볶음,0.9705481684989391
100,443,콩밥(대두),김치무국,화양적,건새우볶음,0.968850503141509
102,20,쌀밥,김치무국,쇠고기내장(천엽)전,참치볶음,0.9684375314569826
117,317,현미밥,당면국,쇠고기내장(천엽)전,건새우볶음,0.966783990272577
129,87,찰밥,복국(복지리),쇠고기전,건새우볶음,0.9661948976993968
130,564,팥밥,무국(새우젓),완자전(쇠고기),건새우볶음,0.9661698506064946
138,831,녹두밥,당면국(새우),완자전(쇠고기),건새우볶음,0.9654987621436524
146,860,율무밥,김치국(참치),완자전(쇠고기),건새우볶음,0.9649857062246174
148,686,완두콩밥,당면국(양배추),완자전(쇠고기),건새우볶음,0.9649432051140576
151,700,완두콩밥,당면국(새우),화양적,건새우볶음,0.9646989820840844
179,35,쌀밥,김치국(참치),화양적,건새우볶음,0.9628648347066932
190,86,찰밥,복국(복지리),완자전(돼지고기),건새우볶음,0.961978025347654
191,965,율무밥,당면국(새우),완자전(돼지고기),건새우볶음,0.9619024595210101
204,367,조밥,김치국(참치),두부전(돈육),건새우볶음,0.9613500343247622
217,73,쌀밥,게장국,화양적,건새우볶음,0.9607509877644764
219,830,녹두밥,무국(새우젓),화양적,건새우볶음,0.9607225985113872
220,15,쌀밥,복국(복지리),두부전(돈육),건새우볶음,0.9607163796772632
250,944,율무밥,고동국(올갱이국),떡산적,건새우볶음,0.9600306891050436
272,828,녹두밥,무국(새우젓),돼지고기전,건새우볶음,0.9594639327608904
286,82,쌀밥,무국(새우젓),두부전(돈육),건새우볶음,0.9592123431386514
294,588,완두콩밥,복국(복지리),쇠간전,건새우볶음,0.959015788534641
313,31,쌀밥,김치국(참치),완자전(돼지고기),건새우볶음,0.958538487380453
342,215,찰밥,당면국(새우),두부전(돈육),건새우볶음,0.95792363044244
485,28,쌀밥,김치무국,두부전(돈육),건새우볶음,0.9546600400903692
