,Unnamed: 0,밥,국,메인,서브,유사도
0,698,팥밥,고동국(올갱이국),두부전(돈육),참치볶음(야채),0.9966790737491006
1,765,완두콩밥,고동국(올갱이국),쇠고기전,어묵볶음(마늘쫑),0.9949439156013314
2,552,콩밥(대두),고동국(올갱이국),쇠간전,어묵볶음(마늘쫑),0.9925315074544224
3,525,콩밥(대두),고동국(올갱이국),완자전(돼지고기),참치볶음(콩나물),0.9918447087826856
5,886,녹두밥,고동국(올갱이국),쇠고기내장(천엽)전,참치볶음,0.9913045673813062
6,476,콩밥(대두),복국(복지리),완자전(돼지고기),건새우볶음,0.9907787416848179
7,618,팥밥,복국(복지리),두부전(돈육),건새우볶음,0.9906989948741844
9,382,조밥,고동국(올갱이국),완자전(쇠고기),오징어채볶음,0.9903256067604168
10,839,완두콩밥,당면국(새우),쇠고기내장(천엽)전,건새우볶음,0.9902264041584748
11,363,조밥,김치무국,완자전(돼지고기),건새우볶음,0.989615980630398
12,481,콩밥(대두),복국(복지리),쇠고기내장(천엽)전,참치볶음(야채),0.9889670511028962
15,559,콩밥(대두),고동국(올갱이국),돼지고기전,어묵볶음(마늘쫑),0.9882714031699064
18,132,쌀밥,당면국(새우),화양적,건새우볶음,0.9875347869695191
22,252,현미밥,복국(복지리),쇠간전,건새우볶음,0.986204630095504
23,587,콩밥(대두),고동국(올갱이국),화양적,멸치볶음(풋고추&간장),0.9861754837348684
24,636,팥밥,김치국(참치),쇠고기내장(천엽)전,멸치볶음(풋고추&간장),0.9861650696616564
33,622,팥밥,김치무국,쇠고기내장(천엽)전,어묵볶음(마늘쫑),0.9847911283321634
36,725,팥밥,무국(새우젓),쇠고기내장(천엽)전,참치볶음,0.9837971151828426
40,591,콩밥(대두),게장국,쇠고기내장(천엽)전,멸치볶음(풋고추&간장),0.9832423534080426
41,634,팥밥,김치국(참치),완자전(돼지고기),건새우볶음,0.9832377845139518
59,853,녹두밥,복국(복지리),돼지고기전,건새우볶음,0.979668536901823
60,951,녹두밥,당면국(새우),완자전(쇠고기),건새우볶음,0.979500656605389
61,943,녹두밥,당면국(양배추),두부전(돈육),건새우볶음,0.9787571058244948
78,588,콩밥(대두),고동국(올갱이국),떡산적,건새우볶음,0.9766080508891652
84,830,완두콩밥,당면국(양배추),쇠고기내장(천엽)전,건새우볶음,0.975798990048238
93,631,팥밥,김치무국,두부전(돈육),건새우볶음,0.9737129460252882
95,374,조밥,김치무국,화양적,건새우볶음,0.9734680152730484
98,717,팥밥,게장국,완자전(쇠고기),건새우볶음,0.9727550387358961
116,620,팥밥,김치무국,완자전(쇠고기),건새우볶음,0.970270173989193
122,939,녹두밥,당면국(양배추),완자전(쇠고기),건새우볶음,0.9695731045415436
144,509,콩밥(대두),김치국(참치),두부전(돈육),건새우볶음,0.96741567397757
152,465,조밥,당면국(양배추),화양적,건새우볶음,0.9665981931394212
171,723,팥밥,무국(새우젓),완자전(돼지고기),건새우볶음,0.9656935410741329
181,834,완두콩밥,무국(새우젓),완자전(쇠고기),건새우볶음,0.965250938975425
187,844,녹두밥,복국(복지리),쇠고기전,건새우볶음,0.9648016896286291
211,344,조밥,호박새우젓국,쇠고기내장(천엽)전,건새우볶음,0.9633868778092309
244,733,완두콩밥,복국(복지리),완자전(쇠고기),건새우볶음,0.96126997043375
245,120,쌀밥,게장국,화양적,건새우볶음,0.9612645006897894
261,599,콩밥(대두),무국(새우젓),두부전(돈육),건새우볶음,0.9606108458257634
299,638,팥밥,김치국(참치),화양적,건새우볶음,0.9594912467264322
302,329,현미밥,당면국,쇠고기내장(천엽)전,건새우볶음,0.9594343438310218
320,940,녹두밥,당면국(양배추),완자전(돼지고기),건새우볶음,0.95905219108373
387,17,쌀밥,복국(복지리),화양적,건새우볶음,0.9573057046214738
433,31,쌀밥,김치국(참치),완자전(쇠고기),건새우볶음,0.9562378361286781
438,28,쌀밥,김치무국,돼지고기전,건새우볶음,0.9560830500571504
495,27,쌀밥,김치무국,쇠간전,건새우볶음,0.9551940297599404
497,131,쌀밥,무국(새우젓),화양적,건새우볶음,0.9551750180954318
