,Unnamed: 0,밥,국,메인,서브,유사도
0,700,녹두밥,김치국(참치),완자전(쇠고기),건새우볶음,0.996915207792918
1,579,완두콩밥,고동국(올갱이국),완자전(쇠고기),새우볶음,0.992740084141682
2,997,차조밥,고동국(올갱이국),쇠고기내장(천엽)전,어묵볶음(마늘쫑),0.9926903085200516
3,751,녹두밥,고동국(올갱이국),쇠간전,잔멸치볶음,0.9923408265971828
4,402,콩밥(대두),복국(복지리),완자전(돼지고기),건새우볶음,0.991077006449202
5,811,율무밥,복국(복지리),쇠고기전,건새우볶음,0.9904245649452156
8,589,완두콩밥,고동국(올갱이국),완자전(돼지고기),잔멸치볶음,0.9890609277595099
9,942,차조밥,복국(복지리),완자전(쇠고기),건새우볶음,0.9889321870449208
10,569,완두콩밥,김치무국,쇠고기내장(천엽)전,멸치볶음(풋고추&간장),0.9888523800875072
11,217,현미밥,복국(복지리),쇠고기내장(천엽)전,참치볶음(콩나물),0.9886412497758824
13,926,율무밥,당면국(양배추),화양적,건새우볶음,0.9878879115103169
14,208,찰밥,당면국(새우),두부전(돈육),건새우볶음,0.9869508475053343
17,903,율무밥,고동국(올갱이국),두부전(돈육),새우볶음,0.9859330948771252
18,991,차조밥,고동국(올갱이국),쇠고기전,어묵볶음(마늘쫑),0.985880560627799
20,689,녹두밥,복국(복지리),돼지고기전,건새우볶음,0.9847427885809946
22,632,완두콩밥,고동국(올갱이국),돼지고기전,멸치볶음(풋고추&간장),0.9842347333537153
23,649,완두콩밥,고동국(올갱이국),화양적,새우볶음,0.9840022527014368
29,492,팥밥,복국(복지리),화양적,건새우볶음,0.9830063454669056
33,357,조밥,김치국(참치),완자전(돼지고기),건새우볶음,0.9806380160415348
34,824,율무밥,복국(복지리),두부전(돈육),건새우볶음,0.9804301503709448
36,919,율무밥,게장국,완자전(쇠고기),건새우볶음,0.9802486200391056
41,473,콩밥(대두),무국(새우젓),쇠고기내장(천엽)전,멸치볶음(풋고추&간장),0.9785058598844159
42,669,완두콩밥,무국(새우젓),두부전(돈육),건새우볶음,0.9781822966690774
44,435,콩밥(대두),김치국(참치),화양적,건새우볶음,0.9780717535679576
48,936,율무밥,무국(새우젓),화양적,건새우볶음,0.9774595859109684
56,659,완두콩밥,당면국(양배추),완자전(쇠고기),건새우볶음,0.9758108095591744
70,656,완두콩밥,게장국,쇠고기내장(천엽)전,건새우볶음,0.9728297954670836
71,67,쌀밥,무국(새우젓),완자전(쇠고기),건새우볶음,0.9727316447818628
77,918,율무밥,고동국(올갱이국),떡산적,건새우볶음,0.9718320082148856
80,937,율무밥,당면국(새우),완자전(쇠고기),건새우볶음,0.9712915507188288
83,359,조밥,김치국(참치),쇠고기내장(천엽)전,멸치볶음(풋고추&간장),0.9710067780542929
87,66,쌀밥,게장국,화양적,건새우볶음,0.9706039040388252
94,959,차조밥,김치무국,완자전(쇠고기),건새우볶음,0.9695209436833236
96,353,조밥,김치무국,돼지고기전,건새우볶음,0.9694220216137852
101,808,율무밥,호박새우젓국,쇠고기내장(천엽)전,건새우볶음,0.968843445155112
103,28,쌀밥,김치무국,두부전(돈육),건새우볶음,0.9684441354138406
117,662,완두콩밥,당면국(양배추),두부전(돈육),건새우볶음,0.9668016128475544
126,34,쌀밥,김치국(참치),두부전(돈육),건새우볶음,0.9663081603670544
132,805,녹두밥,당면국(새우),완자전(돼지고기),건새우볶음,0.9659919965527256
134,313,현미밥,당면국(양배추),쇠고기내장(천엽)전,건새우볶음,0.9656990226529232
147,188,찰밥,당면국,쇠고기내장(천엽)전,건새우볶음,0.9648197828858904
154,227,현미밥,김치무국,완자전(돼지고기),건새우볶음,0.9642004795222264
168,325,현미밥,당면국(새우),화양적,건새우볶음,0.9633758929471016
174,698,녹두밥,김치무국,쇠간전,건새우볶음,0.9629902927267878
175,29,쌀밥,김치무국,화양적,건새우볶음,0.9629193022728044
226,489,팥밥,복국(복지리),쇠간전,건새우볶음,0.9605475411087522
247,928,율무밥,무국(새우젓),완자전(돼지고기),건새우볶음,0.9600764673250272
367,190,찰밥,당면국(양배추),완자전(돼지고기),건새우볶음,0.9572344861454934
392,202,찰밥,무국(새우젓),돼지고기전,건새우볶음,0.9567120180163692
396,672,완두콩밥,당면국(새우),쇠고기내장(천엽)전,건새우볶음,0.9566110307506064
