,Unnamed: 0,밥,국,메인,서브,유사도
0,739,완두콩밥,고동국(올갱이국),완자전(쇠고기),참치볶음,0.9967336205505216
1,805,완두콩밥,고동국(올갱이국),두부전(돈육),건새우볶음,0.995098127152536
2,586,콩밥(대두),게장국,쇠고기내장(천엽)전,건새우볶음,0.9925806873699003
3,556,콩밥(대두),고동국(올갱이국),돼지고기전,참치볶음,0.9919986492297528
4,807,완두콩밥,고동국(올갱이국),화양적,어묵볶음(마늘쫑),0.9918282802788
6,502,콩밥(대두),김치무국,화양적,건새우볶음,0.9909244790402121
7,656,팥밥,고동국(올갱이국),쇠고기내장(천엽)전,어묵볶음,0.9908557103799044
14,595,콩밥(대두),무국(새우젓),두부전(돈육),건새우볶음,0.9884329080465172
16,272,현미밥,고동국(올갱이국),완자전(돼지고기),건새우볶음,0.9880282415417421
17,135,찰밥,복국(복지리),쇠고기내장(천엽)전,북어볶음,0.9876926683554188
18,550,콩밥(대두),고동국(올갱이국),쇠간전,참치볶음(야채),0.9870555862273328
19,599,팥밥,복국(복지리),완자전(쇠고기),건새우볶음,0.986634121703245
21,622,팥밥,김치무국,쇠고기내장(천엽)전,북어볶음,0.9863268759185068
25,947,녹두밥,무국(새우젓),쇠고기내장(천엽)전,참치볶음(콩나물),0.9858321864476732
28,973,율무밥,김치국(참치),쇠고기내장(천엽)전,멸치볶음(풋고추&간장),0.9853694544830336
37,626,팥밥,김치무국,돼지고기전,건새우볶음,0.9833947441231264
43,612,팥밥,복국(복지리),쇠간전,건새우볶음,0.982224633382304
48,330,현미밥,고동국(올갱이국),떡산적,건새우볶음,0.9811919161551664
64,465,조밥,무국(새우젓),완자전(쇠고기),건새우볶음,0.9779040446037875
67,471,조밥,무국(새우젓),화양적,건새우볶음,0.9775431868480556
73,589,콩밥(대두),당면국(양배추),화양적,건새우볶음,0.9763029295444384
79,615,팥밥,복국(복지리),화양적,건새우볶음,0.9753154436823794
89,969,율무밥,복국(복지리),돼지고기전,건새우볶음,0.9734798482873868
98,828,완두콩밥,무국(새우젓),완자전(돼지고기),건새우볶음,0.9719519444308828
111,832,완두콩밥,당면국(새우),완자전(쇠고기),건새우볶음,0.9699615550657074
116,823,완두콩밥,당면국(양배추),쇠고기내장(천엽)전,건새우볶음,0.9690393302856208
151,347,조밥,호박새우젓국,쇠고기내장(천엽)전,건새우볶음,0.9663083071834392
161,383,조밥,김치국(참치),화양적,건새우볶음,0.9659164866394908
168,849,녹두밥,복국(복지리),두부전(돈육),건새우볶음,0.9656020493080548
170,236,찰밥,무국(새우젓),돼지고기전,건새우볶음,0.9655634523500168
173,875,녹두밥,고동국(올갱이국),쇠고기전,건새우볶음,0.9654028647034772
180,460,조밥,게장국,완자전(쇠고기),건새우볶음,0.9648967231244172
190,241,찰밥,당면국(새우),두부전(돈육),건새우볶음,0.9642176080036854
204,633,팥밥,김치국(참치),두부전(돈육),건새우볶음,0.9631814872291768
223,601,팥밥,복국(복지리),쇠고기전,건새우볶음,0.9621967677171472
228,226,찰밥,당면국(양배추),완자전(돼지고기),건새우볶음,0.9617535075627148
260,600,팥밥,복국(복지리),완자전(돼지고기),건새우볶음,0.9603605455273057
294,346,현미밥,당면국(새우),화양적,건새우볶음,0.9595885558916069
312,344,현미밥,당면국(새우),쇠고기내장(천엽)전,건새우볶음,0.9591540036206292
317,820,완두콩밥,당면국,쇠고기내장(천엽)전,건새우볶음,0.9589955870047314
339,116,쌀밥,게장국,화양적,건새우볶음,0.9585536303145132
373,501,콩밥(대두),김치무국,두부전(돈육),건새우볶음,0.9575957138815592
419,31,쌀밥,김치국(참치),완자전(쇠고기),건새우볶음,0.9563716739107012
461,19,쌀밥,김치무국,완자전(돼지고기),건새우볶음,0.9556273195835966
468,942,녹두밥,당면국(양배추),두부전(돈육),건새우볶음,0.9554940363841188
478,27,쌀밥,김치무국,쇠간전,건새우볶음,0.955327664649018
