,Unnamed: 0,밥,국,메인,서브,유사도
0,725,차조밥,복국(복지리),쇠고기전,건새우볶음,0.9964189169274346
1,731,차조밥,복국(복지리),쇠고기내장(천엽)전,잔멸치볶음,0.9963574116272808
2,540,녹두밥,고동국(올갱이국),쇠고기내장(천엽)전,어묵볶음(양파),0.9927802018795528
3,252,현미밥,고동국(올갱이국),화양적,참치볶음,0.9916012921632126
5,407,완두콩밥,고동국(올갱이국),완자전(돼지고기),참치볶음(야채),0.9893541138834976
8,517,녹두밥,김치국(참치),두부전(돈육),건새우볶음,0.9850264627805208
9,803,차조밥,고동국(올갱이국),돼지고기전,잔멸치볶음,0.9848755548737292
10,859,수수찹쌀밥,김치무국,완자전(쇠고기),건새우볶음,0.984834450651106
13,761,차조밥,고동국(올갱이국),완자전(쇠고기),참치볶음,0.984345983365167
15,338,팥밥,김치무국,쇠고기내장(천엽)전,참치볶음,0.9835417450971596
16,797,차조밥,고동국(올갱이국),쇠간전,북어볶음,0.9831727492682956
18,723,차조밥,복국(복지리),완자전(쇠고기),건새우볶음,0.982631200916188
19,147,찰밥,당면국(양배추),화양적,건새우볶음,0.9823614031160528
21,602,녹두밥,무국(새우젓),두부전(돈육),건새우볶음,0.9812600492559022
23,593,녹두밥,무국(새우젓),완자전(쇠고기),건새우볶음,0.9809635726848998
24,592,녹두밥,게장국,화양적,건새우볶음,0.9809635726848998
25,658,율무밥,고동국(올갱이국),쇠고기전,건새우볶음,0.9807710328190812
27,696,율무밥,고동국(올갱이국),두부전(돈육),멸치볶음(풋고추&간장),0.9803765688007816
28,317,콩밥(대두),김치무국,돼지고기전,건새우볶음,0.9790356521137172
29,482,녹두밥,호박새우젓국,쇠고기내장(천엽)전,건새우볶음,0.978713324368922
30,326,콩밥(대두),게장국,완자전(쇠고기),건새우볶음,0.9786818102205904
36,268,현미밥,무국(새우젓),쇠고기내장(천엽)전,건새우볶음,0.9758514600193832
64,752,차조밥,김치무국,화양적,건새우볶음,0.9713948449050506
81,277,조밥,복국(복지리),두부전(돈육),건새우볶음,0.9694508677762514
84,827,차조밥,게장국,쇠고기내장(천엽)전,건새우볶음,0.968704537307542
86,7,쌀밥,김치무국,완자전(돼지고기),건새우볶음,0.9683360323761372
97,618,율무밥,복국(복지리),쇠간전,건새우볶음,0.9672513580598816
98,476,완두콩밥,무국(새우젓),완자전(돼지고기),건새우볶음,0.9671474788164196
99,387,완두콩밥,김치무국,두부전(돈육),건새우볶음,0.9671306010115855
103,514,녹두밥,김치국(참치),완자전(돼지고기),건새우볶음,0.9669609888324284
104,22,쌀밥,김치국(참치),화양적,건새우볶음,0.9667991805126888
107,62,찰밥,김치국(참치),완자전(쇠고기),건새우볶음,0.9667155215678462
124,755,차조밥,김치국(참치),쇠고기내장(천엽)전,건새우볶음,0.9654698917669201
128,497,녹두밥,복국(복지리),돼지고기전,건새우볶음,0.9652643647346716
141,724,차조밥,복국(복지리),완자전(돼지고기),건새우볶음,0.964346859506398
183,868,수수찹쌀밥,김치무국,쇠간전,건새우볶음,0.9613583513996482
193,335,팥밥,복국(복지리),화양적,건새우볶음,0.9610824475901552
203,469,완두콩밥,고동국(올갱이국),떡산적,건새우볶음,0.9608436055142372
267,601,녹두밥,무국(새우젓),돼지고기전,건새우볶음,0.9589379465637984
303,30,쌀밥,무국(새우젓),화양적,건새우볶음,0.9581856367575748
