,Unnamed: 0,밥,국,메인,서브,유사도
0,933,차조밥,고동국(올갱이국),쇠간전,참치볶음(야채),0.9961490470377042
1,940,차조밥,고동국(올갱이국),돼지고기전,참치볶음,0.9960972099262516
2,915,차조밥,고동국(올갱이국),쇠고기내장(천엽)전,어묵볶음(당근),0.9928934050770164
3,681,녹두밥,고동국(올갱이국),두부전(돈육),북어볶음,0.9925164300948012
4,348,조밥,무국(새우젓),완자전(돼지고기),건새우볶음,0.9912848525936448
5,742,율무밥,김치무국,쇠고기내장(천엽)전,멸치볶음(풋고추&간장),0.990462694245078
6,207,현미밥,김치무국,두부전(돈육),건새우볶음,0.9894775028232192
9,865,차조밥,복국(복지리),쇠고기내장(천엽)전,멸치볶음(풋고추&간장),0.9889691785312571
10,165,찰밥,게장국,쇠고기내장(천엽)전,멸치볶음(풋고추&간장),0.9888551370671284
11,854,차조밥,복국(복지리),완자전(돼지고기),건새우볶음,0.98809011628602
12,157,찰밥,고동국(올갱이국),화양적,새우볶음,0.9871571981712044
15,502,완두콩밥,고동국(올갱이국),쇠고기전,어묵볶음(마늘쫑),0.9859048007675122
16,621,녹두밥,고동국(올갱이국),완자전(쇠고기),북어볶음,0.9849459843099442
18,569,완두콩밥,당면국(양배추),두부전(돈육),건새우볶음,0.9844512235100116
23,976,차조밥,무국(새우젓),완자전(쇠고기),건새우볶음,0.9826913927908204
27,765,율무밥,고동국(올갱이국),완자전(돼지고기),참치볶음(야채),0.9809382171999576
28,303,현미밥,당면국(새우),화양적,건새우볶음,0.9808374300339688
32,845,율무밥,무국(새우젓),쇠고기내장(천엽)전,참치볶음(콩나물),0.9804556597586812
39,426,팥밥,김치무국,화양적,건새우볶음,0.9783596573124046
40,379,콩밥(대두),김치국(참치),완자전(돼지고기),건새우볶음,0.9782814396291452
43,467,완두콩밥,복국(복지리),두부전(돈육),건새우볶음,0.9774558613460824
45,580,녹두밥,호박새우젓국,쇠고기내장(천엽)전,건새우볶음,0.9769517592101884
50,699,녹두밥,게장국,화양적,건새우볶음,0.9759309027057524
54,365,콩밥(대두),김치무국,완자전(쇠고기),건새우볶음,0.9755317545143728
58,333,조밥,김치국(참치),쇠고기내장(천엽)전,멸치볶음(풋고추&간장),0.9744473295338746
59,583,녹두밥,복국(복지리),쇠고기전,건새우볶음,0.9743275670433748
62,866,차조밥,복국(복지리),쇠간전,건새우볶음,0.9735306558934697
71,562,완두콩밥,고동국(올갱이국),떡산적,건새우볶음,0.9719886114781832
73,424,팥밥,김치무국,돼지고기전,건새우볶음,0.9716039432572648
75,839,율무밥,당면국(양배추),화양적,건새우볶음,0.9714170133445048
83,700,녹두밥,당면국(양배추),쇠고기내장(천엽)전,건새우볶음,0.9707852993007836
94,334,조밥,김치국(참치),두부전(돈육),건새우볶음,0.9694905488304342
118,22,쌀밥,김치무국,쇠간전,건새우볶음,0.9665217904175052
119,985,차조밥,무국(새우젓),두부전(돈육),건새우볶음,0.9664798465750588
126,711,녹두밥,무국(새우젓),돼지고기전,건새우볶음,0.9660081935344792
128,411,팥밥,복국(복지리),돼지고기전,건새우볶음,0.9657330557503442
131,183,찰밥,당면국(새우),두부전(돈육),건새우볶음,0.9656659917906024
136,717,율무밥,복국(복지리),완자전(쇠고기),건새우볶음,0.9652439544155996
146,415,팥밥,김치무국,완자전(돼지고기),건새우볶음,0.9644752487829654
184,378,콩밥(대두),김치국(참치),완자전(쇠고기),건새우볶음,0.9618765345115968
205,578,완두콩밥,당면국(새우),쇠고기내장(천엽)전,건새우볶음,0.9609450192152352
206,567,완두콩밥,당면국(양배추),완자전(돼지고기),건새우볶음,0.9609136554453668
233,50,쌀밥,무국(새우젓),화양적,건새우볶음,0.9603301049701304
256,39,쌀밥,게장국,완자전(쇠고기),건새우볶음,0.9597155065520034
279,290,현미밥,당면국(양배추),완자전(쇠고기),건새우볶음,0.9591303107061596
348,31,쌀밥,김치국(참치),화양적,건새우볶음,0.9575545939844644
356,12,쌀밥,복국(복지리),화양적,건새우볶음,0.9573401643667908
