,Unnamed: 0,밥,국,메인,서브,유사도
0,524,검정콩밥,게장국,화양적,건새우볶음,0.9967491735531808
1,924,보리콩밥,무국(새우젓),완자전(돼지고기),건새우볶음,0.9882173096843818
2,681,잡곡밥(옥수수),복국(복지리),쇠고기내장(천엽)전,건새우볶음,0.9870986192807172
3,791,밤밥,김치무국,두부전(돈육),건새우볶음,0.985552072659004
4,856,보리밥,김치무국,완자전(쇠고기),건새우볶음,0.9854948698835456
5,699,잡곡밥(옥수수),김치국(참치),완자전(쇠고기),건새우볶음,0.9852600499554556
6,709,잡곡밥(옥수수),게장국,완자전(쇠고기),건새우볶음,0.9849117843723904
7,786,밤밥,김치무국,쇠고기내장(천엽)전,북어볶음,0.9834149625163208
9,418,수수찹쌀밥,무국(새우젓),쇠고기내장(천엽)전,건새우볶음,0.976731151955778
10,882,보리밥,무국(새우젓),완자전(쇠고기),건새우볶음,0.9762462841004929
12,753,땅콩밥,고동국(올갱이국),두부전(돈육),건새우볶음,0.9750281363992116
13,406,수수찹쌀밥,고동국(올갱이국),화양적,참치볶음,0.974437277317594
17,728,땅콩밥,복국(복지리),완자전(돼지고기),건새우볶음,0.9735360971926276
20,420,수수찹쌀밥,무국(새우젓),화양적,건새우볶음,0.9732596596954476
21,492,검정콩밥,복국(복지리),화양적,건새우볶음,0.9728966423406116
25,170,완두콩밥,고동국(올갱이국),쇠고기내장(천엽)전,참치볶음,0.9720348575924664
30,192,완두콩밥,무국(새우젓),두부전(돈육),건새우볶음,0.9703159426742364
31,224,녹두밥,김치국(참치),쇠고기내장(천엽)전,건새우볶음,0.9699644957235416
33,378,수수찹쌀밥,복국(복지리),두부전(돈육),건새우볶음,0.9685714093986793
35,963,보리조밥,호박새우젓국,쇠고기내장(천엽)전,건새우볶음,0.9683014980276514
41,413,수수찹쌀밥,게장국,쇠고기내장(천엽)전,멸치볶음(풋고추&간장),0.9674522821009621
44,39,찰밥,고동국(올갱이국),완자전(돼지고기),참치볶음,0.967227483475038
50,503,검정콩밥,김치무국,돼지고기전,건새우볶음,0.966570384461326
56,392,수수찹쌀밥,김치무국,화양적,건새우볶음,0.9660022737878744
60,398,수수찹쌀밥,김치국(참치),화양적,건새우볶음,0.9658270023783576
62,82,현미밥,복국(복지리),돼지고기전,건새우볶음,0.9656773661286624
65,251,녹두밥,무국(새우젓),돼지고기전,건새우볶음,0.9652956546020128
67,870,보리밥,김치국(참치),완자전(돼지고기),건새우볶음,0.9651928072555964
93,210,녹두밥,김치무국,완자전(돼지고기),건새우볶음,0.9622331808967071
125,432,차수수밥,복국(복지리),쇠간전,건새우볶음,0.9609838065111609
129,502,검정콩밥,김치무국,쇠간전,건새우볶음,0.9608143901843847
143,366,수수찹쌀밥,복국(복지리),완자전(쇠고기),건새우볶음,0.9603927943363336
145,35,찰밥,김치국(참치),두부전(돈육),건새우볶음,0.9603748745786698
146,584,찹쌀밥,고동국(올갱이국),쇠간전,참치볶음(야채),0.9603162341747216
148,817,밤밥,고동국(올갱이국),돼지고기전,참치볶음(야채),0.9602451857458968
200,102,현미밥,고동국(올갱이국),완자전(쇠고기),참치볶음(야채),0.9588888287128824
241,72,현미밥,복국(복지리),쇠고기전,건새우볶음,0.9576042305366044
