,Unnamed: 0,밥,국,메인,서브,유사도
0,656,차조밥,고동국(올갱이국),완자전(쇠고기),참치볶음,0.9965157703078183
1,661,차조밥,고동국(올갱이국),완자전(돼지고기),참치볶음,0.9964505210160494
2,899,차수수밥,고동국(올갱이국),돼지고기전,참치볶음(야채),0.9959584474881928
3,509,녹두밥,무국(새우젓),쇠고기내장(천엽)전,참치볶음(콩나물),0.9928747214760336
4,237,조밥,호박새우젓국,쇠고기내장(천엽)전,건새우볶음,0.9917162189291594
5,544,율무밥,김치무국,두부전(돈육),건새우볶음,0.9905097033790112
6,387,완두콩밥,고동국(올갱이국),화양적,참치볶음,0.9894636489723342
8,607,율무밥,게장국,쇠고기내장(천엽)전,멸치볶음(풋고추&간장),0.9885088324676596
9,943,검정콩밥,복국(복지리),쇠고기내장(천엽)전,참치볶음,0.9868131075165772
13,973,검정콩밥,김치국(참치),화양적,건새우볶음,0.9849001446525684
15,442,녹두밥,김치국(참치),두부전(돈육),건새우볶음,0.9846553648352084
16,999,검정콩밥,고동국(올갱이국),쇠간전,잔멸치볶음,0.9845508712844776
18,319,완두콩밥,김치무국,쇠고기내장(천엽)전,북어볶음,0.983659430633838
25,633,차조밥,복국(복지리),쇠간전,건새우볶음,0.9804912802197528
27,458,녹두밥,고동국(올갱이국),쇠고기내장(천엽)전,어묵볶음(마늘쫑),0.9788300133926571
34,422,녹두밥,복국(복지리),돼지고기전,건새우볶음,0.9758552683135876
35,726,수수찹쌀밥,복국(복지리),완자전(돼지고기),건새우볶음,0.9758505910559978
37,694,차조밥,고동국(올갱이국),두부전(돈육),참치볶음(콩나물),0.9744015849618868
43,860,차수수밥,김치국(참치),완자전(돼지고기),건새우볶음,0.972701244535384
44,754,수수찹쌀밥,김치무국,화양적,건새우볶음,0.9726404258224028
47,423,녹두밥,복국(복지리),두부전(돈육),건새우볶음,0.9724075766922136
49,610,율무밥,무국(새우젓),완자전(돼지고기),건새우볶음,0.9719364372837108
55,38,찰밥,김치무국,완자전(쇠고기),건새우볶음,0.97161868501307
58,563,율무밥,고동국(올갱이국),쇠고기전,건새우볶음,0.9714544094662508
68,743,수수찹쌀밥,김치무국,완자전(돼지고기),건새우볶음,0.9702285129833228
72,827,수수찹쌀밥,무국(새우젓),화양적,건새우볶음,0.9695950033686996
83,408,녹두밥,복국(복지리),완자전(쇠고기),건새우볶음,0.9680766188733868
87,821,수수찹쌀밥,무국(새우젓),완자전(쇠고기),건새우볶음,0.9677203402803012
97,18,쌀밥,게장국,화양적,건새우볶음,0.96691954667476
100,53,찰밥,김치국(참치),쇠고기내장(천엽)전,건새우볶음,0.9668346159651844
102,817,수수찹쌀밥,게장국,완자전(쇠고기),건새우볶음,0.96640154878949
111,532,율무밥,복국(복지리),화양적,건새우볶음,0.9656765333533686
115,622,차조밥,복국(복지리),쇠고기전,건새우볶음,0.9655511609212062
126,859,차수수밥,김치국(참치),완자전(쇠고기),건새우볶음,0.964904556333428
149,322,완두콩밥,김치무국,쇠간전,건새우볶음,0.9627200013841396
211,513,녹두밥,무국(새우젓),두부전(돈육),건새우볶음,0.9602101031863101
219,266,콩밥(대두),김치무국,돼지고기전,건새우볶음,0.9599855426300744
