,Unnamed: 0,밥,국,메인,서브,유사도
0,577,수수찹쌀밥,고동국(올갱이국),쇠고기내장(천엽)전,건새우볶음,0.9966376481467256
1,729,검정콩밥,김치국(참치),두부전(돈육),건새우볶음,0.9961506645262976
2,762,검정콩밥,게장국,쇠고기내장(천엽)전,멸치볶음(풋고추&간장),0.9869922268419621
3,911,잡곡밥,고동국(올갱이국),완자전(돼지고기),참치볶음(야채),0.9854151072940476
4,608,수수찹쌀밥,무국(새우젓),쇠고기내장(천엽)전,멸치볶음(풋고추&간장),0.9852104120748436
5,638,차수수밥,김치무국,돼지고기전,건새우볶음,0.9851684948916856
6,785,찹쌀밥,복국(복지리),쇠고기내장(천엽)전,새우볶음,0.9851242255450804
9,802,찹쌀밥,김치무국,쇠간전,건새우볶음,0.9847755591219194
10,591,수수찹쌀밥,고동국(올갱이국),화양적,어묵볶음(마늘쫑),0.9846812594118528
11,604,수수찹쌀밥,무국(새우젓),완자전(쇠고기),건새우볶음,0.9834810124522444
12,899,잡곡밥,김치무국,화양적,건새우볶음,0.9832772117119458
14,806,찹쌀밥,김치국(참치),완자전(쇠고기),건새우볶음,0.9809221992960616
16,559,수수찹쌀밥,김치무국,두부전(돈육),건새우볶음,0.9807254670548116
17,774,검정콩밥,무국(새우젓),화양적,건새우볶음,0.9772453744215824
19,389,율무밥,김치무국,쇠고기내장(천엽)전,멸치볶음(풋고추&간장),0.9760916797102552
29,967,잡곡밥(옥수수),복국(복지리),돼지고기전,건새우볶음,0.9732988758778888
33,282,녹두밥,복국(복지리),완자전(돼지고기),건새우볶음,0.9722857715436422
38,955,잡곡밥(옥수수),호박새우젓국,쇠고기내장(천엽)전,건새우볶음,0.97168187565445
40,211,완두콩밥,복국(복지리),화양적,건새우볶음,0.970169644046492
41,686,차수수밥,무국(새우젓),완자전(돼지고기),건새우볶음,0.9698550494777278
45,856,찹쌀밥,게장국,완자전(쇠고기),건새우볶음,0.9687150253042808
46,84,찰밥,게장국,화양적,건새우볶음,0.96871190981679
49,413,율무밥,고동국(올갱이국),쇠간전,참치볶음,0.9684265733496316
56,196,완두콩밥,복국(복지리),완자전(쇠고기),건새우볶음,0.9674709525080232
57,62,찰밥,고동국(올갱이국),돼지고기전,참치볶음,0.967384746566458
58,108,현미밥,복국(복지리),쇠간전,건새우볶음,0.9673785917053234
59,419,율무밥,고동국(올갱이국),두부전(돈육),참치볶음,0.9673623717592094
60,450,차조밥,복국(복지리),쇠고기전,건새우볶음,0.9673096967131452
63,46,찰밥,고동국(올갱이국),완자전(쇠고기),건새우볶음,0.9670785047089816
71,968,잡곡밥(옥수수),복국(복지리),두부전(돈육),건새우볶음,0.9662107397626336
73,482,차조밥,김치국(참치),화양적,건새우볶음,0.9659124522966429
81,94,찰밥,무국(새우젓),두부전(돈육),건새우볶음,0.9655273660994244
91,396,율무밥,김치국(참치),쇠고기내장(천엽)전,건새우볶음,0.9645447832619378
95,361,녹두밥,무국(새우젓),돼지고기전,건새우볶음,0.9642332229306833
130,465,차조밥,김치무국,완자전(돼지고기),건새우볶음,0.9615542053816338
163,562,수수찹쌀밥,김치국(참치),완자전(돼지고기),건새우볶음,0.9602892636229798
228,712,검정콩밥,김치무국,완자전(쇠고기),건새우볶음,0.95887548244584
