,Unnamed: 0,밥,국,메인,서브,유사도
0,336,고구마밥,김치무국,쇠고기내장(천엽)전,참치볶음(야채),0.9902472312802209
1,340,고구마밥,김치무국,돼지고기전,건새우볶음,0.985763888456012
2,342,고구마밥,김치무국,화양적,건새우볶음,0.9819377593637818
3,346,고구마밥,김치국(참치),두부전(돈육),건새우볶음,0.9815529567466528
4,345,고구마밥,김치국(참치),쇠고기내장(천엽)전,건새우볶음,0.9815529567466528
6,349,고구마밥,게장국,화양적,건새우볶음,0.9780479831303149
7,344,고구마밥,김치국(참치),완자전(돼지고기),건새우볶음,0.9768926798590992
8,151,찹쌀밥,복국(복지리),화양적,건새우볶음,0.9733273061599914
9,99,차조밥,김치국(참치),화양적,건새우볶음,0.9731630591623486
14,350,고구마밥,무국(새우젓),화양적,건새우볶음,0.9696258510200008
15,348,고구마밥,게장국,쇠고기내장(천엽)전,건새우볶음,0.9686970059529832
16,326,옥수수밥,게장국,완자전(쇠고기),건새우볶음,0.9650579950380972
18,64,녹두밥,김치무국,쇠간전,건새우볶음,0.9634603474327108
20,343,고구마밥,김치국(참치),완자전(쇠고기),건새우볶음,0.9633045594217128
30,22,현미밥,김치무국,완자전(쇠고기),건새우볶음,0.96005621430927
31,59,녹두밥,김치무국,완자전(돼지고기),건새우볶음,0.9597298208458441
43,270,수수밥,김치무국,두부전(돈육),건새우볶음,0.9584372615762741
53,149,찹쌀밥,복국(복지리),쇠고기내장(천엽)전,참치볶음(야채),0.9560162106326082
64,171,찹쌀밥,무국(새우젓),쇠고기내장(천엽)전,참치볶음(야채),0.9535208595643058
88,0,찰밥,호박새우젓국,쇠고기내장(천엽)전,건새우볶음,0.9517328279075934
