,Unnamed: 0,밥,국,메인,서브,유사도
0,848,고구마밥,복국(복지리),쇠간전,건새우볶음,0.9924383810918552
1,834,옥수수밥,무국(새우젓),완자전(쇠고기),건새우볶음,0.99072315430631
2,879,고구마밥,무국(새우젓),완자전(돼지고기),건새우볶음,0.990010609965701
3,825,옥수수밥,고동국(올갱이국),화양적,참치볶음,0.9881374081248864
4,839,옥수수밥,무국(새우젓),화양적,건새우볶음,0.9866035066442216
5,883,영양밥(돌솥밥),김치무국,쇠고기내장(천엽)전,참치볶음,0.9855019336480344
6,869,고구마밥,김치국(참치),두부전(돈육),건새우볶음,0.9851539029298552
7,866,고구마밥,김치국(참치),완자전(돼지고기),건새우볶음,0.98450973984141
8,846,고구마밥,복국(복지리),쇠고기내장(천엽)전,잔멸치볶음,0.9833765720604404
10,862,고구마밥,김치무국,돼지고기전,건새우볶음,0.9819813628409328
14,888,영양밥(돌솥밥),김치무국,화양적,건새우볶음,0.9812994606475676
15,889,영양밥(돌솥밥),김치국(참치),쇠고기내장(천엽)전,건새우볶음,0.9812994606475676
16,841,고구마밥,복국(복지리),완자전(쇠고기),건새우볶음,0.9808104604750992
24,892,영양밥(돌솥밥),게장국,화양적,건새우볶음,0.9777994651076924
25,870,고구마밥,김치국(참치),화양적,건새우볶음,0.9774750701212273
26,861,고구마밥,김치무국,쇠간전,건새우볶음,0.9767397170532258
27,887,영양밥(돌솥밥),김치무국,두부전(돈육),건새우볶음,0.9766371347336198
28,850,고구마밥,복국(복지리),두부전(돈육),건새우볶음,0.9766302886030316
30,290,수수찹쌀밥,게장국,완자전(쇠고기),건새우볶음,0.97638667249193
31,852,고구마밥,김치무국,완자전(쇠고기),건새우볶음,0.9763480473739916
32,853,고구마밥,김치무국,완자전(돼지고기),건새우볶음,0.9763480473739916
35,331,차수수밥,게장국,쇠고기내장(천엽)전,건새우볶음,0.9745904522572122
38,342,검정콩밥,복국(복지리),완자전(돼지고기),건새우볶음,0.9734068803905204
42,414,찹쌀밥,고동국(올갱이국),쇠고기내장(천엽)전,참치볶음(야채),0.9723469846708144
43,133,녹두밥,호박새우젓국,쇠고기내장(천엽)전,건새우볶음,0.9721869468710216
45,881,고구마밥,무국(새우젓),두부전(돈육),건새우볶음,0.9717001269098796
50,880,고구마밥,무국(새우젓),쇠고기내장(천엽)전,건새우볶음,0.9698779731536744
69,391,찹쌀밥,복국(복지리),돼지고기전,건새우볶음,0.9654425362095568
71,45,찰밥,무국(새우젓),돼지고기전,건새우볶음,0.9650046215069412
72,823,옥수수밥,고동국(올갱이국),두부전(돈육),참치볶음(콩나물),0.9649025348403436
78,407,찹쌀밥,김치국(참치),완자전(쇠고기),건새우볶음,0.9643005733269032
113,393,찹쌀밥,복국(복지리),화양적,건새우볶음,0.9610595124555624
