,Unnamed: 0,밥,국,메인,서브,유사도
0,157,고구마밥,김치무국,쇠고기내장(천엽)전,건새우볶음,0.9858911912383872
1,160,고구마밥,김치국(참치),완자전(돼지고기),건새우볶음,0.98167569440479
2,159,고구마밥,김치무국,화양적,건새우볶음,0.98167569440479
3,163,고구마밥,김치국(참치),화양적,건새우볶음,0.978168051037979
5,164,고구마밥,게장국,화양적,건새우볶음,0.9697555100575284
6,162,고구마밥,김치국(참치),두부전(돈육),건새우볶음,0.9688298662971264
13,25,완두콩밥,김치무국,두부전(돈육),건새우볶음,0.9595034234483548
14,7,찰밥,김치국(참치),쇠고기내장(천엽)전,건새우볶음,0.9592848504352954
29,141,옥수수밥,김치무국,완자전(돼지고기),건새우볶음,0.9530878195373396
31,134,쑥쌀밥,김치국(참치),완자전(쇠고기),건새우볶음,0.9528010116027384
