,Unnamed: 0,밥,국,메인,서브,유사도
0,501,옥수수밥,게장국,쇠고기내장(천엽)전,건새우볶음,0.992599474867426
1,522,고구마밥,김치무국,돼지고기전,건새우볶음,0.9901616021774624
2,526,고구마밥,김치국(참치),완자전(돼지고기),건새우볶음,0.9856685859981468
3,510,고구마밥,복국(복지리),쇠고기내장(천엽)전,참치볶음(콩나물),0.9846765448041316
4,507,고구마밥,호박새우젓국,쇠고기내장(천엽)전,건새우볶음,0.9821334302565832
5,528,고구마밥,김치국(참치),쇠고기내장(천엽)전,멸치볶음(풋고추&간장),0.9818458092528154
7,531,고구마밥,게장국,완자전(쇠고기),건새우볶음,0.9814608580502038
8,521,고구마밥,김치무국,쇠간전,건새우볶음,0.9798214103085354
9,511,고구마밥,복국(복지리),두부전(돈육),건새우볶음,0.9798017146774662
10,503,옥수수밥,무국(새우젓),완자전(돼지고기),건새우볶음,0.9797136616756268
11,516,고구마밥,김치무국,쇠고기내장(천엽)전,참치볶음,0.9784617733124016
12,535,고구마밥,무국(새우젓),화양적,건새우볶음,0.9779577651972354
13,513,고구마밥,김치무국,완자전(쇠고기),건새우볶음,0.977638224223752
15,530,고구마밥,김치국(참치),화양적,건새우볶음,0.9767997790972276
16,205,차수수밥,김치국(참치),두부전(돈육),건새우볶음,0.9735662270696206
19,252,찹쌀밥,김치무국,두부전(돈육),건새우볶음,0.9725261665228304
21,524,고구마밥,김치무국,화양적,건새우볶음,0.9718582673419685
26,534,고구마밥,무국(새우젓),두부전(돈육),건새우볶음,0.9685979556432308
35,55,현미밥,게장국,화양적,건새우볶음,0.9637586745242842
36,128,율무밥,김치국(참치),완자전(쇠고기),건새우볶음,0.9633733160566128
56,143,차조밥,김치무국,완자전(돼지고기),건새우볶음,0.9602589158435164
62,56,현미밥,무국(새우젓),쇠고기내장(천엽)전,건새우볶음,0.9599546224246316
66,353,밤밥,고동국(올갱이국),화양적,참치볶음,0.9597382775404631
91,415,수수밥,복국(복지리),화양적,건새우볶음,0.958337033939746
