,Unnamed: 0,밥,국,메인,서브,유사도
0,811,보리팥밥,김치무국,쇠고기내장(천엽)전,북어볶음,0.98827787331149
1,621,땅콩밥,복국(복지리),완자전(돼지고기),건새우볶음,0.987144923018596
2,637,땅콩밥,김치무국,화양적,건새우볶음,0.9853199655466768
3,647,땅콩밥,고동국(올갱이국),화양적,건새우볶음,0.9849718862898964
4,780,보리콩밥,김치무국,쇠간전,건새우볶음,0.9763167035877764
6,686,밤밥,김치국(참치),두부전(돈육),건새우볶음,0.9750878871325234
9,168,녹두밥,복국(복지리),쇠고기내장(천엽)전,건새우볶음,0.973657612320717
10,665,밤밥,복국(복지리),쇠간전,건새우볶음,0.9735959199174362
12,387,차수수밥,김치국(참치),쇠고기내장(천엽)전,건새우볶음,0.973321808019192
13,448,검정콩밥,게장국,화양적,건새우볶음,0.9729635297087657
15,234,율무밥,김치무국,돼지고기전,건새우볶음,0.9724977835516044
17,152,완두콩밥,게장국,쇠고기내장(천엽)전,건새우볶음,0.9720990174183084
21,273,차조밥,김치무국,완자전(쇠고기),건새우볶음,0.9710158071025884
22,174,녹두밥,김치무국,완자전(돼지고기),건새우볶음,0.9703807441551991
25,695,밤밥,고동국(올갱이국),쇠고기내장(천엽)전,참치볶음(야채),0.9684209487614118
27,392,차수수밥,고동국(올갱이국),두부전(돈육),참치볶음(야채),0.9682086040887934
28,159,완두콩밥,무국(새우젓),화양적,건새우볶음,0.9676930706871384
29,50,찰밥,무국(새우젓),쇠고기내장(천엽)전,참치볶음(야채),0.9675935449993054
31,291,차조밥,김치국(참치),화양적,건새우볶음,0.967402350571454
34,458,찹쌀밥,호박새우젓국,쇠고기내장(천엽)전,건새우볶음,0.9666395773315296
35,743,보리밥,김치무국,두부전(돈육),건새우볶음,0.966401283000602
37,420,검정콩밥,복국(복지리),두부전(돈육),건새우볶음,0.9661024966038276
40,494,찹쌀밥,고동국(올갱이국),완자전(쇠고기),참치볶음,0.9659806900546586
43,371,차수수밥,복국(복지리),화양적,건새우볶음,0.9658046886704359
45,629,땅콩밥,복국(복지리),돼지고기전,건새우볶음,0.9654909207301032
46,945,쑥쌀밥,고동국(올갱이국),완자전(돼지고기),참치볶음,0.9654453584309576
51,337,수수찹쌀밥,김치국(참치),완자전(쇠고기),건새우볶음,0.9647708279851432
56,459,찹쌀밥,복국(복지리),완자전(쇠고기),건새우볶음,0.9642050762238576
57,826,보리팥밥,무국(새우젓),두부전(돈육),건새우볶음,0.9641231091352503
59,757,보리밥,무국(새우젓),완자전(돼지고기),건새우볶음,0.9640417052240328
84,338,수수찹쌀밥,김치국(참치),완자전(돼지고기),건새우볶음,0.9618177913478262
121,649,땅콩밥,무국(새우젓),완자전(쇠고기),건새우볶음,0.960128516408238
156,308,차조밥,무국(새우젓),돼지고기전,건새우볶음,0.9591671669620572
215,43,찰밥,게장국,완자전(쇠고기),건새우볶음,0.9570597726349862
309,973,옥수수밥,복국(복지리),쇠고기전,건새우볶음,0.95302003986022
335,699,밤밥,고동국(올갱이국),쇠간전,참치볶음(야채),0.9522314855376386
