,Unnamed: 0,밥,국,메인,서브,유사도
0,126,쌀밥,감자찌개(돼지고기),방어구이,우거지볶음,0.9958566762617476
2,109,쌀밥,감자찌개(돼지고기),새치구이,감자볶음(당근),0.9955346110916868
4,68,쌀밥,연두부찌개,방어구이,고비볶음,0.995123934483744
5,24,쌀밥,연두부찌개,새치구이,고구마볶음,0.9951035449008794
6,822,조밥,감자찌개,새치구이,야채볶음,0.99504609537334
18,942,조밥,두부찌개(고추장),방어구이,배추나물볶음,0.9944388609402738
19,628,현미밥,비지찌개,방어구이,깍두기볶음,0.9944387383077444
20,83,쌀밥,연두부찌개,긴다로구이,감자볶음(어묵),0.994388107090446
24,86,쌀밥,감자찌개(돼지고기),명태포,고구마볶음,0.9942149450599156
31,266,쌀밥,비지찌개,새치구이,김치볶음,0.9941389167458756
32,254,쌀밥,비지찌개(콩),방어구이,김치볶음(동물성재료없음),0.9940556631019916
42,220,쌀밥,감자찌개,방어구이,감자볶음(어묵),0.9937622815699227
69,886,조밥,순두부찌개,방어구이,죽순볶음,0.9927588121960792
116,0,쌀밥,연두부찌개,명태포,감자볶음(어묵),0.9920851065247112
121,285,쌀밥,두부찌개(고추장),새치구이,죽순볶음,0.9920597140259882
143,931,조밥,두부찌개,방어구이,고구마줄기볶음,0.9917074514975558
197,244,쌀밥,비지찌개(콩),새치구이,김치볶음,0.9910369452569614
210,927,조밥,비지찌개,긴다로구이,죽순볶음,0.9909275283036508
279,811,조밥,감자찌개(돼지고기),긴다로구이,감자볶음(어묵),0.990147066150336
300,956,조밥,두부찌개(고추장),긴다로구이,김치볶음(참치),0.9897843161107664
368,910,조밥,비지찌개,명태포,김치볶음(동물성재료없음),0.988756610284275
443,932,조밥,두부찌개(고추장),명태포,죽순볶음,0.9875966233780422
