,Unnamed: 0,밥,국,메인,서브,유사도
0,89,쌀밥,연두부찌개,방어구이,가지볶음(양파),0.9972193107174102
2,79,쌀밥,연두부찌개,새치구이,무볶음,0.9968612174710926
8,39,쌀밥,연두부찌개,명태포,마늘쫑볶음,0.9960759878736976
12,578,찰밥,감자찌개,새치구이,우거지볶음,0.9959502520648128
13,329,쌀밥,감자찌개,방어구이,야채볶음(버섯),0.9959167521272568
19,810,현미밥,감자찌개(돼지고기),새치구이,우엉볶음,0.9956812660476311
20,372,쌀밥,감자찌개,긴다로구이,김치볶음(참치),0.9956467166311976
26,956,현미밥,비지찌개(콩),새치구이,죽순볶음,0.9954088246789546
27,670,찰밥,비지찌개(콩),방어구이,도라지볶음,0.9953911502910452
30,213,쌀밥,감자찌개(돼지고기),방어구이,느타리볶음(피망),0.9953482521534444
31,149,쌀밥,감자찌개(돼지고기),명태포,야채볶음(버섯),0.995343357881896
42,119,쌀밥,연두부찌개,긴다로구이,감자볶음(어묵),0.9949031856299736
44,406,쌀밥,두부찌개(고추장),새치구이,김치볶음(동물성재료없음),0.9947768325857544
47,397,쌀밥,비지찌개,새치구이,김치볶음,0.9947360369332728
48,686,찰밥,비지찌개,방어구이,가지볶음,0.9947344086049807
64,228,쌀밥,감자찌개(돼지고기),긴다로구이,야채볶음(표고),0.994456706954586
97,955,현미밥,순두부찌개,방어구이,고구마줄기볶음,0.9939360743848168
101,696,찰밥,비지찌개,긴다로구이,죽순볶음,0.9938720670311679
103,262,쌀밥,감자찌개,명태포,버섯볶음(채소),0.9938621614224776
122,706,찰밥,두부찌개(고추장),방어구이,죽순볶음,0.9935635712449572
130,382,쌀밥,비지찌개(콩),명태포,김치볶음(동물성재료없음),0.9934737373700538
218,388,쌀밥,비지찌개(콩),긴다로구이,죽순볶음,0.9924418263173604
238,723,찰밥,두부찌개(고추장),긴다로구이,김치볶음(참치),0.992294306029734
270,136,쌀밥,감자찌개(돼지고기),오징어구이,죽순볶음,0.9918706497823959
285,673,찰밥,비지찌개,명태포,죽순볶음,0.9916780628757368
318,1,쌀밥,연두부찌개,오징어구이,고구마줄기볶음,0.9911997426104212
401,256,쌀밥,감자찌개,오징어구이,고구마줄기볶음,0.9902518254318556
437,4,쌀밥,연두부찌개,쥐포구이,죽순볶음,0.9898555680215564
