,Unnamed: 0,밥,국,메인,서브,유사도
0,126,쌀밥,연두부찌개,긴다로구이,취나물볶음,0.9965887000681144
2,109,쌀밥,연두부찌개,방어구이,김치볶음(참치),0.996248642523136
4,824,현미밥,비지찌개(콩),새치구이,김치볶음,0.9959127079122782
5,68,쌀밥,연두부찌개,새치구이,깍두기볶음,0.995817881975634
7,24,쌀밥,연두부찌개,명태포,고구마볶음,0.9956879700142854
16,537,찰밥,감자찌개(돼지고기),새치구이,우엉볶음,0.995362931894178
19,800,현미밥,감자찌개,방어구이,배추나물볶음,0.9951915407592282
21,628,찰밥,비지찌개(콩),방어구이,죽순볶음,0.9950935251852217
28,266,쌀밥,감자찌개(돼지고기),긴다로구이,우엉볶음,0.9948754691779914
30,254,쌀밥,감자찌개(돼지고기),방어구이,김치볶음(동물성재료없음),0.9947994135408704
36,342,쌀밥,감자찌개,새치구이,고사리볶음,0.9946391731753796
41,312,쌀밥,감자찌개,명태포,고구마볶음,0.9944600782900358
43,176,쌀밥,감자찌개(돼지고기),명태포,감자채볶음,0.9944287466824492
50,684,찰밥,두부찌개(고추장),방어구이,깍두기볶음,0.9941105080966266
55,486,쌀밥,두부찌개(고추장),긴다로구이,김치볶음,0.9939715242913916
98,648,찰밥,비지찌개,새치구이,김치볶음,0.9930299579662756
101,437,쌀밥,비지찌개,명태포,김치볶음(동물성재료없음),0.9929995572253818
102,394,쌀밥,감자찌개,긴다로구이,부추볶음,0.9929838279998859
110,0,쌀밥,연두부찌개,쥐포구이,죽순볶음,0.9928564184679468
122,657,찰밥,비지찌개,방어구이,고사리볶음,0.9927732047044309
132,411,쌀밥,비지찌개(콩),명태포,김치볶음(동물성재료없음),0.9925251677842478
188,458,쌀밥,두부찌개(고추장),명태포,고구마줄기볶음,0.9918629955939154
201,463,쌀밥,두부찌개(고추장),새치구이,김치볶음(참치),0.9917883821082036
212,434,쌀밥,비지찌개(콩),긴다로구이,김치볶음(동물성재료없음),0.9916243688402278
233,408,쌀밥,순두부찌개,방어구이,고구마줄기볶음,0.9914988906075476
236,452,쌀밥,비지찌개,긴다로구이,죽순볶음,0.9914255162897913
260,664,찰밥,두부찌개,방어구이,죽순볶음,0.9911006835726603
