,Unnamed: 0,밥,국,메인,서브,유사도
0,148,쌀밥,감자찌개(돼지고기),명태포,깍두기볶음,0.99653226450113
1,87,쌀밥,연두부찌개,긴다로구이,취나물볶음,0.996492039110467
2,186,쌀밥,감자찌개(돼지고기),새치구이,명일엽볶음,0.9964619424953788
3,305,쌀밥,감자찌개,긴다로구이,가지볶음(양파),0.9964560356460108
4,30,쌀밥,연두부찌개,명태포,고구마줄기볶음,0.996352438160813
5,204,쌀밥,감자찌개(돼지고기),긴다로구이,배추나물볶음,0.9963237867962574
6,323,쌀밥,비지찌개(콩),새치구이,죽순볶음,0.9963135522631528
9,422,찰밥,연두부찌개,방어구이,부추볶음,0.996031359037982
10,0,쌀밥,연두부찌개,오징어구이,죽순볶음,0.996025322540548
13,60,쌀밥,연두부찌개,새치구이,가지볶음,0.9953926306334616
14,236,쌀밥,감자찌개,명태포,야채볶음,0.9953436648393202
22,662,찰밥,감자찌개,새치구이,명일엽볶음,0.9950675128000716
27,118,쌀밥,감자찌개(돼지고기),오징어구이,고구마줄기볶음,0.9949463740432738
32,335,쌀밥,비지찌개,긴다로구이,고구마줄기볶음,0.9949089454239852
39,338,쌀밥,두부찌개(고추장),명태포,고구마줄기볶음,0.9947339945367059
88,322,쌀밥,비지찌개(콩),명태포,김치볶음(동물성재료없음),0.9932883809401944
101,554,찰밥,감자찌개(돼지고기),방어구이,죽순볶음,0.9930761674501104
105,346,쌀밥,두부찌개(고추장),긴다로구이,김치볶음(참치),0.9930071977448024
123,735,찰밥,비지찌개(콩),긴다로구이,죽순볶음,0.9927612784732748
126,5,쌀밥,연두부찌개,쥐포구이,고구마줄기볶음,0.9927226695245274
131,744,찰밥,비지찌개,새치구이,김치볶음(동물성재료없음),0.9925744085576478
153,227,쌀밥,감자찌개,오징어구이,고구마줄기볶음,0.9921519120780936
204,666,찰밥,감자찌개,방어구이,우엉볶음,0.9913133743424504
316,332,쌀밥,비지찌개,명태포,고구마줄기볶음,0.989099965462032
358,734,찰밥,비지찌개(콩),방어구이,미역볶음,0.9852653852050408
462,712,찰밥,순두부찌개,방어구이,죽순볶음,0.9817809987585472
