,Unnamed: 0,밥,국,메인,서브,유사도
0,126,쌀밥,연두부찌개,긴다로구이,부추볶음,0.9967300781219959
2,109,쌀밥,연두부찌개,방어구이,김치볶음(동물성재료없음),0.9963862232370244
4,816,현미밥,감자찌개(돼지고기),방어구이,김치볶음,0.9960825342629654
5,68,쌀밥,연두부찌개,새치구이,김치볶음,0.9959512246021204
7,24,쌀밥,연두부찌개,명태포,감자볶음(당근),0.9957981717472592
22,623,찰밥,감자찌개,방어구이,취나물볶음,0.9952186026461468
23,714,찰밥,두부찌개(고추장),방어구이,김치볶음(참치),0.9951079737347523
27,1,쌀밥,연두부찌개,쥐포구이,고구마줄기볶음,0.9950382788395729
37,340,쌀밥,감자찌개,새치구이,야채볶음(버섯),0.9947970424336238
39,219,쌀밥,감자찌개(돼지고기),새치구이,김치볶음(동물성재료없음),0.9947675939033672
42,310,쌀밥,감자찌개,명태포,취나물볶음,0.9945952971109608
44,175,쌀밥,감자찌개(돼지고기),명태포,가지볶음(양파),0.9945372503076744
51,677,찰밥,비지찌개,새치구이,고구마줄기볶음,0.9942507953760044
53,697,찰밥,두부찌개,방어구이,고구마줄기볶음,0.9942011562049824
55,481,쌀밥,두부찌개(고추장),새치구이,김치볶음(동물성재료없음),0.9941189031780014
57,880,현미밥,비지찌개(콩),방어구이,깍두기볶음,0.9941138625195586
62,469,쌀밥,비지찌개,방어구이,무볶음,0.9939611623970198
67,289,쌀밥,감자찌개(돼지고기),긴다로구이,감자볶음(당근),0.9937667461266064
88,476,쌀밥,두부찌개(고추장),명태포,죽순볶음,0.9934875073053986
91,425,쌀밥,감자찌개,긴다로구이,도라지볶음,0.9933824408440708
104,433,쌀밥,비지찌개(콩),명태포,김치볶음(동물성재료없음),0.9931385553247458
115,866,현미밥,순두부찌개,방어구이,죽순볶음,0.9929853423037652
123,869,현미밥,비지찌개(콩),새치구이,김치볶음(동물성재료없음),0.9929172728943234
201,458,쌀밥,비지찌개,명태포,고구마줄기볶음,0.9919510651684662
228,499,쌀밥,두부찌개(고추장),긴다로구이,죽순볶음,0.9916962790585888
283,473,쌀밥,비지찌개,긴다로구이,김치볶음(동물성재료없음),0.9909748283431226
362,455,쌀밥,비지찌개(콩),긴다로구이,고구마줄기볶음,0.9897301782875806
