,Unnamed: 0,밥,국,메인,서브,유사도
0,66,쌀밥,연두부찌개,새치구이,고구마볶음,0.9972696697036222
3,962,현미밥,비지찌개,새치구이,김치볶음(동물성재료없음),0.9965276945109204
7,31,쌀밥,연두부찌개,명태포,고사리볶음,0.9961197597223452
11,477,찰밥,감자찌개(돼지고기),새치구이,죽순볶음,0.9960071685906612
12,367,쌀밥,비지찌개,명태포,죽순볶음,0.9959610142644224
13,255,쌀밥,감자찌개,명태포,고구마볶음,0.995960375196984
14,522,찰밥,감자찌개(돼지고기),방어구이,풋고추볶음,0.9958868982403332
15,668,찰밥,비지찌개,방어구이,고구마줄기볶음,0.9958860504410848
17,699,찰밥,두부찌개(고추장),방어구이,김치볶음,0.9957427487055912
18,289,쌀밥,감자찌개,새치구이,고구마줄기볶음,0.9956902858481279
19,324,쌀밥,감자찌개,방어구이,미역볶음,0.9956850017571665
22,140,쌀밥,감자찌개(돼지고기),명태포,야채볶음(버섯),0.9955615909495968
29,112,쌀밥,연두부찌개,긴다로구이,감자볶음(당근),0.9954033464120992
32,332,쌀밥,감자찌개,긴다로구이,취나물볶음,0.9952281277489079
39,89,쌀밥,연두부찌개,방어구이,명일엽볶음,0.9949398438439
49,233,쌀밥,감자찌개(돼지고기),긴다로구이,마늘쫑볶음,0.9946836533232272
93,362,쌀밥,비지찌개(콩),새치구이,김치볶음(참치),0.9939377013761148
106,649,찰밥,비지찌개(콩),방어구이,깍두기볶음,0.9937095673670829
124,383,쌀밥,두부찌개(고추장),새치구이,김치볶음(참치),0.9935225999215832
154,387,쌀밥,두부찌개(고추장),긴다로구이,김치볶음(동물성재료없음),0.9930571611369392
161,364,쌀밥,비지찌개(콩),긴다로구이,죽순볶음,0.9929530610971412
170,374,쌀밥,비지찌개,긴다로구이,죽순볶음,0.9928248172149026
216,128,쌀밥,감자찌개(돼지고기),오징어구이,고구마줄기볶음,0.992438823238157
234,238,쌀밥,감자찌개,오징어구이,고구마줄기볶음,0.9923212711929804
279,378,쌀밥,두부찌개(고추장),명태포,고구마줄기볶음,0.9917355319225348
331,356,쌀밥,비지찌개(콩),명태포,죽순볶음,0.9910117297665191
347,941,현미밥,순두부찌개,방어구이,고구마줄기볶음,0.990800541197042
371,4,쌀밥,연두부찌개,쥐포구이,죽순볶음,0.990561787585738
433,2,쌀밥,연두부찌개,오징어구이,김치볶음(동물성재료없음),0.9899154393730054
495,979,현미밥,두부찌개,방어구이,고구마줄기볶음,0.9883892707143852
