,Unnamed: 0,밥,국,메인,서브,유사도
0,81,쌀밥,연두부찌개,긴다로구이,양파볶음,0.996646334442732
1,188,쌀밥,감자찌개(돼지고기),긴다로구이,버섯볶음(채소),0.9965808889365816
3,763,현미밥,연두부찌개,명태포,야채볶음,0.9964074266210724
4,295,쌀밥,감자찌개,긴다로구이,미역줄기볶음,0.9961542847017352
7,131,쌀밥,감자찌개(돼지고기),명태포,미역줄기볶음,0.9954636998195118
8,257,쌀밥,감자찌개,새치구이,야채볶음,0.9954004324612932
10,226,쌀밥,감자찌개,명태포,버섯볶음(채소),0.9952892221747514
12,521,찰밥,감자찌개(돼지고기),새치구이,버섯볶음(채소),0.99518057114054
15,665,찰밥,감자찌개,방어구이,오이볶음,0.9950994809684406
20,48,쌀밥,연두부찌개,새치구이,부추볶음,0.9949371745159128
27,561,찰밥,감자찌개(돼지고기),방어구이,가지볶음(양파),0.9948094281363042
37,1,쌀밥,연두부찌개,오징어구이,고구마줄기볶음,0.9941779704558446
48,735,찰밥,비지찌개,새치구이,김치볶음(동물성재료없음),0.9935210490489652
49,329,쌀밥,두부찌개(고추장),명태포,고구마줄기볶음,0.9934551502179726
58,418,찰밥,연두부찌개,방어구이,양파볶음,0.99319670271004
123,313,쌀밥,비지찌개(콩),명태포,고구마줄기볶음,0.9917041493013428
183,114,쌀밥,감자찌개(돼지고기),오징어구이,죽순볶음,0.9905962831263256
185,747,찰밥,두부찌개(고추장),새치구이,김치볶음(참치),0.9905137636005938
187,750,찰밥,두부찌개(고추장),긴다로구이,고구마줄기볶음,0.9904278345400735
211,720,찰밥,비지찌개(콩),새치구이,죽순볶음,0.9898283032678136
221,739,찰밥,비지찌개,긴다로구이,고구마줄기볶음,0.98943418136114
222,320,쌀밥,비지찌개(콩),긴다로구이,고구마줄기볶음,0.9894225547848614
359,725,찰밥,비지찌개(콩),방어구이,고사리볶음,0.9830358077642609
470,220,쌀밥,감자찌개,오징어구이,고구마줄기볶음,0.9803487194798752
476,731,찰밥,비지찌개,명태포,고구마줄기볶음,0.9802497841234504
