,Unnamed: 0,밥,국,메인,서브,유사도
0,495,찰밥,감자찌개,새치구이,감자볶음(당근),0.9904690693588712
1,855,현미밥,감자찌개,긴다로구이,오이볶음,0.9885518486932632
2,548,찰밥,비지찌개(콩),긴다로구이,고구마줄기볶음,0.9883710441285618
5,264,찰밥,연두부찌개,새치구이,버섯볶음(채소),0.9875670282599388
7,72,쌀밥,연두부찌개,긴다로구이,깻잎볶음,0.9872393037823699
9,14,쌀밥,연두부찌개,명태포,풋고추볶음,0.9868298976399648
10,458,찰밥,감자찌개,명태포,미역줄기볶음,0.9867395382579144
12,768,현미밥,감자찌개(돼지고기),긴다로구이,야채볶음(어묵),0.9864521762811184
13,217,찰밥,연두부찌개,오징어구이,김치볶음(참치),0.9864099199764528
18,211,쌀밥,두부찌개(고추장),명태포,김치볶음(동물성재료없음),0.9861074629060756
22,403,찰밥,감자찌개(돼지고기),새치구이,도라지볶음,0.9860112297618092
34,342,찰밥,감자찌개(돼지고기),명태포,버섯볶음(채소),0.9854336564494732
41,564,찰밥,두부찌개(고추장),새치구이,고구마줄기볶음,0.9852759330089756
49,990,조밥,감자찌개(돼지고기),오징어구이,죽순볶음,0.9851776926317348
52,885,현미밥,비지찌개(콩),새치구이,죽순볶음,0.985155191487002
57,5,쌀밥,연두부찌개,쥐포구이,고구마줄기볶음,0.9850684861595079
58,146,쌀밥,감자찌개,오징어구이,고구마줄기볶음,0.9850590448126904
86,910,현미밥,두부찌개(고추장),긴다로구이,김치볶음(동물성재료없음),0.9845697245573276
96,892,현미밥,비지찌개,명태포,죽순볶음,0.9843129478345256
106,894,현미밥,비지찌개,새치구이,죽순볶음,0.9841443068726908
109,899,현미밥,비지찌개,긴다로구이,김치볶음(동물성재료없음),0.9841069362732529
183,539,찰밥,비지찌개(콩),명태포,죽순볶음,0.982211370379554
