,Unnamed: 0,밥,국,메인,서브,유사도
0,267,쌀밥,감자찌개,새치구이,야채볶음(표고),0.9962161527173281
1,179,쌀밥,감자찌개(돼지고기),새치구이,고사리볶음,0.9961722500128132
2,83,쌀밥,연두부찌개,긴다로구이,우거지볶음,0.9961188272721324
3,310,쌀밥,감자찌개,긴다로구이,감자볶음(당근),0.9961148537340712
4,442,찰밥,연두부찌개,방어구이,무볶음,0.9961120842830684
5,329,쌀밥,비지찌개(콩),새치구이,김치볶음,0.9959761864678924
7,145,쌀밥,감자찌개(돼지고기),명태포,근대볶음,0.9958833236146138
9,20,쌀밥,연두부찌개,명태포,느타리볶음(피망),0.9957472620192936
10,579,찰밥,감자찌개,방어구이,양파볶음,0.9956923937655232
12,352,쌀밥,두부찌개(고추장),긴다로구이,고구마줄기볶음,0.9956773197511812
15,1,쌀밥,연두부찌개,오징어구이,고구마줄기볶음,0.9953723312943064
16,664,찰밥,두부찌개(고추장),새치구이,죽순볶음,0.9952735692768088
21,247,쌀밥,감자찌개,명태포,고구마줄기볶음,0.995048767196016
22,366,찰밥,연두부찌개,새치구이,양파볶음,0.995012177847338
24,338,쌀밥,비지찌개,새치구이,김치볶음(동물성재료없음),0.9949898206403268
25,228,쌀밥,감자찌개,오징어구이,죽순볶음,0.994970105385688
27,533,찰밥,감자찌개(돼지고기),긴다로구이,취나물볶음,0.9949225459544909
32,495,찰밥,감자찌개(돼지고기),방어구이,우거지볶음,0.9948409236668035
42,951,현미밥,비지찌개(콩),방어구이,김치볶음(동물성재료없음),0.9946230853736584
55,4,쌀밥,연두부찌개,쥐포구이,죽순볶음,0.994420030796042
67,340,쌀밥,비지찌개,긴다로구이,죽순볶음,0.9941962721613508
78,118,쌀밥,감자찌개(돼지고기),오징어구이,죽순볶음,0.993951972245814
94,659,찰밥,두부찌개,방어구이,죽순볶음,0.9937351464457816
128,322,쌀밥,비지찌개(콩),명태포,죽순볶음,0.9930205262887034
129,661,찰밥,두부찌개(고추장),명태포,죽순볶음,0.9929981517438604
159,650,찰밥,비지찌개,방어구이,고구마줄기볶음,0.9926841004885676
188,639,찰밥,비지찌개,명태포,김치볶음(동물성재료없음),0.99240127311856
260,330,쌀밥,비지찌개(콩),긴다로구이,죽순볶음,0.9912563294031592
264,940,현미밥,순두부찌개,방어구이,고구마줄기볶음,0.9912416991859354
279,988,현미밥,두부찌개(고추장),방어구이,가지볶음,0.991066647087162
