,Unnamed: 0,밥,국,메인,서브,유사도
0,410,찰밥,감자찌개(돼지고기),새치구이,오이볶음,0.9945011655062632
1,444,찰밥,감자찌개(돼지고기),긴다로구이,죽순볶음,0.9942602213523788
2,547,찰밥,감자찌개,긴다로구이,오이볶음,0.9936705432010816
3,592,찰밥,비지찌개,새치구이,김치볶음(참치),0.9933896791108952
4,950,조밥,연두부찌개,쥐포구이,고구마줄기볶음,0.9928095979383772
5,543,찰밥,감자찌개,새치구이,미역볶음,0.9927727565554588
7,505,찰밥,감자찌개,명태포,마늘쫑볶음,0.9923543680329986
8,352,찰밥,연두부찌개,긴다로구이,감자볶음(어묵),0.9923192267375996
12,918,현미밥,비지찌개(콩),새치구이,죽순볶음,0.991893994078864
14,672,현미밥,연두부찌개,새치구이,고구마줄기볶음,0.9913811263901136
23,625,현미밥,연두부찌개,명태포,느타리볶음(피망),0.9903106675332104
31,252,찰밥,연두부찌개,오징어구이,죽순볶음,0.9890420558042928
35,101,쌀밥,감자찌개(돼지고기),명태포,배추나물볶음,0.9878429001004709
60,594,찰밥,비지찌개,긴다로구이,죽순볶음,0.9857479515035878
100,241,쌀밥,비지찌개,명태포,고구마줄기볶음,0.9848102394346064
101,935,현미밥,두부찌개(고추장),명태포,김치볶음(동물성재료없음),0.9848069302589828
112,576,찰밥,비지찌개(콩),명태포,김치볶음(동물성재료없음),0.98458265824151
118,938,현미밥,두부찌개(고추장),새치구이,김치볶음(동물성재료없음),0.9844714330202701
126,247,쌀밥,두부찌개(고추장),긴다로구이,죽순볶음,0.9842787814290542
134,239,쌀밥,비지찌개(콩),긴다로구이,고구마줄기볶음,0.9840570272368216
310,157,쌀밥,감자찌개,오징어구이,고구마줄기볶음,0.9809504996844971
424,85,쌀밥,감자찌개(돼지고기),오징어구이,죽순볶음,0.9794805287037006
