,Unnamed: 0,밥,국,메인,서브,유사도
0,432,찰밥,감자찌개,새치구이,배추나물볶음,0.9906351232072248
1,754,현미밥,감자찌개,명태포,도라지볶음,0.9887168712451077
2,480,찰밥,감자찌개,긴다로구이,무볶음,0.9885389236763774
5,222,찰밥,연두부찌개,새치구이,감자볶음,0.9877295730555932
7,63,쌀밥,감자찌개(돼지고기),오징어구이,고구마줄기볶음,0.9873702126299854
8,889,조밥,연두부찌개,긴다로구이,느타리볶음,0.9872610728947729
10,11,쌀밥,연두부찌개,명태포,버섯볶음(채소),0.9869905643392404
12,678,현미밥,감자찌개(돼지고기),새치구이,감자볶음(당근),0.9866159938149518
18,4,쌀밥,연두부찌개,쥐포구이,죽순볶음,0.9862614199535016
21,364,찰밥,감자찌개(돼지고기),긴다로구이,느타리볶음,0.9862157173484052
32,292,찰밥,감자찌개(돼지고기),명태포,느타리볶음,0.9855939437438264
38,494,찰밥,비지찌개,명태포,죽순볶음,0.98543660431369
43,512,현미밥,연두부찌개,오징어구이,고구마줄기볶음,0.9853404320553482
70,826,현미밥,비지찌개(콩),긴다로구이,죽순볶음,0.9849181793228492
83,498,찰밥,비지찌개,긴다로구이,고구마줄기볶음,0.9846235628110857
88,840,현미밥,두부찌개(고추장),긴다로구이,죽순볶음,0.9845855394646212
105,835,현미밥,두부찌개(고추장),명태포,고구마줄기볶음,0.9842616963925516
117,486,찰밥,비지찌개(콩),새치구이,고구마줄기볶음,0.9838639088968676
127,104,쌀밥,감자찌개,오징어구이,죽순볶음,0.9835711162568735
182,503,찰밥,두부찌개(고추장),새치구이,죽순볶음,0.9822999508170784
274,483,찰밥,비지찌개(콩),명태포,고구마줄기볶음,0.9812419131555004
