,Unnamed: 0,밥,국,메인,서브,유사도
0,184,찰밥,감자찌개,명태포,김치볶음(참치),0.9889977434868952
2,94,찰밥,감자찌개(돼지고기),명태포,우거지볶음,0.9885095373377036
5,80,찰밥,연두부찌개,긴다로구이,김치볶음(참치),0.9871817319464108
8,411,현미밥,감자찌개(돼지고기),긴다로구이,명일엽볶음,0.9863229593311116
10,223,찰밥,감자찌개,긴다로구이,야채볶음(표고),0.9860678791751978
11,194,찰밥,감자찌개,새치구이,풋고추볶음,0.9859806937560808
13,16,찰밥,연두부찌개,명태포,버섯볶음(채소),0.9859260932881758
16,48,찰밥,연두부찌개,새치구이,야채볶음,0.9858659399008056
25,999,녹두밥,두부찌개(고추장),명태포,고구마줄기볶음,0.985335081207799
29,514,완두콩밥,연두부찌개,오징어구이,죽순볶음,0.9852331188795984
43,261,찰밥,두부찌개(고추장),긴다로구이,김치볶음,0.9848974547223148
47,252,찰밥,비지찌개,긴다로구이,고구마줄기볶음,0.9848652829596676
54,600,완두콩밥,감자찌개(돼지고기),오징어구이,고구마줄기볶음,0.9845780500052836
55,251,찰밥,비지찌개,명태포,김치볶음(동물성재료없음),0.9845684408931784
76,8,찰밥,연두부찌개,쥐포구이,죽순볶음,0.9833889686019336
100,754,완두콩밥,비지찌개(콩),긴다로구이,김치볶음(동물성재료없음),0.9822199741663996
122,507,조밥,감자찌개,오징어구이,죽순볶음,0.9816296628077612
246,245,찰밥,비지찌개(콩),명태포,김치볶음(동물성재료없음),0.9791873930113466
