,Unnamed: 0,밥,국,메인,서브,유사도
0,478,찰밥,감자찌개,새치구이,감자채볶음,0.9905391452027748
2,530,찰밥,비지찌개(콩),새치구이,김치볶음,0.9884418718741044
4,511,찰밥,감자찌개,긴다로구이,감자볶음(당근),0.9881687088237421
5,253,찰밥,연두부찌개,새치구이,야채볶음(어묵),0.9876356490174806
7,70,쌀밥,연두부찌개,긴다로구이,무볶음,0.9872948430858609
8,975,조밥,감자찌개(돼지고기),명태포,느타리볶음,0.987173295034952
10,14,쌀밥,연두부찌개,명태포,야채볶음,0.9868977407799276
11,442,찰밥,감자찌개,명태포,미역줄기볶음,0.98680864549942
13,744,현미밥,감자찌개(돼지고기),긴다로구이,취나물볶음,0.9865213217038422
20,204,찰밥,연두부찌개,쥐포구이,고구마줄기볶음,0.9861635067995882
23,387,찰밥,감자찌개(돼지고기),새치구이,마늘쫑볶음,0.9860787824570676
37,202,찰밥,연두부찌개,오징어구이,김치볶음,0.9854984116346668
39,669,현미밥,감자찌개(돼지고기),오징어구이,죽순볶음,0.9854780975287984
43,546,찰밥,두부찌개(고추장),새치구이,고구마줄기볶음,0.9853437758330575
87,881,현미밥,두부찌개(고추장),명태포,김치볶음(동물성재료없음),0.9846453712266632
89,134,쌀밥,감자찌개,오징어구이,고구마줄기볶음,0.9845827525164004
91,552,찰밥,두부찌개(고추장),긴다로구이,김치볶음(참치),0.9845345029009572
97,863,현미밥,비지찌개(콩),명태포,죽순볶음,0.9843815823089906
110,870,현미밥,비지찌개(콩),긴다로구이,죽순볶음,0.9841752301088224
122,536,찰밥,비지찌개,명태포,고구마줄기볶음,0.9837730784762792
154,541,찰밥,비지찌개,긴다로구이,김치볶음(동물성재료없음),0.9830089242047578
408,538,찰밥,비지찌개,새치구이,고구마줄기볶음,0.9793463033700951
