,Unnamed: 0,밥,국,메인,서브,유사도
0,875,율무밥,연두부찌개,긴다로구이,버섯볶음(채소),0.9894723163623252
1,915,율무밥,감자찌개(돼지고기),명태포,야채볶음(버섯),0.988829951581371
2,942,율무밥,감자찌개(돼지고기),긴다로구이,야채볶음,0.987566965599456
3,798,녹두밥,감자찌개,긴다로구이,버섯볶음(채소),0.9863260244670092
4,856,율무밥,연두부찌개,명태포,감자볶음(당근),0.9862496183803694
6,366,현미밥,감자찌개,명태포,가지볶음(양파),0.9853626452118812
8,834,율무밥,연두부찌개,쥐포구이,죽순볶음,0.9833091526360452
19,559,완두콩밥,감자찌개,오징어구이,고구마줄기볶음,0.981324424643002
21,624,완두콩밥,두부찌개(고추장),명태포,김치볶음(동물성재료없음),0.9812093749340548
35,830,율무밥,연두부찌개,오징어구이,고구마줄기볶음,0.9805944985486084
57,822,녹두밥,비지찌개(콩),명태포,죽순볶음,0.9795328821335886
61,622,완두콩밥,비지찌개(콩),긴다로구이,김치볶음(동물성재료없음),0.9794975581844618
212,625,완두콩밥,두부찌개(고추장),긴다로구이,고구마줄기볶음,0.9745962516991934
265,702,녹두밥,감자찌개(돼지고기),오징어구이,고구마줄기볶음,0.9732890277929848
