,Unnamed: 0,밥,국,메인,서브,유사도
0,880,완두콩밥,감자찌개(돼지고기),긴다로구이,미역볶음,0.9895705029059751
1,408,현미밥,연두부찌개,긴다로구이,부추볶음,0.98889565928068
2,248,찰밥,감자찌개,명태포,무볶음,0.9887210668866206
5,804,완두콩밥,감자찌개(돼지고기),명태포,가지볶음,0.9879337985404972
9,946,완두콩밥,감자찌개,긴다로구이,부추볶음,0.9870990881582901
11,733,완두콩밥,연두부찌개,새치구이,배추나물볶음,0.9870288706403386
12,359,현미밥,연두부찌개,명태포,감자볶음(당근),0.986793399404738
15,670,팥밥,감자찌개,오징어구이,죽순볶음,0.986523278821308
17,13,찰밥,연두부찌개,오징어구이,죽순볶음,0.9864171363446496
18,183,찰밥,감자찌개(돼지고기),새치구이,미역볶음,0.9863832112224123
27,640,조밥,감자찌개(돼지고기),오징어구이,죽순볶음,0.9857834812102108
32,315,찰밥,비지찌개(콩),새치구이,고구마줄기볶음,0.9856494849423276
35,257,찰밥,감자찌개,새치구이,풋고추볶음,0.9856103357260854
62,327,찰밥,두부찌개(고추장),명태포,고구마줄기볶음,0.9849804516946878
71,325,찰밥,비지찌개,긴다로구이,김치볶음(동물성재료없음),0.9847709918532168
105,624,현미밥,비지찌개,명태포,죽순볶음,0.98336584834099
115,18,찰밥,연두부찌개,쥐포구이,죽순볶음,0.9832469031312496
204,317,찰밥,비지찌개(콩),긴다로구이,고구마줄기볶음,0.9814461379433702
244,314,찰밥,비지찌개(콩),명태포,김치볶음(동물성재료없음),0.9808452832306622
276,329,찰밥,두부찌개(고추장),긴다로구이,죽순볶음,0.9804454851508104
