,Unnamed: 0,밥,국,메인,서브,유사도
0,97,쌀밥,연두부찌개,방어구이,감자볶음(당근),0.995967523808742
1,24,쌀밥,연두부찌개,명태포,김치볶음(동물성재료없음),0.995964920441106
2,806,현미밥,비지찌개(콩),방어구이,무볶음,0.9949268838447352
3,366,쌀밥,감자찌개,방어구이,김치볶음,0.9944467277225928
7,67,쌀밥,연두부찌개,새치구이,마늘쫑볶음,0.9942506827452288
9,141,쌀밥,연두부찌개,긴다로구이,도라지볶음,0.99423296144094
10,267,쌀밥,감자찌개(돼지고기),긴다로구이,야채볶음(버섯),0.994200668768762
14,254,쌀밥,감자찌개(돼지고기),방어구이,미역볶음,0.9941712125776604
19,171,쌀밥,감자찌개(돼지고기),명태포,근대볶음,0.9940529151994604
20,392,쌀밥,비지찌개(콩),새치구이,죽순볶음,0.9939880323532228
25,633,찰밥,비지찌개,방어구이,김치볶음(동물성재료없음),0.9937356760768716
29,832,현미밥,두부찌개(고추장),방어구이,취나물볶음,0.993621955545644
32,332,쌀밥,감자찌개,새치구이,도라지볶음,0.9934908866816692
38,388,쌀밥,순두부찌개,방어구이,고구마줄기볶음,0.99332386378556
56,215,쌀밥,감자찌개(돼지고기),새치구이,무볶음,0.9926672271663752
72,420,쌀밥,비지찌개,새치구이,김치볶음(동물성재료없음),0.9921080226402486
90,442,쌀밥,두부찌개(고추장),새치구이,김치볶음(동물성재료없음),0.9911061436634472
110,378,쌀밥,감자찌개,긴다로구이,부추볶음,0.9905408151716716
121,391,쌀밥,비지찌개(콩),명태포,김치볶음(동물성재료없음),0.9902051046381648
124,294,쌀밥,감자찌개,명태포,오이볶음,0.9901642047226876
135,0,쌀밥,연두부찌개,쥐포구이,죽순볶음,0.990083598508778
147,433,쌀밥,비지찌개,긴다로구이,고구마줄기볶음,0.9898926629008956
178,462,쌀밥,두부찌개(고추장),긴다로구이,죽순볶음,0.98932246992326
185,435,쌀밥,두부찌개,방어구이,죽순볶음,0.9891873375458384
210,415,쌀밥,비지찌개,명태포,죽순볶음,0.9887970614080096
246,438,쌀밥,두부찌개(고추장),명태포,고구마줄기볶음,0.9879460902396484
358,414,쌀밥,비지찌개(콩),긴다로구이,김치볶음(동물성재료없음),0.9861296842383628
