,Unnamed: 0,밥,국,메인,서브,유사도
0,83,쌀밥,연두부찌개,방어구이,오이볶음,0.9966924659369284
1,677,찰밥,감자찌개,방어구이,감자볶음,0.9958715688820272
2,312,쌀밥,감자찌개,명태포,고구마줄기볶음,0.9953476995503217
4,118,쌀밥,연두부찌개,긴다로구이,죽순볶음,0.9951169374946394
6,801,현미밥,연두부찌개,새치구이,깍두기볶음,0.9950656416197152
9,223,쌀밥,감자찌개(돼지고기),새치구이,도라지볶음,0.995003332488807
14,334,쌀밥,감자찌개,새치구이,느타리볶음,0.99490215077456
17,752,찰밥,두부찌개(고추장),방어구이,죽순볶음,0.99483688787762
21,701,찰밥,비지찌개(콩),새치구이,김치볶음(참치),0.9945580296846896
23,995,현미밥,순두부찌개,방어구이,고구마줄기볶음,0.9944490182154708
25,622,찰밥,감자찌개(돼지고기),방어구이,깻잎볶음(멸치),0.9944108022398674
26,281,쌀밥,감자찌개(돼지고기),긴다로구이,고구마줄기볶음,0.9943985979701656
34,460,쌀밥,두부찌개(고추장),새치구이,김치볶음(참치),0.9939787770451184
47,182,쌀밥,감자찌개(돼지고기),명태포,근대볶음,0.9935975498235808
106,418,쌀밥,감자찌개,긴다로구이,도라지볶음,0.9915697359339504
118,714,찰밥,비지찌개(콩),방어구이,김치볶음,0.9913654078071076
119,21,쌀밥,연두부찌개,명태포,배추나물볶음,0.9913154406969172
141,450,쌀밥,비지찌개,새치구이,김치볶음,0.990840478484728
160,465,쌀밥,두부찌개(고추장),긴다로구이,김치볶음(참치),0.990588347265522
161,731,찰밥,비지찌개,방어구이,배추나물볶음,0.990504536494666
191,424,쌀밥,비지찌개(콩),명태포,죽순볶음,0.9899553516461996
219,743,찰밥,비지찌개,긴다로구이,고구마줄기볶음,0.9895031026514473
299,444,쌀밥,비지찌개,명태포,죽순볶음,0.988127638389
301,454,쌀밥,두부찌개(고추장),명태포,죽순볶음,0.988076365273486
370,156,쌀밥,감자찌개(돼지고기),오징어구이,고구마줄기볶음,0.9869219524355516
371,2,쌀밥,연두부찌개,오징어구이,김치볶음(동물성재료없음),0.9868942345913904
443,746,찰밥,두부찌개,방어구이,고구마줄기볶음,0.985424085376728
461,4,쌀밥,연두부찌개,쥐포구이,죽순볶음,0.9851257123812174
