,Unnamed: 0,밥,국,메인,서브,유사도
0,139,쌀밥,감자찌개(돼지고기),명태포,감자볶음(어묵),0.9958375809059852
1,215,쌀밥,감자찌개(돼지고기),긴다로구이,고구마줄기볶음,0.9958317755471108
2,7,쌀밥,연두부찌개,명태포,우엉볶음,0.9956972280082792
3,267,쌀밥,감자찌개,새치구이,야채볶음(표고),0.9952613263709634
4,119,쌀밥,감자찌개(돼지고기),오징어구이,고구마줄기볶음,0.9951088752937688
6,58,쌀밥,연두부찌개,새치구이,배추나물볶음,0.9945866533700181
7,704,찰밥,두부찌개(고추장),새치구이,김치볶음(참치),0.9944012772593508
13,656,찰밥,순두부찌개,방어구이,죽순볶음,0.9940987773077355
14,641,찰밥,감자찌개,방어구이,김치볶음(참치),0.9939521555339322
16,173,쌀밥,감자찌개(돼지고기),새치구이,감자볶음,0.9939147506699187
17,652,찰밥,감자찌개,긴다로구이,감자볶음,0.9938875782111756
20,804,현미밥,연두부찌개,방어구이,근대볶음,0.9938125379655331
21,255,쌀밥,감자찌개,명태포,무볶음,0.9937162657425151
24,1,쌀밥,연두부찌개,오징어구이,고구마줄기볶음,0.9936142628602668
25,550,찰밥,감자찌개(돼지고기),방어구이,도라지볶음,0.9935254768117427
35,332,쌀밥,비지찌개(콩),긴다로구이,김치볶음(동물성재료없음),0.9933092520770946
40,111,쌀밥,연두부찌개,긴다로구이,깍두기볶음,0.9930866532518448
58,353,쌀밥,두부찌개(고추장),긴다로구이,김치볶음,0.9924275863634052
70,328,쌀밥,비지찌개(콩),새치구이,김치볶음(참치),0.9922526206809384
160,333,쌀밥,비지찌개,명태포,죽순볶음,0.9892968441505672
176,708,찰밥,두부찌개(고추장),방어구이,풋고추볶음,0.9890774206614302
202,323,쌀밥,비지찌개(콩),명태포,고구마줄기볶음,0.9885541282820536
208,667,찰밥,비지찌개(콩),방어구이,부추볶음,0.98847833999016
226,693,찰밥,비지찌개,긴다로구이,죽순볶음,0.9881801992542464
242,689,찰밥,비지찌개,새치구이,고구마줄기볶음,0.9879369855911944
261,341,쌀밥,두부찌개(고추장),명태포,죽순볶음,0.9876522410653836
334,5,쌀밥,연두부찌개,쥐포구이,고구마줄기볶음,0.98599858639686
450,229,쌀밥,감자찌개,오징어구이,고구마줄기볶음,0.9823069745456596
