,Unnamed: 0,밥,국,메인,서브,유사도
0,125,쌀밥,감자찌개(돼지고기),명태포,부추볶음,0.9959000882749314
1,195,쌀밥,감자찌개(돼지고기),긴다로구이,부추볶음,0.9958936643553924
2,4,쌀밥,연두부찌개,쥐포구이,죽순볶음,0.9957527742976658
3,110,쌀밥,연두부찌개,긴다로구이,김치볶음,0.9951647915937194
4,436,찰밥,연두부찌개,방어구이,김치볶음(동물성재료없음),0.9949264362209609
5,51,쌀밥,연두부찌개,새치구이,풋고추볶음,0.9946346523294016
6,670,찰밥,비지찌개(콩),명태포,고구마줄기볶음,0.9944660739406616
8,736,현미밥,연두부찌개,명태포,취나물볶음,0.9942233732278448
11,623,찰밥,감자찌개,새치구이,미역볶음,0.9941623235067109
13,717,찰밥,두부찌개(고추장),방어구이,배추나물볶음,0.9939874639694158
14,157,쌀밥,감자찌개(돼지고기),새치구이,오이볶음,0.993963557005604
16,904,현미밥,감자찌개(돼지고기),방어구이,버섯볶음(채소),0.9939454858481452
17,338,쌀밥,비지찌개,긴다로구이,김치볶음(동물성재료없음),0.9939429096538605
19,234,쌀밥,감자찌개,명태포,버섯볶음(채소),0.993779144110674
30,308,쌀밥,감자찌개,긴다로구이,감자채볶음,0.9933735983473388
50,227,쌀밥,감자찌개,오징어구이,죽순볶음,0.9924994734822804
51,329,쌀밥,비지찌개(콩),긴다로구이,죽순볶음,0.992496018398025
80,3,쌀밥,연두부찌개,오징어구이,김치볶음,0.9917543164373452
142,701,찰밥,비지찌개,새치구이,김치볶음(참치),0.9894399547820112
159,629,찰밥,감자찌개,방어구이,부추볶음,0.98915285928376
162,674,찰밥,비지찌개(콩),새치구이,김치볶음(동물성재료없음),0.9891420108801534
224,340,쌀밥,두부찌개(고추장),명태포,고구마줄기볶음,0.9880827482525456
226,349,쌀밥,두부찌개(고추장),긴다로구이,김치볶음(참치),0.9880613150655491
233,342,쌀밥,두부찌개(고추장),새치구이,죽순볶음,0.9879671279502152
252,119,쌀밥,감자찌개(돼지고기),오징어구이,고구마줄기볶음,0.9875637322537536
273,682,찰밥,비지찌개(콩),방어구이,가지볶음(양파),0.9869582403295462
369,332,쌀밥,비지찌개,명태포,죽순볶음,0.9850834693154932
