,Unnamed: 0,밥,국,메인,서브,유사도
0,889,현미밥,감자찌개,새치구이,고사리볶음,0.9926493588706036
1,382,찰밥,감자찌개(돼지고기),오징어구이,죽순볶음,0.9908152799611976
2,837,현미밥,감자찌개(돼지고기),긴다로구이,명일엽볶음,0.9907967640480744
5,732,현미밥,연두부찌개,긴다로구이,마늘쫑볶음,0.9904648601128366
6,741,현미밥,감자찌개(돼지고기),명태포,양파볶음,0.9904149728398004
9,317,찰밥,연두부찌개,새치구이,야채볶음(어묵),0.9899487853758876
10,586,찰밥,감자찌개,긴다로구이,미역볶음,0.9898707618252158
12,271,찰밥,연두부찌개,명태포,우거지볶음,0.9898593742005772
13,182,쌀밥,감자찌개,명태포,고구마볶음,0.9898387091045752
23,594,찰밥,비지찌개(콩),새치구이,김치볶음,0.988931802596537
26,447,찰밥,감자찌개(돼지고기),새치구이,김치볶음,0.9884722874135584
63,2,쌀밥,연두부찌개,오징어구이,김치볶음(동물성재료없음),0.9843944810312216
71,950,현미밥,두부찌개(고추장),명태포,고구마줄기볶음,0.9834768169237872
77,966,조밥,연두부찌개,쥐포구이,고구마줄기볶음,0.983229805430864
103,616,찰밥,두부찌개(고추장),새치구이,김치볶음(참치),0.9818297546559704
116,607,찰밥,비지찌개,긴다로구이,죽순볶음,0.981320188079788
124,622,찰밥,두부찌개(고추장),긴다로구이,김치볶음,0.981210265299963
141,251,쌀밥,비지찌개(콩),긴다로구이,김치볶음(동물성재료없음),0.9805194538578612
218,899,현미밥,감자찌개,방어구이,우거지볶음,0.9779632306584451
250,604,찰밥,비지찌개,새치구이,김치볶음(동물성재료없음),0.9771169481516341
331,246,쌀밥,비지찌개(콩),명태포,죽순볶음,0.975776509617194
