,Unnamed: 0,밥,국,메인,서브,유사도
0,69,쌀밥,연두부찌개,새치구이,근대볶음,0.9968313495078001
1,478,찰밥,연두부찌개,방어구이,감자볶음(어묵),0.9960569012288092
2,229,쌀밥,감자찌개(돼지고기),긴다로구이,야채볶음(어묵),0.99552380176333
6,588,찰밥,감자찌개,새치구이,야채볶음(어묵),0.99523617126511
8,181,쌀밥,감자찌개(돼지고기),새치구이,야채볶음,0.9951586647689128
15,540,찰밥,감자찌개(돼지고기),방어구이,오이볶음,0.994973069266992
18,645,찰밥,감자찌개,방어구이,깻잎볶음(멸치),0.9947952375607384
27,37,쌀밥,연두부찌개,명태포,깻잎볶음,0.9944846772516196
47,374,쌀밥,감자찌개,긴다로구이,김치볶음,0.9936501768060556
48,148,쌀밥,감자찌개(돼지고기),명태포,야채볶음(표고),0.9936209067276436
57,120,쌀밥,연두부찌개,긴다로구이,감자채볶음,0.993208643029558
58,260,쌀밥,감자찌개,명태포,양파볶음,0.9931898575620374
68,675,찰밥,비지찌개,명태포,고구마줄기볶음,0.9929097336492994
71,682,찰밥,비지찌개,방어구이,죽순볶음,0.9927971497599912
72,991,현미밥,비지찌개,긴다로구이,고구마줄기볶음,0.9927918069855912
74,717,찰밥,두부찌개(고추장),방어구이,김치볶음(동물성재료없음),0.992691647760262
80,995,현미밥,두부찌개(고추장),새치구이,죽순볶음,0.9926304863333576
82,654,찰밥,비지찌개(콩),새치구이,고구마줄기볶음,0.992435368676154
86,256,쌀밥,감자찌개,오징어구이,고구마줄기볶음,0.9923053769645286
94,967,현미밥,비지찌개(콩),방어구이,김치볶음(동물성재료없음),0.9919985389582476
192,398,쌀밥,비지찌개,새치구이,김치볶음,0.9900709119949862
232,412,쌀밥,두부찌개(고추장),긴다로구이,김치볶음(동물성재료없음),0.9893367994618631
251,381,쌀밥,비지찌개(콩),명태포,죽순볶음,0.9888486608352832
273,652,찰밥,순두부찌개,방어구이,고구마줄기볶음,0.9885309732589131
317,137,쌀밥,감자찌개(돼지고기),오징어구이,고구마줄기볶음,0.9878651343837236
376,1,쌀밥,연두부찌개,오징어구이,고구마줄기볶음,0.9870781574876872
451,391,쌀밥,비지찌개(콩),긴다로구이,김치볶음(동물성재료없음),0.9856882139050428
482,4,쌀밥,연두부찌개,쥐포구이,죽순볶음,0.9852739949065572
