,Unnamed: 0,밥,국,메인,서브,유사도
0,287,찰밥,연두부찌개,새치구이,가지볶음(양파),0.9909492330081192
1,693,현미밥,연두부찌개,긴다로구이,깻잎볶음,0.990632858787677
2,573,찰밥,두부찌개(고추장),명태포,김치볶음(동물성재료없음),0.9905996032815748
3,581,찰밥,두부찌개(고추장),긴다로구이,김치볶음(동물성재료없음),0.9905495213753692
4,259,찰밥,연두부찌개,명태포,김치볶음(동물성재료없음),0.9893634638264726
7,548,찰밥,감자찌개,긴다로구이,미역볶음,0.9855428034601532
9,140,쌀밥,감자찌개(돼지고기),긴다로구이,김치볶음(참치),0.985167821752724
10,924,조밥,연두부찌개,오징어구이,김치볶음(동물성재료없음),0.9849338005260436
21,5,쌀밥,연두부찌개,쥐포구이,고구마줄기볶음,0.9836771896599192
33,492,찰밥,감자찌개,새치구이,야채볶음,0.9831111739513108
37,355,찰밥,감자찌개(돼지고기),명태포,풋고추볶음,0.9830212088079212
44,409,찰밥,감자찌개(돼지고기),새치구이,김치볶음(동물성재료없음),0.9822317300772048
48,810,현미밥,감자찌개,명태포,취나물볶음,0.9820028241281747
51,216,쌀밥,비지찌개(콩),긴다로구이,고구마줄기볶음,0.9817593636096996
107,567,찰밥,비지찌개,새치구이,김치볶음,0.980302518860447
112,700,현미밥,감자찌개(돼지고기),오징어구이,고구마줄기볶음,0.9801858265238818
114,563,찰밥,비지찌개,명태포,김치볶음(동물성재료없음),0.9800065365166152
125,897,현미밥,비지찌개(콩),새치구이,김치볶음(동물성재료없음),0.9797423481934184
153,569,찰밥,비지찌개,긴다로구이,고구마줄기볶음,0.9787688904321941
185,913,현미밥,두부찌개(고추장),새치구이,죽순볶음,0.9778694615549884
187,213,쌀밥,비지찌개(콩),명태포,고구마줄기볶음,0.977771728165037
352,150,쌀밥,감자찌개,오징어구이,고구마줄기볶음,0.9752371148397264
