,Unnamed: 0,밥,국,메인,서브,유사도
0,110,쌀밥,연두부찌개,긴다로구이,깻잎볶음,0.9961209936843164
2,518,찰밥,감자찌개(돼지고기),명태포,무볶음,0.9947044686281225
3,19,쌀밥,연두부찌개,명태포,느타리볶음,0.9943423555248594
6,289,쌀밥,감자찌개,긴다로구이,양파볶음,0.9940029160046624
7,383,찰밥,연두부찌개,새치구이,부추볶음,0.9938216831622496
12,198,쌀밥,감자찌개(돼지고기),긴다로구이,느타리볶음,0.9936102895470272
13,252,쌀밥,감자찌개,새치구이,우엉볶음,0.9935773732408629
16,155,쌀밥,감자찌개(돼지고기),새치구이,오이볶음,0.9933900074431268
33,419,찰밥,연두부찌개,방어구이,양파볶음,0.9925795732212264
35,630,찰밥,감자찌개,명태포,김치볶음(참치),0.9925418288404344
40,681,찰밥,감자찌개,방어구이,야채볶음(버섯),0.9923999297107702
48,726,찰밥,비지찌개(콩),새치구이,김치볶음(참치),0.9918498676209851
49,116,쌀밥,감자찌개(돼지고기),오징어구이,죽순볶음,0.9918010905404064
50,987,현미밥,감자찌개(돼지고기),방어구이,가지볶음,0.9916686222435191
53,331,쌀밥,두부찌개(고추장),명태포,죽순볶음,0.9914004452193922
80,5,쌀밥,연두부찌개,쥐포구이,고구마줄기볶음,0.9899252431367612
103,2,쌀밥,연두부찌개,오징어구이,김치볶음(동물성재료없음),0.9893794936224336
107,737,찰밥,비지찌개(콩),긴다로구이,김치볶음(동물성재료없음),0.9893053136989164
124,759,찰밥,두부찌개(고추장),긴다로구이,고구마줄기볶음,0.9888004520064004
129,329,쌀밥,비지찌개,긴다로구이,고구마줄기볶음,0.9887587235333954
190,734,찰밥,비지찌개(콩),방어구이,미역볶음,0.9876046312870465
216,335,쌀밥,두부찌개(고추장),새치구이,김치볶음(동물성재료없음),0.9867690339588444
268,745,찰밥,비지찌개,새치구이,김치볶음(참치),0.985762129600012
296,325,쌀밥,비지찌개,명태포,죽순볶음,0.9844112443154288
436,718,찰밥,순두부찌개,방어구이,죽순볶음,0.977264433976072
476,316,쌀밥,비지찌개(콩),명태포,고구마줄기볶음,0.9761258191933126
