,Unnamed: 0,밥,국,메인,서브,유사도
0,1,쌀밥,연두부찌개,오징어구이,고구마줄기볶음,0.9866869074899202
1,346,찰밥,감자찌개,새치구이,무볶음,0.985959602830562
2,88,찰밥,연두부찌개,명태포,가지볶음(양파),0.9856004013244968
3,613,현미밥,감자찌개,오징어구이,고구마줄기볶음,0.9853549234779796
4,39,쌀밥,감자찌개,명태포,깍두기볶음,0.9852604645783672
6,718,현미밥,두부찌개(고추장),명태포,김치볶음(동물성재료없음),0.9847375263605106
7,586,현미밥,감자찌개(돼지고기),긴다로구이,야채볶음(표고),0.9845093892562254
9,390,찰밥,비지찌개,명태포,김치볶음(동물성재료없음),0.9844944038603436
13,16,쌀밥,연두부찌개,긴다로구이,느타리볶음,0.9838899978449152
15,873,팥밥,감자찌개(돼지고기),오징어구이,죽순볶음,0.9837786013989376
20,127,찰밥,연두부찌개,새치구이,감자볶음(당근),0.9835617933281464
22,209,찰밥,감자찌개(돼지고기),명태포,김치볶음,0.9834603183626044
23,4,쌀밥,연두부찌개,쥐포구이,고구마줄기볶음,0.983210768218578
38,383,찰밥,비지찌개(콩),새치구이,김치볶음(동물성재료없음),0.9820143603117668
44,369,찰밥,감자찌개,긴다로구이,고사리볶음,0.9818560366693078
49,378,찰밥,비지찌개(콩),명태포,죽순볶음,0.981764490263094
52,565,현미밥,감자찌개(돼지고기),새치구이,고사리볶음,0.9816213152470408
88,708,현미밥,비지찌개(콩),긴다로구이,죽순볶음,0.9804009101043729
93,391,찰밥,비지찌개,긴다로구이,죽순볶음,0.9803233721276756
100,397,찰밥,두부찌개(고추장),긴다로구이,죽순볶음,0.9801660561959854
