,Unnamed: 0,밥,국,메인,서브,유사도
0,742,녹두밥,감자찌개,긴다로구이,오이볶음,0.9849832438908472
1,844,율무밥,감자찌개(돼지고기),명태포,양파볶음,0.9804906414124978
2,897,율무밥,감자찌개,명태포,죽순볶음,0.9803845952922159
4,793,율무밥,연두부찌개,명태포,가지볶음,0.9800964235931218
5,689,녹두밥,감자찌개(돼지고기),긴다로구이,버섯볶음(채소),0.9788306846136736
9,454,완두콩밥,연두부찌개,긴다로구이,김치볶음(동물성재료없음),0.9748133933610854
10,712,녹두밥,감자찌개,오징어구이,죽순볶음,0.9746408331825528
16,388,현미밥,비지찌개(콩),긴다로구이,죽순볶음,0.9735516999485452
42,590,녹두밥,연두부찌개,오징어구이,김치볶음(동물성재료없음),0.9712313586456344
43,776,율무밥,연두부찌개,쥐포구이,죽순볶음,0.9712180320555648
88,583,완두콩밥,비지찌개(콩),명태포,고구마줄기볶음,0.968041099594968
127,464,완두콩밥,감자찌개(돼지고기),오징어구이,고구마줄기볶음,0.9661427437992316
