,Unnamed: 0,밥,국,메인,서브,유사도
0,5,쌀밥,연두부찌개,쥐포구이,고구마줄기볶음,0.9865248493462112
1,478,찰밥,감자찌개,긴다로구이,취나물볶음,0.9858024134747778
2,126,쌀밥,감자찌개,명태포,부추볶음,0.9854369683950304
3,807,현미밥,감자찌개,새치구이,마늘쫑볶음,0.985196019532927
4,62,쌀밥,연두부찌개,긴다로구이,마늘쫑볶음,0.985121670365518
5,12,쌀밥,연두부찌개,명태포,풋고추볶음,0.9848740017695186
9,532,현미밥,연두부찌개,오징어구이,고구마줄기볶음,0.9843278680826196
13,575,현미밥,연두부찌개,새치구이,양파볶음,0.9838015078457442
25,365,찰밥,감자찌개(돼지고기),새치구이,마늘쫑볶음,0.9833608234983648
26,304,찰밥,감자찌개(돼지고기),명태포,버섯볶음(채소),0.9832942863425834
44,524,찰밥,두부찌개(고추장),새치구이,김치볶음(동물성재료없음),0.9818983351100516
45,715,현미밥,감자찌개(돼지고기),긴다로구이,우거지볶음,0.9818896331432786
46,521,찰밥,두부찌개(고추장),명태포,김치볶음(동물성재료없음),0.9818000252162856
51,506,찰밥,비지찌개(콩),새치구이,김치볶음(동물성재료없음),0.9816838478033436
57,517,찰밥,비지찌개,긴다로구이,고구마줄기볶음,0.9815984239674506
59,513,찰밥,비지찌개,명태포,죽순볶음,0.9814794191376156
68,173,쌀밥,비지찌개(콩),명태포,고구마줄기볶음,0.9810579237439856
89,862,현미밥,두부찌개(고추장),긴다로구이,고구마줄기볶음,0.9805972204157994
129,120,쌀밥,감자찌개,오징어구이,죽순볶음,0.9794956506881018
162,176,쌀밥,비지찌개(콩),긴다로구이,김치볶음(동물성재료없음),0.9783120939716482
206,67,쌀밥,감자찌개(돼지고기),오징어구이,고구마줄기볶음,0.977191713143652
