,Unnamed: 0,밥,국,메인,서브,유사도
0,174,찰밥,감자찌개(돼지고기),긴다로구이,감자채볶음,0.986123511781722
1,373,현미밥,연두부찌개,긴다로구이,야채볶음(버섯),0.9849027444265552
2,295,찰밥,두부찌개(고추장),긴다로구이,고구마줄기볶음,0.9846876994572052
3,197,찰밥,감자찌개,명태포,버섯볶음(채소),0.9846687808891174
4,293,찰밥,두부찌개(고추장),명태포,김치볶음(동물성재료없음),0.9843822834201802
7,612,완두콩밥,연두부찌개,명태포,야채볶음(표고),0.98351486895908
10,124,찰밥,감자찌개(돼지고기),명태포,미역줄기볶음,0.9828425776353098
13,264,찰밥,감자찌개,긴다로구이,감자볶음,0.9826262314159422
18,150,찰밥,감자찌개(돼지고기),새치구이,깻잎볶음,0.982078311111106
20,3,쌀밥,감자찌개(돼지고기),오징어구이,고구마줄기볶음,0.9820387136658116
24,8,찰밥,연두부찌개,오징어구이,김치볶음(동물성재료없음),0.9819498007661795
31,280,찰밥,비지찌개(콩),명태포,김치볶음(동물성재료없음),0.9812077922864856
37,237,찰밥,감자찌개,새치구이,고구마줄기볶음,0.9810379593774898
41,341,현미밥,연두부찌개,새치구이,야채볶음,0.9809374908775138
44,289,찰밥,비지찌개,긴다로구이,고구마줄기볶음,0.9808667136111698
51,12,찰밥,연두부찌개,쥐포구이,고구마줄기볶음,0.9805007115257544
66,589,콩밥(대두),감자찌개,오징어구이,죽순볶음,0.9796950015290328
135,568,현미밥,비지찌개,명태포,고구마줄기볶음,0.9772969168525374
156,282,찰밥,비지찌개(콩),긴다로구이,고구마줄기볶음,0.9766377006697288
