,Unnamed: 0,밥,국,메인,서브,유사도
0,263,찰밥,감자찌개,명태포,도라지볶음,0.9860288929175832
2,450,현미밥,연두부찌개,긴다로구이,김치볶음(동물성재료없음),0.9845846317566956
4,294,찰밥,감자찌개,새치구이,도라지볶음,0.9845680200454192
6,726,팥밥,감자찌개,긴다로구이,우거지볶음,0.9841567900569744
8,7,쌀밥,감자찌개,오징어구이,고구마줄기볶음,0.9839608044908876
10,718,팥밥,연두부찌개,오징어구이,김치볶음,0.9838546437163902
11,477,현미밥,감자찌개(돼지고기),명태포,가지볶음(양파),0.9837653836886094
13,236,찰밥,감자찌개(돼지고기),긴다로구이,무볶음,0.983641140751174
15,877,완두콩밥,감자찌개(돼지고기),새치구이,죽순볶음,0.9834110846776509
23,63,찰밥,연두부찌개,명태포,마늘쫑볶음,0.9825827400242371
24,399,현미밥,연두부찌개,새치구이,야채볶음,0.9825238988445788
29,342,찰밥,비지찌개,긴다로구이,고구마줄기볶음,0.9820899850897228
68,337,찰밥,비지찌개(콩),긴다로구이,김치볶음,0.9805601208599696
100,659,현미밥,두부찌개(고추장),긴다로구이,죽순볶음,0.9793252193925728
118,644,현미밥,비지찌개(콩),명태포,고구마줄기볶음,0.9786321103335032
151,720,팥밥,감자찌개(돼지고기),오징어구이,고구마줄기볶음,0.9776410469002532
191,28,찰밥,연두부찌개,쥐포구이,죽순볶음,0.9767581269691376
296,345,찰밥,두부찌개(고추장),명태포,고구마줄기볶음,0.9753989455259792
325,652,현미밥,비지찌개,명태포,고구마줄기볶음,0.9747885971389996
383,332,찰밥,비지찌개(콩),새치구이,고구마줄기볶음,0.9738023588963824
