,Unnamed: 0,밥,국,메인,서브,유사도
0,952,율무밥,감자찌개(돼지고기),오징어구이,죽순볶음,0.9826654873372648
1,986,율무밥,감자찌개(돼지고기),긴다로구이,우엉볶음,0.9813980805027309
3,112,찰밥,감자찌개(돼지고기),명태포,마늘쫑볶음,0.9807618917984692
4,78,찰밥,연두부찌개,긴다로구이,무볶음,0.9807597829952004
8,222,찰밥,두부찌개(고추장),긴다로구이,고구마줄기볶음,0.9797491367149498
12,29,찰밥,연두부찌개,명태포,고구마볶음,0.9788873009224864
16,609,완두콩밥,감자찌개,명태포,도라지볶음,0.9779600546962391
27,428,현미밥,비지찌개(콩),긴다로구이,고구마줄기볶음,0.9767852062998246
33,181,찰밥,감자찌개,긴다로구이,죽순볶음,0.97564186880128
43,655,녹두밥,연두부찌개,오징어구이,죽순볶음,0.9747225532924388
95,6,찰밥,연두부찌개,쥐포구이,고구마줄기볶음,0.970719866643502
107,644,완두콩밥,비지찌개(콩),명태포,고구마줄기볶음,0.9699302547536764
144,651,완두콩밥,두부찌개(고추장),명태포,김치볶음(동물성재료없음),0.9669277392565364
