,Unnamed: 0,밥,국,메인,서브,유사도
0,637,검정콩밥,감자찌개,긴다로구이,김치볶음(동물성재료없음),0.9792821616993984
1,657,찹쌀밥,연두부찌개,명태포,야채볶음(어묵),0.978808587649523
2,610,검정콩밥,감자찌개,오징어구이,고구마줄기볶음,0.9772123752157412
4,173,현미밥,감자찌개,명태포,김치볶음(동물성재료없음),0.9749566514707404
8,683,찹쌀밥,연두부찌개,긴다로구이,야채볶음(버섯),0.9743909662304244
15,797,잡곡밥,연두부찌개,오징어구이,김치볶음(참치),0.9724749356544844
21,727,찹쌀밥,감자찌개(돼지고기),긴다로구이,느타리볶음(피망),0.9717918150506396
35,474,수수찹쌀밥,연두부찌개,쥐포구이,고구마줄기볶음,0.9708075298387692
40,719,찹쌀밥,감자찌개(돼지고기),명태포,미역볶음,0.9705874445313846
43,817,잡곡밥,감자찌개(돼지고기),오징어구이,죽순볶음,0.9702899563285228
133,793,찹쌀밥,비지찌개(콩),긴다로구이,고구마줄기볶음,0.966328019306936
