,Unnamed: 0,밥,국,메인,서브,유사도
0,770,현미밥,연두부찌개,새치구이,마늘쫑볶음,0.9948022809857779
1,267,쌀밥,감자찌개,새치구이,야채볶음(표고),0.99405671472375
2,656,찰밥,순두부찌개,방어구이,죽순볶음,0.9932177884325698
4,704,찰밥,두부찌개(고추장),새치구이,김치볶음(참치),0.9931433725547056
5,362,찰밥,연두부찌개,명태포,감자볶음(당근),0.9926301730011
7,804,현미밥,연두부찌개,방어구이,근대볶음,0.9920030673751836
8,139,쌀밥,감자찌개(돼지고기),명태포,감자볶음(어묵),0.9919850582890206
9,215,쌀밥,감자찌개(돼지고기),긴다로구이,고구마줄기볶음,0.9919013863457892
12,641,찰밥,감자찌개,방어구이,김치볶음(참치),0.9918069906653284
14,119,쌀밥,감자찌개(돼지고기),오징어구이,고구마줄기볶음,0.9913398364923752
16,173,쌀밥,감자찌개(돼지고기),새치구이,감자볶음,0.9910345171332982
18,652,찰밥,감자찌개,긴다로구이,감자볶음,0.990522076663114
22,246,쌀밥,감자찌개,명태포,고구마볶음,0.9898571360868
30,550,찰밥,감자찌개(돼지고기),방어구이,도라지볶음,0.9891683331055114
36,353,쌀밥,두부찌개(고추장),긴다로구이,김치볶음,0.988796583904108
38,328,쌀밥,비지찌개(콩),새치구이,김치볶음(참치),0.9885516552211544
42,1,쌀밥,연두부찌개,오징어구이,고구마줄기볶음,0.98839122027413
44,825,현미밥,연두부찌개,긴다로구이,근대볶음,0.9879013275308764
50,332,쌀밥,비지찌개(콩),긴다로구이,김치볶음(동물성재료없음),0.9876722600353958
94,693,찰밥,비지찌개,긴다로구이,죽순볶음,0.986037273775586
127,667,찰밥,비지찌개(콩),방어구이,부추볶음,0.985262506332584
136,708,찰밥,두부찌개(고추장),방어구이,풋고추볶음,0.9849110527242236
225,333,쌀밥,비지찌개,명태포,죽순볶음,0.9819069534523386
291,228,쌀밥,감자찌개,오징어구이,죽순볶음,0.9804167785391436
305,689,찰밥,비지찌개,새치구이,고구마줄기볶음,0.9798131736809692
318,341,쌀밥,두부찌개(고추장),명태포,죽순볶음,0.9795346890236971
325,323,쌀밥,비지찌개(콩),명태포,고구마줄기볶음,0.9793847340791688
436,5,쌀밥,연두부찌개,쥐포구이,고구마줄기볶음,0.9758482523062544
