,Unnamed: 0,밥,국,메인,서브,유사도
0,105,쌀밥,연두부찌개,방어구이,고사리볶음,0.994660187651847
1,227,쌀밥,감자찌개(돼지고기),새치구이,미역볶음,0.9941401931892416
2,238,쌀밥,감자찌개(돼지고기),방어구이,야채볶음(버섯),0.9941070653140754
3,677,찰밥,감자찌개,방어구이,감자볶음,0.9940259200104636
5,995,현미밥,순두부찌개,방어구이,고구마줄기볶음,0.993807147612138
7,752,찰밥,두부찌개(고추장),방어구이,죽순볶음,0.993662468001676
8,354,쌀밥,감자찌개,새치구이,명일엽볶음,0.9936235242243936
10,303,쌀밥,감자찌개,명태포,야채볶음,0.9936081138127376
12,285,쌀밥,감자찌개(돼지고기),긴다로구이,김치볶음(참치),0.993451123716039
15,118,쌀밥,연두부찌개,긴다로구이,죽순볶음,0.9933993216705232
23,162,쌀밥,감자찌개(돼지고기),명태포,부추볶음,0.9929620554628356
30,491,찰밥,연두부찌개,새치구이,고구마볶음,0.9925686891635996
54,704,찰밥,비지찌개(콩),방어구이,부추볶음,0.9907442552990531
58,748,찰밥,두부찌개(고추장),새치구이,고구마줄기볶음,0.9901640224653953
77,701,찰밥,비지찌개(콩),새치구이,김치볶음(참치),0.9887852766443488
106,419,쌀밥,감자찌개,긴다로구이,마늘쫑볶음,0.9875914431599054
127,29,쌀밥,연두부찌개,명태포,고구마볶음,0.9862010217698692
186,737,찰밥,비지찌개,방어구이,김치볶음(참치),0.9846062487391268
212,424,쌀밥,비지찌개(콩),명태포,죽순볶음,0.9838222333151558
221,723,찰밥,비지찌개,새치구이,고구마줄기볶음,0.9835908998150596
228,465,쌀밥,두부찌개(고추장),긴다로구이,김치볶음(참치),0.98347617216795
256,451,쌀밥,비지찌개,긴다로구이,죽순볶음,0.9826155878959304
323,454,쌀밥,두부찌개(고추장),명태포,죽순볶음,0.9813297644115452
332,745,찰밥,두부찌개,방어구이,죽순볶음,0.9810987385822316
392,444,쌀밥,비지찌개,명태포,죽순볶음,0.9797254346189688
404,156,쌀밥,감자찌개(돼지고기),오징어구이,고구마줄기볶음,0.9794994946849204
406,3,쌀밥,연두부찌개,오징어구이,김치볶음,0.9794890094250424
462,4,쌀밥,연두부찌개,쥐포구이,죽순볶음,0.9780722341385648
