,Unnamed: 0,밥,국,메인,서브,유사도
0,86,쌀밥,연두부찌개,방어구이,시금치햄볶음,0.9943680526286858
3,124,쌀밥,연두부찌개,긴다로구이,야채볶음(어묵),0.993633742314779
4,633,찰밥,비지찌개,방어구이,김치볶음(동물성재료없음),0.9935629991450018
5,24,쌀밥,연두부찌개,명태포,김치볶음(동물성재료없음),0.9931569021623204
6,171,쌀밥,감자찌개(돼지고기),명태포,근대볶음,0.9931212281457654
7,271,쌀밥,감자찌개(돼지고기),긴다로구이,미역줄기볶음,0.9929003602278246
9,55,쌀밥,연두부찌개,새치구이,감자볶음(당근),0.9928070100470892
10,806,현미밥,비지찌개(콩),방어구이,무볶음,0.9927591672602688
15,357,쌀밥,감자찌개,방어구이,감자볶음(어묵),0.99243537224268
16,420,쌀밥,비지찌개,새치구이,김치볶음(동물성재료없음),0.9923996294442684
18,336,쌀밥,감자찌개,새치구이,미역볶음,0.9922518619550824
21,392,쌀밥,비지찌개(콩),새치구이,죽순볶음,0.9921890829701332
22,378,쌀밥,감자찌개,긴다로구이,부추볶음,0.9921021701221804
23,461,쌀밥,두부찌개(고추장),방어구이,미역볶음,0.9919210332926462
27,193,쌀밥,감자찌개(돼지고기),새치구이,느타리볶음,0.9917556265203028
33,388,쌀밥,순두부찌개,방어구이,고구마줄기볶음,0.9913848519849728
36,739,현미밥,감자찌개(돼지고기),방어구이,감자볶음(당근),0.9912350769243188
38,643,찰밥,두부찌개(고추장),새치구이,김치볶음(동물성재료없음),0.991172684786336
41,434,쌀밥,비지찌개,긴다로구이,김치볶음(동물성재료없음),0.9908128730867336
63,439,쌀밥,두부찌개(고추장),명태포,김치볶음(동물성재료없음),0.9892845749005168
79,436,쌀밥,두부찌개,방어구이,고구마줄기볶음,0.9881481666847078
158,391,쌀밥,비지찌개(콩),명태포,김치볶음(동물성재료없음),0.9840942962170134
180,294,쌀밥,감자찌개,명태포,오이볶음,0.9835700120418921
187,465,쌀밥,두부찌개(고추장),긴다로구이,김치볶음(참치),0.9834978039713356
192,0,쌀밥,연두부찌개,쥐포구이,죽순볶음,0.9833491596732458
210,414,쌀밥,비지찌개(콩),긴다로구이,김치볶음(동물성재료없음),0.9828286601723496
285,415,쌀밥,비지찌개,명태포,죽순볶음,0.9808015805955642
