,Unnamed: 0,밥,국,메인,서브,유사도
0,889,현미밥,감자찌개,새치구이,고사리볶음,0.9897758376324546
1,182,쌀밥,감자찌개,명태포,고구마볶음,0.9880125218078708
2,108,쌀밥,감자찌개(돼지고기),명태포,가지볶음(양파),0.9880033423046046
3,347,찰밥,연두부찌개,긴다로구이,오이볶음,0.9879391222609364
4,830,현미밥,감자찌개(돼지고기),긴다로구이,근대볶음,0.9879389933274622
7,34,쌀밥,연두부찌개,명태포,김치볶음(참치),0.9878583476501333
10,447,찰밥,감자찌개(돼지고기),새치구이,김치볶음,0.9876362638704104
11,583,찰밥,감자찌개,긴다로구이,도라지볶음,0.987587145754914
17,382,찰밥,감자찌개(돼지고기),오징어구이,죽순볶음,0.987254742335394
23,317,찰밥,연두부찌개,새치구이,야채볶음(어묵),0.9865105746581582
44,594,찰밥,비지찌개(콩),새치구이,김치볶음,0.9813882383916672
50,2,쌀밥,연두부찌개,오징어구이,김치볶음(동물성재료없음),0.980008347671426
53,613,찰밥,두부찌개(고추장),새치구이,죽순볶음,0.9794438581398844
95,966,조밥,연두부찌개,쥐포구이,고구마줄기볶음,0.9755876416014838
100,947,현미밥,비지찌개,긴다로구이,고구마줄기볶음,0.9753348442752591
135,598,찰밥,비지찌개(콩),긴다로구이,김치볶음,0.9731305090491876
143,950,현미밥,두부찌개(고추장),명태포,고구마줄기볶음,0.9728278696824342
159,622,찰밥,두부찌개(고추장),긴다로구이,김치볶음,0.9723177956703062
215,899,현미밥,감자찌개,방어구이,우거지볶음,0.9700065840469276
300,932,현미밥,비지찌개(콩),명태포,고구마줄기볶음,0.9673707443275468
323,253,쌀밥,비지찌개,명태포,김치볶음(동물성재료없음),0.9668136266026444
339,604,찰밥,비지찌개,새치구이,김치볶음(동물성재료없음),0.9663905452708816
