,Unnamed: 0,밥,국,메인,서브,유사도
0,89,쌀밥,연두부찌개,방어구이,가지볶음(양파),0.9948583408550958
3,866,현미밥,감자찌개(돼지고기),방어구이,감자볶음,0.994027232111018
4,764,현미밥,연두부찌개,새치구이,미역볶음,0.9939545909403146
7,260,쌀밥,감자찌개,명태포,양파볶음,0.99386344008645
9,222,쌀밥,감자찌개(돼지고기),긴다로구이,양파볶음,0.9938372156077931
12,953,현미밥,감자찌개,방어구이,무볶음,0.9937022799286072
17,998,현미밥,두부찌개(고추장),새치구이,김치볶음(참치),0.9935548449418876
20,286,쌀밥,감자찌개,새치구이,우거지볶음,0.993375483393116
24,256,쌀밥,감자찌개,오징어구이,고구마줄기볶음,0.993225970317335
25,133,쌀밥,연두부찌개,긴다로구이,명일엽볶음,0.9931982913868778
26,695,찰밥,비지찌개,방어구이,무볶음,0.9931646964678232
44,174,쌀밥,감자찌개(돼지고기),새치구이,우거지볶음,0.9915531783826516
66,354,쌀밥,감자찌개,긴다로구이,양파볶음,0.9895978006092184
72,37,쌀밥,연두부찌개,명태포,깻잎볶음,0.9892106253734986
88,675,찰밥,비지찌개,명태포,고구마줄기볶음,0.9884216849883726
91,148,쌀밥,감자찌개(돼지고기),명태포,야채볶음(표고),0.9881807139550268
94,991,현미밥,비지찌개,긴다로구이,고구마줄기볶음,0.9881059505632006
102,713,찰밥,두부찌개(고추장),방어구이,가지볶음(양파),0.98771987372281
122,667,찰밥,비지찌개(콩),방어구이,김치볶음(동물성재료없음),0.986124047377972
128,385,쌀밥,비지찌개(콩),새치구이,고구마줄기볶음,0.98598220472882
169,398,쌀밥,비지찌개,새치구이,김치볶음,0.9850056460583392
246,411,쌀밥,두부찌개(고추장),긴다로구이,고구마줄기볶음,0.9830545878811158
328,652,찰밥,순두부찌개,방어구이,고구마줄기볶음,0.9813409391652596
339,383,쌀밥,비지찌개(콩),명태포,김치볶음(동물성재료없음),0.9811118144801256
388,5,쌀밥,연두부찌개,쥐포구이,고구마줄기볶음,0.9801375139296852
412,2,쌀밥,연두부찌개,오징어구이,김치볶음(동물성재료없음),0.9797296709405108
423,137,쌀밥,감자찌개(돼지고기),오징어구이,고구마줄기볶음,0.9795465235775884
