,Unnamed: 0,밥,국,메인,서브,유사도
0,736,현미밥,연두부찌개,명태포,취나물볶음,0.9948885439554762
1,623,찰밥,감자찌개,새치구이,미역볶음,0.9933043455286046
2,369,찰밥,연두부찌개,새치구이,우거지볶음,0.9932926211549594
3,670,찰밥,비지찌개(콩),명태포,고구마줄기볶음,0.9932313338044598
4,4,쌀밥,연두부찌개,쥐포구이,죽순볶음,0.9923154955699413
6,125,쌀밥,감자찌개(돼지고기),명태포,부추볶음,0.9920701352573984
7,904,현미밥,감자찌개(돼지고기),방어구이,버섯볶음(채소),0.9919885653694166
8,195,쌀밥,감자찌개(돼지고기),긴다로구이,부추볶음,0.9919857432792044
9,717,찰밥,두부찌개(고추장),방어구이,배추나물볶음,0.9919384047685906
11,436,찰밥,연두부찌개,방어구이,김치볶음(동물성재료없음),0.9916697375022367
12,110,쌀밥,연두부찌개,긴다로구이,김치볶음,0.991417326785364
13,157,쌀밥,감자찌개(돼지고기),새치구이,오이볶음,0.9911039007751172
14,338,쌀밥,비지찌개,긴다로구이,김치볶음(동물성재료없음),0.9906856167038952
17,242,쌀밥,감자찌개,명태포,가지볶음,0.9903891035047322
30,708,찰밥,두부찌개(고추장),명태포,죽순볶음,0.9889144711974502
31,345,쌀밥,두부찌개(고추장),새치구이,김치볶음,0.9889127791733984
32,329,쌀밥,비지찌개(콩),긴다로구이,죽순볶음,0.9888884559754716
34,304,쌀밥,감자찌개,긴다로구이,미역줄기볶음,0.9886384791937196
77,227,쌀밥,감자찌개,오징어구이,죽순볶음,0.9862706682095878
78,650,찰밥,감자찌개,방어구이,김치볶음(동물성재료없음),0.9862659560836794
105,3,쌀밥,연두부찌개,오징어구이,김치볶음,0.9856900930998236
128,674,찰밥,비지찌개(콩),새치구이,김치볶음(동물성재료없음),0.9849984023089056
159,701,찰밥,비지찌개,새치구이,김치볶음(참치),0.9836328340625916
162,677,찰밥,비지찌개(콩),방어구이,죽순볶음,0.9835151810358832
333,119,쌀밥,감자찌개(돼지고기),오징어구이,고구마줄기볶음,0.9789064895963616
348,349,쌀밥,두부찌개(고추장),긴다로구이,김치볶음(참치),0.9786073312340688
447,332,쌀밥,비지찌개,명태포,죽순볶음,0.974633645535582
