,Unnamed: 0,밥,국,메인,서브,유사도
0,518,찰밥,감자찌개(돼지고기),명태포,무볶음,0.9935552900928544
1,110,쌀밥,연두부찌개,긴다로구이,깻잎볶음,0.9922960096050552
6,288,쌀밥,감자찌개,긴다로구이,오이볶음,0.9901664678496712
7,419,찰밥,연두부찌개,방어구이,양파볶음,0.989887226211759
9,383,찰밥,연두부찌개,새치구이,부추볶음,0.9895706441253704
10,374,찰밥,연두부찌개,명태포,마늘쫑볶음,0.9893359590925472
11,216,쌀밥,감자찌개(돼지고기),긴다로구이,깻잎볶음,0.9892273263647392
12,555,찰밥,감자찌개(돼지고기),새치구이,무볶음,0.98922458092485
15,630,찰밥,감자찌개,명태포,김치볶음(참치),0.9883140706870264
19,726,찰밥,비지찌개(콩),새치구이,김치볶음(참치),0.9879857519215858
20,577,찰밥,감자찌개(돼지고기),방어구이,깻잎볶음,0.9879745884450656
36,694,찰밥,감자찌개,방어구이,김치볶음(동물성재료없음),0.9871722998809296
44,638,찰밥,감자찌개,새치구이,양파볶음,0.9868615286887746
47,328,쌀밥,비지찌개,긴다로구이,죽순볶음,0.9867661100763084
85,734,찰밥,비지찌개(콩),방어구이,미역볶음,0.9856656016685084
93,116,쌀밥,감자찌개(돼지고기),오징어구이,죽순볶음,0.9849748547446956
127,316,쌀밥,비지찌개(콩),명태포,고구마줄기볶음,0.983102670197102
130,331,쌀밥,두부찌개(고추장),명태포,죽순볶음,0.98305098498676
132,759,찰밥,두부찌개(고추장),긴다로구이,고구마줄기볶음,0.982987931879166
134,737,찰밥,비지찌개(콩),긴다로구이,김치볶음(동물성재료없음),0.9827100245311651
141,5,쌀밥,연두부찌개,쥐포구이,고구마줄기볶음,0.9824841584949728
162,2,쌀밥,연두부찌개,오징어구이,김치볶음(동물성재료없음),0.9817478290391424
192,335,쌀밥,두부찌개(고추장),새치구이,김치볶음(동물성재료없음),0.9810827794209191
262,327,쌀밥,비지찌개,명태포,김치볶음(동물성재료없음),0.9789716931943154
349,745,찰밥,비지찌개,새치구이,김치볶음(참치),0.9751141703690348
384,718,찰밥,순두부찌개,방어구이,죽순볶음,0.9728800309463034
