,Unnamed: 0,밥,국,메인,서브,유사도
0,259,찰밥,연두부찌개,명태포,김치볶음(동물성재료없음),0.9881164276004624
1,305,찰밥,연두부찌개,새치구이,무볶음,0.9880786615999734
2,581,찰밥,두부찌개(고추장),긴다로구이,김치볶음(동물성재료없음),0.9880459701651548
3,573,찰밥,두부찌개(고추장),명태포,김치볶음(동물성재료없음),0.98798516536371
5,693,현미밥,연두부찌개,긴다로구이,깻잎볶음,0.9868696636001796
9,140,쌀밥,감자찌개(돼지고기),긴다로구이,김치볶음(참치),0.9818797452122046
11,0,쌀밥,연두부찌개,오징어구이,죽순볶음,0.9801871710280576
15,548,찰밥,감자찌개,긴다로구이,미역볶음,0.9789717831215874
18,5,쌀밥,연두부찌개,쥐포구이,고구마줄기볶음,0.9786805403980102
27,492,찰밥,감자찌개,새치구이,야채볶음,0.9777957067631028
34,355,찰밥,감자찌개(돼지고기),명태포,풋고추볶음,0.9766580220742328
38,384,찰밥,감자찌개(돼지고기),새치구이,우거지볶음,0.9758516965365376
44,458,찰밥,감자찌개,명태포,오이볶음,0.9751044003253638
60,913,현미밥,두부찌개(고추장),새치구이,죽순볶음,0.9742534479488096
65,567,찰밥,비지찌개,새치구이,김치볶음,0.9740242310957521
66,563,찰밥,비지찌개,명태포,김치볶음(동물성재료없음),0.9738900756276756
68,700,현미밥,감자찌개(돼지고기),오징어구이,고구마줄기볶음,0.9738135772378904
70,216,쌀밥,비지찌개(콩),긴다로구이,고구마줄기볶음,0.973785519794364
75,213,쌀밥,비지찌개(콩),명태포,고구마줄기볶음,0.9735640704239616
181,897,현미밥,비지찌개(콩),새치구이,김치볶음(동물성재료없음),0.9694255398998558
198,569,찰밥,비지찌개,긴다로구이,고구마줄기볶음,0.968730324764474
367,150,쌀밥,감자찌개,오징어구이,고구마줄기볶음,0.9655695539053184
