,Unnamed: 0,밥,국,메인,서브,유사도
0,1,쌀밥,연두부찌개,오징어구이,고구마줄기볶음,0.9838374957554632
1,88,찰밥,연두부찌개,명태포,가지볶음(양파),0.9824689600525021
2,390,찰밥,비지찌개,명태포,김치볶음(동물성재료없음),0.9799671346834498
3,346,찰밥,감자찌개,새치구이,무볶음,0.9795404928907472
4,16,쌀밥,연두부찌개,긴다로구이,느타리볶음,0.9794718556398592
6,617,현미밥,감자찌개,명태포,양파볶음,0.9792485082080432
9,613,현미밥,감자찌개,오징어구이,고구마줄기볶음,0.9790152837369052
10,127,찰밥,연두부찌개,새치구이,감자볶음(당근),0.9787969967125116
11,262,찰밥,감자찌개(돼지고기),긴다로구이,배추나물볶음,0.9784344901737188
15,4,쌀밥,연두부찌개,쥐포구이,고구마줄기볶음,0.9782232938167188
17,718,현미밥,두부찌개(고추장),명태포,김치볶음(동물성재료없음),0.9780427701919444
18,209,찰밥,감자찌개(돼지고기),명태포,김치볶음,0.9772523306550676
31,381,찰밥,비지찌개(콩),새치구이,죽순볶음,0.9750837182901159
34,873,팥밥,감자찌개(돼지고기),오징어구이,죽순볶음,0.9748250000008748
36,374,찰밥,감자찌개,긴다로구이,도라지볶음,0.9746483782101136
41,708,현미밥,비지찌개(콩),긴다로구이,죽순볶음,0.9742742586282284
52,557,현미밥,감자찌개(돼지고기),새치구이,느타리볶음,0.9737806931649788
53,391,찰밥,비지찌개,긴다로구이,죽순볶음,0.9737769408712184
58,378,찰밥,비지찌개(콩),명태포,죽순볶음,0.9735617478149812
112,397,찰밥,두부찌개(고추장),긴다로구이,죽순볶음,0.9713639418389008
