,Unnamed: 0,밥,국,메인,서브,유사도
0,5,쌀밥,연두부찌개,쥐포구이,고구마줄기볶음,0.9836159981820888
1,126,쌀밥,감자찌개,명태포,부추볶음,0.9822459965816598
2,532,현미밥,연두부찌개,오징어구이,고구마줄기볶음,0.9797410229900104
4,478,찰밥,감자찌개,긴다로구이,취나물볶음,0.9793256096350192
5,30,쌀밥,연두부찌개,명태포,깻잎볶음,0.9792527375542364
6,575,현미밥,연두부찌개,새치구이,양파볶음,0.979140046445282
9,62,쌀밥,연두부찌개,긴다로구이,마늘쫑볶음,0.9789095693540548
11,807,현미밥,감자찌개,새치구이,마늘쫑볶음,0.9787984264352276
13,365,찰밥,감자찌개(돼지고기),새치구이,마늘쫑볶음,0.9782025413514626
23,304,찰밥,감자찌개(돼지고기),명태포,버섯볶음(채소),0.9770272989259472
27,401,찰밥,감자찌개(돼지고기),긴다로구이,도라지볶음,0.9754762638783606
37,521,찰밥,두부찌개(고추장),명태포,김치볶음(동물성재료없음),0.9748655310353841
42,513,찰밥,비지찌개,명태포,죽순볶음,0.9744256021352968
47,524,찰밥,두부찌개(고추장),새치구이,김치볶음(동물성재료없음),0.9741355020853436
66,516,찰밥,비지찌개,긴다로구이,죽순볶음,0.9733746096602286
91,173,쌀밥,비지찌개(콩),명태포,고구마줄기볶음,0.9725755196797892
114,862,현미밥,두부찌개(고추장),긴다로구이,고구마줄기볶음,0.9717030278879074
120,120,쌀밥,감자찌개,오징어구이,죽순볶음,0.9712609173765424
157,506,찰밥,비지찌개(콩),새치구이,김치볶음(동물성재료없음),0.9695505908921866
188,176,쌀밥,비지찌개(콩),긴다로구이,김치볶음(동물성재료없음),0.9683783723877186
231,67,쌀밥,감자찌개(돼지고기),오징어구이,고구마줄기볶음,0.9674433756817724
