,Unnamed: 0,밥,국,메인,서브,유사도
0,742,녹두밥,감자찌개,긴다로구이,오이볶음,0.9759345422998016
1,844,율무밥,감자찌개(돼지고기),명태포,양파볶음,0.9679504371990758
2,897,율무밥,감자찌개,명태포,죽순볶음,0.9675611352009478
4,793,율무밥,연두부찌개,명태포,가지볶음,0.9671640757868823
5,689,녹두밥,감자찌개(돼지고기),긴다로구이,버섯볶음(채소),0.96587747171145
7,454,완두콩밥,연두부찌개,긴다로구이,김치볶음(동물성재료없음),0.9643508637718476
16,712,녹두밥,감자찌개,오징어구이,죽순볶음,0.9601422319663482
19,388,현미밥,비지찌개(콩),긴다로구이,죽순볶음,0.959540484859412
36,776,율무밥,연두부찌개,쥐포구이,죽순볶음,0.957342567243592
39,590,녹두밥,연두부찌개,오징어구이,김치볶음(동물성재료없음),0.9572154241210208
82,583,완두콩밥,비지찌개(콩),명태포,고구마줄기볶음,0.9525917842721447
118,464,완두콩밥,감자찌개(돼지고기),오징어구이,고구마줄기볶음,0.950023271266862
