,Unnamed: 0,밥,국,메인,서브,유사도
0,197,찰밥,감자찌개,명태포,버섯볶음(채소),0.980204398043831
1,174,찰밥,감자찌개(돼지고기),긴다로구이,감자채볶음,0.9797652064910024
3,373,현미밥,연두부찌개,긴다로구이,야채볶음(버섯),0.9782688638605188
6,295,찰밥,두부찌개(고추장),긴다로구이,고구마줄기볶음,0.9758392588621888
7,33,찰밥,연두부찌개,명태포,감자볶음(어묵),0.975755312591538
12,293,찰밥,두부찌개(고추장),명태포,김치볶음(동물성재료없음),0.9754157420954882
13,124,찰밥,감자찌개(돼지고기),명태포,미역줄기볶음,0.9749133865535364
14,12,찰밥,연두부찌개,쥐포구이,고구마줄기볶음,0.9746080144568108
16,3,쌀밥,감자찌개(돼지고기),오징어구이,고구마줄기볶음,0.9744542842674307
17,223,찰밥,감자찌개,새치구이,부추볶음,0.9744496070797722
18,269,찰밥,감자찌개,긴다로구이,고사리볶음,0.97442883793571
20,6,찰밥,연두부찌개,오징어구이,죽순볶음,0.9742996126578432
23,145,찰밥,감자찌개(돼지고기),새치구이,야채볶음,0.974118007395812
26,280,찰밥,비지찌개(콩),명태포,김치볶음(동물성재료없음),0.9740082415447964
30,289,찰밥,비지찌개,긴다로구이,고구마줄기볶음,0.9735475973684872
55,589,콩밥(대두),감자찌개,오징어구이,죽순볶음,0.9724748706326806
60,341,현미밥,연두부찌개,새치구이,야채볶음,0.9721629417766492
98,568,현미밥,비지찌개,명태포,고구마줄기볶음,0.9688570390365014
133,282,찰밥,비지찌개(콩),긴다로구이,고구마줄기볶음,0.96787397528677
