,Unnamed: 0,밥,국,메인,서브,유사도
0,78,찰밥,연두부찌개,긴다로구이,무볶음,0.9747628343711952
1,222,찰밥,두부찌개(고추장),긴다로구이,고구마줄기볶음,0.9729946705905304
2,96,찰밥,감자찌개(돼지고기),명태포,배추나물볶음,0.9729497865344598
3,29,찰밥,연두부찌개,명태포,고구마볶음,0.971257993520098
4,952,율무밥,감자찌개(돼지고기),오징어구이,죽순볶음,0.9712085298507316
6,149,찰밥,감자찌개(돼지고기),긴다로구이,명일엽볶음,0.9706336727422052
27,181,찰밥,감자찌개,긴다로구이,죽순볶음,0.9653393831742018
29,609,완두콩밥,감자찌개,명태포,도라지볶음,0.9650818195070872
36,655,녹두밥,연두부찌개,오징어구이,죽순볶음,0.96422432672753
44,428,현미밥,비지찌개(콩),긴다로구이,고구마줄기볶음,0.9631413051181784
94,6,찰밥,연두부찌개,쥐포구이,고구마줄기볶음,0.9565950613799292
108,644,완두콩밥,비지찌개(콩),명태포,고구마줄기볶음,0.9553381864730144
138,651,완두콩밥,두부찌개(고추장),명태포,김치볶음(동물성재료없음),0.9512762328789276
