,Unnamed: 0,밥,국,메인,서브,유사도
0,637,검정콩밥,감자찌개,긴다로구이,김치볶음(동물성재료없음),0.9664638893383596
1,657,찹쌀밥,연두부찌개,명태포,야채볶음(어묵),0.9662077625957548
2,162,현미밥,감자찌개,명태포,풋고추볶음,0.9645180088650652
5,610,검정콩밥,감자찌개,오징어구이,고구마줄기볶음,0.963138337946202
7,683,찹쌀밥,연두부찌개,긴다로구이,야채볶음(버섯),0.9627270682030163
15,727,찹쌀밥,감자찌개(돼지고기),긴다로구이,느타리볶음(피망),0.9583852630024066
21,797,잡곡밥,연두부찌개,오징어구이,김치볶음(참치),0.9573860869482016
31,474,수수찹쌀밥,연두부찌개,쥐포구이,고구마줄기볶음,0.9568543160583372
36,719,찹쌀밥,감자찌개(돼지고기),명태포,미역볶음,0.9563451559171284
55,817,잡곡밥,감자찌개(돼지고기),오징어구이,죽순볶음,0.9544008323595315
131,793,찹쌀밥,비지찌개(콩),긴다로구이,고구마줄기볶음,0.950272526904684
