,Unnamed: 0,밥,국,메인,서브,유사도
0,294,찰밥,감자찌개,새치구이,도라지볶음,0.9800672308486288
1,263,찰밥,감자찌개,명태포,도라지볶음,0.9796353993139448
2,7,쌀밥,감자찌개,오징어구이,고구마줄기볶음,0.9795687204281784
3,322,찰밥,감자찌개,긴다로구이,김치볶음(참치),0.9794757938721952
4,477,현미밥,감자찌개(돼지고기),명태포,가지볶음(양파),0.979349612892882
5,236,찰밥,감자찌개(돼지고기),긴다로구이,무볶음,0.97851063603638
7,716,팥밥,연두부찌개,오징어구이,고구마줄기볶음,0.97836700201231
11,450,현미밥,연두부찌개,긴다로구이,김치볶음(동물성재료없음),0.9757001763747596
12,63,찰밥,연두부찌개,명태포,마늘쫑볶음,0.9756221691860358
21,198,찰밥,감자찌개(돼지고기),새치구이,명일엽볶음,0.9747776393769084
25,337,찰밥,비지찌개(콩),긴다로구이,김치볶음,0.9743480410817192
27,406,현미밥,연두부찌개,새치구이,미역줄기볶음,0.9743005983404012
29,342,찰밥,비지찌개,긴다로구이,고구마줄기볶음,0.9741733716756842
87,667,조밥,감자찌개(돼지고기),오징어구이,죽순볶음,0.9715548921014192
98,350,찰밥,두부찌개(고추장),긴다로구이,김치볶음(참치),0.970817750857132
169,644,현미밥,비지찌개(콩),명태포,고구마줄기볶음,0.9677728365509792
228,28,찰밥,연두부찌개,쥐포구이,죽순볶음,0.9665708577989228
327,345,찰밥,두부찌개(고추장),명태포,고구마줄기볶음,0.9651546448521864
382,339,찰밥,비지찌개,명태포,고구마줄기볶음,0.9641826866821878
393,332,찰밥,비지찌개(콩),새치구이,고구마줄기볶음,0.9641155002607183
