,Unnamed: 0,밥,국,메인,서브,유사도
0,232,쌀밥,감자찌개,명태포,오이볶음,0.9960298542915214
1,400,찰밥,연두부찌개,새치구이,무볶음,0.9959527351711296
2,150,쌀밥,감자찌개(돼지고기),명태포,도라지볶음,0.9959446931908732
4,273,쌀밥,감자찌개,새치구이,가지볶음,0.9959197748591556
5,417,찰밥,연두부찌개,방어구이,시금치햄볶음,0.9958104954893278
7,88,쌀밥,연두부찌개,긴다로구이,취나물볶음,0.995684625938772
9,8,쌀밥,연두부찌개,명태포,우거지볶음,0.9955484237583824
10,536,찰밥,감자찌개(돼지고기),방어구이,깻잎볶음,0.9955097369338692
11,315,쌀밥,감자찌개,긴다로구이,김치볶음(참치),0.9954564762158928
14,0,쌀밥,연두부찌개,오징어구이,죽순볶음,0.995181103164635
15,611,찰밥,감자찌개,방어구이,배추나물볶음,0.9950889166079036
20,212,쌀밥,감자찌개(돼지고기),긴다로구이,감자채볶음,0.9948707556582744
23,328,쌀밥,비지찌개(콩),새치구이,김치볶음(참치),0.9948035241865268
24,487,찰밥,감자찌개(돼지고기),새치구이,감자볶음,0.994773551630538
32,344,쌀밥,두부찌개(고추장),명태포,김치볶음(동물성재료없음),0.994582810014998
49,974,현미밥,순두부찌개,방어구이,고구마줄기볶음,0.9943190168373734
51,332,쌀밥,비지찌개(콩),긴다로구이,김치볶음(동물성재료없음),0.9943124038422022
66,334,쌀밥,비지찌개,명태포,고구마줄기볶음,0.9939644625890568
81,346,쌀밥,두부찌개(고추장),새치구이,고구마줄기볶음,0.9936489873575912
103,4,쌀밥,연두부찌개,쥐포구이,죽순볶음,0.993275120455136
108,996,현미밥,비지찌개,새치구이,고구마줄기볶음,0.9931334897981978
127,323,쌀밥,비지찌개(콩),명태포,고구마줄기볶음,0.9927868062728984
199,694,찰밥,두부찌개(고추장),방어구이,김치볶음(동물성재료없음),0.9918339694360911
222,674,찰밥,비지찌개,긴다로구이,고구마줄기볶음,0.9913762376221098
318,985,현미밥,비지찌개(콩),방어구이,고사리볶음,0.9902054416384948
321,228,쌀밥,감자찌개,오징어구이,죽순볶음,0.990041892566316
381,677,찰밥,두부찌개,방어구이,고구마줄기볶음,0.9886253591498192
385,998,현미밥,비지찌개,방어구이,고사리볶음,0.988566943175936
423,353,쌀밥,두부찌개(고추장),긴다로구이,김치볶음(참치),0.9868355136775904
