,Unnamed: 0,밥,국,메인,서브,유사도
0,105,쌀밥,연두부찌개,방어구이,고사리볶음,0.9968012782958471
4,700,찰밥,비지찌개(콩),새치구이,죽순볶음,0.9961539200315076
5,58,쌀밥,연두부찌개,새치구이,배추나물볶음,0.9959824813762638
14,460,쌀밥,두부찌개(고추장),새치구이,고구마줄기볶음,0.9955009821766014
16,674,찰밥,감자찌개,방어구이,느타리볶음(피망),0.9953710536376386
21,867,현미밥,감자찌개(돼지고기),새치구이,야채볶음(어묵),0.9951646868916741
24,600,찰밥,감자찌개(돼지고기),방어구이,야채볶음,0.9951344953615799
32,292,쌀밥,감자찌개(돼지고기),긴다로구이,무볶음,0.994856008097486
34,187,쌀밥,감자찌개(돼지고기),명태포,도라지볶음,0.9948263313728206
39,640,찰밥,감자찌개,새치구이,야채볶음(어묵),0.9947632585111004
43,148,쌀밥,연두부찌개,긴다로구이,깍두기볶음,0.9945251260624406
56,414,쌀밥,감자찌개,긴다로구이,김치볶음(동물성재료없음),0.9941523658542012
57,449,쌀밥,비지찌개,새치구이,고구마줄기볶음,0.9941347946448924
67,317,쌀밥,감자찌개,명태포,깍두기볶음,0.9939462165065148
68,707,찰밥,비지찌개(콩),방어구이,취나물볶음,0.9939283531220192
76,22,쌀밥,연두부찌개,명태포,미역줄기볶음,0.9937260435138412
77,770,찰밥,두부찌개(고추장),방어구이,미역볶음,0.9937236415997543
80,738,찰밥,비지찌개,방어구이,김치볶음(동물성재료없음),0.9937174522611796
135,744,찰밥,비지찌개,긴다로구이,죽순볶음,0.9929184006973806
170,771,찰밥,두부찌개(고추장),긴다로구이,김치볶음(참치),0.9923484784547382
228,446,쌀밥,비지찌개,명태포,고구마줄기볶음,0.9917996838456348
262,698,찰밥,순두부찌개,방어구이,죽순볶음,0.9913881760104812
312,456,쌀밥,두부찌개(고추장),명태포,죽순볶음,0.990715852222752
313,2,쌀밥,연두부찌개,오징어구이,김치볶음(동물성재료없음),0.9907102764296828
329,455,쌀밥,두부찌개,방어구이,고구마줄기볶음,0.9904798774309044
376,155,쌀밥,감자찌개(돼지고기),오징어구이,죽순볶음,0.9898106238639156
385,425,쌀밥,비지찌개(콩),명태포,고구마줄기볶음,0.9897501691335944
410,5,쌀밥,연두부찌개,쥐포구이,고구마줄기볶음,0.9893794762568848
486,442,쌀밥,비지찌개(콩),긴다로구이,죽순볶음,0.9877620629091328
