,Unnamed: 0,밥,국,메인,서브,유사도
0,87,쌀밥,연두부찌개,긴다로구이,가지볶음(양파),0.9964900396991376
2,839,현미밥,감자찌개(돼지고기),새치구이,느타리볶음(피망),0.9960514979972824
3,884,현미밥,감자찌개(돼지고기),긴다로구이,감자볶음(당근),0.9958862618243334
4,135,쌀밥,감자찌개(돼지고기),명태포,김치볶음(참치),0.9953211328533166
6,58,쌀밥,연두부찌개,새치구이,가지볶음(양파),0.9951164887437088
7,312,찰밥,연두부찌개,명태포,오이볶음,0.9949900371610252
10,106,쌀밥,감자찌개(돼지고기),오징어구이,죽순볶음,0.9949160306732444
13,961,현미밥,감자찌개,방어구이,야채볶음(버섯),0.9945179448930472
18,572,찰밥,감자찌개,새치구이,느타리볶음,0.9942220391911604
20,216,쌀밥,감자찌개,명태포,고구마줄기볶음,0.9941454712611456
23,645,찰밥,비지찌개(콩),명태포,김치볶음(동물성재료없음),0.9938591663242892
38,198,쌀밥,감자찌개,오징어구이,고구마줄기볶음,0.9931104556434928
48,258,쌀밥,감자찌개,긴다로구이,오이볶음,0.9923878634575894
51,294,쌀밥,비지찌개,긴다로구이,죽순볶음,0.9922741577191714
72,657,찰밥,비지찌개,명태포,김치볶음(동물성재료없음),0.9915039978068368
85,675,찰밥,두부찌개(고추장),긴다로구이,고구마줄기볶음,0.9911638630405136
100,755,현미밥,연두부찌개,방어구이,야채볶음,0.9905631058239666
151,662,찰밥,비지찌개,새치구이,김치볶음,0.9862931464948288
155,288,쌀밥,비지찌개(콩),긴다로구이,죽순볶음,0.9859508254685442
181,4,쌀밥,연두부찌개,쥐포구이,죽순볶음,0.9849291943302956
210,673,찰밥,두부찌개(고추장),새치구이,김치볶음,0.9843297297169524
234,666,찰밥,두부찌개(고추장),명태포,죽순볶음,0.9835281029954194
272,649,찰밥,비지찌개(콩),새치구이,김치볶음(참치),0.9826179939424476
385,306,찰밥,연두부찌개,오징어구이,김치볶음,0.9806440381653142
