,Unnamed: 0,밥,국,메인,서브,유사도
0,443,찰밥,감자찌개,새치구이,배추나물볶음,0.9904914068406004
2,493,찰밥,감자찌개,긴다로구이,미역볶음,0.9884063774744726
5,235,찰밥,연두부찌개,새치구이,감자볶음(당근),0.9875769602609163
7,68,쌀밥,감자찌개(돼지고기),명태포,오이볶음,0.9872293438102104
8,913,조밥,연두부찌개,긴다로구이,고사리볶음,0.9870993131066114
10,12,쌀밥,연두부찌개,명태포,풋고추볶음,0.9867854508364492
11,416,찰밥,감자찌개,명태포,감자채볶음,0.9867703361352512
12,693,현미밥,감자찌개(돼지고기),새치구이,고구마줄기볶음,0.986446683051732
14,718,현미밥,감자찌개(돼지고기),긴다로구이,야채볶음(버섯),0.9863100090278116
21,4,쌀밥,연두부찌개,쥐포구이,죽순볶음,0.9860600922279
54,3,쌀밥,연두부찌개,오징어구이,김치볶음,0.9850344209104148
66,168,쌀밥,비지찌개(콩),긴다로구이,고구마줄기볶음,0.9848859128931836
71,854,현미밥,두부찌개(고추장),긴다로구이,죽순볶음,0.9847951260589852
82,852,현미밥,두부찌개(고추장),새치구이,김치볶음(동물성재료없음),0.9846008099010991
93,167,쌀밥,비지찌개(콩),명태포,김치볶음(동물성재료없음),0.9843688485504416
100,513,찰밥,두부찌개(고추장),명태포,고구마줄기볶음,0.9841972792205096
241,64,쌀밥,감자찌개(돼지고기),오징어구이,죽순볶음,0.9813021490472968
277,509,찰밥,비지찌개,긴다로구이,죽순볶음,0.9811118497382038
288,499,찰밥,비지찌개(콩),새치구이,김치볶음(동물성재료없음),0.98098164338335
333,400,찰밥,감자찌개,오징어구이,고구마줄기볶음,0.9802612446973834
