,Unnamed: 0,밥,국,메인,서브,유사도
0,63,쌀밥,연두부찌개,긴다로구이,우엉볶음,0.9965335411403928
4,43,쌀밥,연두부찌개,새치구이,우거지볶음,0.9951596769594274
5,246,쌀밥,감자찌개,긴다로구이,풋고추볶음,0.995029337888536
9,892,현미밥,감자찌개,명태포,도라지볶음,0.9947982483588576
10,844,현미밥,감자찌개(돼지고기),긴다로구이,야채볶음(어묵),0.9945597669640104
11,826,현미밥,감자찌개(돼지고기),새치구이,깍두기볶음,0.9942612752795604
14,558,찰밥,감자찌개,새치구이,미역줄기볶음,0.9939024035609442
15,647,찰밥,두부찌개(고추장),새치구이,김치볶음,0.9938069834344614
17,989,현미밥,두부찌개(고추장),명태포,김치볶음(동물성재료없음),0.9934607087325551
18,675,현미밥,연두부찌개,명태포,감자볶음(당근),0.9933840624384782
24,637,찰밥,비지찌개,긴다로구이,죽순볶음,0.992516078323186
27,932,현미밥,감자찌개,방어구이,느타리볶음,0.992066688001376
28,791,현미밥,감자찌개(돼지고기),명태포,깍두기볶음,0.9920159486996648
29,630,찰밥,비지찌개,명태포,고구마줄기볶음,0.991975707245532
41,636,찰밥,비지찌개,새치구이,김치볶음,0.9914733555463672
131,4,쌀밥,연두부찌개,쥐포구이,죽순볶음,0.9849714968431712
137,405,찰밥,감자찌개(돼지고기),오징어구이,죽순볶음,0.9848426946600402
168,628,찰밥,비지찌개(콩),긴다로구이,김치볶음,0.9842361321752908
214,621,찰밥,비지찌개(콩),새치구이,고구마줄기볶음,0.983073928242816
217,270,쌀밥,비지찌개(콩),명태포,김치볶음(동물성재료없음),0.9830470168208304
291,650,찰밥,두부찌개(고추장),긴다로구이,김치볶음(동물성재료없음),0.981601087802
326,288,찰밥,연두부찌개,오징어구이,김치볶음(참치),0.980942084360352
347,181,쌀밥,감자찌개,오징어구이,죽순볶음,0.9807295252694084
