,Unnamed: 0,밥,국,메인,서브,유사도
0,190,쌀밥,감자찌개(돼지고기),긴다로구이,죽순볶음,0.9961400844504332
1,350,쌀밥,두부찌개(고추장),긴다로구이,김치볶음,0.9960721659432
2,121,쌀밥,감자찌개(돼지고기),명태포,우엉볶음,0.996056132086506
3,229,쌀밥,감자찌개,명태포,죽순볶음,0.9960402370568632
4,49,쌀밥,연두부찌개,새치구이,버섯볶음(채소),0.9960228470106796
5,366,찰밥,연두부찌개,명태포,도라지볶음,0.9959300936514393
7,987,현미밥,감자찌개,새치구이,깍두기볶음,0.9958777157266274
9,4,쌀밥,연두부찌개,쥐포구이,죽순볶음,0.9956460783699196
13,99,쌀밥,연두부찌개,긴다로구이,가지볶음(양파),0.9952929468179964
14,555,찰밥,감자찌개(돼지고기),방어구이,마늘쫑볶음,0.9952023624670262
18,170,쌀밥,감자찌개(돼지고기),새치구이,미역줄기볶음,0.9949851558043488
22,434,찰밥,연두부찌개,방어구이,고사리볶음,0.9948951372829684
28,295,쌀밥,감자찌개,긴다로구이,양파볶음,0.9947014690825028
37,228,쌀밥,감자찌개,오징어구이,고구마줄기볶음,0.994519489752848
62,678,찰밥,비지찌개(콩),방어구이,배추나물볶음,0.9938792512185172
68,344,쌀밥,두부찌개(고추장),새치구이,김치볶음(동물성재료없음),0.9938172202321259
71,335,쌀밥,비지찌개,새치구이,고구마줄기볶음,0.9937894555776876
75,3,쌀밥,연두부찌개,오징어구이,김치볶음,0.9936946123288988
120,645,찰밥,감자찌개,방어구이,고구마줄기볶음,0.9927962416801679
137,326,쌀밥,비지찌개(콩),새치구이,김치볶음(동물성재료없음),0.9926077489987488
148,715,찰밥,두부찌개(고추장),방어구이,풋고추볶음,0.9924650694813436
186,695,찰밥,비지찌개,명태포,김치볶음(동물성재료없음),0.9918432348572134
243,339,쌀밥,두부찌개(고추장),명태포,죽순볶음,0.9909358475911813
244,669,찰밥,비지찌개(콩),명태포,김치볶음(동물성재료없음),0.9909280406394184
256,119,쌀밥,감자찌개(돼지고기),오징어구이,고구마줄기볶음,0.9907967339956064
331,703,찰밥,비지찌개,긴다로구이,김치볶음(동물성재료없음),0.9895151698580216
390,666,찰밥,순두부찌개,방어구이,고구마줄기볶음,0.9870944904594852
403,689,찰밥,비지찌개(콩),긴다로구이,죽순볶음,0.9856180733013874
494,705,찰밥,두부찌개,방어구이,고구마줄기볶음,0.9819378229519112
