,Unnamed: 0,밥,국,메인,서브,유사도
0,367,찰밥,감자찌개,새치구이,배추나물볶음,0.990581583785164
1,670,현미밥,감자찌개,명태포,배추나물볶음,0.98866820981264
2,413,찰밥,감자찌개,긴다로구이,도라지볶음,0.9884975389031952
7,190,찰밥,연두부찌개,긴다로구이,야채볶음(버섯),0.9876652419091208
10,790,조밥,연두부찌개,명태포,무볶음,0.987181941429339
14,591,현미밥,감자찌개(돼지고기),새치구이,오이볶음,0.9865356485178628
15,161,찰밥,연두부찌개,새치구이,감자볶음,0.986517922707116
21,914,콩밥(대두),감자찌개(돼지고기),명태포,우거지볶음,0.9862157243081534
22,45,쌀밥,감자찌개(돼지고기),긴다로구이,야채볶음,0.986165171426952
25,2,쌀밥,연두부찌개,오징어구이,김치볶음(동물성재료없음),0.9861445260446144
29,758,현미밥,비지찌개,긴다로구이,죽순볶음,0.9857281755041172
41,441,찰밥,두부찌개(고추장),긴다로구이,김치볶음(동물성재료없음),0.9853809058598871
56,105,찰밥,연두부찌개,쥐포구이,고구마줄기볶음,0.9851686872789932
68,37,쌀밥,감자찌개(돼지고기),오징어구이,고구마줄기볶음,0.9849278070409301
73,323,찰밥,감자찌개,오징어구이,죽순볶음,0.984816963598806
84,761,현미밥,두부찌개(고추장),명태포,죽순볶음,0.9845588156605096
90,438,찰밥,두부찌개(고추장),새치구이,김치볶음(동물성재료없음),0.9845112112818776
98,429,찰밥,비지찌개,명태포,고구마줄기볶음,0.9842834276274536
118,748,현미밥,비지찌개(콩),명태포,김치볶음(동물성재료없음),0.9838776451666774
217,423,찰밥,비지찌개(콩),새치구이,김치볶음,0.9816014735419374
271,426,찰밥,비지찌개(콩),긴다로구이,김치볶음(동물성재료없음),0.9812037567251332
