,Unnamed: 0,밥,국,메인,서브,유사도
0,99,찰밥,감자찌개(돼지고기),명태포,가지볶음,0.9889616669464659
2,40,찰밥,연두부찌개,명태포,마늘쫑볶음,0.9871502512190944
3,231,찰밥,두부찌개(고추장),명태포,김치볶음(동물성재료없음),0.9870773311290952
4,464,완두콩밥,연두부찌개,쥐포구이,죽순볶음,0.9870693628951692
7,175,찰밥,감자찌개,명태포,김치볶음(참치),0.9857981306411614
9,917,녹두밥,두부찌개(고추장),긴다로구이,김치볶음,0.9857379927646506
11,79,찰밥,연두부찌개,긴다로구이,무볶음,0.9856210050193296
15,128,찰밥,감자찌개(돼지고기),긴다로구이,야채볶음(어묵),0.9852764711893208
19,442,현미밥,감자찌개,긴다로구이,무볶음,0.9852084162757
26,445,현미밥,비지찌개(콩),명태포,고구마줄기볶음,0.9849077420276782
27,682,완두콩밥,비지찌개(콩),긴다로구이,김치볶음(동물성재료없음),0.9848965917985568
47,538,완두콩밥,감자찌개(돼지고기),오징어구이,죽순볶음,0.9824424520202752
53,413,현미밥,감자찌개,새치구이,무볶음,0.9822083181984506
92,463,완두콩밥,연두부찌개,오징어구이,김치볶음,0.9809035773521548
136,457,조밥,감자찌개,오징어구이,고구마줄기볶음,0.979629150422443
