,Unnamed: 0,밥,국,메인,서브,유사도
0,309,찰밥,연두부찌개,긴다로구이,죽순볶음,0.9909413665209332
1,738,현미밥,감자찌개(돼지고기),새치구이,부추볶음,0.9908188699415038
2,514,찰밥,감자찌개,새치구이,김치볶음,0.9902428523576278
3,599,현미밥,연두부찌개,명태포,야채볶음(표고),0.9899005038127936
5,914,현미밥,두부찌개(고추장),명태포,김치볶음(동물성재료없음),0.9883315033535028
7,908,현미밥,비지찌개,새치구이,김치볶음(동물성재료없음),0.988117050104631
8,563,찰밥,비지찌개,명태포,죽순볶음,0.9878846228141078
9,280,찰밥,연두부찌개,새치구이,야채볶음,0.987606494985996
13,80,쌀밥,감자찌개(돼지고기),명태포,죽순볶음,0.9870297891797166
14,534,찰밥,감자찌개,긴다로구이,미역줄기볶음,0.9867463213616104
16,484,찰밥,감자찌개,명태포,미역볶음,0.986525088054444
19,231,찰밥,연두부찌개,오징어구이,김치볶음,0.9861766541111804
20,928,조밥,연두부찌개,쥐포구이,죽순볶음,0.9861296239585804
24,556,찰밥,비지찌개(콩),새치구이,김치볶음(동물성재료없음),0.9859410830441796
25,224,쌀밥,두부찌개(고추장),긴다로구이,고구마줄기볶음,0.9858788810916858
27,445,찰밥,감자찌개(돼지고기),긴다로구이,고구마줄기볶음,0.9858316426402912
42,218,쌀밥,비지찌개(콩),긴다로구이,고구마줄기볶음,0.9851466218218909
84,910,현미밥,비지찌개,긴다로구이,고구마줄기볶음,0.9844523485989036
125,578,찰밥,두부찌개(고추장),새치구이,김치볶음(동물성재료없음),0.9834425818748728
130,214,쌀밥,비지찌개(콩),명태포,죽순볶음,0.9833188346273488
206,79,쌀밥,감자찌개(돼지고기),오징어구이,고구마줄기볶음,0.9817738458170122
