,Unnamed: 0,밥,국,메인,서브,유사도
0,725,고구마밥,감자찌개,긴다로구이,김치볶음(동물성재료없음),0.985805277033992
2,381,밤밥,연두부찌개,명태포,야채볶음(표고),0.9832563017272098
3,641,옥수수밥,감자찌개,오징어구이,고구마줄기볶음,0.9823265385961402
4,708,고구마밥,감자찌개,명태포,가지볶음(양파),0.9821991795602016
5,396,밤밥,연두부찌개,긴다로구이,야채볶음,0.9817834216717729
11,511,쑥쌀밥,연두부찌개,오징어구이,김치볶음(동물성재료없음),0.9804903942210575
18,622,옥수수밥,감자찌개(돼지고기),오징어구이,죽순볶음,0.9799101654706976
22,424,밤밥,감자찌개(돼지고기),긴다로구이,고사리볶음,0.979792449610963
46,534,쑥쌀밥,감자찌개(돼지고기),명태포,야채볶음,0.9784032464913404
51,378,밤밥,연두부찌개,쥐포구이,고구마줄기볶음,0.9781626623741686
