,Unnamed: 0,밥,국,메인,서브,유사도
0,814,율무밥,연두부찌개,오징어구이,죽순볶음,0.9893833332469284
1,985,율무밥,감자찌개,긴다로구이,야채볶음(표고),0.9877217609828628
2,947,율무밥,감자찌개,오징어구이,고구마줄기볶음,0.9876083056084558
3,939,율무밥,감자찌개(돼지고기),긴다로구이,깍두기볶음,0.9875820797143828
4,881,율무밥,연두부찌개,긴다로구이,도라지볶음,0.9875181313995638
7,202,찰밥,비지찌개(콩),명태포,고구마줄기볶음,0.9858624507062383
8,230,현미밥,연두부찌개,명태포,가지볶음(양파),0.9852303773699757
10,284,현미밥,감자찌개(돼지고기),명태포,우엉볶음,0.982550632858352
22,752,녹두밥,감자찌개,명태포,우엉볶음,0.980805571923422
30,407,현미밥,두부찌개(고추장),명태포,김치볶음(동물성재료없음),0.980529563050892
58,886,율무밥,감자찌개(돼지고기),오징어구이,죽순볶음,0.9793406184398904
77,610,완두콩밥,비지찌개(콩),긴다로구이,죽순볶음,0.9787488566960292
173,6,찰밥,연두부찌개,쥐포구이,고구마줄기볶음,0.975284217339472
281,209,찰밥,두부찌개(고추장),긴다로구이,고구마줄기볶음,0.97267034815001
