,Unnamed: 0,밥,국,메인,서브,유사도
0,309,현미밥,연두부찌개,명태포,오이볶음,0.9888508273468628
1,189,찰밥,감자찌개(돼지고기),긴다로구이,도라지볶음,0.9886834990597452
2,305,현미밥,연두부찌개,오징어구이,김치볶음(동물성재료없음),0.9886372095629609
5,83,찰밥,연두부찌개,긴다로구이,느타리볶음,0.987844970210704
9,563,현미밥,감자찌개,긴다로구이,마늘쫑볶음,0.9869717131127724
12,514,현미밥,감자찌개,새치구이,오이볶음,0.9864728385376448
13,140,찰밥,감자찌개(돼지고기),명태포,도라지볶음,0.986320995288704
17,357,현미밥,연두부찌개,새치구이,김치볶음(동물성재료없음),0.9859106968239696
19,147,찰밥,감자찌개(돼지고기),새치구이,야채볶음(표고),0.985817264766348
25,109,찰밥,감자찌개(돼지고기),오징어구이,고구마줄기볶음,0.9856868432442528
30,205,찰밥,감자찌개,명태포,야채볶음(표고),0.9854268314811182
36,4,쌀밥,감자찌개,오징어구이,죽순볶음,0.9852016967583436
41,887,완두콩밥,두부찌개(고추장),긴다로구이,김치볶음(동물성재료없음),0.9850910264283428
65,605,완두콩밥,연두부찌개,쥐포구이,죽순볶음,0.984487618369932
79,876,완두콩밥,비지찌개,명태포,죽순볶음,0.9842202793484331
86,285,찰밥,비지찌개(콩),긴다로구이,죽순볶음,0.9838309581904308
138,293,찰밥,비지찌개,긴다로구이,고구마줄기볶음,0.9820659751732462
142,297,찰밥,두부찌개(고추장),명태포,김치볶음(동물성재료없음),0.9819433454852059
213,282,찰밥,비지찌개(콩),명태포,죽순볶음,0.9806911570561848
