,Unnamed: 0,밥,국,메인,서브,유사도
0,960,율무밥,감자찌개(돼지고기),명태포,오이볶음,0.9889652218286196
1,996,율무밥,감자찌개(돼지고기),긴다로구이,야채볶음,0.98827382805883
3,936,율무밥,연두부찌개,긴다로구이,가지볶음(양파),0.9861705981782138
10,597,완두콩밥,감자찌개,명태포,야채볶음(표고),0.985307733542698
11,453,완두콩밥,연두부찌개,명태포,야채볶음,0.9852529770249648
15,404,현미밥,감자찌개,긴다로구이,풋고추볶음,0.9847828090368718
23,395,현미밥,감자찌개,새치구이,우거지볶음,0.9824882097077212
65,651,완두콩밥,두부찌개(고추장),명태포,죽순볶음,0.9798358690479346
71,299,현미밥,감자찌개(돼지고기),오징어구이,죽순볶음,0.9796664352863412
73,877,율무밥,연두부찌개,오징어구이,김치볶음(동물성재료없음),0.979628022272722
74,211,찰밥,비지찌개(콩),명태포,죽순볶음,0.9796206091654552
83,655,완두콩밥,두부찌개(고추장),긴다로구이,고구마줄기볶음,0.9794222357186396
103,6,찰밥,연두부찌개,쥐포구이,고구마줄기볶음,0.9790735309794458
148,806,녹두밥,감자찌개,오징어구이,고구마줄기볶음,0.9768436906239072
177,869,녹두밥,비지찌개(콩),긴다로구이,김치볶음(동물성재료없음),0.9757701601578109
