,Unnamed: 0,밥,국,메인,서브,유사도
0,654,수수찹쌀밥,연두부찌개,오징어구이,죽순볶음,0.9893843271627932
1,544,율무밥,감자찌개,긴다로구이,죽순볶음,0.9880614032723676
3,585,차조밥,연두부찌개,긴다로구이,우거지볶음,0.9876786083889946
5,850,검정콩밥,연두부찌개,명태포,느타리볶음(피망),0.9859910057911204
10,626,차조밥,감자찌개,명태포,깍두기볶음,0.9832981050216796
13,992,찹쌀밥,감자찌개(돼지고기),명태포,김치볶음(동물성재료없음),0.9818161343786659
14,521,율무밥,감자찌개,오징어구이,고구마줄기볶음,0.981698138101621
30,998,찹쌀밥,감자찌개(돼지고기),긴다로구이,우거지볶음,0.9798676200550106
38,392,녹두밥,연두부찌개,쥐포구이,죽순볶음,0.9796368808315928
58,976,찹쌀밥,감자찌개(돼지고기),오징어구이,고구마줄기볶음,0.9788745166721454
