,Unnamed: 0,밥,국,메인,서브,유사도
0,216,쌀밥,감자찌개(돼지고기),긴다로구이,고사리볶음,0.995663421219233
1,139,쌀밥,감자찌개(돼지고기),명태포,감자볶음(어묵),0.9956166505816562
2,7,쌀밥,연두부찌개,명태포,우엉볶음,0.9955001896211291
3,274,쌀밥,감자찌개,새치구이,가지볶음(양파),0.994984043118317
4,118,쌀밥,감자찌개(돼지고기),오징어구이,죽순볶음,0.9948768989393588
5,450,찰밥,연두부찌개,긴다로구이,감자볶음,0.9945776919750016
6,58,쌀밥,연두부찌개,새치구이,배추나물볶음,0.9944031437204329
7,701,찰밥,두부찌개(고추장),방어구이,풋고추볶음,0.9941838602385312
12,772,현미밥,연두부찌개,방어구이,부추볶음,0.9938831025966404
13,645,찰밥,감자찌개,긴다로구이,취나물볶음,0.9937864671150428
15,177,쌀밥,감자찌개(돼지고기),새치구이,고구마볶음,0.9936788738817688
17,655,찰밥,비지찌개(콩),새치구이,고구마줄기볶음,0.9936710654698659
22,253,쌀밥,감자찌개,명태포,도라지볶음,0.9934601054266678
24,1,쌀밥,연두부찌개,오징어구이,고구마줄기볶음,0.9934190347204864
30,543,찰밥,감자찌개(돼지고기),방어구이,깍두기볶음,0.9932036925105918
35,332,쌀밥,비지찌개(콩),긴다로구이,김치볶음(동물성재료없음),0.9931118417871904
48,981,현미밥,감자찌개,방어구이,고구마줄기볶음,0.9925345236654444
57,353,쌀밥,두부찌개(고추장),긴다로구이,김치볶음,0.9922173861111521
98,346,쌀밥,두부찌개(고추장),새치구이,김치볶음(동물성재료없음),0.991335460178364
108,343,쌀밥,두부찌개(고추장),명태포,김치볶음(동물성재료없음),0.9908699186034816
131,323,쌀밥,비지찌개(콩),명태포,고구마줄기볶음,0.9900724601354476
157,997,현미밥,순두부찌개,방어구이,죽순볶음,0.9891640552135909
176,660,찰밥,비지찌개(콩),방어구이,부추볶음,0.9889039808804904
221,680,찰밥,비지찌개,명태포,김치볶음(동물성재료없음),0.988133778880006
341,5,쌀밥,연두부찌개,쥐포구이,고구마줄기볶음,0.9858503706725767
458,685,찰밥,비지찌개,새치구이,김치볶음,0.9821524143763202
483,340,쌀밥,비지찌개,긴다로구이,김치볶음(동물성재료없음),0.979968058440104
