,Unnamed: 0,밥,국,메인,서브,유사도
0,37,쌀밥,연두부찌개,명태포,깻잎볶음,0.9961972117590988
1,295,쌀밥,비지찌개,명태포,고구마줄기볶음,0.9947441333974504
2,267,쌀밥,감자찌개,긴다로구이,야채볶음,0.9942306401516448
3,134,쌀밥,감자찌개(돼지고기),명태포,김치볶음(동물성재료없음),0.9940495416314129
4,202,쌀밥,감자찌개,명태포,우엉볶음,0.9937529975485301
5,107,쌀밥,감자찌개(돼지고기),오징어구이,고구마줄기볶음,0.9937177993912164
7,372,찰밥,연두부찌개,새치구이,고구마볶음,0.9933300620918242
9,965,현미밥,감자찌개,새치구이,미역볶음,0.9931804813802858
10,143,쌀밥,감자찌개(돼지고기),새치구이,양파볶음,0.9931538694220744
23,308,찰밥,연두부찌개,오징어구이,김치볶음(참치),0.9919519892701544
25,657,찰밥,비지찌개(콩),새치구이,김치볶음(참치),0.9917366791577452
26,170,쌀밥,감자찌개(돼지고기),긴다로구이,풋고추볶음,0.9915598832910208
27,78,쌀밥,연두부찌개,긴다로구이,야채볶음,0.9914402356421214
29,684,찰밥,두부찌개(고추장),긴다로구이,김치볶음(동물성재료없음),0.9907288924531816
72,618,찰밥,감자찌개,방어구이,명일엽볶음,0.9888481228660448
85,673,찰밥,비지찌개,긴다로구이,김치볶음(동물성재료없음),0.9882653063280458
109,765,현미밥,연두부찌개,방어구이,깻잎볶음(멸치),0.9870442739827929
150,310,찰밥,연두부찌개,쥐포구이,죽순볶음,0.9847925361674668
265,293,쌀밥,비지찌개(콩),긴다로구이,김치볶음(동물성재료없음),0.979102217349346
275,677,찰밥,두부찌개(고추장),새치구이,죽순볶음,0.9788811428868892
311,301,쌀밥,두부찌개(고추장),명태포,고구마줄기볶음,0.9776418329607144
380,670,찰밥,비지찌개,새치구이,김치볶음,0.9761035764598216
403,288,쌀밥,비지찌개(콩),명태포,죽순볶음,0.9756275606173824
