,Unnamed: 0,밥,국,메인,서브,유사도
0,6,쌀밥,연두부찌개,명태포,죽순볶음,0.986404805264883
1,497,찰밥,감자찌개,긴다로구이,감자볶음,0.9857603872138266
2,118,쌀밥,감자찌개(돼지고기),긴다로구이,김치볶음,0.9852853742068768
4,68,쌀밥,감자찌개(돼지고기),오징어구이,죽순볶음,0.9850630155530472
6,942,조밥,연두부찌개,긴다로구이,미역볶음,0.9845094667718928
7,801,현미밥,감자찌개,새치구이,미역줄기볶음,0.984318836534854
10,5,쌀밥,연두부찌개,쥐포구이,고구마줄기볶음,0.9840579582192578
13,1,쌀밥,연두부찌개,오징어구이,고구마줄기볶음,0.9836963196790584
16,242,찰밥,연두부찌개,새치구이,야채볶음(어묵),0.9835723903271404
23,430,찰밥,감자찌개,명태포,미역줄기볶음,0.9833037125849292
25,367,찰밥,감자찌개(돼지고기),새치구이,고사리볶음,0.9832706743525048
27,315,찰밥,감자찌개(돼지고기),명태포,취나물볶음,0.9832234048702928
49,533,찰밥,두부찌개(고추장),새치구이,고구마줄기볶음,0.9816918624779444
50,518,찰밥,비지찌개(콩),새치구이,김치볶음,0.9816760638171018
61,528,찰밥,비지찌개,긴다로구이,김치볶음(동물성재료없음),0.9813713362870592
87,519,찰밥,비지찌개(콩),긴다로구이,죽순볶음,0.9806173334955722
95,511,찰밥,비지찌개(콩),명태포,죽순볶음,0.9804503708428772
117,127,쌀밥,감자찌개,오징어구이,고구마줄기볶음,0.9799000533973806
200,864,현미밥,두부찌개(고추장),명태포,죽순볶음,0.9773877486849388
241,525,찰밥,비지찌개,명태포,김치볶음(동물성재료없음),0.9766618449076532
460,538,찰밥,두부찌개(고추장),긴다로구이,김치볶음(동물성재료없음),0.9731556204132096
