,Unnamed: 0,밥,국,메인,서브,유사도
0,128,찰밥,감자찌개(돼지고기),명태포,도라지볶음,0.9861521382822248
1,284,현미밥,연두부찌개,명태포,버섯볶음(채소),0.9849042200381976
2,227,찰밥,감자찌개,긴다로구이,우엉볶음,0.9847439324990276
3,143,찰밥,감자찌개(돼지고기),긴다로구이,취나물볶음,0.9846774054219304
4,223,찰밥,감자찌개,새치구이,명일엽볶음,0.9844394697206156
5,51,찰밥,연두부찌개,새치구이,느타리볶음,0.9839916237710056
6,72,찰밥,연두부찌개,긴다로구이,느타리볶음(피망),0.9836380771349148
8,365,현미밥,감자찌개(돼지고기),오징어구이,죽순볶음,0.9832453835881512
15,201,찰밥,감자찌개,명태포,미역볶음,0.9821468247965506
21,2,쌀밥,감자찌개,오징어구이,죽순볶음,0.9819670984647876
34,260,찰밥,비지찌개(콩),긴다로구이,고구마줄기볶음,0.9810019885053548
39,270,찰밥,두부찌개(고추장),긴다로구이,죽순볶음,0.9807860553538866
40,10,찰밥,연두부찌개,쥐포구이,고구마줄기볶음,0.9807853662538653
42,5,찰밥,연두부찌개,오징어구이,고구마줄기볶음,0.9804839507069699
69,268,찰밥,두부찌개(고추장),명태포,고구마줄기볶음,0.9791695698873808
78,265,찰밥,비지찌개,긴다로구이,고구마줄기볶음,0.9787551471911294
236,519,현미밥,비지찌개(콩),명태포,고구마줄기볶음,0.974713673615452
273,134,찰밥,감자찌개(돼지고기),새치구이,야채볶음,0.9733665754201132
305,263,찰밥,비지찌개,명태포,고구마줄기볶음,0.9720131508114376
