,Unnamed: 0,밥,국,메인,서브,유사도
0,5,쌀밥,연두부찌개,쥐포구이,고구마줄기볶음,0.9864443152456279
1,479,찰밥,감자찌개,긴다로구이,미역줄기볶음,0.9857987545171611
2,115,쌀밥,감자찌개,오징어구이,죽순볶음,0.985325204549822
4,67,쌀밥,감자찌개(돼지고기),오징어구이,고구마줄기볶음,0.9850970528432378
5,12,쌀밥,연두부찌개,명태포,풋고추볶음,0.9847937661995002
6,913,조밥,연두부찌개,긴다로구이,감자채볶음,0.9845481033579888
7,776,현미밥,감자찌개,새치구이,오이볶음,0.9843602297110504
11,769,현미밥,감자찌개,명태포,도라지볶음,0.9840552251267346
12,3,쌀밥,연두부찌개,오징어구이,김치볶음,0.9838875748646247
15,230,찰밥,연두부찌개,새치구이,느타리볶음(피망),0.9836132487005528
24,352,찰밥,감자찌개(돼지고기),새치구이,고사리볶음,0.9833124670692116
26,301,찰밥,감자찌개(돼지고기),명태포,풋고추볶음,0.983263847805866
45,711,현미밥,감자찌개(돼지고기),긴다로구이,오이볶음,0.9817974041231968
48,513,찰밥,비지찌개,긴다로구이,김치볶음(동물성재료없음),0.9817309513641858
49,499,찰밥,비지찌개(콩),새치구이,죽순볶음,0.9817179563169152
55,514,찰밥,두부찌개(고추장),명태포,죽순볶음,0.9816024671416592
60,508,찰밥,비지찌개,명태포,죽순볶음,0.981411371544237
89,855,현미밥,두부찌개(고추장),새치구이,김치볶음,0.9806272629549296
105,170,쌀밥,비지찌개(콩),긴다로구이,고구마줄기볶음,0.980112691250814
113,525,찰밥,두부찌개(고추장),긴다로구이,김치볶음,0.9799722172236812
223,497,찰밥,비지찌개(콩),명태포,고구마줄기볶음,0.976938956276826
