,Unnamed: 0,밥,국,메인,서브,유사도
0,232,쌀밥,감자찌개,긴다로구이,야채볶음,0.9934325501221546
1,75,쌀밥,연두부찌개,긴다로구이,감자볶음(어묵),0.9932613666899044
3,341,찰밥,연두부찌개,새치구이,김치볶음(참치),0.9927232473954072
5,420,찰밥,감자찌개(돼지고기),명태포,도라지볶음,0.9907498342103056
6,877,현미밥,감자찌개,새치구이,우엉볶음,0.9904689499773208
9,788,현미밥,감자찌개(돼지고기),새치구이,야채볶음(버섯),0.9903450224489068
10,505,찰밥,감자찌개,명태포,취나물볶음,0.99027368174354
16,612,찰밥,비지찌개,새치구이,고구마줄기볶음,0.9897734091549928
17,293,찰밥,연두부찌개,명태포,가지볶음,0.9897647780209421
18,609,찰밥,비지찌개,명태포,고구마줄기볶음,0.9897613108761604
28,600,찰밥,비지찌개(콩),새치구이,고구마줄기볶음,0.988918547544928
30,623,찰밥,두부찌개(고추장),새치구이,고구마줄기볶음,0.9886768260461948
32,491,찰밥,감자찌개(돼지고기),긴다로구이,김치볶음,0.988374181873484
35,606,찰밥,비지찌개(콩),긴다로구이,김치볶음(동물성재료없음),0.9881067999634802
37,628,찰밥,두부찌개(고추장),긴다로구이,고구마줄기볶음,0.987989890500271
55,92,쌀밥,감자찌개(돼지고기),오징어구이,죽순볶음,0.9864757514232132
74,2,쌀밥,연두부찌개,오징어구이,김치볶음(동물성재료없음),0.9842847420522952
103,565,찰밥,감자찌개,방어구이,깻잎볶음(멸치),0.9827013738876416
118,961,현미밥,두부찌개(고추장),명태포,김치볶음(동물성재료없음),0.9816073824431448
152,254,쌀밥,비지찌개(콩),명태포,고구마줄기볶음,0.9804294682843366
188,168,쌀밥,감자찌개,오징어구이,죽순볶음,0.9792004763160216
196,976,조밥,연두부찌개,쥐포구이,고구마줄기볶음,0.9788137638721311
373,262,쌀밥,비지찌개,긴다로구이,김치볶음(동물성재료없음),0.9753384660663412
