,Unnamed: 0,밥,국,메인,서브,유사도
0,790,차조밥,감자찌개,긴다로구이,김치볶음(동물성재료없음),0.9839834009205316
1,952,차수수밥,연두부찌개,긴다로구이,고사리볶음,0.9834368601841496
2,655,율무밥,감자찌개,명태포,가지볶음(양파),0.9815305701423872
3,697,차조밥,연두부찌개,명태포,우거지볶음,0.980470133603168
9,846,수수찹쌀밥,감자찌개(돼지고기),명태포,야채볶음(버섯),0.976940532692374
14,308,현미밥,비지찌개(콩),명태포,고구마줄기볶음,0.974861714403698
15,468,녹두밥,연두부찌개,쥐포구이,죽순볶음,0.9747655575872486
33,403,완두콩밥,감자찌개(돼지고기),긴다로구이,깍두기볶음,0.9720181056002036
63,158,현미밥,연두부찌개,오징어구이,고구마줄기볶음,0.9696559063747844
76,732,차조밥,감자찌개(돼지고기),오징어구이,고구마줄기볶음,0.9687659125777526
85,864,수수찹쌀밥,감자찌개,오징어구이,고구마줄기볶음,0.9683857009573316
358,156,찰밥,비지찌개(콩),긴다로구이,고구마줄기볶음,0.9606655088619768
