,Unnamed: 0,밥,국,메인,서브,유사도
0,1,쌀밥,연두부찌개,오징어구이,고구마줄기볶음,0.9865894325437924
1,363,찰밥,감자찌개,긴다로구이,취나물볶음,0.9859395319244604
2,87,찰밥,연두부찌개,명태포,야채볶음(표고),0.9854715452479608
3,642,현미밥,감자찌개,명태포,고구마볶음,0.9852889786889524
6,729,현미밥,두부찌개(고추장),명태포,고구마줄기볶음,0.9846899106917688
7,610,현미밥,감자찌개(돼지고기),긴다로구이,감자볶음(당근),0.9845125155242572
8,337,찰밥,감자찌개,새치구이,미역줄기볶음,0.9844960587422444
9,401,찰밥,비지찌개,긴다로구이,고구마줄기볶음,0.9844511367550494
12,140,찰밥,연두부찌개,새치구이,깍두기볶음,0.9838260220754323
14,171,찰밥,연두부찌개,긴다로구이,고구마볶음,0.9837635056118894
25,219,찰밥,감자찌개(돼지고기),명태포,마늘쫑볶음,0.9834125274714306
41,406,찰밥,두부찌개(고추장),새치구이,고구마줄기볶음,0.9819819508323528
45,389,찰밥,비지찌개(콩),새치구이,죽순볶음,0.9818744922839762
55,587,현미밥,감자찌개(돼지고기),새치구이,미역볶음,0.981566000104796
56,386,찰밥,비지찌개(콩),명태포,죽순볶음,0.9815585111609988
59,186,찰밥,감자찌개(돼지고기),오징어구이,죽순볶음,0.9814696108757082
67,407,찰밥,두부찌개(고추장),긴다로구이,죽순볶음,0.9810883151523628
97,722,현미밥,비지찌개(콩),긴다로구이,김치볶음(동물성재료없음),0.980257160479229
103,398,찰밥,비지찌개,명태포,고구마줄기볶음,0.9801138880723872
136,768,조밥,감자찌개,오징어구이,고구마줄기볶음,0.9789590397043048
400,75,찰밥,연두부찌개,쥐포구이,죽순볶음,0.9744301574741516
