,Unnamed: 0,밥,국,메인,서브,유사도
0,103,찰밥,감자찌개(돼지고기),명태포,감자볶음(당근),0.9848278282334302
1,52,찰밥,연두부찌개,긴다로구이,풋고추볶음,0.9847593078703252
3,25,찰밥,연두부찌개,명태포,가지볶음,0.9837197071877226
8,630,완두콩밥,감자찌개,명태포,고구마줄기볶음,0.982164065645489
12,235,찰밥,두부찌개(고추장),긴다로구이,김치볶음(동물성재료없음),0.981193104680869
15,150,찰밥,감자찌개(돼지고기),긴다로구이,명일엽볶음,0.980896602908747
16,187,찰밥,감자찌개,새치구이,느타리볶음(피망),0.9806317121275432
30,461,콩밥(대두),감자찌개,오징어구이,고구마줄기볶음,0.9795118918538605
34,228,찰밥,비지찌개(콩),긴다로구이,김치볶음(동물성재료없음),0.9792713761733364
40,423,현미밥,감자찌개,긴다로구이,버섯볶음(채소),0.9785432425665485
47,312,현미밥,감자찌개(돼지고기),오징어구이,죽순볶음,0.9776184064292376
118,223,찰밥,비지찌개(콩),명태포,죽순볶음,0.9749203989708496
168,6,찰밥,연두부찌개,쥐포구이,죽순볶음,0.9716283671480884
171,916,녹두밥,두부찌개(고추장),명태포,고구마줄기볶음,0.9715029104344276
176,464,완두콩밥,연두부찌개,오징어구이,고구마줄기볶음,0.9711987770955596
