,Unnamed: 0,밥,국,메인,서브,유사도
0,752,녹두밥,감자찌개,긴다로구이,양파볶음,0.9849435084399376
1,864,율무밥,감자찌개(돼지고기),명태포,미역줄기볶음,0.9804508709537916
2,911,율무밥,감자찌개,명태포,부추볶음,0.9803962386811266
4,813,율무밥,연두부찌개,명태포,마늘쫑볶음,0.9801095793894598
5,694,녹두밥,감자찌개(돼지고기),긴다로구이,오이볶음,0.9787854329682182
11,255,현미밥,연두부찌개,긴다로구이,가지볶음(양파),0.9746474290785792
16,394,현미밥,두부찌개(고추장),명태포,고구마줄기볶음,0.9735371681963338
35,589,완두콩밥,비지찌개(콩),명태포,김치볶음(동물성재료없음),0.9715365098162196
55,2,찰밥,연두부찌개,오징어구이,김치볶음(동물성재료없음),0.9708240254796195
63,850,율무밥,감자찌개(돼지고기),오징어구이,고구마줄기볶음,0.9702003414008814
111,592,완두콩밥,비지찌개(콩),긴다로구이,김치볶음(동물성재료없음),0.9668868450335684
156,6,찰밥,연두부찌개,쥐포구이,고구마줄기볶음,0.9651452317933223
258,905,율무밥,감자찌개,오징어구이,죽순볶음,0.9620300870093152
