,Unnamed: 0,밥,국,메인,서브,유사도
0,768,고구마밥,감자찌개,긴다로구이,야채볶음(표고),0.9813685400387444
2,314,찹쌀밥,감자찌개,명태포,가지볶음(양파),0.9771056439806688
8,656,옥수수밥,연두부찌개,긴다로구이,고사리볶음,0.9751470510900774
14,407,밤밥,연두부찌개,명태포,야채볶음(표고),0.974643417551996
15,241,검정콩밥,연두부찌개,오징어구이,고구마줄기볶음,0.9742487344339938
17,218,차수수밥,감자찌개(돼지고기),오징어구이,죽순볶음,0.973947095951289
18,545,쑥쌀밥,연두부찌개,쥐포구이,고구마줄기볶음,0.973569100047762
20,687,옥수수밥,감자찌개,오징어구이,죽순볶음,0.9733966728899792
26,666,옥수수밥,감자찌개(돼지고기),명태포,우거지볶음,0.9721670274269224
27,298,찹쌀밥,감자찌개(돼지고기),긴다로구이,느타리볶음,0.972078539011317
