,Unnamed: 0,밥,국,메인,서브,유사도
0,494,차조밥,감자찌개,긴다로구이,풋고추볶음,0.980309152952359
2,708,찹쌀밥,연두부찌개,명태포,부추볶음,0.9788609453519004
5,657,검정콩밥,연두부찌개,긴다로구이,우거지볶음,0.976172193689892
6,186,현미밥,감자찌개,명태포,고구마줄기볶음,0.9749192639499096
17,941,잡곡밥(옥수수),연두부찌개,오징어구이,죽순볶음,0.9724869791767428
21,948,잡곡밥(옥수수),감자찌개,오징어구이,고구마줄기볶음,0.9720428685674324
27,786,찹쌀밥,감자찌개(돼지고기),긴다로구이,느타리볶음,0.9716549604681566
42,760,찹쌀밥,감자찌개(돼지고기),오징어구이,죽순볶음,0.9705100458897016
52,775,찹쌀밥,감자찌개(돼지고기),명태포,김치볶음(동물성재료없음),0.970102926904862
114,580,차수수밥,연두부찌개,쥐포구이,고구마줄기볶음,0.9670827382284504
240,855,찹쌀밥,비지찌개(콩),긴다로구이,고구마줄기볶음,0.9630556476604009
334,854,찹쌀밥,비지찌개(콩),명태포,고구마줄기볶음,0.9612948866612384
