,Unnamed: 0,밥,국,메인,서브,유사도
0,6,쌀밥,연두부찌개,명태포,죽순볶음,0.9835023921214282
1,118,쌀밥,감자찌개(돼지고기),긴다로구이,김치볶음,0.9820959817739516
3,5,쌀밥,연두부찌개,쥐포구이,고구마줄기볶음,0.9794939109304822
4,1,쌀밥,연두부찌개,오징어구이,고구마줄기볶음,0.9793797711981029
5,497,찰밥,감자찌개,긴다로구이,감자볶음,0.9793011208129832
10,68,쌀밥,감자찌개(돼지고기),오징어구이,죽순볶음,0.9788659687335106
14,367,찰밥,감자찌개(돼지고기),새치구이,고사리볶음,0.9781228383645816
16,430,찰밥,감자찌개,명태포,미역줄기볶음,0.9780968080321768
18,50,쌀밥,연두부찌개,긴다로구이,느타리볶음(피망),0.978057162438114
21,233,찰밥,연두부찌개,새치구이,우거지볶음,0.9778733445527756
24,315,찰밥,감자찌개(돼지고기),명태포,취나물볶음,0.9769695634638416
30,801,현미밥,감자찌개,새치구이,미역줄기볶음,0.975369565115674
38,533,찰밥,두부찌개(고추장),새치구이,고구마줄기볶음,0.9747647028907088
43,528,찰밥,비지찌개,긴다로구이,김치볶음(동물성재료없음),0.9743248346269984
44,511,찰밥,비지찌개(콩),명태포,죽순볶음,0.9742730270890538
60,416,찰밥,감자찌개,오징어구이,죽순볶음,0.9735756402379836
67,519,찰밥,비지찌개(콩),긴다로구이,죽순볶음,0.9732842178439848
158,518,찰밥,비지찌개(콩),새치구이,김치볶음,0.9695643248482256
190,866,현미밥,두부찌개(고추장),명태포,김치볶음(동물성재료없음),0.9683483945710318
217,523,찰밥,비지찌개,명태포,죽순볶음,0.9677986401706978
463,872,현미밥,두부찌개(고추장),긴다로구이,고구마줄기볶음,0.9638594733169488
