,Unnamed: 0,밥,국,메인,서브,유사도
0,295,쌀밥,비지찌개,명태포,고구마줄기볶음,0.9936833095433788
1,37,쌀밥,연두부찌개,명태포,깻잎볶음,0.992464522646644
2,267,쌀밥,감자찌개,긴다로구이,야채볶음,0.9910598051317876
3,923,현미밥,감자찌개,명태포,고구마볶음,0.9904625776985204
4,135,쌀밥,감자찌개(돼지고기),명태포,김치볶음(참치),0.990279900360002
10,350,찰밥,연두부찌개,새치구이,우엉볶음,0.9882574674515894
13,308,찰밥,연두부찌개,오징어구이,김치볶음(참치),0.9880959782953526
14,243,쌀밥,감자찌개,새치구이,가지볶음,0.9880364270180064
19,618,찰밥,감자찌개,방어구이,명일엽볶음,0.9876790059460022
22,101,쌀밥,연두부찌개,긴다로구이,도라지볶음,0.9875179529939976
24,673,찰밥,비지찌개,긴다로구이,김치볶음(동물성재료없음),0.9874039051968556
25,481,찰밥,감자찌개(돼지고기),새치구이,가지볶음,0.9873690627309696
35,174,쌀밥,감자찌개(돼지고기),긴다로구이,야채볶음(버섯),0.9869826375708972
36,107,쌀밥,감자찌개(돼지고기),오징어구이,고구마줄기볶음,0.9867618795770507
37,684,찰밥,두부찌개(고추장),긴다로구이,김치볶음(동물성재료없음),0.9867182730032004
49,765,현미밥,연두부찌개,방어구이,깻잎볶음(멸치),0.9861982373467624
61,657,찰밥,비지찌개(콩),새치구이,김치볶음(참치),0.9852212761191488
100,310,찰밥,연두부찌개,쥐포구이,죽순볶음,0.9814261878360448
106,681,찰밥,두부찌개(고추장),새치구이,김치볶음,0.9808450757892946
285,653,찰밥,비지찌개(콩),명태포,김치볶음(동물성재료없음),0.9705866693340518
290,293,쌀밥,비지찌개(콩),긴다로구이,김치볶음(동물성재료없음),0.9704893626542088
313,301,쌀밥,두부찌개(고추장),명태포,고구마줄기볶음,0.9691879061339884
366,670,찰밥,비지찌개,새치구이,김치볶음,0.9675722421266376
