,Unnamed: 0,밥,국,메인,서브,유사도
0,772,현미밥,연두부찌개,방어구이,부추볶음,0.9945119971093944
1,274,쌀밥,감자찌개,새치구이,가지볶음(양파),0.9937658682461724
2,701,찰밥,두부찌개(고추장),방어구이,풋고추볶음,0.992921389617328
3,387,찰밥,연두부찌개,새치구이,감자채볶음,0.9929121480143204
4,645,찰밥,감자찌개,긴다로구이,취나물볶음,0.9928866670147036
5,361,찰밥,연두부찌개,명태포,고구마볶음,0.9923463201104792
7,139,쌀밥,감자찌개(돼지고기),명태포,감자볶음(어묵),0.9917585054859858
8,216,쌀밥,감자찌개(돼지고기),긴다로구이,고사리볶음,0.9917353258951228
9,814,현미밥,연두부찌개,긴다로구이,고구마볶음,0.9917062849684026
14,118,쌀밥,감자찌개(돼지고기),오징어구이,죽순볶음,0.9911005682129328
16,177,쌀밥,감자찌개(돼지고기),새치구이,고구마볶음,0.9907909200494276
18,655,찰밥,비지찌개(콩),새치구이,고구마줄기볶음,0.9903006586637556
21,869,현미밥,감자찌개(돼지고기),방어구이,죽순볶음,0.9897177697115348
22,246,쌀밥,감자찌개,명태포,고구마볶음,0.9895632490975174
34,353,쌀밥,두부찌개(고추장),긴다로구이,김치볶음,0.9885823309786872
41,634,찰밥,감자찌개,방어구이,김치볶음(동물성재료없음),0.9882151764615408
42,1,쌀밥,연두부찌개,오징어구이,고구마줄기볶음,0.9881938844593074
50,332,쌀밥,비지찌개(콩),긴다로구이,김치볶음(동물성재료없음),0.9874723134871968
69,662,찰밥,비지찌개(콩),방어구이,풋고추볶음,0.9866139949894616
85,680,찰밥,비지찌개,명태포,김치볶음(동물성재료없음),0.986061660730027
94,694,찰밥,두부찌개(고추장),새치구이,죽순볶음,0.9859244006127936
112,997,현미밥,순두부찌개,방어구이,죽순볶음,0.9854988399983406
125,693,찰밥,두부찌개(고추장),명태포,김치볶음(동물성재료없음),0.9851845052098872
146,323,쌀밥,비지찌개(콩),명태포,고구마줄기볶음,0.9844127903473222
444,5,쌀밥,연두부찌개,쥐포구이,고구마줄기볶음,0.9757037266324872
474,685,찰밥,비지찌개,새치구이,김치볶음,0.9742082545898852
