,Unnamed: 0,밥,국,메인,서브,유사도
0,5,쌀밥,연두부찌개,쥐포구이,고구마줄기볶음,0.9835563331121372
1,115,쌀밥,감자찌개,오징어구이,죽순볶음,0.9821502626985792
2,998,조밥,감자찌개,명태포,깍두기볶음,0.9799077511995781
3,530,현미밥,연두부찌개,명태포,우엉볶음,0.9797437938754376
5,479,찰밥,감자찌개,긴다로구이,미역줄기볶음,0.979353503462715
7,3,쌀밥,연두부찌개,오징어구이,김치볶음,0.9790107369585368
10,67,쌀밥,감자찌개(돼지고기),오징어구이,고구마줄기볶음,0.97891337716643
14,352,찰밥,감자찌개(돼지고기),새치구이,고사리볶음,0.97817923061218
18,49,쌀밥,연두부찌개,긴다로구이,배추나물볶음,0.9781136122766528
21,221,찰밥,연두부찌개,새치구이,부추볶음,0.9779299293534641
24,301,찰밥,감자찌개(돼지고기),명태포,풋고추볶음,0.977024327458374
30,776,현미밥,감자찌개,새치구이,오이볶음,0.9754252532024508
38,513,찰밥,비지찌개,긴다로구이,김치볶음(동물성재료없음),0.974817849545664
43,508,찰밥,비지찌개,명태포,죽순볶음,0.9743790601732132
54,711,현미밥,감자찌개(돼지고기),긴다로구이,오이볶음,0.9739198247729584
65,514,찰밥,두부찌개(고추장),명태포,죽순볶음,0.973373439606846
67,500,찰밥,비지찌개(콩),새치구이,고구마줄기볶음,0.9733380638267688
114,855,현미밥,두부찌개(고추장),새치구이,김치볶음,0.971768916804688
133,525,찰밥,두부찌개(고추장),긴다로구이,김치볶음,0.9711390125893008
144,170,쌀밥,비지찌개(콩),긴다로구이,고구마줄기볶음,0.9703766975276794
183,497,찰밥,비지찌개(콩),명태포,고구마줄기볶음,0.9684172557986714
