,Unnamed: 0,밥,국,메인,서브,유사도
0,924,현미밥,감자찌개,긴다로구이,미역줄기볶음,0.9894202348423804
2,202,쌀밥,감자찌개,새치구이,버섯볶음(채소),0.9879295414548912
3,124,쌀밥,감자찌개(돼지고기),명태포,도라지볶음,0.9879111120808548
5,382,찰밥,연두부찌개,긴다로구이,깻잎볶음,0.9878640762772108
6,446,찰밥,감자찌개(돼지고기),새치구이,감자채볶음,0.9878260606915562
8,36,쌀밥,연두부찌개,명태포,깍두기볶음,0.9877545846299104
11,491,찰밥,감자찌개(돼지고기),긴다로구이,김치볶음,0.9875523043464902
12,609,찰밥,비지찌개,명태포,고구마줄기볶음,0.9875027639796922
14,612,찰밥,비지찌개,새치구이,고구마줄기볶음,0.9873870572616016
20,92,쌀밥,감자찌개(돼지고기),오징어구이,죽순볶음,0.9871285525278471
23,257,쌀밥,비지찌개(콩),긴다로구이,고구마줄기볶음,0.9867079189837328
25,341,찰밥,연두부찌개,새치구이,김치볶음(참치),0.9865511846002448
40,600,찰밥,비지찌개(콩),새치구이,고구마줄기볶음,0.9840292698308568
49,505,찰밥,감자찌개,명태포,취나물볶음,0.981926064790161
54,623,찰밥,두부찌개(고추장),새치구이,고구마줄기볶음,0.9811221948642012
60,628,찰밥,두부찌개(고추장),긴다로구이,고구마줄기볶음,0.9802201600468191
62,2,쌀밥,연두부찌개,오징어구이,김치볶음(동물성재료없음),0.9799100776514872
115,565,찰밥,감자찌개,방어구이,깻잎볶음(멸치),0.9749717738503452
140,961,현미밥,두부찌개(고추장),명태포,김치볶음(동물성재료없음),0.9735164548784948
153,254,쌀밥,비지찌개(콩),명태포,고구마줄기볶음,0.9727801955776464
183,976,조밥,연두부찌개,쥐포구이,고구마줄기볶음,0.971571793226103
209,168,쌀밥,감자찌개,오징어구이,죽순볶음,0.9706066251120916
371,616,찰밥,비지찌개,긴다로구이,죽순볶음,0.9660488043359259
