,Unnamed: 0,밥,국,메인,서브,유사도
0,143,찰밥,감자찌개(돼지고기),긴다로구이,취나물볶음,0.9802542838631344
1,128,찰밥,감자찌개(돼지고기),명태포,도라지볶음,0.9798375824396544
2,365,현미밥,감자찌개(돼지고기),오징어구이,죽순볶음,0.9785192352699368
3,284,현미밥,연두부찌개,명태포,버섯볶음(채소),0.9783098341433628
4,72,찰밥,연두부찌개,긴다로구이,느타리볶음(피망),0.9775323317675828
6,227,찰밥,감자찌개,긴다로구이,우엉볶음,0.9759425703249264
9,56,찰밥,연두부찌개,새치구이,명일엽볶음,0.9755711802713509
12,223,찰밥,감자찌개,새치구이,명일엽볶음,0.9755201007593064
13,5,찰밥,연두부찌개,오징어구이,고구마줄기볶음,0.97462803577866
16,201,찰밥,감자찌개,명태포,미역볶음,0.9743981141143212
18,10,찰밥,연두부찌개,쥐포구이,고구마줄기볶음,0.9742004205690196
27,2,쌀밥,감자찌개,오징어구이,죽순볶음,0.9735619826582264
51,260,찰밥,비지찌개(콩),긴다로구이,고구마줄기볶음,0.9722756365512594
60,270,찰밥,두부찌개(고추장),긴다로구이,죽순볶음,0.9706927977109644
100,268,찰밥,두부찌개(고추장),명태포,고구마줄기볶음,0.9684504983481408
116,265,찰밥,비지찌개,긴다로구이,고구마줄기볶음,0.9679174154214708
166,135,찰밥,감자찌개(돼지고기),새치구이,야채볶음(버섯),0.9663978108496294
171,519,현미밥,비지찌개(콩),명태포,고구마줄기볶음,0.9663299574240128
266,264,찰밥,비지찌개,명태포,김치볶음(동물성재료없음),0.9641121498552644
