,Unnamed: 0,밥,국,메인,서브,유사도
0,790,차조밥,감자찌개,긴다로구이,김치볶음(동물성재료없음),0.9737311059007859
1,952,차수수밥,연두부찌개,긴다로구이,고사리볶음,0.9726301004919962
2,655,율무밥,감자찌개,명태포,가지볶음(양파),0.9699759719081272
3,697,차조밥,연두부찌개,명태포,우거지볶음,0.9677018105104044
7,308,현미밥,비지찌개(콩),명태포,고구마줄기볶음,0.963945318203426
11,846,수수찹쌀밥,감자찌개(돼지고기),명태포,야채볶음(버섯),0.9627982750706608
17,468,녹두밥,연두부찌개,쥐포구이,죽순볶음,0.9603331218885512
28,985,차수수밥,감자찌개(돼지고기),긴다로구이,명일엽볶음,0.958585806942323
57,158,현미밥,연두부찌개,오징어구이,고구마줄기볶음,0.9554119306186932
71,732,차조밥,감자찌개(돼지고기),오징어구이,고구마줄기볶음,0.9536132814559224
95,864,수수찹쌀밥,감자찌개,오징어구이,고구마줄기볶음,0.9519490238225856
