,Unnamed: 0,밥,국,메인,서브,유사도
0,1,쌀밥,연두부찌개,오징어구이,고구마줄기볶음,0.9837546986871653
1,87,찰밥,연두부찌개,명태포,야채볶음(표고),0.982349929968546
2,401,찰밥,비지찌개,긴다로구이,고구마줄기볶음,0.9799463002234696
3,363,찰밥,감자찌개,긴다로구이,취나물볶음,0.9795459740079171
4,19,쌀밥,연두부찌개,긴다로구이,깻잎볶음,0.9792739710619592
6,640,현미밥,감자찌개,명태포,가지볶음(양파),0.9791679177897024
10,133,찰밥,연두부찌개,새치구이,감자채볶음,0.9786801256042804
11,262,찰밥,감자찌개(돼지고기),긴다로구이,취나물볶음,0.9783869503690988
19,729,현미밥,두부찌개(고추장),명태포,고구마줄기볶음,0.9780164331019412
21,219,찰밥,감자찌개(돼지고기),명태포,마늘쫑볶음,0.9772258657532198
29,186,찰밥,감자찌개(돼지고기),오징어구이,죽순볶음,0.9752759957906972
34,389,찰밥,비지찌개(콩),새치구이,죽순볶음,0.9750132549986282
38,338,찰밥,감자찌개,새치구이,가지볶음,0.9747588830800412
40,386,찰밥,비지찌개(콩),명태포,죽순볶음,0.9745785696744088
44,406,찰밥,두부찌개(고추장),새치구이,고구마줄기볶음,0.974293346769484
47,722,현미밥,비지찌개(콩),긴다로구이,김치볶음(동물성재료없음),0.9741372256118164
58,566,현미밥,감자찌개(돼지고기),새치구이,야채볶음(버섯),0.9737324856847508
98,407,찰밥,두부찌개(고추장),긴다로구이,죽순볶음,0.9721571755314184
120,398,찰밥,비지찌개,명태포,고구마줄기볶음,0.9713317344010186
185,768,조밥,감자찌개,오징어구이,고구마줄기볶음,0.9681876454909372
348,75,찰밥,연두부찌개,쥐포구이,죽순볶음,0.9657536233293152
