,Unnamed: 0,밥,국,메인,서브,유사도
0,52,찰밥,연두부찌개,긴다로구이,풋고추볶음,0.9803660229739218
1,25,찰밥,연두부찌개,명태포,가지볶음,0.977643504048912
2,103,찰밥,감자찌개(돼지고기),명태포,감자볶음(당근),0.976055997023752
4,134,찰밥,감자찌개(돼지고기),긴다로구이,가지볶음,0.9745517226289996
7,630,완두콩밥,감자찌개,명태포,고구마줄기볶음,0.974284848461168
16,235,찰밥,두부찌개(고추장),긴다로구이,김치볶음(동물성재료없음),0.9728120797467784
25,187,찰밥,감자찌개,새치구이,느타리볶음(피망),0.9705929882827596
29,200,찰밥,감자찌개,긴다로구이,취나물볶음,0.9700273459889468
36,461,콩밥(대두),감자찌개,오징어구이,고구마줄기볶음,0.9691024916246792
41,81,찰밥,감자찌개(돼지고기),오징어구이,죽순볶음,0.9689982467601134
46,228,찰밥,비지찌개(콩),긴다로구이,김치볶음(동물성재료없음),0.968594678905348
132,223,찰밥,비지찌개(콩),명태포,죽순볶음,0.964148276408292
182,6,찰밥,연두부찌개,쥐포구이,죽순볶음,0.9582502417322326
185,464,완두콩밥,연두부찌개,오징어구이,고구마줄기볶음,0.9577091379140624
189,916,녹두밥,두부찌개(고추장),명태포,고구마줄기볶음,0.9575850925943163
