,Unnamed: 0,밥,국,메인,서브,유사도
0,752,녹두밥,감자찌개,긴다로구이,양파볶음,0.975917518675021
1,864,율무밥,감자찌개(돼지고기),명태포,미역줄기볶음,0.9679324007486751
2,911,율무밥,감자찌개,명태포,부추볶음,0.9676022412049692
4,813,율무밥,연두부찌개,명태포,마늘쫑볶음,0.9672068886548896
5,694,녹두밥,감자찌개(돼지고기),긴다로구이,오이볶음,0.96585297215232
13,255,현미밥,연두부찌개,긴다로구이,가지볶음(양파),0.9610841661671712
19,394,현미밥,두부찌개(고추장),명태포,고구마줄기볶음,0.9595509477811176
30,589,완두콩밥,비지찌개(콩),명태포,김치볶음(동물성재료없음),0.95785913659587
51,2,찰밥,연두부찌개,오징어구이,김치볶음(동물성재료없음),0.9567632591909933
71,850,율무밥,감자찌개(돼지고기),오징어구이,고구마줄기볶음,0.9541783855726595
114,592,완두콩밥,비지찌개(콩),긴다로구이,김치볶음(동물성재료없음),0.9504406395640724
