,Unnamed: 0,밥,국,메인,서브,유사도
0,768,고구마밥,감자찌개,긴다로구이,야채볶음(표고),0.9730606550943626
11,314,찹쌀밥,감자찌개,명태포,가지볶음(양파),0.96301941330073
12,621,옥수수밥,연두부찌개,오징어구이,고구마줄기볶음,0.9627838085091756
15,218,차수수밥,감자찌개(돼지고기),오징어구이,죽순볶음,0.9618858707066136
16,742,고구마밥,연두부찌개,명태포,야채볶음,0.9614511329933028
17,545,쑥쌀밥,연두부찌개,쥐포구이,고구마줄기볶음,0.9613370289444759
19,656,옥수수밥,연두부찌개,긴다로구이,고사리볶음,0.9604576778331024
20,516,보리조밥,감자찌개,오징어구이,고구마줄기볶음,0.9603855983245674
24,666,옥수수밥,감자찌개(돼지고기),명태포,우거지볶음,0.9589285571293296
25,298,찹쌀밥,감자찌개(돼지고기),긴다로구이,느타리볶음,0.9587256488049616
