,Unnamed: 0,밥,국,메인,서브,유사도
0,494,차조밥,감자찌개,긴다로구이,풋고추볶음,0.9674787551735049
2,708,찹쌀밥,연두부찌개,명태포,부추볶음,0.9662961508583742
3,186,현미밥,감자찌개,명태포,고구마줄기볶음,0.9645310163092348
8,737,찹쌀밥,연두부찌개,긴다로구이,풋고추볶음,0.9627037278890652
18,786,찹쌀밥,감자찌개(돼지고기),긴다로구이,느타리볶음,0.9582553044778112
26,859,잡곡밥,연두부찌개,오징어구이,김치볶음(참치),0.9573806219079076
32,948,잡곡밥(옥수수),감자찌개,오징어구이,고구마줄기볶음,0.9569303224196982
45,775,찹쌀밥,감자찌개(돼지고기),명태포,김치볶음(동물성재료없음),0.9556947734020343
53,760,찹쌀밥,감자찌개(돼지고기),오징어구이,죽순볶음,0.9546970226723376
127,580,차수수밥,연두부찌개,쥐포구이,고구마줄기볶음,0.9504373047510432
