,Unnamed: 0,밥,국,메인,서브,유사도
0,286,조밥,어묵김치찌개,닭도리탕,탕평채,0.9926692258015832
1,323,콩밥(대두),오징어찌개,돼지고기조림,감자나물,0.9924299555565066
2,110,쌀밥,어묵김치찌개,닭고기조림,양상추샐러드,0.9920948510579676
4,386,콩밥(대두),어묵김치찌개,닭다리조림,뜸부기나물,0.992071119633344
6,172,조밥,아구(매운)탕,돼지고기조림,감자나물,0.9917497975787101
7,707,잡곡밥(강남콩),낙지찌개,완자조림(돈육),고사리나물,0.9917132074664308
8,168,조밥,아구(매운)탕,닭다리조림,탕평채,0.9916948881927771
9,125,쌀밥,어묵김치찌개,닭고기조림(옥수수),뜸부기나물,0.9914914167956804
11,52,쌀밥,어묵김치찌개,구절판,삼무침,0.9914790816797571
12,251,조밥,어묵김치찌개,완자조림(돈육),묵무침(도토리묵),0.9913474999975964
14,33,쌀밥,어묵김치찌개,야채볶음(닭),곰피무침,0.9912695688324098
15,187,조밥,어묵김치찌개,부추볶음(제육),우거지나물,0.9912197083797396
16,143,쌀밥,어묵김치찌개,돼지고기조림,고사리나물,0.9911922859168424
18,320,조밥,복매운탕,돼지고기조림,우거지나물,0.9909669601900396
25,500,팥밥,어묵김치찌개,부추볶음(고기),양배추샐러드,0.9906473087698292
27,635,팥밥,낙지찌개,돼지고기조림,양배추샐러드,0.9905570698540552
30,718,기장밥,쏘가리매운탕,완자조림(돈육),무숙채,0.9904642892369714
38,643,팥밥,복매운탕,완자조림(돈육),탕평채,0.9900162176258736
43,714,기장밥,아구(매운)탕,완자조림(돈육),탕평채,0.9899137033285884
57,719,기장밥,쏘가리매운탕,돼지고기조림,탕평채,0.9886222665801926
63,358,콩밥(대두),어묵김치찌개,떡볶음(돼지고기&간장),무숙채,0.9884152019421332
90,181,조밥,해물찌개(넙치&장어),돼지고기조림,콩나물,0.9868678170551864
153,629,팥밥,낙지찌개,닭다리조림,고사리나물,0.9844506857674744
326,708,잡곡밥(강남콩),복매운탕,닭다리조림,탕평채,0.9792595065849714
