,Unnamed: 0,밥,국,메인,서브,유사도
0,679,조밥,어묵김치찌개,야채볶음(닭),콩잎무침,0.9934108813862421
1,778,조밥,어묵김치찌개,닭다리조림,감자나물,0.9931996027845148
2,931,조밥,어묵김치찌개,닭도리탕,가지나물,0.9928109597719562
6,401,쌀밥,어묵김치찌개,돼지고기조림,오이무침,0.9925042903045116
7,827,조밥,어묵김치찌개,완자조림(돈육),가지나물,0.9924931190977512
12,108,쌀밥,어묵김치찌개,부추볶음(고기),양배추샐러드,0.9922438226055004
15,180,쌀밥,어묵김치찌개,구절판,양상추샐러드,0.9920686120910928
16,74,쌀밥,쏘가리매운탕,돼지고기조림,무숙채,0.9920346059412724
17,591,조밥,아구(매운)탕,돼지고기조림,단무지무침,0.991951803699827
18,313,쌀밥,어묵김치찌개,닭고기조림,콩나물,0.991948242809851
25,91,쌀밥,어묵김치찌개,부추볶음(제육),상추절이,0.9909208936994864
28,473,쌀밥,낙지찌개,완자조림(돈육),감자나물,0.9907512665292368
32,460,쌀밥,낙지찌개,야채볶음(닭),무숙채,0.9906466466594972
33,903,조밥,어묵김치찌개,닭고기조림(옥수수),고사리나물,0.9906415287540477
34,545,쌀밥,복매운탕,돼지고기조림,버섯무침,0.9904799619452522
36,481,쌀밥,낙지찌개,닭고기조림,무숙채,0.9903267074492988
46,523,쌀밥,복매운탕,닭고기조림(옥수수),미나리초무침,0.989821308599006
51,558,조밥,오징어찌개,돼지고기조림,콩나물,0.9894813347133128
57,507,쌀밥,복매운탕,야채볶음(닭),단무지무침,0.9893068816113996
71,485,쌀밥,낙지찌개,닭고기조림(옥수수),무숙채,0.988981183936202
74,488,쌀밥,낙지찌개,돼지고기조림,탕평채,0.9888938745477324
78,25,쌀밥,아구(매운)탕,닭고기조림,미나리초무침,0.9887012011916844
79,520,쌀밥,복매운탕,닭고기조림,미나리초무침,0.9885933814892892
82,461,쌀밥,낙지찌개,닭다리조림,탕평채,0.9885740895959348
102,717,조밥,어묵김치찌개,떡볶음(돼지고기&간장),미나리초무침,0.9880537318551
104,22,쌀밥,아구(매운)탕,완자조림(돈육),단무지무침,0.9880298955563376
133,519,쌀밥,복매운탕,완자조림(돈육),무숙채,0.9872173908263668
134,14,쌀밥,아구(매운)탕,야채볶음(닭),무숙채,0.9871736013613972
180,51,쌀밥,쏘가리매운탕,닭다리조림,미나리초무침,0.9861479632697008
212,16,쌀밥,아구(매운)탕,닭다리조림,미나리초무침,0.9855577824664078
221,28,쌀밥,아구(매운)탕,닭고기조림(옥수수),미나리초무침,0.9854297837323904
371,514,쌀밥,복매운탕,닭다리조림,무숙채,0.9819505381738336
388,77,쌀밥,해물찌개(넙치&장어),돼지고기조림,콩나물,0.9816109661694732
415,54,쌀밥,쏘가리매운탕,완자조림(돈육),미나리초무침,0.9811903015981476
