,Unnamed: 0,밥,국,메인,서브,유사도
0,796,조밥,아구(매운)탕,닭고기조림,무숙채,0.9926748207032112
1,890,조밥,어묵김치찌개,부추볶음(고기),무숙채,0.9915307294303966
2,676,현미밥,어묵김치찌개,부추볶음(제육),양상추샐러드,0.9907059492789152
3,799,조밥,아구(매운)탕,닭고기조림(옥수수),무숙채,0.9905998029601596
4,818,조밥,아구(매운)탕,돼지고기조림,시래기나물,0.9904224207880831
6,590,찰밥,어묵김치찌개,닭다리조림,곰피무침,0.9900229335418436
7,368,쌀밥,어묵김치찌개,닭도리탕,파래무침,0.98930577933298
9,671,찰밥,복매운탕,돼지고기조림,고사리나물,0.9890320668192146
11,832,조밥,쏘가리매운탕,돼지고기조림,양상추샐러드,0.9889636395129217
14,344,쌀밥,어묵김치찌개,닭고기조림(옥수수),단무지무침,0.988657118897326
17,612,찰밥,어묵김치찌개,완자조림(돈육),우거지나물,0.9884277407366346
21,521,쌀밥,복매운탕,완자조림(돈육),콩나물,0.9882608771650254
22,786,조밥,아구(매운)탕,닭다리조림,단무지무침,0.9881746357207408
23,168,쌀밥,어묵김치찌개,야채볶음(닭),무청무침,0.9879989332433978
24,463,쌀밥,낙지찌개,야채볶음(닭),무숙채,0.9879060742220244
30,321,쌀밥,어묵김치찌개,닭고기조림,씀바귀나물,0.9869784965528916
32,948,조밥,어묵김치찌개,구절판,양상추샐러드,0.9868531232878544
36,790,조밥,아구(매운)탕,완자조림(돈육),미나리초무침,0.9866213535706944
37,768,조밥,오징어찌개,돼지고기조림,탕평채,0.9863945822486436
38,513,쌀밥,복매운탕,닭다리조림,탕평채,0.986286800110298
39,506,쌀밥,낙지찌개,돼지고기조림,무숙채,0.9862439365986188
42,414,쌀밥,어묵김치찌개,돼지고기조림,양배추무침,0.9860690929759826
44,938,조밥,어묵김치찌개,떡볶음(돼지고기&간장),콩나물,0.9859320703777074
81,488,쌀밥,낙지찌개,닭고기조림(옥수수),무숙채,0.9842440565954456
83,662,찰밥,낙지찌개,완자조림(돈육),탕평채,0.984028317541112
118,482,쌀밥,낙지찌개,닭고기조림,단무지무침,0.9831391625692728
141,525,쌀밥,복매운탕,닭고기조림,무숙채,0.9823536429667472
162,781,조밥,아구(매운)탕,야채볶음(닭),단무지무침,0.981690914342518
173,526,쌀밥,복매운탕,닭고기조림(옥수수),미나리초무침,0.9808539413291926
182,761,현미밥,낙지찌개,닭다리조림,탕평채,0.9805346709762996
214,846,조밥,해물찌개(넙치&장어),돼지고기조림,콩나물,0.9790952371875706
215,59,쌀밥,쏘가리매운탕,완자조림(돈육),무숙채,0.9790898770478804
223,53,쌀밥,쏘가리매운탕,야채볶음(닭),콩나물,0.9788731371386584
238,55,쌀밥,쏘가리매운탕,닭다리조림,콩나물,0.9785529179275424
