,Unnamed: 0,밥,국,메인,서브,유사도
0,370,조밥,어묵김치찌개,완자조림(돈육),유채겉절이,0.992833931341328
1,426,조밥,어묵김치찌개,닭고기조림(옥수수),취나물(간장),0.9926005479138712
4,510,콩밥(대두),쏘가리매운탕,돼지고기조림,양배추오이샐러드,0.9922354380107272
6,210,쌀밥,어묵김치찌개,돼지고기조림,취나물(된장),0.9919171957732384
8,525,콩밥(대두),어묵김치찌개,부추볶음(고기),양배추샐러드,0.9918774005171316
12,534,콩밥(대두),어묵김치찌개,야채볶음(닭),양배추샐러드,0.9918269320778671
13,61,쌀밥,어묵김치찌개,구절판,옥수수샐러드,0.9916486335344968
16,822,팥밥,어묵김치찌개,닭다리조림,콩잎무침,0.9915276428141688
21,228,쌀밥,낙지찌개,돼지고기조림,양배추샐러드,0.9913642875162076
22,171,쌀밥,어묵김치찌개,닭고기조림,콩나물어묵무침,0.9913599872719532
23,507,콩밥(대두),쏘가리매운탕,완자조림(돈육),무숙채,0.9911298351878844
30,718,콩밥(대두),복매운탕,돼지고기조림,탕평채,0.9909919040822912
32,675,콩밥(대두),어묵김치찌개,닭도리탕,양상추샐러드,0.9909139413752072
47,462,조밥,낙지찌개,닭다리조림,무숙채,0.9902360716223936
49,254,조밥,아구(매운)탕,완자조림(돈육),탕평채,0.9901929396588186
58,494,콩밥(대두),아구(매운)탕,닭다리조림,탕평채,0.990065016935706
60,716,콩밥(대두),복매운탕,완자조림(돈육),콩나물,0.9899017860114524
64,478,조밥,복매운탕,닭다리조림,무숙채,0.989553908285292
73,276,조밥,어묵김치찌개,부추볶음(제육),탕평채,0.9892247194751757
87,501,콩밥(대두),아구(매운)탕,돼지고기조림,우거지나물,0.9886072315090708
105,275,조밥,해물찌개(넙치&장어),돼지고기조림,콩나물,0.9880055059533911
132,221,쌀밥,낙지찌개,완자조림(돈육),파무침,0.9870326650159316
141,14,쌀밥,쏘가리매운탕,닭다리조림,무숙채,0.9866523584141048
153,0,쌀밥,오징어찌개,돼지고기조림,탕평채,0.9863595377209706
160,53,쌀밥,어묵김치찌개,떡볶음(돼지고기&간장),미나리초무침,0.9862165630716055
