,Unnamed: 0,밥,국,메인,서브,유사도
0,763,조밥,어묵김치찌개,닭다리조림,미나리초무침,0.9934710096345232
1,862,조밥,어묵김치찌개,닭고기조림,물쑥무침,0.9932621898565696
2,283,쌀밥,어묵김치찌개,완자조림(돈육),가지나물,0.9928621431488218
4,473,쌀밥,낙지찌개,완자조림(돈육),단무지무침,0.992565550253152
5,913,조밥,어묵김치찌개,닭고기조림(옥수수),무숙채,0.9925550824163956
6,916,조밥,어묵김치찌개,닭도리탕,파무침,0.992521288135528
7,455,쌀밥,어묵김치찌개,돼지고기조림,시래기나물,0.9924331010771928
8,134,쌀밥,어묵김치찌개,야채볶음(닭),옥수수샐러드,0.9923059836899804
12,89,쌀밥,어묵김치찌개,부추볶음(제육),양상추샐러드,0.9920967940829089
14,672,조밥,어묵김치찌개,부추볶음(고기),상추절이,0.9919998793139552
15,503,쌀밥,낙지찌개,돼지고기조림,감자나물,0.9919174991648744
23,510,쌀밥,복매운탕,야채볶음(닭),단무지무침,0.9907763472649151
24,200,쌀밥,어묵김치찌개,구절판,무숙채,0.9907602375251378
25,536,쌀밥,복매운탕,돼지고기조림,무미역생채,0.9907049967955964
27,625,조밥,쏘가리매운탕,돼지고기조림,상추절이,0.990532115044353
28,559,조밥,오징어찌개,돼지고기조림,김무침,0.9903897348882148
38,603,조밥,아구(매운)탕,돼지고기조림,삼무침,0.9898836351821036
40,526,쌀밥,복매운탕,닭고기조림(옥수수),미나리초무침,0.9897414697776582
49,586,조밥,아구(매운)탕,닭고기조림(옥수수),콩나물,0.9893659334854032
63,463,쌀밥,낙지찌개,야채볶음(닭),무숙채,0.9889854386693347
78,53,쌀밥,쏘가리매운탕,야채볶음(닭),콩나물,0.9884626221982244
79,524,쌀밥,복매운탕,닭고기조림,콩나물,0.988453681542005
94,28,쌀밥,아구(매운)탕,닭고기조림,콩나물,0.988090887211322
98,59,쌀밥,쏘가리매운탕,완자조림(돈육),무숙채,0.9878772021502499
122,464,쌀밥,낙지찌개,닭다리조림,탕평채,0.9872727934824488
123,16,쌀밥,아구(매운)탕,야채볶음(닭),무숙채,0.9872377951856368
173,576,조밥,아구(매운)탕,닭다리조림,무숙채,0.9858625709162
191,608,조밥,쏘가리매운탕,닭다리조림,미나리초무침,0.9856718082450848
240,577,조밥,아구(매운)탕,완자조림(돈육),탕평채,0.9843528479687204
257,172,쌀밥,어묵김치찌개,떡볶음(돼지고기&간장),단무지무침,0.9838241131890058
474,516,쌀밥,복매운탕,닭다리조림,콩나물,0.9793600127284308
