,Unnamed: 0,밥,국,메인,서브,유사도
0,609,조밥,아구(매운)탕,닭고기조림(옥수수),미나리초무침,0.9930727869294091
2,889,조밥,어묵김치찌개,닭고기조림,우거지나물,0.9927910705027316
4,348,쌀밥,어묵김치찌개,닭고기조림(옥수수),묵무침(녹두묵),0.9925349313474352
5,676,조밥,어묵김치찌개,부추볶음(제육),감자나물,0.9924165703444032
7,493,쌀밥,낙지찌개,돼지고기조림,양배추샐러드,0.9923547264135328
8,250,쌀밥,어묵김치찌개,완자조림(돈육),톳나물무침,0.9923258461411484
9,752,조밥,어묵김치찌개,구절판,파무침,0.9922356577875596
11,400,쌀밥,어묵김치찌개,돼지고기조림,탕평채,0.991383269809292
14,543,쌀밥,복매운탕,돼지고기조림,감자나물,0.9910112794561128
16,462,쌀밥,낙지찌개,야채볶음(닭),콩나물,0.9909901151491218
17,967,조밥,어묵김치찌개,닭도리탕,버섯무침,0.9909194697505416
23,569,현미밥,어묵김치찌개,닭다리조림,옥수수샐러드,0.9901305332674132
28,735,조밥,어묵김치찌개,야채볶음(닭),삼무침,0.9899022195684593
32,618,조밥,아구(매운)탕,돼지고기조림,양상추샐러드,0.98958112976959
34,691,조밥,어묵김치찌개,부추볶음(고기),양상추샐러드,0.98940213624724
41,53,쌀밥,쏘가리매운탕,야채볶음(닭),콩나물,0.9887815522910764
47,466,쌀밥,낙지찌개,닭다리조림,단무지무침,0.9885525630794972
52,523,쌀밥,복매운탕,닭고기조림,미나리초무침,0.988324859454498
56,171,쌀밥,어묵김치찌개,떡볶음(돼지고기&간장),미나리초무침,0.9880957727024468
57,591,조밥,오징어찌개,돼지고기조림,버섯무침,0.988070886334128
72,60,쌀밥,쏘가리매운탕,돼지고기조림,파무침,0.9874745074096348
75,483,쌀밥,낙지찌개,닭고기조림,콩나물,0.9873202096937302
81,596,조밥,아구(매운)탕,닭다리조림,탕평채,0.9870397654190374
90,593,조밥,아구(매운)탕,야채볶음(닭),단무지무침,0.9866264237022948
116,80,쌀밥,해물찌개(넙치&장어),돼지고기조림,콩나물,0.9858465297346048
128,518,쌀밥,복매운탕,완자조림(돈육),탕평채,0.985497092755434
145,25,쌀밥,아구(매운)탕,완자조림(돈육),콩나물,0.9850748580573492
156,56,쌀밥,쏘가리매운탕,닭다리조림,무숙채,0.98453327474243
166,488,쌀밥,낙지찌개,닭고기조림(옥수수),무숙채,0.9842729611544772
215,475,쌀밥,낙지찌개,완자조림(돈육),콩나물,0.982886170895298
239,635,조밥,쏘가리매운탕,완자조림(돈육),미나리초무침,0.9827056887147282
291,528,쌀밥,복매운탕,닭고기조림(옥수수),무숙채,0.981528385776525
367,608,조밥,아구(매운)탕,닭고기조림,무숙채,0.9795804861898102
393,515,쌀밥,복매운탕,닭다리조림,단무지무침,0.9788549841094676
