,Unnamed: 0,밥,국,메인,서브,유사도
0,936,찰밥,어묵김치찌개,닭도리탕,질경이나물,0.9912340534742572
1,811,찰밥,어묵김치찌개,완자조림(돈육),묵무침(도토리묵),0.9905557831392929
2,971,찰밥,어묵김치찌개,돼지고기조림,묵무침(도토리묵),0.990118722037262
3,501,쌀밥,낙지찌개,돼지고기조림,삼무침,0.9898137726548644
4,335,쌀밥,어묵김치찌개,닭고기조림(옥수수),양배추샐러드,0.9896204238385352
6,731,찰밥,어묵김치찌개,구절판,유채나물,0.9895054276725042
7,783,찰밥,어묵김치찌개,닭다리조림,고추잎나물,0.989495109840977
8,465,쌀밥,낙지찌개,닭다리조림,무숙채,0.9891878533310614
9,141,쌀밥,어묵김치찌개,야채볶음(닭),양배추무침,0.989151852459556
10,519,쌀밥,복매운탕,완자조림(돈육),무숙채,0.9889775047586812
11,839,찰밥,어묵김치찌개,닭고기조림,탕평채,0.9889412111729912
16,617,찰밥,쏘가리매운탕,돼지고기조림,무숙채,0.9884600470482018
18,524,쌀밥,복매운탕,닭고기조림(옥수수),콩나물,0.9883207244604242
27,559,찰밥,아구(매운)탕,야채볶음(닭),탕평채,0.9866121853061997
39,479,쌀밥,낙지찌개,닭고기조림,단무지무침,0.9858223959598618
41,52,쌀밥,아구(매운)탕,돼지고기조림,버섯무침,0.9855952333063406
51,112,쌀밥,어묵김치찌개,부추볶음(고기),양배추오이샐러드,0.9849373000774884
54,485,쌀밥,낙지찌개,닭고기조림(옥수수),무숙채,0.9848618565083168
70,173,쌀밥,어묵김치찌개,떡볶음(돼지고기&간장),콩나물,0.9841962192213688
76,17,쌀밥,아구(매운)탕,닭다리조림,탕평채,0.9840407834281986
79,551,찰밥,오징어찌개,돼지고기조림,단무지무침,0.9838340747430828
83,647,찰밥,어묵김치찌개,부추볶음(제육),뜸부기나물,0.983696287780982
85,592,찰밥,쏘가리매운탕,야채볶음(닭),무숙채,0.9836614494930102
91,545,쌀밥,복매운탕,돼지고기조림,버섯무침,0.98358200464657
100,510,쌀밥,복매운탕,닭다리조림,탕평채,0.9833576119065864
105,23,쌀밥,아구(매운)탕,완자조림(돈육),미나리초무침,0.9830943767526386
126,59,쌀밥,쏘가리매운탕,완자조림(돈육),무숙채,0.9814330701220142
169,506,쌀밥,복매운탕,야채볶음(닭),미나리초무침,0.9795096572288396
191,575,찰밥,아구(매운)탕,닭고기조림,무숙채,0.9790754634269934
243,459,쌀밥,낙지찌개,야채볶음(닭),콩나물,0.978041518542846
256,576,찰밥,아구(매운)탕,닭고기조림(옥수수),미나리초무침,0.9778050936184746
266,80,쌀밥,해물찌개(넙치&장어),돼지고기조림,콩나물,0.9776731770484182
268,467,쌀밥,낙지찌개,완자조림(돈육),파무침,0.977647998225554
325,593,찰밥,쏘가리매운탕,닭다리조림,미나리초무침,0.9766241796339168
