,Unnamed: 0,밥,국,메인,서브,유사도
0,949,조밥,아구(매운)탕,돼지고기조림,삼무침,0.9928016512987022
1,815,현미밥,어묵김치찌개,완자조림(돈육),양배추오이샐러드,0.9908294389786813
3,977,조밥,쏘가리매운탕,돼지고기조림,무숙채,0.990528982164058
5,718,찰밥,낙지찌개,닭다리조림,고사리나물,0.990147452338948
6,456,쌀밥,어묵김치찌개,돼지고기조림,숙주나물,0.9894248716583668
7,304,쌀밥,어묵김치찌개,닭고기조림,잔파무침,0.9892305385155644
9,696,찰밥,어묵김치찌개,닭도리탕,양배추오이샐러드,0.9891148623221059
10,991,조밥,어묵김치찌개,부추볶음(제육),잔파무침,0.9890928751050564
13,132,쌀밥,어묵김치찌개,야채볶음(닭),콩잎무침,0.9887501941515819
14,472,쌀밥,낙지찌개,완자조림(돈육),미나리초무침,0.9885617032044116
15,742,현미밥,오징어찌개,돼지고기조림,탕평채,0.9885480200861304
16,741,찰밥,복매운탕,돼지고기조림,고사리나물,0.9885480200861304
19,636,찰밥,어묵김치찌개,닭다리조림,뜸부기나물,0.9883910605207636
30,919,조밥,아구(매운)탕,닭다리조림,미나리초무침,0.9865189334806144
33,365,쌀밥,어묵김치찌개,닭고기조림(옥수수),시래기나물,0.9863050375536492
35,510,쌀밥,복매운탕,야채볶음(닭),단무지무침,0.9861958121957414
39,726,찰밥,낙지찌개,돼지고기조림,양상추샐러드,0.9858385202689021
44,124,쌀밥,어묵김치찌개,부추볶음(고기),무숙채,0.9856600732521456
65,527,쌀밥,복매운탕,닭고기조림(옥수수),콩나물,0.9846968921429164
66,201,쌀밥,어묵김치찌개,구절판,시래기나물,0.9846019951589868
71,595,찰밥,어묵김치찌개,떡볶음(돼지고기&간장),콩나물,0.9843787175719076
119,954,조밥,쏘가리매운탕,닭다리조림,미나리초무침,0.9829658597506932
124,23,쌀밥,아구(매운)탕,완자조림(돈육),미나리초무침,0.9826496289604076
146,932,조밥,아구(매운)탕,닭고기조림(옥수수),콩나물,0.981817188372422
153,59,쌀밥,쏘가리매운탕,완자조림(돈육),무숙채,0.98099994315969
181,730,찰밥,복매운탕,닭다리조림,탕평채,0.9798421406768328
189,486,쌀밥,낙지찌개,닭고기조림(옥수수),단무지무침,0.97926601953068
196,460,쌀밥,낙지찌개,야채볶음(닭),미나리초무침,0.9790961533728508
210,523,쌀밥,복매운탕,닭고기조림,미나리초무침,0.9787432526036184
229,916,조밥,아구(매운)탕,야채볶음(닭),콩나물,0.9782825100445334
276,518,쌀밥,복매운탕,완자조림(돈육),탕평채,0.9776184240056834
283,929,조밥,아구(매운)탕,닭고기조림,콩나물,0.977557324977476
301,980,조밥,해물찌개(넙치&장어),돼지고기조림,콩나물,0.9772801757544096
463,482,쌀밥,낙지찌개,닭고기조림,단무지무침,0.9740274522520428
