,Unnamed: 0,밥,국,메인,서브,유사도
0,907,현미밥,어묵김치찌개,완자조림(돈육),취나물,0.9916649235076469
1,789,현미밥,어묵김치찌개,야채볶음(닭),달래무침(단무지),0.990991471327322
2,942,현미밥,어묵김치찌개,닭고기조림,돌나물무침,0.990594787242092
4,456,찰밥,어묵김치찌개,닭고기조림(옥수수),양상추샐러드,0.9896215588530444
5,141,찰밥,아구(매운)탕,돼지고기조림,양배추오이샐러드,0.9895791204914776
6,508,찰밥,어묵김치찌개,닭도리탕,가지나물,0.9894228976064372
8,691,현미밥,아구(매운)탕,닭다리조림,무숙채,0.9892817052712598
9,221,찰밥,어묵김치찌개,부추볶음(고기),양배추샐러드,0.9889600607347055
13,676,찰밥,복매운탕,돼지고기조림,무숙채,0.9873102772663171
20,132,찰밥,아구(매운)탕,닭고기조림,무숙채,0.986562281138682
32,323,찰밥,어묵김치찌개,닭다리조림,양배추샐러드,0.9859201342910592
37,566,찰밥,어묵김치찌개,돼지고기조림,고비나물,0.98563422128363
38,211,찰밥,어묵김치찌개,부추볶음(제육),가지나물,0.9854531787222096
39,112,찰밥,오징어찌개,돼지고기조림,버섯무침,0.985397074897678
41,643,찰밥,복매운탕,닭다리조림,단무지무침,0.9853066796763492
45,156,찰밥,쏘가리매운탕,야채볶음(닭),미나리초무침,0.9849436287545166
48,724,현미밥,쏘가리매운탕,돼지고기조림,우거지나물,0.9848608039306443
61,135,찰밥,아구(매운)탕,닭고기조림(옥수수),무숙채,0.984397710213501
67,632,찰밥,낙지찌개,돼지고기조림,고사리나물,0.9841569584680909
68,579,찰밥,낙지찌개,야채볶음(닭),탕평채,0.9841432011891766
69,6,쌀밥,아구(매운)탕,야채볶음(닭),미나리초무침,0.9841429463748486
71,186,찰밥,해물찌개(넙치&장어),돼지고기조림,미나리초무침,0.9840981208261171
72,637,찰밥,복매운탕,야채볶음(닭),미나리초무침,0.984067026568739
94,812,현미밥,어묵김치찌개,떡볶음(돼지고기&간장),미나리초무침,0.9829154949661976
95,602,찰밥,낙지찌개,완자조림(돈육),콩나물,0.9828620924082428
96,292,찰밥,어묵김치찌개,구절판,양배추오이샐러드,0.9827672525831131
128,587,찰밥,낙지찌개,닭다리조림,미나리초무침,0.9804828982169006
132,654,찰밥,복매운탕,닭고기조림,콩나물,0.9803679844644329
148,648,찰밥,복매운탕,완자조림(돈육),미나리초무침,0.9798008295824882
173,163,찰밥,쏘가리매운탕,완자조림(돈육),단무지무침,0.9791473742638018
212,128,찰밥,아구(매운)탕,완자조림(돈육),무숙채,0.9786594112152402
216,656,찰밥,복매운탕,닭고기조림(옥수수),미나리초무침,0.9786047744749484
275,608,찰밥,낙지찌개,닭고기조림,미나리초무침,0.9775287004718856
310,614,찰밥,낙지찌개,닭고기조림(옥수수),콩나물,0.9770021599975688
321,159,찰밥,쏘가리매운탕,닭다리조림,미나리초무침,0.9767707820033458
