,Unnamed: 0,밥,국,메인,서브,유사도
0,932,찰밥,어묵김치찌개,돼지고기조림,미나리초무침,0.9913939174531038
1,807,찰밥,어묵김치찌개,완자조림(돈육),무청무침,0.9907173034054734
4,728,찰밥,어묵김치찌개,닭다리조림,미나리초무침,0.9896702932572294
5,463,쌀밥,낙지찌개,돼지고기조림,무숙채,0.9893486736413226
6,141,쌀밥,어묵김치찌개,야채볶음(닭),다시마무침,0.9893104492967504
7,516,찰밥,오징어찌개,돼지고기조림,무숙채,0.9891423587266012
8,835,찰밥,어묵김치찌개,닭고기조림,유채나물,0.9890960680696036
11,704,찰밥,어묵김치찌개,구절판,묵무침(녹두묵),0.9889903350676206
13,614,찰밥,어묵김치찌개,부추볶음(제육),삼무침,0.9886289187782248
15,521,찰밥,아구(매운)탕,야채볶음(닭),단무지무침,0.9884875339698738
17,435,쌀밥,낙지찌개,완자조림(돈육),무숙채,0.9876593201819628
18,991,찰밥,낙지찌개,닭다리조림,파무침,0.9874925616935472
19,865,찰밥,어묵김치찌개,닭고기조림(옥수수),양배추무침,0.9874483154969764
20,689,찰밥,어묵김치찌개,떡볶음(돼지고기&간장),콩나물,0.987017953649346
24,556,찰밥,아구(매운)탕,돼지고기조림,감자나물,0.9867773374502852
37,477,쌀밥,복매운탕,완자조림(돈육),콩나물,0.9859763855653092
46,576,찰밥,쏘가리매운탕,돼지고기조림,양배추샐러드,0.9853255566583162
48,112,쌀밥,어묵김치찌개,부추볶음(고기),양상추샐러드,0.9851070754761532
51,483,쌀밥,복매운탕,닭고기조림(옥수수),콩나물,0.9850173386363325
54,911,찰밥,어묵김치찌개,닭도리탕,질경이나물,0.9847918311605162
55,487,쌀밥,복매운탕,돼지고기조림,탕평채,0.9846848969261074
72,17,쌀밥,아구(매운)탕,닭다리조림,탕평채,0.9842036021038711
73,445,쌀밥,낙지찌개,닭고기조림(옥수수),무숙채,0.9842026955147638
90,536,찰밥,아구(매운)탕,닭고기조림,미나리초무침,0.9837010865951894
102,23,쌀밥,아구(매운)탕,완자조림(돈육),미나리초무침,0.9832721430464298
123,59,쌀밥,쏘가리매운탕,완자조림(돈육),무숙채,0.9816057299042756
141,593,찰밥,해물찌개(넙치&장어),돼지고기조림,콩나물,0.9806562464918168
194,563,찰밥,쏘가리매운탕,야채볶음(닭),콩나물,0.97899888713556
214,481,쌀밥,복매운탕,닭고기조림,무숙채,0.9785840001624989
217,422,쌀밥,낙지찌개,야채볶음(닭),무숙채,0.9785297695936268
236,567,찰밥,쏘가리매운탕,닭다리조림,무숙채,0.9782433459617088
329,30,쌀밥,아구(매운)탕,닭고기조림(옥수수),미나리초무침,0.9766184292838028
