,Unnamed: 0,밥,국,메인,서브,유사도
0,919,찰밥,낙지찌개,닭다리조림,탕평채,0.9910811801182536
1,799,찰밥,어묵김치찌개,닭고기조림,삼무침,0.9904014352005204
2,954,찰밥,복매운탕,야채볶음(닭),탕평채,0.989951912040544
3,496,쌀밥,낙지찌개,돼지고기조림,무미역생채,0.9896671033257836
4,333,쌀밥,어묵김치찌개,닭고기조림(옥수수),탕평채,0.9894733638424762
5,910,찰밥,어묵김치찌개,돼지고기조림,깻잎나물,0.9894270993082396
7,721,찰밥,어묵김치찌개,닭다리조림,뜸부기나물,0.9893480982264976
8,461,쌀밥,낙지찌개,야채볶음(닭),단무지무침,0.9890341450739024
9,141,쌀밥,어묵김치찌개,야채볶음(닭),양배추무침,0.9890001331951076
10,514,쌀밥,복매운탕,닭다리조림,미나리초무침,0.9888201909719698
16,611,찰밥,어묵김치찌개,부추볶음(제육),씀바귀나물,0.9882991450140252
18,519,쌀밥,복매운탕,완자조림(돈육),미나리초무침,0.9881616682289986
19,277,쌀밥,어묵김치찌개,완자조림(돈육),감자나물,0.9880360794815712
21,978,찰밥,복매운탕,돼지고기조림,잔파무침,0.987158610343018
22,856,찰밥,어묵김치찌개,닭도리탕,양상추샐러드,0.9871388316766502
24,673,찰밥,어묵김치찌개,구절판,콩나물어묵무침,0.9866293082527401
27,554,찰밥,아구(매운)탕,닭다리조림,탕평채,0.9864546284455424
29,936,찰밥,낙지찌개,완자조림(돈육),감자나물,0.9862096799829732
42,52,쌀밥,아구(매운)탕,돼지고기조림,버섯무침,0.9854322840752652
47,985,현미밥,오징어찌개,돼지고기조림,탕평채,0.9852097970774504
50,594,찰밥,해물찌개(넙치&장어),돼지고기조림,무숙채,0.9850678178436968
51,573,찰밥,쏘가리매운탕,닭다리조림,미나리초무침,0.9849754457500604
53,112,쌀밥,어묵김치찌개,부추볶음(고기),양배추오이샐러드,0.9847756249808546
56,481,쌀밥,낙지찌개,닭고기조림,미나리초무침,0.984712965802802
57,648,찰밥,어묵김치찌개,떡볶음(돼지고기&간장),미나리초무침,0.9846547782018684
60,485,쌀밥,낙지찌개,닭고기조림(옥수수),미나리초무침,0.9843586288342386
87,586,찰밥,쏘가리매운탕,돼지고기조림,우거지나물,0.9834930121300532
107,23,쌀밥,아구(매운)탕,완자조림(돈육),미나리초무침,0.9829255731415968
128,59,쌀밥,쏘가리매운탕,완자조림(돈육),무숙채,0.9812688502631124
205,969,찰밥,복매운탕,닭고기조림,무숙채,0.9785040607374594
249,564,찰밥,아구(매운)탕,닭고기조림,무숙채,0.9778953007703832
298,13,쌀밥,아구(매운)탕,야채볶음(닭),미나리초무침,0.9770420104354604
344,30,쌀밥,아구(매운)탕,닭고기조림(옥수수),미나리초무침,0.9763021205681612
472,527,쌀밥,복매운탕,닭고기조림(옥수수),콩나물,0.973336205587356
