,Unnamed: 0,밥,국,메인,서브,유사도
0,938,찰밥,어묵김치찌개,닭도리탕,감자나물,0.9913015709937174
1,811,찰밥,어묵김치찌개,완자조림(돈육),단무지무침,0.9906239845394544
2,973,찰밥,어묵김치찌개,돼지고기조림,더덕무침,0.9901926862100721
3,501,쌀밥,복매운탕,야채볶음(닭),무숙채,0.9898784264924351
4,335,쌀밥,어묵김치찌개,닭고기조림(옥수수),달래무침,0.989685258902787
6,731,찰밥,어묵김치찌개,구절판,김무침,0.9895750108106156
7,783,찰밥,어묵김치찌개,닭다리조림,오징어풋마늘무침,0.98955818361893
8,465,쌀밥,낙지찌개,완자조림(돈육),감자나물,0.9892557633556708
9,141,쌀밥,어묵김치찌개,야채볶음(닭),김무침,0.9892188430602606
10,519,쌀밥,복매운탕,돼지고기조림,톳나물무침,0.9890470823391724
11,840,찰밥,어묵김치찌개,닭고기조림,파무침,0.9890066550639098
16,617,찰밥,쏘가리매운탕,돼지고기조림,고사리나물,0.988531285173234
27,559,찰밥,아구(매운)탕,닭다리조림,무숙채,0.9866818827986746
39,479,쌀밥,낙지찌개,돼지고기조림,톳나물무침,0.9858874767831336
41,52,쌀밥,아구(매운)탕,돼지고기조림,버섯무침,0.9856674270054486
48,600,찰밥,쏘가리매운탕,완자조림(돈육),무숙채,0.985294281850842
51,112,쌀밥,어묵김치찌개,부추볶음(고기),양상추샐러드,0.9850089068228568
70,173,쌀밥,어묵김치찌개,떡볶음(돼지고기&간장),무숙채,0.9842676799131752
78,562,찰밥,아구(매운)탕,완자조림(돈육),미나리초무침,0.983979148162913
80,551,찰밥,오징어찌개,돼지고기조림,버섯무침,0.9839087587050264
82,448,쌀밥,낙지찌개,야채볶음(닭),탕평채,0.9838364209356868
83,647,찰밥,어묵김치찌개,부추볶음(제육),고사리나물,0.9837680149426268
85,592,찰밥,쏘가리매운탕,야채볶음(닭),콩나물,0.983736186591482
100,510,쌀밥,복매운탕,완자조림(돈육),콩나물,0.9834270096331236
123,503,쌀밥,복매운탕,닭다리조림,미나리초무침,0.9821008307159868
145,596,찰밥,쏘가리매운탕,닭다리조림,무숙채,0.9805611569553588
217,512,쌀밥,복매운탕,닭고기조림,미나리초무침,0.9785119933257508
225,517,쌀밥,복매운탕,닭고기조림(옥수수),무숙채,0.9783457296368416
241,570,찰밥,아구(매운)탕,닭고기조림(옥수수),미나리초무침,0.9781400084054659
267,80,쌀밥,해물찌개(넙치&장어),돼지고기조림,콩나물,0.9777389857813132
273,27,쌀밥,아구(매운)탕,닭고기조림,미나리초무침,0.9775167229065072
290,13,쌀밥,아구(매운)탕,야채볶음(닭),미나리초무침,0.9772651963461296
440,458,쌀밥,낙지찌개,닭다리조림,시래기나물,0.9738241057370096
