,Unnamed: 0,밥,국,메인,서브,유사도
0,856,현미밥,어묵김치찌개,닭고기조림,버섯무침,0.9917956027084958
1,745,현미밥,어묵김치찌개,닭다리조림,양배추오이샐러드,0.991123895040818
2,889,현미밥,어묵김치찌개,닭고기조림(옥수수),뜸부기나물,0.9907417039598844
4,136,찰밥,어묵김치찌개,부추볶음(고기),시래기나물,0.9897085578546369
5,477,찰밥,낙지찌개,야채볶음(닭),탕평채,0.9895588402000091
6,998,현미밥,낙지찌개,닭고기조림,무숙채,0.9895505664208392
9,213,찰밥,어묵김치찌개,구절판,버섯무침,0.9890912393834604
11,408,찰밥,어묵김치찌개,닭도리탕,뜸부기나물,0.9880560596001909
13,635,현미밥,어묵김치찌개,부추볶음(제육),양상추샐러드,0.9874527147741592
24,442,찰밥,어묵김치찌개,돼지고기조림,부추무침,0.9863612010321509
26,52,찰밥,아구(매운)탕,돼지고기조림,삼무침,0.9862017378685742
31,529,찰밥,낙지찌개,돼지고기조림,삼무침,0.9857856422933734
39,150,찰밥,어묵김치찌개,야채볶음(닭),무미역생채,0.9850845206988176
40,624,현미밥,쏘가리매운탕,돼지고기조림,감자나물,0.9850702078558412
55,17,찰밥,아구(매운)탕,야채볶음(닭),콩나물,0.9846144469647292
58,36,찰밥,아구(매운)탕,닭고기조림(옥수수),무숙채,0.9844729519233456
60,505,찰밥,낙지찌개,완자조림(돈육),버섯무침,0.9844644185690616
62,592,현미밥,아구(매운)탕,완자조림(돈육),콩나물,0.9842985080923208
63,542,찰밥,복매운탕,닭다리조림,콩나물,0.9842923130161207
64,6,찰밥,오징어찌개,돼지고기조림,단무지무침,0.9842843663956838
72,260,찰밥,어묵김치찌개,완자조림(돈육),파래무침,0.9839962152236772
79,23,찰밥,아구(매운)탕,닭다리조림,무숙채,0.9837269148873772
90,564,찰밥,복매운탕,돼지고기조림,무미역생채,0.9830155114871272
98,185,찰밥,어묵김치찌개,떡볶음(돼지고기&간장),무숙채,0.9820843059145316
106,89,찰밥,해물찌개(넙치&장어),돼지고기조림,무숙채,0.9816782260165486
124,549,찰밥,복매운탕,완자조림(돈육),무숙채,0.9806225098806706
130,491,찰밥,낙지찌개,닭다리조림,무숙채,0.9802978434279891
136,60,찰밥,쏘가리매운탕,닭다리조림,미나리초무침,0.9801009899809274
138,555,찰밥,복매운탕,닭고기조림(옥수수),콩나물,0.9800693491973812
146,536,찰밥,복매운탕,야채볶음(닭),단무지무침,0.9798767680595228
150,65,찰밥,쏘가리매운탕,완자조림(돈육),콩나물,0.9797800358711156
169,999,현미밥,낙지찌개,닭고기조림(옥수수),미나리초무침,0.9793129651396182
173,59,찰밥,쏘가리매운탕,야채볶음(닭),무숙채,0.979269381979068
304,33,찰밥,아구(매운)탕,닭고기조림,무숙채,0.977029966596608
413,551,찰밥,복매운탕,닭고기조림,미나리초무침,0.9743609779934934
