,Unnamed: 0,밥,국,메인,서브,유사도
0,907,현미밥,아구(매운)탕,돼지고기조림,양상추샐러드,0.9915666120128152
1,789,찰밥,낙지찌개,야채볶음(닭),시래기나물,0.9908919516778736
2,942,현미밥,어묵김치찌개,부추볶음(제육),양상추샐러드,0.9904851915675232
3,897,현미밥,아구(매운)탕,완자조림(돈육),미나리초무침,0.9899430881157696
4,456,찰밥,어묵김치찌개,야채볶음(닭),양배추무침,0.9895225211239148
5,141,쌀밥,어묵김치찌개,닭고기조림,김무침,0.9894816882510072
6,508,찰밥,어묵김치찌개,구절판,감자나물,0.9893209425468972
7,790,찰밥,낙지찌개,닭다리조림,파무침,0.989221214874488
8,691,찰밥,어묵김치찌개,닭도리탕,파래무침,0.9891756223607427
9,221,쌀밥,어묵김치찌개,돼지고기조림,미역줄기무침(식초),0.9888614221761872
11,428,찰밥,어묵김치찌개,부추볶음(고기),양상추샐러드,0.9878299915466232
13,676,찰밥,어묵김치찌개,닭고기조림(옥수수),우거지나물,0.9872038212243136
14,391,찰밥,해물찌개(넙치&장어),돼지고기조림,미나리초무침,0.9870418489806748
15,924,현미밥,쏘가리매운탕,돼지고기조림,무미역생채,0.9867284579338256
20,132,쌀밥,어묵김치찌개,완자조림(돈육),무미역생채,0.9864545272227508
26,361,찰밥,쏘가리매운탕,야채볶음(닭),미나리초무침,0.986210824229126
33,323,찰밥,아구(매운)탕,닭다리조림,탕평채,0.9858113940337406
44,887,현미밥,오징어찌개,돼지고기조림,콩나물,0.9849875327956772
54,874,찰밥,복매운탕,돼지고기조림,단무지무침,0.9846032554939212
57,41,쌀밥,쏘가리매운탕,닭다리조림,미나리초무침,0.9845088666225892
62,549,찰밥,어묵김치찌개,닭다리조림,감자나물,0.9842751475451272
76,265,쌀밥,낙지찌개,닭고기조림(옥수수),무숙채,0.9839117583874788
79,268,쌀밥,낙지찌개,돼지고기조림,미나리초무침,0.9837435376661984
81,810,찰밥,낙지찌개,완자조림(돈육),무숙채,0.9836814749855404
84,367,찰밥,쏘가리매운탕,완자조림(돈육),미나리초무침,0.983633347524138
86,23,쌀밥,아구(매운)탕,닭고기조림,무숙채,0.9834659668498044
118,284,쌀밥,복매운탕,닭다리조림,단무지무침,0.9810439335425336
125,280,쌀밥,복매운탕,야채볶음(닭),단무지무침,0.980532444203544
127,261,쌀밥,낙지찌개,닭고기조림,무숙채,0.980451200770978
129,852,찰밥,복매운탕,완자조림(돈육),탕평채,0.9803110160782113
149,860,찰밥,복매운탕,닭고기조림,무숙채,0.9796812596156886
153,338,찰밥,아구(매운)탕,닭고기조림(옥수수),미나리초무침,0.9795639362197844
259,321,찰밥,아구(매운)탕,야채볶음(닭),콩나물,0.9776879843164736
320,487,찰밥,어묵김치찌개,떡볶음(돼지고기&간장),단무지무침,0.9767267894462596
384,288,쌀밥,복매운탕,닭고기조림(옥수수),미나리초무침,0.9751521208159688
