,Unnamed: 0,밥,국,메인,서브,유사도
0,757,조밥,어묵김치찌개,부추볶음(고기),파무침,0.9893861482195976
1,920,조밥,어묵김치찌개,완자조림(돈육),취나물(간장),0.9893596200046016
2,686,조밥,아구(매운)탕,돼지고기조림,탕평채,0.9892603985392976
3,991,조밥,어묵김치찌개,닭고기조림(옥수수),달래무침(단무지),0.9892596146348476
4,600,찰밥,낙지찌개,완자조림(돈육),탕평채,0.9891132069637972
5,535,쌀밥,복매운탕,돼지고기조림,양상추샐러드,0.989002255204836
8,552,찰밥,어묵김치찌개,부추볶음(제육),감자나물,0.9871625538941056
9,603,찰밥,복매운탕,닭다리조림,탕평채,0.9869490523227514
10,869,조밥,어묵김치찌개,닭다리조림,달래무침,0.9868082107839676
15,150,쌀밥,어묵김치찌개,야채볶음(닭),상추절이,0.9861814532813818
17,562,찰밥,어묵김치찌개,구절판,고사리나물,0.9848741697227884
19,410,쌀밥,어묵김치찌개,돼지고기조림,양배추오이샐러드,0.9846614655039168
20,518,쌀밥,복매운탕,완자조림(돈육),탕평채,0.9840231220109484
29,963,조밥,어묵김치찌개,닭고기조림,감자나물,0.9830687935247728
31,389,쌀밥,어묵김치찌개,닭도리탕,씀바귀나물,0.9829575800039831
41,709,조밥,쏘가리매운탕,완자조림(돈육),무숙채,0.9813424062044426
43,507,쌀밥,낙지찌개,돼지고기조림,시래기나물,0.9811734332314064
50,662,조밥,오징어찌개,돼지고기조림,시래기나물,0.9810197107794084
51,820,조밥,어묵김치찌개,떡볶음(돼지고기&간장),미나리초무침,0.9809712518162769
78,527,쌀밥,복매운탕,닭고기조림(옥수수),콩나물,0.977989206787012
97,463,쌀밥,낙지찌개,야채볶음(닭),무숙채,0.9770001775359028
104,705,조밥,쏘가리매운탕,닭다리조림,콩나물,0.97670700729288
110,488,쌀밥,낙지찌개,닭고기조림(옥수수),무숙채,0.97657578085122
133,18,쌀밥,아구(매운)탕,닭다리조림,미나리초무침,0.9759057794922741
151,66,쌀밥,쏘가리매운탕,돼지고기조림,양상추샐러드,0.9745695513591256
162,509,쌀밥,복매운탕,야채볶음(닭),미나리초무침,0.9741990022946349
183,13,쌀밥,아구(매운)탕,야채볶음(닭),미나리초무침,0.973596211691148
221,673,조밥,아구(매운)탕,완자조림(돈육),탕평채,0.9713756785945988
249,32,쌀밥,아구(매운)탕,닭고기조림(옥수수),무숙채,0.9700486117950124
263,80,쌀밥,해물찌개(넙치&장어),돼지고기조림,콩나물,0.9695731555826451
297,29,쌀밥,아구(매운)탕,닭고기조림,무숙채,0.9684585787716278
370,523,쌀밥,복매운탕,닭고기조림,미나리초무침,0.966872755534616
451,469,쌀밥,낙지찌개,닭다리조림,시래기나물,0.9654356054514291
