,Unnamed: 0,밥,국,메인,서브,유사도
0,569,조밥,쏘가리매운탕,닭다리조림,미나리초무침,0.9907089620463144
1,651,조밥,어묵김치찌개,야채볶음(닭),양배추오이샐러드,0.9904383258414422
2,804,조밥,어묵김치찌개,닭고기조림,탕평채,0.9897908720693888
4,199,쌀밥,어묵김치찌개,닭다리조림,양상추샐러드,0.9892263370850156
6,372,쌀밥,어묵김치찌개,닭도리탕,질경이나물,0.9890661837577696
7,976,조밥,낙지찌개,완자조림(돈육),단무지무침,0.9890167773165917
9,957,조밥,어묵김치찌개,돼지고기조림,도라지나물,0.9889001975948
10,797,조밥,어묵김치찌개,완자조림(돈육),무청무침,0.9888663159451666
11,968,조밥,낙지찌개,닭다리조림,미나리초무침,0.988828307063506
13,172,쌀밥,어묵김치찌개,구절판,단무지무침,0.9886707321472616
15,838,조밥,어묵김치찌개,닭고기조림(옥수수),파무침,0.9886696671751046
18,91,쌀밥,어묵김치찌개,부추볶음(제육),뜸부기나물,0.9885936203245898
24,62,쌀밥,쏘가리매운탕,돼지고기조림,감자나물,0.9883195261772432
27,46,쌀밥,쏘가리매운탕,완자조림(돈육),콩나물,0.9881769686694171
33,984,조밥,낙지찌개,닭고기조림,단무지무침,0.9874187953669524
36,564,조밥,아구(매운)탕,돼지고기조림,콩나물,0.9866156875713136
43,479,쌀밥,낙지찌개,돼지고기조림,단무지무침,0.9862643998410632
46,111,쌀밥,어묵김치찌개,부추볶음(고기),고사리나물,0.9860351871306748
59,15,쌀밥,아구(매운)탕,닭다리조림,단무지무침,0.9856638125771476
66,6,쌀밥,오징어찌개,돼지고기조림,콩나물,0.9853929253950032
84,489,쌀밥,복매운탕,야채볶음(닭),단무지무침,0.9844059915884554
87,511,쌀밥,복매운탕,돼지고기조림,미나리초무침,0.9842521069630372
110,505,쌀밥,복매운탕,닭고기조림(옥수수),미나리초무침,0.9833866350637858
112,445,쌀밥,낙지찌개,야채볶음(닭),무숙채,0.9833015381153484
122,25,쌀밥,아구(매운)탕,닭고기조림,무숙채,0.9830120874736248
133,684,조밥,어묵김치찌개,떡볶음(돼지고기&간장),콩나물,0.9824563525366232
140,19,쌀밥,아구(매운)탕,완자조림(돈육),미나리초무침,0.98220786786391
229,492,쌀밥,복매운탕,닭다리조림,탕평채,0.9792859058213718
244,987,조밥,낙지찌개,닭고기조림(옥수수),미나리초무침,0.9785278470872644
252,28,쌀밥,아구(매운)탕,닭고기조림(옥수수),무숙채,0.9778075091224944
279,504,쌀밥,복매운탕,닭고기조림,무숙채,0.9768388176293452
288,12,쌀밥,아구(매운)탕,야채볶음(닭),무숙채,0.9766821848658228
334,41,쌀밥,쏘가리매운탕,야채볶음(닭),콩나물,0.9758206645661496
