,Unnamed: 0,밥,국,메인,서브,유사도
0,248,조밥,복매운탕,돼지고기조림,고사리나물,0.9897990133526164
1,278,콩밥(대두),어묵김치찌개,구절판,양배추샐러드,0.989564978104722
2,332,콩밥(대두),어묵김치찌개,닭고기조림(옥수수),양배추오이샐러드,0.9888832266562644
3,147,조밥,어묵김치찌개,부추볶음(제육),고사리나물,0.988424075402894
4,105,쌀밥,어묵김치찌개,돼지고기조림,탕평채,0.9883880136679358
6,177,조밥,어묵김치찌개,닭다리조림,콩나물어묵무침,0.9881799612393166
12,65,쌀밥,어묵김치찌개,완자조림(돈육),취나물,0.987626151892676
16,29,쌀밥,어묵김치찌개,야채볶음(닭),양배추오이샐러드,0.9872442750301702
18,119,쌀밥,낙지찌개,돼지고기조림,감자나물,0.9869958973307121
21,120,쌀밥,복매운탕,닭다리조림,탕평채,0.9866003487208164
27,31,쌀밥,어묵김치찌개,떡볶음(돼지고기&간장),무숙채,0.9856039090032808
28,322,콩밥(대두),어묵김치찌개,닭고기조림,양배추오이샐러드,0.985434401428369
38,218,조밥,어묵김치찌개,닭도리탕,양배추샐러드,0.9848992820896092
39,8,쌀밥,쏘가리매운탕,돼지고기조림,우거지나물,0.9847692172985814
44,2,쌀밥,아구(매운)탕,완자조림(돈육),탕평채,0.9844971375026008
51,20,쌀밥,어묵김치찌개,부추볶음(고기),탕평채,0.9829476130997756
61,3,쌀밥,쏘가리매운탕,완자조림(돈육),무숙채,0.9822235773883902
77,234,조밥,낙지찌개,닭다리조림,탕평채,0.9795519600969884
82,11,쌀밥,해물찌개(넙치&장어),돼지고기조림,콩나물,0.978970202946278
87,235,조밥,낙지찌개,완자조림(돈육),탕평채,0.9783910221653312
95,249,콩밥(대두),오징어찌개,돼지고기조림,감자나물,0.9780197941282464
111,1,쌀밥,아구(매운)탕,닭다리조림,탕평채,0.9764373519825564
153,506,팥밥,복매운탕,완자조림(돈육),무숙채,0.9751614297868894
