,Unnamed: 0,밥,국,메인,서브,유사도
0,887,조밥,어묵김치찌개,닭다리조림,파무침,0.9894503895363168
1,809,조밥,어묵김치찌개,부추볶음(고기),시래기나물,0.9893274948139394
2,718,조밥,아구(매운)탕,돼지고기조림,파무침,0.9891775509918244
3,642,현미밥,어묵김치찌개,구절판,뜸부기나물,0.989069375130144
5,660,현미밥,어묵김치찌개,완자조림(돈육),우거지나물,0.9872209207675876
8,995,조밥,어묵김치찌개,닭고기조림,우거지나물,0.9867097053925972
10,445,쌀밥,어묵김치찌개,돼지고기조림,오이나물,0.9864855746375396
13,673,현미밥,어묵김치찌개,닭고기조림(옥수수),옥수수샐러드,0.9849393061311904
15,493,쌀밥,낙지찌개,돼지고기조림,양배추샐러드,0.9847266884654932
16,621,찰밥,낙지찌개,완자조림(돈육),탕평채,0.98409106627579
20,536,쌀밥,복매운탕,돼지고기조림,무미역생채,0.9837499458556176
27,459,쌀밥,낙지찌개,야채볶음(닭),탕평채,0.9827678679000572
29,162,쌀밥,어묵김치찌개,야채볶음(닭),씀바귀나물,0.9825987448539266
31,695,조밥,오징어찌개,돼지고기조림,무숙채,0.9820252320485716
39,69,쌀밥,쏘가리매운탕,돼지고기조림,김무침,0.9811300665013752
43,784,조밥,어묵김치찌개,부추볶음(제육),질경이나물,0.9810906131530835
51,379,쌀밥,어묵김치찌개,닭도리탕,단무지무침,0.9807381382711094
55,465,쌀밥,낙지찌개,닭다리조림,미나리초무침,0.9802998697888174
88,708,조밥,아구(매운)탕,완자조림(돈육),미나리초무침,0.9769794952131589
96,715,조밥,아구(매운)탕,닭고기조림(옥수수),미나리초무침,0.9766733090543978
101,516,쌀밥,복매운탕,닭다리조림,콩나물,0.9765780081759172
113,743,조밥,쏘가리매운탕,완자조림(돈육),무숙채,0.9762442596045482
114,29,쌀밥,아구(매운)탕,닭고기조림,무숙채,0.9761961692966782
122,173,쌀밥,어묵김치찌개,떡볶음(돼지고기&간장),콩나물,0.9758155288483132
127,521,쌀밥,복매운탕,완자조림(돈육),콩나물,0.975523430127401
129,56,쌀밥,쏘가리매운탕,닭다리조림,무숙채,0.975322443447953
134,525,쌀밥,복매운탕,닭고기조림,무숙채,0.9747143945558322
139,703,조밥,아구(매운)탕,닭다리조림,미나리초무침,0.9743722435219988
147,552,찰밥,해물찌개(넙치&장어),돼지고기조림,무숙채,0.9742520443255676
178,481,쌀밥,낙지찌개,닭고기조림,미나리초무침,0.9733114752603136
213,510,쌀밥,복매운탕,야채볶음(닭),단무지무침,0.9706882295889326
289,526,쌀밥,복매운탕,닭고기조림(옥수수),미나리초무침,0.9681066987335007
379,53,쌀밥,쏘가리매운탕,야채볶음(닭),콩나물,0.9660832109507692
446,15,쌀밥,아구(매운)탕,야채볶음(닭),콩나물,0.9646863613621914
