,Unnamed: 0,밥,국,메인,서브,유사도
0,678,조밥,어묵김치찌개,야채볶음(닭),탕평채,0.9908870279082608
1,768,조밥,어묵김치찌개,닭다리조림,돌나물무침,0.9906086609235794
2,926,조밥,어묵김치찌개,닭도리탕,감자나물,0.9899684643778464
3,399,쌀밥,어묵김치찌개,돼지고기조림,오이무침(우엉),0.9895274393882576
4,266,쌀밥,어묵김치찌개,완자조림(돈육),묵무침(녹두묵),0.9893892880883509
6,470,쌀밥,낙지찌개,완자조림(돈육),단무지무침,0.9892392592987044
17,179,쌀밥,어묵김치찌개,구절판,양배추오이샐러드,0.9887269618143408
20,108,쌀밥,어묵김치찌개,부추볶음(고기),양배추샐러드,0.9886182233413012
22,91,쌀밥,어묵김치찌개,부추볶음(제육),상추절이,0.988495787405245
23,74,쌀밥,쏘가리매운탕,돼지고기조림,무숙채,0.9883598774517312
26,302,쌀밥,어묵김치찌개,닭고기조림,김무침,0.9880332706200096
35,897,조밥,어묵김치찌개,닭고기조림(옥수수),감자나물,0.9865191956365288
36,583,조밥,아구(매운)탕,돼지고기조림,톳나물무침,0.9864445059965128
39,521,쌀밥,복매운탕,닭고기조림,콩나물,0.9863283273427944
41,479,쌀밥,낙지찌개,닭고기조림,단무지무침,0.98613652923137
45,556,조밥,오징어찌개,돼지고기조림,단무지무침,0.9860736650187429
46,483,쌀밥,낙지찌개,닭고기조림(옥수수),단무지무침,0.9860690326577636
52,25,쌀밥,아구(매운)탕,닭고기조림,미나리초무침,0.9858387063485096
55,718,조밥,어묵김치찌개,떡볶음(돼지고기&간장),단무지무침,0.9856673191567408
56,457,쌀밥,낙지찌개,야채볶음(닭),미나리초무침,0.9856037095942608
66,504,쌀밥,낙지찌개,돼지고기조림,시래기나물,0.9848653560982824
73,535,쌀밥,복매운탕,돼지고기조림,김무침,0.9846282339042574
88,50,쌀밥,쏘가리매운탕,야채볶음(닭),콩나물,0.9840363166683559
118,518,쌀밥,복매운탕,완자조림(돈육),콩나물,0.9827458991370952
138,14,쌀밥,아구(매운)탕,야채볶음(닭),무숙채,0.9819618064338014
157,513,쌀밥,복매운탕,닭다리조림,콩나물,0.981548201683332
160,465,쌀밥,낙지찌개,닭다리조림,무숙채,0.9813706806590952
174,525,쌀밥,복매운탕,닭고기조림(옥수수),무숙채,0.9809444554183836
190,22,쌀밥,아구(매운)탕,완자조림(돈육),단무지무침,0.980527765209148
204,30,쌀밥,아구(매운)탕,닭고기조림(옥수수),무숙채,0.9800794071557845
209,52,쌀밥,쏘가리매운탕,닭다리조림,콩나물,0.9798543229136248
223,77,쌀밥,해물찌개(넙치&장어),돼지고기조림,콩나물,0.9792557709513164
231,566,조밥,아구(매운)탕,닭다리조림,탕평채,0.97893432612344
295,606,조밥,쏘가리매운탕,완자조림(돈육),무숙채,0.9765768074802852
445,508,쌀밥,복매운탕,야채볶음(닭),콩나물,0.9708642198553658
