,Unnamed: 0,밥,국,메인,서브,유사도
0,495,쌀밥,낙지찌개,돼지고기조림,양상추샐러드,0.9871059654563816
1,768,찰밥,어묵김치찌개,닭고기조림,유채겉절이,0.9870663623421846
2,333,쌀밥,어묵김치찌개,닭고기조림(옥수수),탕평채,0.9868375235382738
3,844,찰밥,어묵김치찌개,닭도리탕,양배추오이샐러드,0.9853320906071136
5,935,찰밥,복매운탕,야채볶음(닭),탕평채,0.984552976496322
6,711,찰밥,어묵김치찌개,닭다리조림,깻잎나물,0.9845228057541274
7,915,찰밥,낙지찌개,완자조림(돈육),탕평채,0.9843570598250412
8,609,찰밥,어묵김치찌개,부추볶음(제육),무숙채,0.983742955278725
14,272,쌀밥,어묵김치찌개,완자조림(돈육),취나물,0.9831218407884584
15,909,찰밥,낙지찌개,닭다리조림,감자나물,0.981931397359442
16,462,쌀밥,낙지찌개,야채볶음(닭),콩나물,0.9818304324146199
17,513,쌀밥,복매운탕,닭다리조림,탕평채,0.9817963065994
18,141,쌀밥,어묵김치찌개,야채볶음(닭),양배추무침,0.9817329568219674
20,586,찰밥,쏘가리매운탕,돼지고기조림,고사리나물,0.9814062035689146
21,657,찰밥,어묵김치찌개,구절판,상추절이,0.981359708965726
22,543,쌀밥,복매운탕,돼지고기조림,감자나물,0.9811824728303584
26,520,쌀밥,복매운탕,완자조림(돈육),단무지무침,0.9807944444375796
28,430,쌀밥,어묵김치찌개,돼지고기조림,콩나물(겨자무침),0.9792996092586828
29,969,현미밥,아구(매운)탕,돼지고기조림,탕평채,0.9789553994099972
46,926,찰밥,낙지찌개,닭고기조림,무숙채,0.9771844093720308
50,996,현미밥,어묵김치찌개,부추볶음(고기),양배추오이샐러드,0.9771334865357214
67,573,찰밥,쏘가리매운탕,닭다리조림,콩나물,0.9761107228922328
72,485,쌀밥,낙지찌개,닭고기조림(옥수수),미나리초무침,0.9757444532234728
85,173,쌀밥,어묵김치찌개,떡볶음(돼지고기&간장),콩나물,0.9748167605285551
89,16,쌀밥,아구(매운)탕,야채볶음(닭),무숙채,0.9747548419562906
93,554,찰밥,아구(매운)탕,닭다리조림,탕평채,0.9746722500283336
106,6,쌀밥,오징어찌개,돼지고기조림,상추절이,0.974161156101093
118,23,쌀밥,아구(매운)탕,완자조림(돈육),미나리초무침,0.9735153625920204
134,58,쌀밥,쏘가리매운탕,완자조림(돈육),콩나물,0.9713864353840664
173,527,쌀밥,복매운탕,닭고기조림(옥수수),콩나물,0.9690884641467892
190,563,찰밥,아구(매운)탕,닭고기조림,무숙채,0.9686304506567508
222,590,찰밥,해물찌개(넙치&장어),돼지고기조림,무숙채,0.967915263596126
328,949,찰밥,복매운탕,닭고기조림,무숙채,0.965738618037778
