,Unnamed: 0,밥,국,메인,서브,유사도
0,935,찰밥,낙지찌개,닭고기조림,미나리초무침,0.9851697891263688
1,709,찰밥,어묵김치찌개,완자조림(돈육),상추절이,0.9851081553135193
2,914,찰밥,낙지찌개,닭다리조림,미나리초무침,0.98492620794165
3,604,찰밥,어묵김치찌개,야채볶음(닭),무숙채,0.9843404269267628
4,809,찰밥,어묵김치찌개,닭고기조림(옥수수),무숙채,0.9841708602900008
7,303,쌀밥,어묵김치찌개,돼지고기조림,유채겉절이,0.9838507422894484
9,908,찰밥,낙지찌개,야채볶음(닭),단무지무침,0.9825297462209934
10,459,찰밥,아구(매운)탕,닭고기조림,무숙채,0.9824019188615224
11,509,찰밥,쏘가리매운탕,돼지고기조림,고사리나물,0.9823800135568148
14,538,찰밥,어묵김치찌개,부추볶음(제육),가지나물,0.9817680924016954
17,227,쌀밥,어묵김치찌개,닭고기조림,잔파무침,0.9813743692659488
18,427,찰밥,오징어찌개,돼지고기조림,탕평채,0.9798621430752568
19,967,찰밥,복매운탕,야채볶음(닭),무숙채,0.9795568196447408
20,676,찰밥,어묵김치찌개,닭다리조림,씀바귀나물,0.9790086733531068
21,392,쌀밥,낙지찌개,돼지고기조림,버섯무침,0.9787216790823742
27,980,찰밥,복매운탕,닭고기조림,미나리초무침,0.97787792785551
29,926,찰밥,낙지찌개,완자조림(돈육),잔파무침,0.977784394866976
31,994,찰밥,복매운탕,돼지고기조림,잔파무침,0.9776895815783572
35,472,찰밥,아구(매운)탕,돼지고기조림,김무침,0.9775532293925084
39,51,쌀밥,쏘가리매운탕,닭다리조림,미나리초무침,0.9772105599320591
42,984,찰밥,복매운탕,닭고기조림(옥수수),콩나물,0.9769301399772832
52,398,쌀밥,복매운탕,닭다리조림,단무지무침,0.9759969558890644
53,155,쌀밥,어묵김치찌개,구절판,묵무침(녹두묵),0.9758632802620922
67,16,쌀밥,아구(매운)탕,닭다리조림,미나리초무침,0.9753304770189016
68,144,쌀밥,어묵김치찌개,떡볶음(돼지고기&간장),단무지무침,0.9753204213149604
69,441,찰밥,아구(매운)탕,야채볶음(닭),미나리초무침,0.9753149087139162
70,550,찰밥,어묵김치찌개,부추볶음(고기),양상추샐러드,0.9752916652063852
90,824,찰밥,어묵김치찌개,닭도리탕,단무지무침,0.9743485565089076
95,23,쌀밥,아구(매운)탕,완자조림(돈육),무숙채,0.9741355973481156
171,402,쌀밥,복매운탕,완자조림(돈육),단무지무침,0.9690895050412841
262,27,쌀밥,아구(매운)탕,닭고기조림(옥수수),미나리초무침,0.9671466408473424
308,373,쌀밥,낙지찌개,닭고기조림(옥수수),단무지무침,0.9662239674714508
327,485,찰밥,쏘가리매운탕,야채볶음(닭),무숙채,0.965726300117852
435,491,찰밥,쏘가리매운탕,완자조림(돈육),콩나물,0.9625162624716376
