,Unnamed: 0,밥,국,메인,서브,유사도
0,499,쌀밥,낙지찌개,돼지고기조림,단무지무침,0.9872350880929538
1,779,찰밥,어묵김치찌개,완자조림(돈육),무미역생채,0.9871930189939312
2,335,쌀밥,어묵김치찌개,닭고기조림(옥수수),유채겉절이,0.9869669156608456
4,952,찰밥,어묵김치찌개,돼지고기조림,물쑥무침,0.9846963880648241
6,721,찰밥,어묵김치찌개,구절판,버섯무침,0.9846593561180764
8,614,찰밥,어묵김치찌개,부추볶음(제육),탕평채,0.9838821419661464
9,826,찰밥,어묵김치찌개,닭고기조림,양배추무침,0.9837457913437776
16,466,쌀밥,낙지찌개,닭다리조림,단무지무침,0.9819639353879293
17,517,쌀밥,복매운탕,닭다리조림,무숙채,0.9819324741051512
18,141,쌀밥,어묵김치찌개,야채볶음(닭),양배추무침,0.9818649923459948
20,591,찰밥,쏘가리매운탕,돼지고기조림,톳나물무침,0.9815426170094878
22,547,쌀밥,복매운탕,돼지고기조림,시래기나물,0.9813190518528958
25,227,쌀밥,어묵김치찌개,닭다리조림,물쑥무침,0.9809379629651188
26,524,쌀밥,복매운탕,닭고기조림,콩나물,0.980931816840533
43,999,찰밥,낙지찌개,완자조림(돈육),단무지무침,0.9774177684963204
45,370,쌀밥,어묵김치찌개,닭도리탕,탕평채,0.9773416478930516
55,47,쌀밥,아구(매운)탕,돼지고기조림,감자나물,0.9769232110984764
68,111,쌀밥,어묵김치찌개,부추볶음(고기),양배추샐러드,0.9760928902027668
83,173,쌀밥,어묵김치찌개,떡볶음(돼지고기&간장),콩나물,0.9749554202904944
87,16,쌀밥,아구(매운)탕,야채볶음(닭),무숙채,0.97488918557413
91,559,찰밥,아구(매운)탕,닭다리조림,단무지무침,0.9748161397222695
103,6,쌀밥,오징어찌개,돼지고기조림,상추절이,0.9743001185814708
116,23,쌀밥,아구(매운)탕,완자조림(돈육),미나리초무침,0.973659420538885
131,58,쌀밥,쏘가리매운탕,완자조림(돈육),콩나물,0.9715270228689872
146,583,찰밥,쏘가리매운탕,닭다리조림,미나리초무침,0.9706121146657918
163,526,쌀밥,복매운탕,닭고기조림(옥수수),미나리초무침,0.9695463103961676
184,582,찰밥,쏘가리매운탕,야채볶음(닭),무숙채,0.968832295887426
188,459,쌀밥,낙지찌개,야채볶음(닭),탕평채,0.9687194219083594
203,487,쌀밥,낙지찌개,닭고기조림(옥수수),콩나물,0.9683339716768158
241,571,찰밥,아구(매운)탕,닭고기조림(옥수수),콩나물,0.9674993634262116
255,483,쌀밥,낙지찌개,닭고기조림,콩나물,0.9672122411947186
263,610,찰밥,해물찌개(넙치&장어),돼지고기조림,무숙채,0.9670368684807976
278,27,쌀밥,아구(매운)탕,닭고기조림,미나리초무침,0.96669954441074
398,520,쌀밥,복매운탕,완자조림(돈육),단무지무침,0.9636540659302808
412,509,쌀밥,복매운탕,야채볶음(닭),미나리초무침,0.9632898425916808
