,Unnamed: 0,밥,국,메인,서브,유사도
0,909,조밥,쏘가리매운탕,돼지고기조림,탕평채,0.9893166443917168
2,934,조밥,어묵김치찌개,부추볶음(제육),양배추샐러드,0.9874349309179928
4,427,쌀밥,어묵김치찌개,돼지고기조림,미역줄기무침(고추장&된장),0.9867495717907844
5,655,찰밥,어묵김치찌개,닭고기조림,탕평채,0.9867163361816084
6,284,쌀밥,어묵김치찌개,완자조림(돈육),고사리나물,0.9864804403874692
9,883,조밥,아구(매운)탕,돼지고기조림,탕평채,0.9843415088447252
11,612,찰밥,어묵김치찌개,닭다리조림,양상추샐러드,0.984147295746172
14,531,쌀밥,복매운탕,돼지고기조림,탕평채,0.9833606571107736
17,680,찰밥,어묵김치찌개,닭도리탕,양상추샐러드,0.9830101765445703
21,979,조밥,어묵김치찌개,야채볶음(닭),콩잎무침,0.9822637481022289
24,867,조밥,아구(매운)탕,닭다리조림,단무지무침,0.9814817763877868
28,123,쌀밥,어묵김치찌개,부추볶음(고기),고사리나물,0.981369168136744
29,600,찰밥,어묵김치찌개,구절판,삼무침,0.9810533458108056
30,511,쌀밥,복매운탕,야채볶음(닭),콩나물,0.9810311197771816
32,472,쌀밥,낙지찌개,완자조림(돈육),미나리초무침,0.9808069667655536
48,343,쌀밥,어묵김치찌개,닭고기조림(옥수수),김무침,0.9777892139379668
63,859,조밥,오징어찌개,돼지고기조림,시래기나물,0.9768923316436461
71,465,쌀밥,낙지찌개,닭다리조림,미나리초무침,0.9767000293871502
83,838,현미밥,낙지찌개,돼지고기조림,양배추오이샐러드,0.9759051213134012
95,927,조밥,해물찌개(넙치&장어),돼지고기조림,콩나물,0.9748945410047818
102,901,조밥,쏘가리매운탕,닭다리조림,미나리초무침,0.9745533702972844
104,904,조밥,쏘가리매운탕,완자조림(돈육),미나리초무침,0.9745330217562574
106,870,조밥,아구(매운)탕,완자조림(돈육),탕평채,0.9745080411711166
112,16,쌀밥,아구(매운)탕,야채볶음(닭),무숙채,0.9743852571319556
117,481,쌀밥,낙지찌개,닭고기조림,미나리초무침,0.9742780214532668
156,876,조밥,아구(매운)탕,닭고기조림,콩나물,0.971950987805834
172,172,쌀밥,어묵김치찌개,떡볶음(돼지고기&간장),단무지무침,0.9703989029333688
185,518,쌀밥,복매운탕,완자조림(돈육),탕평채,0.969772459796534
216,488,쌀밥,낙지찌개,닭고기조림(옥수수),무숙채,0.9683206174304988
232,460,쌀밥,낙지찌개,야채볶음(닭),미나리초무침,0.968035365682032
246,514,쌀밥,복매운탕,닭다리조림,미나리초무침,0.9675554172558726
293,878,조밥,아구(매운)탕,닭고기조림(옥수수),미나리초무침,0.9667247843587417
358,525,쌀밥,복매운탕,닭고기조림,무숙채,0.9654513297249724
488,527,쌀밥,복매운탕,닭고기조림(옥수수),콩나물,0.9620011137959964
