,Unnamed: 0,밥,국,메인,서브,유사도
0,928,현미밥,어묵김치찌개,떡볶음(돼지고기&간장),미나리초무침,0.9853587436037712
1,907,현미밥,어묵김치찌개,야채볶음(닭),묵무침(녹두묵),0.9850986872168559
2,790,찰밥,복매운탕,돼지고기조림,삼무침,0.9841271314033432
4,457,찰밥,어묵김치찌개,닭다리조림,유채나물,0.982575268999332
5,507,찰밥,어묵김치찌개,완자조림(돈육),질경이나물,0.9825575897874084
6,141,쌀밥,어묵김치찌개,돼지고기조림,미역초무침,0.9824687450615128
8,797,현미밥,오징어찌개,돼지고기조림,단무지무침,0.9817238470369014
11,425,찰밥,어묵김치찌개,구절판,고사리나물,0.9800324603215932
19,128,쌀밥,어묵김치찌개,닭도리탕,김무침,0.9781400629710418
29,47,쌀밥,쏘가리매운탕,돼지고기조림,시래기나물,0.9775197330042629
32,51,쌀밥,어묵김치찌개,부추볶음(제육),미나리초무침,0.9773942941764959
34,241,찰밥,아구(매운)탕,완자조림(돈육),미나리초무침,0.977223414772774
38,566,찰밥,어묵김치찌개,닭고기조림(옥수수),콩잎무침,0.976929595575956
40,111,쌀밥,어묵김치찌개,닭고기조림,시래기나물,0.9767330012968298
49,725,찰밥,낙지찌개,닭고기조림,단무지무침,0.9758297113964036
50,176,쌀밥,낙지찌개,닭다리조림,미나리초무침,0.9757933654188792
54,884,현미밥,어묵김치찌개,부추볶음(고기),무숙채,0.9756446449578146
55,173,쌀밥,낙지찌개,야채볶음(닭),단무지무침,0.9755939864150208
59,753,찰밥,복매운탕,야채볶음(닭),미나리초무침,0.9755085330372976
60,16,쌀밥,아구(매운)탕,닭다리조림,콩나물,0.9755054362421396
69,36,쌀밥,아구(매운)탕,돼지고기조림,버섯무침,0.9751426254005692
72,761,찰밥,복매운탕,닭다리조림,무숙채,0.9750400537397342
73,187,쌀밥,낙지찌개,돼지고기조림,미나리초무침,0.9749944102347586
79,272,찰밥,쏘가리매운탕,야채볶음(닭),미나리초무침,0.9747684492749558
88,23,쌀밥,아구(매운)탕,닭고기조림(옥수수),무숙채,0.9743260075502576
120,184,쌀밥,낙지찌개,닭고기조림(옥수수),콩나물,0.9710648291383792
122,713,찰밥,낙지찌개,완자조림(돈육),탕평채,0.9709064616666953
126,277,찰밥,쏘가리매운탕,닭다리조림,무숙채,0.9706615707731028
188,770,찰밥,복매운탕,닭고기조림,콩나물,0.9687430791360171
217,766,찰밥,복매운탕,완자조림(돈육),콩나물,0.9681993968063576
237,203,쌀밥,복매운탕,닭고기조림(옥수수),미나리초무침,0.9677246274907628
275,13,쌀밥,아구(매운)탕,야채볶음(닭),무숙채,0.9669140912987488
338,278,찰밥,쏘가리매운탕,완자조림(돈육),미나리초무침,0.9653999899742192
414,20,쌀밥,아구(매운)탕,닭고기조림,무숙채,0.9631652103772584
