,Unnamed: 0,밥,국,메인,서브,유사도
0,780,찰밥,어묵김치찌개,완자조림(돈육),파무침,0.9874504758637132
1,335,쌀밥,어묵김치찌개,닭고기조림(옥수수),고사리나물,0.987230306269249
2,860,찰밥,어묵김치찌개,닭고기조림,뜸부기나물,0.985735035845064
3,956,찰밥,어묵김치찌개,돼지고기조림,달래무침,0.9849902086872956
4,342,쌀밥,어묵김치찌개,닭도리탕,파래무침,0.9849450052664284
5,721,찰밥,어묵김치찌개,구절판,우거지나물,0.9849383039947752
7,614,찰밥,어묵김치찌개,부추볶음(제육),미나리초무침,0.9841668182027244
15,466,쌀밥,낙지찌개,돼지고기조림,양상추샐러드,0.98223632397724
16,517,쌀밥,복매운탕,돼지고기조림,시래기나물,0.9822106392840804
17,141,쌀밥,어묵김치찌개,야채볶음(닭),다시마무침,0.9821342015839376
19,591,찰밥,쏘가리매운탕,돼지고기조림,양배추오이샐러드,0.9818213220683714
21,547,찰밥,아구(매운)탕,완자조림(돈육),콩나물,0.9815981197256582
24,524,찰밥,오징어찌개,돼지고기조림,김무침,0.9812126112739016
25,227,쌀밥,어묵김치찌개,닭다리조림,뜸부기나물,0.9812093901553792
27,434,쌀밥,낙지찌개,야채볶음(닭),콩나물,0.9796992879667196
30,493,쌀밥,복매운탕,닭고기조림,미나리초무침,0.9789053974131084
48,540,찰밥,아구(매운)탕,닭다리조림,단무지무침,0.977499659452945
53,47,쌀밥,아구(매운)탕,돼지고기조림,감자나물,0.9771893081704434
63,578,찰밥,쏘가리매운탕,야채볶음(닭),무숙채,0.9765544794167312
65,703,찰밥,어묵김치찌개,떡볶음(돼지고기&간장),콩나물,0.9764560051849176
66,111,쌀밥,어묵김치찌개,부추볶음(고기),양배추오이샐러드,0.9763772451534808
68,489,쌀밥,복매운탕,완자조림(돈육),미나리초무침,0.9761380558678412
85,16,쌀밥,아구(매운)탕,야채볶음(닭),무숙채,0.9751635190432842
86,444,쌀밥,낙지찌개,완자조림(돈육),미나리초무침,0.9751594028109108
129,58,쌀밥,쏘가리매운탕,완자조림(돈육),콩나물,0.9718149497412504
133,458,쌀밥,낙지찌개,닭고기조림(옥수수),콩나물,0.9713962748694824
177,452,쌀밥,낙지찌개,닭고기조림,미나리초무침,0.9691654234328874
199,487,쌀밥,복매운탕,닭다리조림,콩나물,0.9686229580623557
249,483,쌀밥,복매운탕,야채볶음(닭),무숙채,0.9675089603740132
260,80,쌀밥,해물찌개(넙치&장어),돼지고기조림,콩나물,0.9672737576724434
274,27,쌀밥,아구(매운)탕,닭고기조림,미나리초무침,0.9669773236253418
326,581,찰밥,쏘가리매운탕,닭다리조림,무숙채,0.9658121445676856
