,Unnamed: 0,밥,국,메인,서브,유사도
0,976,현미밥,낙지찌개,완자조림(돈육),미나리초무침,0.9857715487713656
1,804,현미밥,어묵김치찌개,완자조림(돈육),무숙채,0.9856826598609092
4,453,찰밥,어묵김치찌개,돼지고기조림,고비나물,0.9828600318292704
5,132,찰밥,어묵김치찌개,부추볶음(고기),삼무침,0.9827587740729432
6,615,현미밥,쏘가리매운탕,돼지고기조림,무숙채,0.9825351298388852
8,210,찰밥,어묵김치찌개,닭다리조림,곰피무침,0.9818402263937652
9,387,찰밥,어묵김치찌개,닭도리탕,상추절이,0.9803212281565652
10,830,현미밥,어묵김치찌개,닭고기조림,콩나물,0.9800548746103458
11,599,현미밥,아구(매운)탕,돼지고기조림,고사리나물,0.979506542180932
12,702,현미밥,어묵김치찌개,구절판,파무침,0.9785773797188791
14,353,찰밥,어묵김치찌개,닭고기조림(옥수수),돌나물무침,0.9783214552306272
18,987,현미밥,낙지찌개,돼지고기조림,톳나물무침,0.9778682970632858
20,698,현미밥,어묵김치찌개,야채볶음(닭),버섯무침,0.9777505634084168
28,102,찰밥,어묵김치찌개,부추볶음(제육),묵무침(녹두묵),0.9770445216271336
29,571,현미밥,오징어찌개,돼지고기조림,시래기나물,0.9769422283581256
47,16,찰밥,아구(매운)탕,야채볶음(닭),단무지무침,0.9758031623711122
50,478,찰밥,낙지찌개,닭다리조림,감자나물,0.975600418663598
54,35,찰밥,아구(매운)탕,닭고기조림(옥수수),콩나물,0.9754733492978538
55,559,찰밥,복매운탕,돼지고기조림,콩나물,0.9754529046160204
71,23,찰밥,아구(매운)탕,닭다리조림,무숙채,0.9746530679377338
72,701,현미밥,어묵김치찌개,떡볶음(돼지고기&간장),무숙채,0.9744981017744117
79,535,찰밥,복매운탕,완자조림(돈육),미나리초무침,0.9736252240256472
109,579,현미밥,아구(매운)탕,완자조림(돈육),미나리초무침,0.970746510157528
113,527,찰밥,복매운탕,야채볶음(닭),무숙채,0.9707285280109558
123,466,찰밥,낙지찌개,야채볶음(닭),탕평채,0.9701203503591443
127,59,찰밥,쏘가리매운탕,야채볶음(닭),무숙채,0.9700504243545952
143,63,찰밥,쏘가리매운탕,완자조림(돈육),미나리초무침,0.9696218845693676
152,495,찰밥,낙지찌개,닭고기조림,미나리초무침,0.9694680441599534
178,540,찰밥,복매운탕,닭고기조림,미나리초무침,0.968734225139168
215,531,찰밥,복매운탕,닭다리조림,콩나물,0.9679912468364896
279,32,찰밥,아구(매운)탕,닭고기조림,콩나물,0.966384148540722
379,89,찰밥,해물찌개(넙치&장어),돼지고기조림,무숙채,0.9632937691288244
