,Unnamed: 0,밥,국,메인,서브,유사도
0,929,찰밥,복매운탕,돼지고기조림,고사리나물,0.9852494338498644
1,705,찰밥,어묵김치찌개,닭고기조림(옥수수),유채겉절이,0.9851833022461464
2,908,찰밥,복매운탕,닭고기조림,콩나물,0.9849990401058096
3,791,찰밥,어묵김치찌개,돼지고기조림,달래무침(단무지),0.9840265158599736
4,902,찰밥,복매운탕,완자조림(돈육),미나리초무침,0.9826067740407448
5,457,찰밥,어묵김치찌개,부추볶음(제육),상추절이,0.9824751072274479
6,507,찰밥,어묵김치찌개,야채볶음(닭),다시마무침,0.9824549492985016
7,141,쌀밥,어묵김치찌개,닭다리조림,김무침,0.9823699455631356
8,691,찰밥,어묵김치찌개,닭고기조림,가지나물,0.9821154260889744
11,227,쌀밥,어묵김치찌개,닭도리탕,상추절이,0.9814472764700709
12,425,찰밥,쏘가리매운탕,돼지고기조림,양배추오이샐러드,0.9799340734906226
13,961,현미밥,아구(매운)탕,돼지고기조림,상추절이,0.9796343123604996
20,128,쌀밥,어묵김치찌개,구절판,톳나물무침,0.9780327837133111
22,388,찰밥,아구(매운)탕,닭고기조림(옥수수),콩나물,0.9779020261617456
26,361,찰밥,오징어찌개,돼지고기조림,콩나물,0.977704888564988
30,47,쌀밥,쏘가리매운탕,완자조림(돈육),미나리초무침,0.9774221846246928
34,322,쌀밥,낙지찌개,돼지고기조림,무숙채,0.9771478489603961
42,641,찰밥,어묵김치찌개,완자조림(돈육),우거지나물,0.9765046201582552
43,480,찰밥,어묵김치찌개,부추볶음(고기),김무침,0.9763689613050984
45,893,찰밥,복매운탕,야채볶음(닭),콩나물,0.9760782700771574
54,368,찰밥,아구(매운)탕,야채볶음(닭),미나리초무침,0.9755687523568568
61,16,쌀밥,아구(매운)탕,닭다리조림,콩나물,0.9754043198322738
89,23,쌀밥,아구(매운)탕,닭고기조림,콩나물,0.9742158270108792
96,305,쌀밥,낙지찌개,닭고기조림,단무지무침,0.9735625727816648
98,296,쌀밥,낙지찌개,닭다리조림,시래기나물,0.9731926551792344
125,415,찰밥,쏘가리매운탕,닭다리조림,무숙채,0.970766030782436
134,855,찰밥,낙지찌개,완자조림(돈육),상추절이,0.9702577103507741
137,382,찰밥,아구(매운)탕,완자조림(돈육),무숙채,0.970028273391316
152,338,쌀밥,복매운탕,닭고기조림(옥수수),콩나물,0.9694911244758618
199,411,찰밥,쏘가리매운탕,야채볶음(닭),콩나물,0.9683885549568829
202,126,쌀밥,어묵김치찌개,떡볶음(돼지고기&간장),미나리초무침,0.9683072084104384
224,866,찰밥,낙지찌개,닭고기조림(옥수수),미나리초무침,0.968036793597092
260,836,찰밥,낙지찌개,야채볶음(닭),콩나물,0.9671178969430546
263,899,찰밥,복매운탕,닭다리조림,무숙채,0.9670358423836816
429,442,찰밥,해물찌개(넙치&장어),돼지고기조림,무숙채,0.9626266505142558
