,Unnamed: 0,밥,국,메인,서브,유사도
0,904,현미밥,어묵김치찌개,닭도리탕,미나리초무침,0.9855645341059786
1,883,현미밥,어묵김치찌개,닭고기조림(옥수수),취나물(간장),0.9852851486967232
2,770,현미밥,어묵김치찌개,닭다리조림,감자나물,0.9843155431928186
4,494,찰밥,낙지찌개,닭다리조림,감자나물,0.9827500735286168
5,139,찰밥,어묵김치찌개,부추볶음(고기),무숙채,0.9826535451459532
8,501,찰밥,낙지찌개,완자조림(돈육),미나리초무침,0.981758031747088
10,417,찰밥,어묵김치찌개,돼지고기조림,곰피무침,0.980216466685465
25,47,찰밥,아구(매운)탕,돼지고기조림,양상추샐러드,0.9777020947663112
29,319,찰밥,어묵김치찌개,닭고기조림,무미역생채,0.9774593304702478
31,204,찰밥,어묵김치찌개,구절판,유채나물,0.9772606630821518
33,551,찰밥,복매운탕,완자조림(돈육),미나리초무침,0.9771396554101736
35,109,찰밥,어묵김치찌개,부추볶음(제육),유채나물,0.9769310728191596
36,624,현미밥,쏘가리매운탕,돼지고기조림,김무침,0.9768227568157016
41,153,찰밥,어묵김치찌개,야채볶음(닭),양상추샐러드,0.9762427996510038
55,16,찰밥,오징어찌개,돼지고기조림,시래기나물,0.9756949630932972
56,533,찰밥,낙지찌개,돼지고기조림,감자나물,0.9756890559929692
63,36,찰밥,아구(매운)탕,닭고기조림,콩나물,0.9753525746249762
65,563,찰밥,복매운탕,돼지고기조림,톳나물무침,0.9752596369082768
68,517,찰밥,낙지찌개,닭고기조림(옥수수),콩나물,0.9751576945012544
72,270,찰밥,어묵김치찌개,완자조림(돈육),미나리초무침,0.9749704540993652
73,483,찰밥,낙지찌개,야채볶음(닭),미나리초무침,0.9749114234364504
79,23,찰밥,아구(매운)탕,닭다리조림,탕평채,0.9745336848141892
93,715,현미밥,어묵김치찌개,떡볶음(돼지고기&간장),미나리초무침,0.9731647097698196
106,91,찰밥,해물찌개(넙치&장어),돼지고기조림,미나리초무침,0.9717940547878309
112,556,찰밥,복매운탕,닭고기조림,미나리초무침,0.9714241745876872
135,69,찰밥,쏘가리매운탕,완자조림(돈육),콩나물,0.9700341944337904
157,64,찰밥,쏘가리매운탕,닭다리조림,미나리초무침,0.9695009296947648
164,542,찰밥,복매운탕,야채볶음(닭),콩나물,0.9693860010246592
166,511,찰밥,낙지찌개,닭고기조림,미나리초무침,0.9693497752938214
187,21,찰밥,아구(매운)탕,야채볶음(닭),콩나물,0.9687670082409634
189,38,찰밥,아구(매운)탕,닭고기조림(옥수수),미나리초무침,0.9687076475569908
215,545,찰밥,복매운탕,닭다리조림,미나리초무침,0.968375863964818
303,33,찰밥,아구(매운)탕,완자조림(돈육),무숙채,0.9662643532325104
