,Unnamed: 0,밥,국,메인,서브,유사도
0,418,찰밥,낙지찌개,완자조림(돈육),시래기나물,0.9859292221028828
1,344,찰밥,어묵김치찌개,돼지고기조림,오이무침,0.985841081616456
2,931,완두콩밥,아구(매운)탕,돼지고기조림,단무지무침,0.9856167978097602
3,681,현미밥,어묵김치찌개,완자조림(돈육),콩나물,0.985315642046524
4,179,찰밥,어묵김치찌개,구절판,콩나물,0.9830067417499468
5,525,현미밥,쏘가리매운탕,돼지고기조림,미나리초무침,0.9783318926362976
6,917,완두콩밥,아구(매운)탕,닭고기조림,콩나물,0.9781382681223354
7,447,찰밥,낙지찌개,돼지고기조림,버섯무침,0.9778586850698558
9,974,완두콩밥,어묵김치찌개,부추볶음(제육),상추절이,0.9774015190064458
12,141,찰밥,어묵김치찌개,야채볶음(닭),묵무침(도토리묵),0.9766747978824151
15,271,찰밥,어묵김치찌개,닭고기조림,유채나물,0.9759260687187152
17,733,현미밥,어묵김치찌개,닭고기조림(옥수수),취나물(간장),0.9757633268297268
18,188,찰밥,어묵김치찌개,닭다리조림,파무침,0.9757602065688976
19,35,찰밥,아구(매운)탕,닭고기조림(옥수수),무숙채,0.9757555232657767
21,333,찰밥,어묵김치찌개,닭도리탕,무숙채,0.9756323536597864
27,424,찰밥,낙지찌개,닭고기조림(옥수수),미나리초무침,0.9752407913173596
33,6,찰밥,오징어찌개,돼지고기조림,단무지무침,0.9748134257706692
34,485,찰밥,복매운탕,돼지고기조림,버섯무침,0.97469491057815
38,907,완두콩밥,아구(매운)탕,야채볶음(닭),무숙채,0.9744393692929106
39,990,완두콩밥,어묵김치찌개,부추볶음(고기),김무침,0.974412778927346
41,837,현미밥,낙지찌개,닭고기조림,무숙채,0.974366151001526
44,23,찰밥,아구(매운)탕,닭다리조림,무숙채,0.9741201340757164
46,828,현미밥,낙지찌개,닭다리조림,단무지무침,0.9739583877884944
51,824,현미밥,낙지찌개,야채볶음(닭),단무지무침,0.9730775604278334
57,28,찰밥,아구(매운)탕,완자조림(돈육),무숙채,0.9720798237312224
105,57,찰밥,쏘가리매운탕,야채볶음(닭),콩나물,0.9695575928467594
116,943,완두콩밥,쏘가리매운탕,닭다리조림,무숙채,0.9693053372829079
230,863,현미밥,복매운탕,야채볶음(닭),무숙채,0.9666232063919844
235,468,찰밥,복매운탕,닭고기조림(옥수수),무숙채,0.9664784824605972
237,865,현미밥,복매운탕,닭다리조림,단무지무침,0.9663924551787264
257,871,현미밥,복매운탕,완자조림(돈육),무숙채,0.96574380551658
295,610,현미밥,어묵김치찌개,떡볶음(돼지고기&간장),미나리초무침,0.9645603387874372
314,465,찰밥,복매운탕,닭고기조림,무숙채,0.9641054787172184
490,946,완두콩밥,쏘가리매운탕,완자조림(돈육),무숙채,0.9611513289268973
