,Unnamed: 0,밥,국,메인,서브,유사도
0,651,조밥,어묵김치찌개,야채볶음(닭),양배추오이샐러드,0.9858069989191478
1,569,조밥,쏘가리매운탕,닭다리조림,미나리초무침,0.9841642410412202
2,372,쌀밥,어묵김치찌개,닭도리탕,질경이나물,0.9838632417107136
3,946,조밥,어묵김치찌개,돼지고기조림,삼무침,0.983445440629906
4,976,조밥,낙지찌개,완자조림(돈육),단무지무침,0.9832713616542464
5,815,조밥,어묵김치찌개,닭고기조림,달래무침,0.983263395483282
8,968,조밥,낙지찌개,닭다리조림,미나리초무침,0.9825794806273284
9,230,쌀밥,어묵김치찌개,닭다리조림,시래기나물,0.9825584693821928
13,63,쌀밥,쏘가리매운탕,돼지고기조림,삼무침,0.9823662925131816
14,91,쌀밥,어묵김치찌개,부추볶음(제육),뜸부기나물,0.9823343056393106
16,797,조밥,어묵김치찌개,완자조림(돈육),무청무침,0.9822142683600132
19,557,조밥,아구(매운)탕,돼지고기조림,파무침,0.9819972897392584
21,332,쌀밥,어묵김치찌개,닭고기조림(옥수수),돌나물무침,0.981253561390946
27,172,쌀밥,어묵김치찌개,구절판,단무지무침,0.9802687019601856
29,46,쌀밥,쏘가리매운탕,완자조림(돈육),콩나물,0.980160433064648
31,111,쌀밥,어묵김치찌개,부추볶음(고기),고사리나물,0.9801312382855693
32,489,쌀밥,복매운탕,야채볶음(닭),단무지무침,0.9800474301724051
44,984,조밥,낙지찌개,닭고기조림,단무지무침,0.9789768134452492
51,15,쌀밥,아구(매운)탕,닭다리조림,단무지무침,0.9787505621738318
53,7,쌀밥,오징어찌개,돼지고기조림,감자나물,0.9786783803809932
69,479,쌀밥,낙지찌개,돼지고기조림,단무지무침,0.978120020790164
79,505,쌀밥,복매운탕,닭고기조림(옥수수),미나리초무침,0.9767781546831864
113,511,쌀밥,복매운탕,돼지고기조림,미나리초무침,0.974660399668816
137,25,쌀밥,아구(매운)탕,닭고기조림,무숙채,0.973107543529459
141,19,쌀밥,아구(매운)탕,완자조림(돈육),미나리초무침,0.9726580673007266
176,684,조밥,어묵김치찌개,떡볶음(돼지고기&간장),콩나물,0.9714748417571688
186,445,쌀밥,낙지찌개,야채볶음(닭),무숙채,0.9709038106095572
248,28,쌀밥,아구(매운)탕,닭고기조림(옥수수),무숙채,0.9671065198817452
253,504,쌀밥,복매운탕,닭고기조림,무숙채,0.9670254789933714
290,41,쌀밥,쏘가리매운탕,야채볶음(닭),콩나물,0.9656401464083578
295,492,쌀밥,복매운탕,닭다리조림,탕평채,0.965487781250948
324,987,조밥,낙지찌개,닭고기조림(옥수수),미나리초무침,0.9644283184062218
373,12,쌀밥,아구(매운)탕,야채볶음(닭),무숙채,0.962159650260898
