,Unnamed: 0,밥,국,메인,서브,유사도
0,278,콩밥(대두),어묵김치찌개,구절판,양배추샐러드,0.984627203362362
1,248,조밥,복매운탕,돼지고기조림,고사리나물,0.9829449910426421
2,177,조밥,어묵김치찌개,닭다리조림,콩나물어묵무침,0.98266969450119
3,332,콩밥(대두),어묵김치찌개,닭고기조림(옥수수),양배추오이샐러드,0.9815940197159132
4,119,쌀밥,낙지찌개,돼지고기조림,감자나물,0.9813861198775335
5,71,쌀밥,어묵김치찌개,완자조림(돈육),오징어풋마늘무침,0.9813408671427082
6,104,쌀밥,어묵김치찌개,돼지고기조림,곰피무침,0.9812447869514332
10,147,조밥,어묵김치찌개,부추볶음(제육),고사리나물,0.980990627049563
11,30,쌀밥,어묵김치찌개,야채볶음(닭),감자나물,0.9808785351492686
12,241,조밥,복매운탕,닭다리조림,탕평채,0.9808104690409559
26,31,쌀밥,어묵김치찌개,떡볶음(돼지고기&간장),무숙채,0.9778401000120046
30,8,쌀밥,쏘가리매운탕,돼지고기조림,우거지나물,0.9775504143800028
32,3,쌀밥,쏘가리매운탕,완자조림(돈육),무숙채,0.9774779403738196
35,2,쌀밥,아구(매운)탕,완자조림(돈육),탕평채,0.9771780526824774
41,20,쌀밥,어묵김치찌개,부추볶음(고기),탕평채,0.9767097751569112
42,322,콩밥(대두),어묵김치찌개,닭고기조림,양배추오이샐러드,0.9764911817009344
53,218,조밥,어묵김치찌개,닭도리탕,양배추샐러드,0.9733677037321052
67,11,쌀밥,해물찌개(넙치&장어),돼지고기조림,콩나물,0.9702810297907845
80,249,콩밥(대두),오징어찌개,돼지고기조림,감자나물,0.9680283997911064
83,115,쌀밥,낙지찌개,완자조림(돈육),감자나물,0.9674410501040096
86,1,쌀밥,아구(매운)탕,닭다리조림,탕평채,0.9671808518890366
94,234,조밥,낙지찌개,닭다리조림,탕평채,0.9657267300757224
168,506,팥밥,복매운탕,완자조림(돈육),무숙채,0.9599149312558092
