,Unnamed: 0,밥,국,메인,서브,유사도
0,991,조밥,어묵김치찌개,닭고기조림(옥수수),달래무침(단무지),0.983589955348456
1,603,찰밥,복매운탕,닭다리조림,탕평채,0.983434381874295
2,757,조밥,어묵김치찌개,부추볶음(고기),파무침,0.9834020416490008
3,537,쌀밥,복매운탕,돼지고기조림,잔파무침,0.9832275095469741
4,600,찰밥,낙지찌개,완자조림(돈육),탕평채,0.9830109358785456
5,920,조밥,어묵김치찌개,완자조림(돈육),취나물(간장),0.9820464436406912
6,686,조밥,아구(매운)탕,돼지고기조림,탕평채,0.9815875106564184
8,869,조밥,어묵김치찌개,닭다리조림,달래무침,0.9811765538892729
10,552,찰밥,어묵김치찌개,부추볶음(제육),감자나물,0.9799576502365756
13,156,쌀밥,어묵김치찌개,야채볶음(닭),콩나물,0.9797390923983736
16,562,찰밥,어묵김치찌개,구절판,고사리나물,0.9793686038231624
17,410,쌀밥,어묵김치찌개,돼지고기조림,양배추오이샐러드,0.9790090941063578
22,518,쌀밥,복매운탕,완자조림(돈육),탕평채,0.9756446268340564
26,954,조밥,어묵김치찌개,닭고기조림,달래무침(단무지),0.9738868700237912
30,660,조밥,오징어찌개,돼지고기조림,고사리나물,0.9731114945933492
34,390,쌀밥,어묵김치찌개,닭도리탕,가지나물,0.9728772243268295
45,507,쌀밥,낙지찌개,돼지고기조림,시래기나물,0.9714165525967396
48,820,조밥,어묵김치찌개,떡볶음(돼지고기&간장),미나리초무침,0.9710958044444076
58,709,조밥,쏘가리매운탕,완자조림(돈육),무숙채,0.9682938228735936
101,527,쌀밥,복매운탕,닭고기조림(옥수수),콩나물,0.9637984525874586
112,463,쌀밥,낙지찌개,야채볶음(닭),무숙채,0.962578943443104
120,705,조밥,쏘가리매운탕,닭다리조림,콩나물,0.9620270462666376
122,509,쌀밥,복매운탕,야채볶음(닭),미나리초무침,0.9619384265172218
123,488,쌀밥,낙지찌개,닭고기조림(옥수수),무숙채,0.9619334945596136
140,18,쌀밥,아구(매운)탕,닭다리조림,미나리초무침,0.961064878150564
154,66,쌀밥,쏘가리매운탕,돼지고기조림,양상추샐러드,0.9594650827727392
186,13,쌀밥,아구(매운)탕,야채볶음(닭),미나리초무침,0.9580827839154286
221,673,조밥,아구(매운)탕,완자조림(돈육),탕평채,0.9553096941170649
251,32,쌀밥,아구(매운)탕,닭고기조림(옥수수),무숙채,0.9536205130556812
267,80,쌀밥,해물찌개(넙치&장어),돼지고기조림,콩나물,0.952985143406386
301,29,쌀밥,아구(매운)탕,닭고기조림,무숙채,0.9516833730046494
