,Unnamed: 0,밥,국,메인,서브,유사도
0,722,조밥,아구(매운)탕,돼지고기조림,양배추샐러드,0.983521176383909
1,887,조밥,어묵김치찌개,닭다리조림,파무침,0.9834888053515252
4,809,조밥,어묵김치찌개,부추볶음(고기),시래기나물,0.9816773831542306
5,642,현미밥,어묵김치찌개,구절판,뜸부기나물,0.9813534686298542
6,445,쌀밥,어묵김치찌개,돼지고기조림,오이나물,0.9802165209731284
7,659,현미밥,어묵김치찌개,완자조림(돈육),양상추샐러드,0.9800374963954809
13,673,현미밥,어묵김치찌개,닭고기조림(옥수수),옥수수샐러드,0.9794563859471724
14,493,쌀밥,낙지찌개,돼지고기조림,양배추샐러드,0.9790969577224456
16,995,조밥,어묵김치찌개,닭고기조림,우거지나물,0.9776374184648464
18,621,찰밥,낙지찌개,완자조림(돈육),탕평채,0.9757353308621329
19,162,쌀밥,어묵김치찌개,야채볶음(닭),씀바귀나물,0.975091209514688
24,782,조밥,어묵김치찌개,부추볶음(제육),감자나물,0.973201673926696
34,695,조밥,오징어찌개,돼지고기조림,무숙채,0.9719471821841644
36,536,쌀밥,복매운탕,돼지고기조림,무미역생채,0.9716434136971502
40,746,조밥,쏘가리매운탕,돼지고기조림,탕평채,0.9713985940721602
45,379,쌀밥,어묵김치찌개,닭도리탕,단무지무침,0.9705581148383065
47,459,쌀밥,낙지찌개,야채볶음(닭),탕평채,0.9702979813091366
56,521,쌀밥,복매운탕,완자조림(돈육),콩나물,0.9682146399749308
71,715,조밥,아구(매운)탕,닭고기조림(옥수수),미나리초무침,0.9669170993535252
73,465,쌀밥,낙지찌개,닭다리조림,미나리초무침,0.9668609039702056
75,516,쌀밥,복매운탕,닭다리조림,콩나물,0.9668053404440278
81,743,조밥,쏘가리매운탕,완자조림(돈육),무숙채,0.9654830740731496
84,708,조밥,아구(매운)탕,완자조림(돈육),미나리초무침,0.9652204265164368
103,703,조밥,아구(매운)탕,닭다리조림,미나리초무침,0.9622485779419282
120,29,쌀밥,아구(매운)탕,닭고기조림,무숙채,0.9617578482936902
127,173,쌀밥,어묵김치찌개,떡볶음(돼지고기&간장),콩나물,0.9609964175954328
131,56,쌀밥,쏘가리매운탕,닭다리조림,무숙채,0.9605322807462076
137,525,쌀밥,복매운탕,닭고기조림,무숙채,0.9595789856755405
153,552,찰밥,해물찌개(넙치&장어),돼지고기조림,무숙채,0.9589234810832444
180,482,쌀밥,낙지찌개,닭고기조림,단무지무침,0.9577484164546872
216,510,쌀밥,복매운탕,야채볶음(닭),단무지무침,0.9544672168075301
284,526,쌀밥,복매운탕,닭고기조림(옥수수),미나리초무침,0.9514614347519916
