,Unnamed: 0,밥,국,메인,서브,유사도
0,768,찰밥,어묵김치찌개,닭고기조림,유채겉절이,0.9810051167360893
1,495,쌀밥,낙지찌개,돼지고기조림,양상추샐러드,0.9806971946660012
2,340,쌀밥,어묵김치찌개,닭고기조림(옥수수),양상추샐러드,0.9806256220936465
4,844,찰밥,어묵김치찌개,닭도리탕,양배추오이샐러드,0.9799142863492764
7,711,찰밥,어묵김치찌개,닭다리조림,깻잎나물,0.9751252796052824
8,609,찰밥,어묵김치찌개,부추볶음(제육),무숙채,0.9747044400291232
9,935,찰밥,복매운탕,야채볶음(닭),탕평채,0.9743619156735022
13,272,쌀밥,어묵김치찌개,완자조림(돈육),취나물,0.9736249978709924
14,586,찰밥,쏘가리매운탕,돼지고기조림,고사리나물,0.9735336931624224
15,915,찰밥,낙지찌개,완자조림(돈육),탕평채,0.9724562753519044
16,657,찰밥,어묵김치찌개,구절판,상추절이,0.9713891107672614
17,543,쌀밥,복매운탕,돼지고기조림,감자나물,0.9712070946475424
20,513,쌀밥,복매운탕,닭다리조림,탕평채,0.9695350008767976
21,462,쌀밥,낙지찌개,야채볶음(닭),콩나물,0.9693509282096178
22,141,쌀밥,어묵김치찌개,야채볶음(닭),양배추무침,0.9691551201974952
24,909,찰밥,낙지찌개,닭다리조림,감자나물,0.9690272377342052
25,897,찰밥,어묵김치찌개,돼지고기조림,도라지나물,0.9690024979286598
30,520,쌀밥,복매운탕,완자조림(돈육),단무지무침,0.968114428325824
42,969,현미밥,아구(매운)탕,돼지고기조림,탕평채,0.9652043139134306
53,996,현미밥,어묵김치찌개,부추볶음(고기),양배추오이샐러드,0.9628256718218922
56,926,찰밥,낙지찌개,닭고기조림,무숙채,0.9627425714141546
69,573,찰밥,쏘가리매운탕,닭다리조림,콩나물,0.9614416467149004
72,485,쌀밥,낙지찌개,닭고기조림(옥수수),미나리초무침,0.9609769228009242
86,554,찰밥,아구(매운)탕,닭다리조림,탕평채,0.9597876373871792
87,16,쌀밥,아구(매운)탕,야채볶음(닭),무숙채,0.959769275644006
90,173,쌀밥,어묵김치찌개,떡볶음(돼지고기&간장),콩나물,0.9597190739084543
109,6,쌀밥,오징어찌개,돼지고기조림,상추절이,0.958879019275268
118,23,쌀밥,아구(매운)탕,완자조림(돈육),미나리초무침,0.9581688937497804
134,58,쌀밥,쏘가리매운탕,완자조림(돈육),콩나물,0.9554194508828112
179,527,쌀밥,복매운탕,닭고기조림(옥수수),콩나물,0.9525318576366719
192,563,찰밥,아구(매운)탕,닭고기조림,무숙채,0.9520672969956508
198,590,찰밥,해물찌개(넙치&장어),돼지고기조림,무숙채,0.9519524918329354
