,Unnamed: 0,밥,국,메인,서브,유사도
0,768,조밥,어묵김치찌개,닭다리조림,돌나물무침,0.9860377398366016
1,678,조밥,어묵김치찌개,야채볶음(닭),탕평채,0.9844033541978562
2,470,쌀밥,낙지찌개,완자조림(돈육),단무지무침,0.9840969267150568
3,937,조밥,어묵김치찌개,돼지고기조림,곰피무침,0.9835057139827118
4,926,조밥,어묵김치찌개,닭도리탕,감자나물,0.9830482523797784
5,302,쌀밥,어묵김치찌개,닭고기조림,김무침,0.9827876976807528
6,195,쌀밥,어묵김치찌개,구절판,고사리나물,0.9827695338667736
7,92,쌀밥,어묵김치찌개,부추볶음(제육),유채나물,0.9826031303747434
8,265,쌀밥,어묵김치찌개,완자조림(돈육),묵무침(도토리묵),0.9826025520067826
13,76,쌀밥,쏘가리매운탕,돼지고기조림,버섯무침,0.9823675174763368
15,666,조밥,어묵김치찌개,부추볶음(고기),우거지나물,0.9822295880438666
28,593,조밥,아구(매운)탕,돼지고기조림,우거지나물,0.980274982508228
31,497,쌀밥,낙지찌개,돼지고기조림,상추절이,0.9798792495570564
33,361,쌀밥,어묵김치찌개,닭고기조림(옥수수),무숙채,0.9795156736527859
35,718,조밥,어묵김치찌개,떡볶음(돼지고기&간장),단무지무침,0.9794384758927476
37,479,쌀밥,낙지찌개,닭고기조림,단무지무침,0.9792695487118144
38,483,쌀밥,낙지찌개,닭고기조림(옥수수),단무지무침,0.9792257791894132
45,25,쌀밥,아구(매운)탕,닭고기조림,미나리초무침,0.9789857395004584
47,11,쌀밥,오징어찌개,돼지고기조림,시래기나물,0.9789136208526223
58,521,쌀밥,복매운탕,닭고기조림,콩나물,0.9785807070793072
66,50,쌀밥,쏘가리매운탕,야채볶음(닭),콩나물,0.9781684603859788
73,52,쌀밥,쏘가리매운탕,닭다리조림,콩나물,0.9769065324706464
85,457,쌀밥,낙지찌개,야채볶음(닭),미나리초무침,0.9758313878650551
95,535,쌀밥,복매운탕,돼지고기조림,김무침,0.9751560630663176
120,465,쌀밥,낙지찌개,닭다리조림,무숙채,0.9735706167273966
128,77,쌀밥,해물찌개(넙치&장어),돼지고기조림,콩나물,0.9730692447783412
151,14,쌀밥,아구(매운)탕,야채볶음(닭),무숙채,0.9720286344993844
156,518,쌀밥,복매운탕,완자조림(돈육),콩나물,0.9719537802558699
160,525,쌀밥,복매운탕,닭고기조림(옥수수),무숙채,0.9718788396297974
164,30,쌀밥,아구(매운)탕,닭고기조림(옥수수),무숙채,0.9717582924298797
179,513,쌀밥,복매운탕,닭다리조림,콩나물,0.970986479768403
214,566,조밥,아구(매운)탕,닭다리조림,탕평채,0.9691689312802456
230,22,쌀밥,아구(매운)탕,완자조림(돈육),단무지무침,0.967612667893496
238,56,쌀밥,쏘가리매운탕,완자조림(돈육),무숙채,0.9673168069054888
436,508,쌀밥,복매운탕,야채볶음(닭),콩나물,0.9559566870346888
