,Unnamed: 0,밥,국,메인,서브,유사도
0,303,쌀밥,어묵김치찌개,돼지고기조림,유채겉절이,0.97676540801586
1,709,찰밥,어묵김치찌개,완자조림(돈육),상추절이,0.9759119237450286
2,604,찰밥,어묵김치찌개,야채볶음(닭),무숙채,0.975505282542261
3,935,찰밥,낙지찌개,닭고기조림,미나리초무침,0.9751840449826712
4,809,찰밥,어묵김치찌개,닭고기조림(옥수수),무숙채,0.9745143495508348
7,914,찰밥,낙지찌개,닭다리조림,미나리초무침,0.9732218935733504
8,538,찰밥,어묵김치찌개,부추볶음(제육),가지나물,0.9719930947480492
10,509,찰밥,쏘가리매운탕,돼지고기조림,고사리나물,0.9703167276052072
11,459,찰밥,아구(매운)탕,닭고기조림,무숙채,0.9701183834645856
13,908,찰밥,낙지찌개,야채볶음(닭),단무지무침,0.9698252361270684
16,227,쌀밥,어묵김치찌개,닭고기조림,잔파무침,0.9686225025514796
18,427,찰밥,오징어찌개,돼지고기조림,탕평채,0.9664987382318672
19,967,찰밥,복매운탕,야채볶음(닭),무숙채,0.966004686016232
20,676,찰밥,어묵김치찌개,닭다리조림,씀바귀나물,0.965303108123328
21,392,쌀밥,낙지찌개,돼지고기조림,버섯무침,0.9648809943143856
27,980,찰밥,복매운탕,닭고기조림,미나리초무침,0.9636620409854196
30,994,찰밥,복매운탕,돼지고기조림,잔파무침,0.9635731085708548
31,926,찰밥,낙지찌개,완자조림(돈육),잔파무침,0.9635404242492538
35,472,찰밥,아구(매운)탕,돼지고기조림,김무침,0.963338081028244
41,51,쌀밥,쏘가리매운탕,닭다리조림,미나리초무침,0.9627958782258262
44,984,찰밥,복매운탕,닭고기조림(옥수수),콩나물,0.9624145129649496
50,398,쌀밥,복매운탕,닭다리조림,단무지무침,0.9616483069121876
53,155,쌀밥,어묵김치찌개,구절판,묵무침(녹두묵),0.9611824718777751
63,550,찰밥,어묵김치찌개,부추볶음(고기),양상추샐러드,0.9606071357850838
65,16,쌀밥,아구(매운)탕,닭다리조림,미나리초무침,0.9605382807857136
66,441,찰밥,아구(매운)탕,야채볶음(닭),미나리초무침,0.9605172561695065
72,144,쌀밥,어묵김치찌개,떡볶음(돼지고기&간장),단무지무침,0.960392940430679
92,824,찰밥,어묵김치찌개,닭도리탕,단무지무침,0.9591574002726909
94,23,쌀밥,아구(매운)탕,완자조림(돈육),무숙채,0.9589887592742548
169,402,쌀밥,복매운탕,완자조림(돈육),단무지무침,0.952811875996273
264,27,쌀밥,아구(매운)탕,닭고기조림(옥수수),미나리초무침,0.9502823556641224
