,Unnamed: 0,밥,국,메인,서브,유사도
0,779,찰밥,어묵김치찌개,완자조림(돈육),무미역생채,0.9811777039643136
1,499,쌀밥,낙지찌개,돼지고기조림,단무지무침,0.9808725465424843
2,342,쌀밥,어묵김치찌개,닭고기조림(옥수수),잔파무침,0.9808010418740272
6,303,쌀밥,어묵김치찌개,닭고기조림,무미역생채,0.9761393282740944
7,721,찰밥,어묵김치찌개,구절판,버섯무침,0.9753084609854284
8,614,찰밥,어묵김치찌개,부추볶음(제육),탕평채,0.9748907119621256
9,952,찰밥,어묵김치찌개,돼지고기조림,물쑥무침,0.9745528245455828
14,591,찰밥,쏘가리매운탕,돼지고기조림,톳나물무침,0.9737169587421812
16,666,찰밥,어묵김치찌개,야채볶음(닭),양배추오이샐러드,0.9715720518308191
17,547,쌀밥,복매운탕,돼지고기조림,시래기나물,0.9713900887045104
20,517,쌀밥,복매운탕,닭다리조림,무숙채,0.9697170432169964
21,466,쌀밥,낙지찌개,닭다리조림,단무지무침,0.9695298568176021
23,761,찰밥,어묵김치찌개,닭다리조림,깻잎나물,0.9692849595609466
25,911,찰밥,어묵김치찌개,닭도리탕,감자나물,0.9691751146592072
30,524,쌀밥,복매운탕,닭고기조림,콩나물,0.968297738478811
51,999,찰밥,낙지찌개,완자조림(돈육),단무지무침,0.9630498092963602
59,47,쌀밥,아구(매운)탕,돼지고기조림,감자나물,0.9627302485456936
68,111,쌀밥,어묵김치찌개,부추볶음(고기),양배추샐러드,0.9615540929396136
84,559,찰밥,아구(매운)탕,닭다리조림,단무지무침,0.9599777981791184
85,16,쌀밥,아구(매운)탕,야채볶음(닭),무숙채,0.9599484274572972
88,173,쌀밥,어묵김치찌개,떡볶음(돼지고기&간장),콩나물,0.9599031719310324
107,6,쌀밥,오징어찌개,돼지고기조림,상추절이,0.9590634071502796
116,23,쌀밥,아구(매운)탕,완자조림(돈육),미나리초무침,0.958359115205294
131,58,쌀밥,쏘가리매운탕,완자조림(돈육),콩나물,0.9556054820573604
146,583,찰밥,쏘가리매운탕,닭다리조림,미나리초무침,0.9544915293766414
164,526,쌀밥,복매운탕,닭고기조림(옥수수),미나리초무침,0.9532957473838723
187,582,찰밥,쏘가리매운탕,야채볶음(닭),무숙채,0.9522405922922971
188,487,쌀밥,낙지찌개,닭고기조림(옥수수),콩나물,0.9522198083121578
196,459,쌀밥,낙지찌개,야채볶음(닭),탕평채,0.9520074852679457
237,571,찰밥,아구(매운)탕,닭고기조림(옥수수),콩나물,0.9507154931669808
257,483,쌀밥,낙지찌개,닭고기조림,콩나물,0.9502490112422544
258,80,쌀밥,해물찌개(넙치&장어),돼지고기조림,콩나물,0.9501766227858086
