,Unnamed: 0,밥,국,메인,서브,유사도
0,911,조밥,쏘가리매운탕,돼지고기조림,양배추샐러드,0.983649285616178
2,655,찰밥,어묵김치찌개,닭고기조림,탕평채,0.9805293581197246
3,934,조밥,어묵김치찌개,부추볶음(제육),양배추샐러드,0.980330739244862
5,427,쌀밥,어묵김치찌개,돼지고기조림,미역줄기무침(고추장&된장),0.9802143093049974
7,284,쌀밥,어묵김치찌개,완자조림(돈육),고사리나물,0.979844911486882
10,734,현미밥,어묵김치찌개,부추볶음(고기),감자나물,0.9781556114014508
11,883,조밥,아구(매운)탕,돼지고기조림,탕평채,0.9760698990345608
13,612,찰밥,어묵김치찌개,닭다리조림,양상추샐러드,0.9746223562628892
15,531,쌀밥,복매운탕,돼지고기조림,탕평채,0.9741935521851728
22,511,쌀밥,복매운탕,야채볶음(닭),콩나물,0.9730306015868256
23,979,조밥,어묵김치찌개,야채볶음(닭),콩잎무침,0.9722672583377274
25,867,조밥,아구(매운)탕,닭다리조림,단무지무침,0.97182941063323
27,472,쌀밥,낙지찌개,완자조림(돈육),미나리초무침,0.9707047757249392
28,680,찰밥,어묵김치찌개,닭도리탕,양상추샐러드,0.9706215420961906
38,600,찰밥,어묵김치찌개,구절판,삼무침,0.9684744860432482
40,814,현미밥,어묵김치찌개,닭고기조림(옥수수),고사리나물,0.9680140177502448
49,859,조밥,오징어찌개,돼지고기조림,시래기나물,0.9670796912745294
55,465,쌀밥,낙지찌개,닭다리조림,미나리초무침,0.9653152012448496
73,870,조밥,아구(매운)탕,완자조림(돈육),탕평채,0.9623504188535382
89,838,현미밥,낙지찌개,돼지고기조림,양배추오이샐러드,0.9610608697299708
96,927,조밥,해물찌개(넙치&장어),돼지고기조림,콩나물,0.9600123893667126
101,901,조밥,쏘가리매운탕,닭다리조림,미나리초무침,0.9595121530913772
107,904,조밥,쏘가리매운탕,완자조림(돈육),미나리초무침,0.9593387592333346
108,16,쌀밥,아구(매운)탕,야채볶음(닭),무숙채,0.9592772274122116
110,481,쌀밥,낙지찌개,닭고기조림,미나리초무침,0.959267171674752
158,876,조밥,아구(매운)탕,닭고기조림,콩나물,0.9559958767398976
174,172,쌀밥,어묵김치찌개,떡볶음(돼지고기&간장),단무지무침,0.954006380665443
186,518,쌀밥,복매운탕,완자조림(돈육),탕평채,0.953295064960036
216,488,쌀밥,낙지찌개,닭고기조림(옥수수),무숙채,0.9516454269347108
226,514,쌀밥,복매운탕,닭다리조림,미나리초무침,0.95147275903427
235,460,쌀밥,낙지찌개,야채볶음(닭),미나리초무침,0.9511141972427868
