,Unnamed: 0,밥,국,메인,서브,유사도
0,928,현미밥,어묵김치찌개,떡볶음(돼지고기&간장),미나리초무침,0.9754365269257526
1,907,현미밥,어묵김치찌개,야채볶음(닭),묵무침(녹두묵),0.973454893603677
2,790,찰밥,복매운탕,돼지고기조림,삼무침,0.9721204906832952
3,507,찰밥,어묵김치찌개,완자조림(돈육),질경이나물,0.9705553942063508
4,457,찰밥,어묵김치찌개,닭다리조림,유채나물,0.97035212033307
5,141,쌀밥,어묵김치찌개,돼지고기조림,미역초무침,0.9701457564125464
9,227,찰밥,오징어찌개,돼지고기조림,시래기나물,0.9688552846958264
11,425,찰밥,어묵김치찌개,구절판,고사리나물,0.9667285701031941
18,128,쌀밥,어묵김치찌개,닭도리탕,김무침,0.9640844695403472
29,47,쌀밥,쏘가리매운탕,돼지고기조림,시래기나물,0.9635330002962528
33,241,찰밥,아구(매운)탕,완자조림(돈육),미나리초무침,0.9630500148664082
34,51,쌀밥,어묵김치찌개,부추볶음(제육),미나리초무침,0.9630407509925352
39,566,찰밥,어묵김치찌개,닭고기조림(옥수수),콩잎무침,0.9625244687803362
40,111,쌀밥,어묵김치찌개,닭고기조림,시래기나물,0.962406575572035
47,753,찰밥,복매운탕,야채볶음(닭),미나리초무침,0.9613517612730286
51,176,쌀밥,낙지찌개,닭다리조림,미나리초무침,0.9610094663911992
52,725,찰밥,낙지찌개,닭고기조림,단무지무침,0.9610021138203616
58,16,쌀밥,아구(매운)탕,닭다리조림,콩나물,0.9607728668759566
59,884,현미밥,어묵김치찌개,부추볶음(고기),무숙채,0.9607650262052356
60,173,쌀밥,낙지찌개,야채볶음(닭),단무지무침,0.960753203055006
70,761,찰밥,복매운탕,닭다리조림,무숙채,0.9602113756756518
73,36,쌀밥,아구(매운)탕,돼지고기조림,버섯무침,0.9601230715525526
75,187,쌀밥,낙지찌개,돼지고기조림,미나리초무침,0.960101798182128
79,272,찰밥,쏘가리매운탕,야채볶음(닭),미나리초무침,0.9598965402158368
87,23,쌀밥,아구(매운)탕,닭고기조림(옥수수),무숙채,0.9592409875987974
120,713,찰밥,낙지찌개,완자조림(돈육),탕평채,0.9551992752517068
123,184,쌀밥,낙지찌개,닭고기조림(옥수수),콩나물,0.9549586940359508
126,277,찰밥,쏘가리매운탕,닭다리조림,무숙채,0.9546046399595446
188,770,찰밥,복매운탕,닭고기조림,콩나물,0.9522994362815044
214,766,찰밥,복매운탕,완자조림(돈육),콩나물,0.9516016721623548
239,203,쌀밥,복매운탕,닭고기조림(옥수수),미나리초무침,0.950955796541452
