,Unnamed: 0,밥,국,메인,서브,유사도
0,976,현미밥,낙지찌개,완자조림(돈육),미나리초무침,0.9767430962473976
1,804,현미밥,어묵김치찌개,완자조림(돈육),무숙채,0.9758702951456619
3,453,찰밥,어묵김치찌개,돼지고기조림,고비나물,0.9709631902570462
4,132,찰밥,어묵김치찌개,부추볶음(고기),삼무침,0.970539088617604
6,615,현미밥,쏘가리매운탕,돼지고기조림,무숙채,0.970452137371604
8,210,찰밥,어묵김치찌개,닭다리조림,곰피무침,0.9692520007724832
9,387,찰밥,어묵김치찌개,닭도리탕,상추절이,0.9671197898358042
10,830,현미밥,어묵김치찌개,닭고기조림,콩나물,0.9666704336170452
11,599,현미밥,아구(매운)탕,돼지고기조림,고사리나물,0.9659684611099396
12,702,현미밥,어묵김치찌개,구절판,파무침,0.964589555958276
14,353,찰밥,어묵김치찌개,닭고기조림(옥수수),돌나물무침,0.9642563528745992
18,987,현미밥,낙지찌개,돼지고기조림,톳나물무침,0.963932321456468
21,698,현미밥,어묵김치찌개,야채볶음(닭),버섯무침,0.963587877778034
28,102,찰밥,어묵김치찌개,부추볶음(제육),묵무침(녹두묵),0.9628232589918044
29,571,현미밥,오징어찌개,돼지고기조림,시래기나물,0.9626983942486412
45,16,찰밥,아구(매운)탕,야채볶음(닭),단무지무침,0.9611733765621712
51,478,찰밥,낙지찌개,닭다리조림,감자나물,0.9608964640343216
53,559,찰밥,복매운탕,돼지고기조림,콩나물,0.9608328425262797
58,35,찰밥,아구(매운)탕,닭고기조림(옥수수),콩나물,0.9605614127321459
71,23,찰밥,아구(매운)탕,닭다리조림,무숙채,0.959675022061463
73,701,현미밥,어묵김치찌개,떡볶음(돼지고기&간장),무숙채,0.95941445379709
80,535,찰밥,복매운탕,완자조림(돈육),미나리초무침,0.9582439035172114
109,579,현미밥,아구(매운)탕,완자조림(돈육),미나리초무침,0.9549598162159414
116,527,찰밥,복매운탕,야채볶음(닭),무숙채,0.9546639186149932
129,466,찰밥,낙지찌개,야채볶음(닭),탕평채,0.9539130045908928
131,59,찰밥,쏘가리매운탕,야채볶음(닭),무숙채,0.9537989930597376
150,495,찰밥,낙지찌개,닭고기조림,미나리초무침,0.9532245743469958
151,63,찰밥,쏘가리매운탕,완자조림(돈육),미나리초무침,0.9532239097392974
188,540,찰밥,복매운탕,닭고기조림,미나리초무침,0.9521493910710732
219,531,찰밥,복매운탕,닭다리조림,콩나물,0.9512711763974312
