,Unnamed: 0,밥,국,메인,서브,유사도
0,780,찰밥,어묵김치찌개,완자조림(돈육),파무침,0.9815293967341784
1,342,쌀밥,어묵김치찌개,닭도리탕,파래무침,0.9811588845489428
2,335,쌀밥,어묵김치찌개,닭고기조림(옥수수),고사리나물,0.9808624544040598
3,860,찰밥,어묵김치찌개,닭고기조림,뜸부기나물,0.980460523662512
6,721,찰밥,어묵김치찌개,구절판,우거지나물,0.9756832575440364
7,614,찰밥,어묵김치찌개,부추볶음(제육),미나리초무침,0.975272218740278
8,956,찰밥,어묵김치찌개,돼지고기조림,달래무침,0.9749443924396564
13,591,찰밥,쏘가리매운탕,돼지고기조림,양배추오이샐러드,0.9740919743410436
15,666,찰밥,어묵김치찌개,야채볶음(닭),양배추샐러드,0.9719464130185655
16,547,찰밥,아구(매운)탕,완자조림(돈육),콩나물,0.9717645689591948
19,517,쌀밥,복매운탕,돼지고기조림,시래기나물,0.9700894984061862
20,466,쌀밥,낙지찌개,돼지고기조림,양상추샐러드,0.9698955654006804
22,761,찰밥,어묵김치찌개,닭다리조림,유채나물,0.9696555728051558
29,524,찰밥,오징어찌개,돼지고기조림,김무침,0.9686729749577871
31,493,쌀밥,복매운탕,닭고기조림,미나리초무침,0.968336150236713
38,540,찰밥,아구(매운)탕,닭다리조림,단무지무침,0.9663824683408097
40,434,쌀밥,낙지찌개,야채볶음(닭),콩나물,0.9662794636353104
57,47,쌀밥,아구(매운)탕,돼지고기조림,감자나물,0.9630876315467002
63,703,찰밥,어묵김치찌개,떡볶음(돼지고기&간장),콩나물,0.9622218435477032
65,578,찰밥,쏘가리매운탕,야채볶음(닭),무숙채,0.9620279268882092
66,111,쌀밥,어묵김치찌개,부추볶음(고기),양배추오이샐러드,0.961932293426528
68,489,쌀밥,복매운탕,완자조림(돈육),미나리초무침,0.9615053621810012
76,444,쌀밥,낙지찌개,완자조림(돈육),미나리초무침,0.9605538559167828
83,16,쌀밥,아구(매운)탕,야채볶음(닭),무숙채,0.9603148396360768
129,58,쌀밥,쏘가리매운탕,완자조림(돈육),콩나물,0.9559869089778852
135,458,쌀밥,낙지찌개,닭고기조림(옥수수),콩나물,0.955309298013842
178,452,쌀밥,낙지찌개,닭고기조림,미나리초무침,0.952706203667968
184,487,쌀밥,복매운탕,닭다리조림,콩나물,0.9526021815159768
253,483,쌀밥,복매운탕,야채볶음(닭),무숙채,0.9506398421213912
254,80,쌀밥,해물찌개(넙치&장어),돼지고기조림,콩나물,0.9505292878777686
276,27,쌀밥,아구(매운)탕,닭고기조림,미나리초무침,0.9500570646254781
