,Unnamed: 0,밥,국,메인,서브,유사도
0,705,찰밥,어묵김치찌개,닭고기조림(옥수수),유채겉절이,0.9760132194529452
1,929,찰밥,복매운탕,돼지고기조림,고사리나물,0.9752904237386928
2,908,찰밥,복매운탕,닭고기조림,콩나물,0.9733202132644352
3,791,찰밥,어묵김치찌개,돼지고기조림,달래무침(단무지),0.9719847782199226
4,507,찰밥,어묵김치찌개,야채볶음(닭),다시마무침,0.9704173843005738
5,457,찰밥,어묵김치찌개,부추볶음(제육),상추절이,0.9702170014893722
6,141,쌀밥,어묵김치찌개,닭다리조림,김무침,0.9700122253964923
7,902,찰밥,복매운탕,완자조림(돈육),미나리초무침,0.9699282254558832
8,691,찰밥,어묵김치찌개,닭고기조림,가지나물,0.9698896506820536
10,227,쌀밥,어묵김치찌개,닭도리탕,상추절이,0.9687207227849772
12,425,찰밥,쏘가리매운탕,돼지고기조림,양배추오이샐러드,0.9665957343075524
13,961,현미밥,아구(매운)탕,돼지고기조림,상추절이,0.9661080586583106
19,128,쌀밥,어묵김치찌개,구절판,톳나물무침,0.9639415638576524
22,388,찰밥,아구(매운)탕,닭고기조림(옥수수),콩나물,0.9636958969352416
26,361,찰밥,오징어찌개,돼지고기조림,콩나물,0.963535448048412
30,47,쌀밥,쏘가리매운탕,완자조림(돈육),미나리초무침,0.9634013012847056
36,322,쌀밥,낙지찌개,돼지고기조림,무숙채,0.9627613963284308
42,641,찰밥,어묵김치찌개,완자조림(돈육),우거지나물,0.9621172496167524
43,480,찰밥,어묵김치찌개,부추볶음(고기),김무침,0.9618164960337678
46,893,찰밥,복매운탕,야채볶음(닭),콩나물,0.96137935941064
58,368,찰밥,아구(매운)탕,야채볶음(닭),미나리초무침,0.9606630091961336
59,16,쌀밥,아구(매운)탕,닭다리조림,콩나물,0.9606372304170464
88,23,쌀밥,아구(매운)탕,닭고기조림,콩나물,0.9590950001761172
93,305,쌀밥,낙지찌개,닭고기조림,단무지무침,0.9586905549045768
98,296,쌀밥,낙지찌개,닭다리조림,시래기나물,0.957799964977577
122,415,찰밥,쏘가리매운탕,닭다리조림,무숙채,0.9549413976781436
136,855,찰밥,낙지찌개,완자조림(돈육),상추절이,0.95408408710016
142,382,찰밥,아구(매운)탕,완자조림(돈육),무숙채,0.953723511287558
158,338,쌀밥,복매운탕,닭고기조림(옥수수),콩나물,0.9530352935408232
196,126,쌀밥,어묵김치찌개,떡볶음(돼지고기&간장),미나리초무침,0.9518779197650219
198,411,찰밥,쏘가리매운탕,야채볶음(닭),콩나물,0.9518367171384552
231,866,찰밥,낙지찌개,닭고기조림(옥수수),미나리초무침,0.9511771397595228
261,836,찰밥,낙지찌개,야채볶음(닭),콩나물,0.9503585506545378
266,899,찰밥,복매운탕,닭다리조림,무숙채,0.9501683218893391
