,Unnamed: 0,밥,국,메인,서브,유사도
0,904,현미밥,어묵김치찌개,닭도리탕,미나리초무침,0.9757119493486937
1,883,현미밥,어묵김치찌개,닭고기조림(옥수수),취나물(간장),0.9737074935204524
2,770,현미밥,어묵김치찌개,닭다리조림,감자나물,0.9723751790166952
3,494,찰밥,낙지찌개,닭다리조림,감자나물,0.9708147068367412
4,139,찰밥,어묵김치찌개,부추볶음(고기),무숙채,0.9703961139811179
7,501,찰밥,낙지찌개,완자조림(돈육),미나리초무침,0.9694045885752444
10,417,찰밥,어묵김치찌개,돼지고기조림,곰피무침,0.9669775958493284
25,47,찰밥,아구(매운)탕,돼지고기조림,양상추샐러드,0.9637798068138758
28,204,찰밥,어묵김치찌개,구절판,유채나물,0.9634273097310482
31,319,찰밥,어묵김치찌개,닭고기조림,무미역생채,0.9631760618657548
34,551,찰밥,복매운탕,완자조림(돈육),미나리초무침,0.962803012557784
35,109,찰밥,어묵김치찌개,부추볶음(제육),유채나물,0.9626713308298586
36,624,현미밥,쏘가리매운탕,돼지고기조림,김무침,0.9625395371412788
41,153,찰밥,어묵김치찌개,야채볶음(닭),양상추샐러드,0.9616892144178736
50,533,찰밥,낙지찌개,돼지고기조림,감자나물,0.9611344102606122
54,16,찰밥,오징어찌개,돼지고기조림,시래기나물,0.9610276000463236
65,563,찰밥,복매운탕,돼지고기조림,톳나물무침,0.9604517128440104
67,36,찰밥,아구(매운)탕,닭고기조림,콩나물,0.9604012152327088
69,517,찰밥,낙지찌개,닭고기조림(옥수수),콩나물,0.9603201298992778
72,270,찰밥,어묵김치찌개,완자조림(돈육),미나리초무침,0.9601655668872217
74,483,찰밥,낙지찌개,야채볶음(닭),미나리초무침,0.9601021922289598
79,23,찰밥,아구(매운)탕,닭다리조림,탕평채,0.9595164594279424
94,715,현미밥,어묵김치찌개,떡볶음(돼지고기&간장),미나리초무침,0.957721974609842
108,91,찰밥,해물찌개(넙치&장어),돼지고기조림,미나리초무침,0.9558472836359986
112,556,찰밥,복매운탕,닭고기조림,미나리초무침,0.9555756095962388
141,69,찰밥,쏘가리매운탕,완자조림(돈육),콩나물,0.9537885609083332
163,542,찰밥,복매운탕,야채볶음(닭),콩나물,0.9531093740290536
165,64,찰밥,쏘가리매운탕,닭다리조림,미나리초무침,0.9530639244859728
171,511,찰밥,낙지찌개,닭고기조림,미나리초무침,0.9528643094490504
188,38,찰밥,아구(매운)탕,닭고기조림(옥수수),미나리초무침,0.9523116237274222
195,21,찰밥,아구(매운)탕,야채볶음(닭),콩나물,0.9521390335649952
207,545,찰밥,복매운탕,닭다리조림,미나리초무침,0.9518723491757908
