,Unnamed: 0,밥,국,메인,서브,유사도
0,418,찰밥,낙지찌개,완자조림(돈육),시래기나물,0.9769551479586102
1,931,완두콩밥,아구(매운)탕,돼지고기조림,단무지무침,0.9764107601801756
2,344,찰밥,어묵김치찌개,돼지고기조림,오이무침,0.9760830081933516
3,681,현미밥,어묵김치찌개,완자조림(돈육),콩나물,0.9755119430215532
4,179,찰밥,어묵김치찌개,구절판,콩나물,0.9711617953955562
5,954,완두콩밥,쏘가리매운탕,돼지고기조림,김무침,0.9649765735062524
7,917,완두콩밥,아구(매운)탕,닭고기조림,콩나물,0.964373263790797
9,447,찰밥,낙지찌개,돼지고기조림,버섯무침,0.9639133916927484
12,974,완두콩밥,어묵김치찌개,부추볶음(제육),상추절이,0.9633292783926368
13,760,현미밥,어묵김치찌개,닭도리탕,뜸부기나물,0.96310807768846
15,141,찰밥,어묵김치찌개,야채볶음(닭),묵무침(도토리묵),0.9625489561849856
17,271,찰밥,어묵김치찌개,닭고기조림,유채나물,0.961919408974945
20,733,현미밥,어묵김치찌개,닭고기조림(옥수수),취나물(간장),0.9614575958694264
21,35,찰밥,아구(매운)탕,닭고기조림(옥수수),무숙채,0.9613441204035198
22,837,현미밥,낙지찌개,닭고기조림,무숙채,0.9612519780499056
23,188,찰밥,어묵김치찌개,닭다리조림,파무침,0.9611091821913216
30,424,찰밥,낙지찌개,닭고기조림(옥수수),미나리초무침,0.9603986406484808
33,485,찰밥,복매운탕,돼지고기조림,버섯무침,0.9601935888921728
35,6,찰밥,오징어찌개,돼지고기조림,단무지무침,0.959888296030155
39,990,완두콩밥,어묵김치찌개,부추볶음(고기),김무침,0.9595140033757024
42,907,완두콩밥,아구(매운)탕,야채볶음(닭),무숙채,0.9592847759421278
44,23,찰밥,아구(매운)탕,닭다리조림,무숙채,0.9589307784880976
46,828,현미밥,낙지찌개,닭다리조림,단무지무침,0.958570318246306
51,824,현미밥,낙지찌개,야채볶음(닭),단무지무침,0.9576385253709496
57,28,찰밥,아구(매운)탕,완자조림(돈육),무숙채,0.9562254971811042
110,57,찰밥,쏘가리매운탕,야채볶음(닭),콩나물,0.9531479790403308
113,943,완두콩밥,쏘가리매운탕,닭다리조림,무숙채,0.9531170602678036
