,Unnamed: 0,밥,국,메인,서브,유사도
0,905,조밥,어묵김치찌개,완자조림(돈육),시래기나물,0.9929359038248488
2,551,찰밥,어묵김치찌개,야채볶음(닭),옥수수샐러드,0.9923805941783124
3,979,조밥,어묵김치찌개,닭고기조림(옥수수),시래기나물,0.9922669331673059
5,741,조밥,어묵김치찌개,부추볶음(고기),삼무침,0.9922130727400422
6,426,쌀밥,어묵김치찌개,돼지고기조림,부추무침,0.9921765857223168
8,477,쌀밥,낙지찌개,완자조림(돈육),고사리나물,0.9910351443758796
9,688,조밥,쏘가리매운탕,돼지고기조림,김무침,0.9908758479106279
10,806,조밥,어묵김치찌개,구절판,묵무침(녹두묵),0.9908564833912032
15,842,조밥,어묵김치찌개,닭다리조림,묵무침(녹두묵),0.9900246411049368
18,661,조밥,아구(매운)탕,돼지고기조림,잔파무침,0.9898256497517974
19,703,조밥,어묵김치찌개,부추볶음(제육),탕평채,0.9897162426046668
22,985,조밥,어묵김치찌개,닭도리탕,미나리초무침,0.9892806687058964
32,517,쌀밥,복매운탕,닭다리조림,무숙채,0.988267573689568
56,916,조밥,어묵김치찌개,닭고기조림,양배추오이샐러드,0.9870891733877202
59,483,쌀밥,낙지찌개,닭고기조림,콩나물,0.9868927820758996
71,493,쌀밥,낙지찌개,돼지고기조림,양배추샐러드,0.986423405073064
77,641,조밥,아구(매운)탕,닭다리조림,무숙채,0.98603055296048
84,648,조밥,아구(매운)탕,닭고기조림,콩나물,0.9857968161919008
95,171,쌀밥,어묵김치찌개,떡볶음(돼지고기&간장),미나리초무침,0.9856003773115012
101,460,쌀밥,낙지찌개,야채볶음(닭),미나리초무침,0.9853424535551784
126,13,쌀밥,아구(매운)탕,야채볶음(닭),미나리초무침,0.9845969654175128
129,518,쌀밥,복매운탕,완자조림(돈육),탕평채,0.9844829208226964
146,621,조밥,오징어찌개,돼지고기조림,탕평채,0.983923246346996
165,32,쌀밥,아구(매운)탕,닭고기조림(옥수수),무숙채,0.9832851983480764
169,678,조밥,쏘가리매운탕,완자조림(돈육),무숙채,0.9832295531614924
191,547,쌀밥,복매운탕,돼지고기조림,시래기나물,0.9827374160444922
236,675,조밥,쏘가리매운탕,닭다리조림,무숙채,0.9817265606362178
257,645,조밥,아구(매운)탕,완자조림(돈육),콩나물,0.9813118111531048
260,464,쌀밥,낙지찌개,닭다리조림,탕평채,0.9809295080856018
384,487,쌀밥,낙지찌개,닭고기조림(옥수수),콩나물,0.9780037094594932
397,525,쌀밥,복매운탕,닭고기조림,무숙채,0.9777819247367796
