,Unnamed: 0,밥,국,메인,서브,유사도
0,564,조밥,아구(매운)탕,돼지고기조림,콩나물,0.9929647038590332
1,656,조밥,어묵김치찌개,야채볶음(닭),단무지무침,0.9927636189858668
2,798,조밥,어묵김치찌개,완자조림(돈육),시래기나물,0.9923787170511046
3,175,쌀밥,어묵김치찌개,구절판,유채나물,0.9923638175310148
7,314,쌀밥,어묵김치찌개,닭고기조림(옥수수),곰피무침,0.9920433550446244
8,936,조밥,어묵김치찌개,돼지고기조림,콩나물(겨자무침),0.9920401850889591
12,302,쌀밥,어묵김치찌개,닭고기조림,감자나물,0.9919645519488078
13,72,쌀밥,어묵김치찌개,부추볶음(제육),탕평채,0.9917618002491808
14,197,쌀밥,어묵김치찌개,닭다리조림,양배추샐러드,0.9917264919426853
17,492,쌀밥,복매운탕,닭다리조림,탕평채,0.9915964856452396
18,47,쌀밥,쏘가리매운탕,완자조림(돈육),무숙채,0.9915575287680116
25,979,조밥,낙지찌개,완자조림(돈육),감자나물,0.9911491390425616
26,994,조밥,낙지찌개,돼지고기조림,미나리초무침,0.9909554850807192
28,967,조밥,낙지찌개,닭다리조림,탕평채,0.9908687794392884
31,61,쌀밥,쏘가리매운탕,돼지고기조림,콩나물,0.9904429482376244
34,372,쌀밥,어묵김치찌개,닭도리탕,질경이나물,0.9902917892667824
37,105,쌀밥,어묵김치찌개,부추볶음(고기),단무지무침,0.990254703785606
40,444,쌀밥,낙지찌개,야채볶음(닭),탕평채,0.9901125599883708
43,526,쌀밥,복매운탕,돼지고기조림,시래기나물,0.9898709398532586
73,539,조밥,오징어찌개,돼지고기조림,버섯무침,0.9886960160577728
85,15,쌀밥,아구(매운)탕,닭다리조림,단무지무침,0.9882109073679616
87,682,조밥,어묵김치찌개,떡볶음(돼지고기&간장),미나리초무침,0.9881680996988378
89,505,쌀밥,복매운탕,닭고기조림(옥수수),미나리초무침,0.9881454895127202
101,25,쌀밥,아구(매운)탕,닭고기조림,무숙채,0.9878753803904228
102,990,조밥,낙지찌개,닭고기조림(옥수수),무숙채,0.9878625260791144
128,42,쌀밥,쏘가리매운탕,닭다리조림,미나리초무침,0.9870683897364289
141,19,쌀밥,아구(매운)탕,완자조림(돈육),미나리초무침,0.9867888862790198
168,555,조밥,아구(매운)탕,닭고기조림(옥수수),콩나물,0.9861787508561786
190,503,쌀밥,복매운탕,닭고기조림,콩나물,0.9857355248379536
202,41,쌀밥,쏘가리매운탕,야채볶음(닭),콩나물,0.98532998912237
225,12,쌀밥,아구(매운)탕,야채볶음(닭),무숙채,0.9851175674846108
308,490,쌀밥,복매운탕,야채볶음(닭),콩나물,0.9829143867167828
412,595,조밥,해물찌개(넙치&장어),돼지고기조림,콩나물,0.9810247706921956
478,497,쌀밥,복매운탕,완자조림(돈육),탕평채,0.979443047011436
