,Unnamed: 0,밥,국,메인,서브,유사도
0,919,현미밥,어묵김치찌개,구절판,옥수수샐러드,0.9907877920761852
1,775,찰밥,어묵김치찌개,닭고기조림(옥수수),우거지나물,0.9900863469374928
3,492,쌀밥,낙지찌개,돼지고기조림,미나리초무침,0.9893120488209984
4,908,현미밥,어묵김치찌개,야채볶음(닭),우거지나물,0.9891325223904144
6,697,찰밥,어묵김치찌개,완자조림(돈육),미나리초무침,0.9890373378653088
7,758,찰밥,어묵김치찌개,닭고기조림,뜸부기나물,0.9890163704419734
9,452,쌀밥,어묵김치찌개,돼지고기조림,뜸부기나물,0.9886893448373916
10,510,쌀밥,복매운탕,야채볶음(닭),단무지무침,0.9885015082746564
11,791,찰밥,어묵김치찌개,닭도리탕,묵무침(녹두묵),0.9884843051451886
14,656,찰밥,어묵김치찌개,닭다리조림,양배추오이샐러드,0.9882854650999064
17,596,찰밥,어묵김치찌개,부추볶음(고기),우거지나물,0.9879709294042134
28,520,쌀밥,복매운탕,완자조림(돈육),단무지무침,0.9861449448927094
43,479,쌀밥,낙지찌개,완자조림(돈육),시래기나물,0.9853901826876242
46,50,쌀밥,아구(매운)탕,돼지고기조림,무숙채,0.9851568758984932
55,574,찰밥,쏘가리매운탕,돼지고기조림,양상추샐러드,0.9846451644467856
59,466,쌀밥,낙지찌개,닭다리조림,단무지무침,0.9844077558200608
81,16,쌀밥,아구(매운)탕,야채볶음(닭),무숙채,0.983577074379694
85,550,찰밥,오징어찌개,돼지고기조림,감자나물,0.9834049865217604
87,526,쌀밥,복매운탕,닭고기조림(옥수수),미나리초무침,0.9833642759018832
91,584,찰밥,어묵김치찌개,부추볶음(제육),양배추오이샐러드,0.983192320169985
99,536,쌀밥,복매운탕,돼지고기조림,무미역생채,0.983113181966664
112,23,쌀밥,아구(매운)탕,완자조림(돈육),미나리초무침,0.9826274164366088
121,80,쌀밥,해물찌개(넙치&장어),돼지고기조림,콩나물,0.9821519952604332
132,481,쌀밥,낙지찌개,닭고기조림,미나리초무침,0.9815343572451921
154,564,찰밥,쏘가리매운탕,닭다리조림,미나리초무침,0.9802104863420552
170,569,찰밥,쏘가리매운탕,완자조림(돈육),콩나물,0.9792912067301934
173,515,쌀밥,복매운탕,닭다리조림,단무지무침,0.9791733461770488
203,486,쌀밥,낙지찌개,닭고기조림(옥수수),단무지무침,0.9786007011238056
217,21,쌀밥,아구(매운)탕,닭다리조림,무숙채,0.9781927107145548
245,859,찰밥,복매운탕,닭고기조림,무숙채,0.9777985624970396
291,171,쌀밥,어묵김치찌개,떡볶음(돼지고기&간장),미나리초무침,0.9771708607003216
294,27,쌀밥,아구(매운)탕,닭고기조림,미나리초무침,0.9770295412024966
361,30,쌀밥,아구(매운)탕,닭고기조림(옥수수),미나리초무침,0.975994265131792
459,463,쌀밥,낙지찌개,야채볶음(닭),무숙채,0.9735157210746702
