,Unnamed: 0,밥,국,메인,서브,유사도
0,808,조밥,어묵김치찌개,야채볶음(닭),콩잎무침,0.992501606221456
1,639,현미밥,어묵김치찌개,닭다리조림,옥수수샐러드,0.9922976553204992
3,713,조밥,아구(매운)탕,돼지고기조림,미나리초무침,0.991150551113716
4,981,조밥,어묵김치찌개,닭고기조림,돌나물무침,0.9909973711128292
5,541,쌀밥,복매운탕,돼지고기조림,우거지나물,0.9903743634222316
9,655,현미밥,어묵김치찌개,완자조림(돈육),감자나물,0.9900716030370166
12,450,쌀밥,어묵김치찌개,돼지고기조림,깻잎나물,0.9896696470511483
14,179,쌀밥,어묵김치찌개,구절판,옥수수샐러드,0.9887240037845012
21,767,조밥,어묵김치찌개,부추볶음(제육),잔파무침,0.988396791727748
22,68,쌀밥,쏘가리매운탕,돼지고기조림,잔파무침,0.9882882488277424
24,459,쌀밥,낙지찌개,야채볶음(닭),탕평채,0.9880812041994449
28,374,쌀밥,어묵김치찌개,닭도리탕,양배추오이샐러드,0.9878506907349393
33,112,쌀밥,어묵김치찌개,부추볶음(고기),양배추오이샐러드,0.9876378722273222
34,344,쌀밥,어묵김치찌개,닭고기조림(옥수수),단무지무침,0.9875395843493008
39,680,조밥,오징어찌개,돼지고기조림,잔파무침,0.9871158688033678
42,733,조밥,쏘가리매운탕,완자조림(돈육),미나리초무침,0.986535058673709
46,492,쌀밥,낙지찌개,돼지고기조림,미나리초무침,0.9863584227296466
77,549,찰밥,해물찌개(넙치&장어),돼지고기조림,콩나물,0.9851641053013608
88,28,쌀밥,아구(매운)탕,닭고기조림,콩나물,0.9847210802948928
90,700,조밥,아구(매운)탕,완자조림(돈육),미나리초무침,0.9846612563130182
106,53,쌀밥,쏘가리매운탕,야채볶음(닭),콩나물,0.9840008878142208
110,520,쌀밥,복매운탕,완자조림(돈육),단무지무침,0.9836864634016079
116,172,쌀밥,어묵김치찌개,떡볶음(돼지고기&간장),단무지무침,0.9834882406402377
122,708,조밥,아구(매운)탕,닭고기조림(옥수수),콩나물,0.9833657291201048
127,513,쌀밥,복매운탕,닭다리조림,탕평채,0.983325915356684
130,615,찰밥,낙지찌개,닭다리조림,고사리나물,0.9832672330707964
140,20,쌀밥,아구(매운)탕,닭다리조림,콩나물,0.9829316011525162
154,476,쌀밥,낙지찌개,완자조림(돈육),감자나물,0.9826416083887732
197,692,조밥,아구(매운)탕,야채볶음(닭),콩나물,0.9810489707180312
267,524,쌀밥,복매운탕,닭고기조림,콩나물,0.9787496761994534
282,511,쌀밥,복매운탕,야채볶음(닭),콩나물,0.9784841515814752
402,527,쌀밥,복매운탕,닭고기조림(옥수수),콩나물,0.9763362887324636
409,482,쌀밥,낙지찌개,닭고기조림,단무지무침,0.9762969548071532
451,55,쌀밥,쏘가리매운탕,닭다리조림,콩나물,0.975526099393625
