,Unnamed: 0,밥,국,메인,서브,유사도
0,961,찰밥,어묵김치찌개,돼지고기조림,부추무침,0.9912289260227222
1,807,찰밥,어묵김치찌개,완자조림(돈육),삼무침,0.9905315290881384
4,342,쌀밥,어묵김치찌개,닭도리탕,미나리초무침,0.9895491827769092
5,722,찰밥,어묵김치찌개,구절판,질경이나물,0.9894907379696268
7,143,쌀밥,어묵김치찌개,야채볶음(닭),달래무침,0.9891368260468281
8,462,쌀밥,낙지찌개,돼지고기조림,양배추오이샐러드,0.9891327173765002
9,525,찰밥,오징어찌개,돼지고기조림,감자나물,0.9889548506233888
10,826,찰밥,어묵김치찌개,닭고기조림,콩잎무침,0.988912953424964
14,217,쌀밥,어묵김치찌개,닭다리조림,콩나물,0.9884937707894034
15,612,찰밥,어묵김치찌개,부추볶음(제육),양배추샐러드,0.9884341682620617
17,514,쌀밥,복매운탕,돼지고기조림,시래기나물,0.9882761203191041
19,444,쌀밥,낙지찌개,완자조림(돈육),콩나물,0.9874292759977272
21,882,찰밥,어묵김치찌개,닭고기조림(옥수수),묵무침(녹두묵),0.9872047404229152
25,535,찰밥,아구(매운)탕,닭다리조림,탕평채,0.9865989182585014
38,492,쌀밥,복매운탕,닭고기조림,무숙채,0.9858165556548494
40,50,쌀밥,아구(매운)탕,돼지고기조림,무숙채,0.9856257438302024
47,577,찰밥,쏘가리매운탕,닭다리조림,콩나물,0.9852087993636716
48,590,찰밥,쏘가리매운탕,돼지고기조림,무미역생채,0.9851348126309868
50,111,쌀밥,어묵김치찌개,부추볶음(고기),양배추오이샐러드,0.9848990270915186
52,478,쌀밥,복매운탕,야채볶음(닭),단무지무침,0.9848377598366403
63,171,쌀밥,어묵김치찌개,떡볶음(돼지고기&간장),콩나물,0.9843694921990108
73,16,쌀밥,아구(매운)탕,야채볶음(닭),무숙채,0.984025163411498
75,450,쌀밥,낙지찌개,닭고기조림,단무지무침,0.9839913410690384
79,541,찰밥,아구(매운)탕,완자조림(돈육),탕평채,0.9838479411467812
81,453,쌀밥,낙지찌개,닭고기조림(옥수수),미나리초무침,0.9837759930894884
89,551,찰밥,아구(매운)탕,닭고기조림(옥수수),콩나물,0.9835973008048076
111,80,쌀밥,해물찌개(넙치&장어),돼지고기조림,콩나물,0.9826212274887434
122,495,쌀밥,복매운탕,닭고기조림(옥수수),무숙채,0.9819907993598476
129,432,쌀밥,낙지찌개,야채볶음(닭),무숙채,0.981241168494128
142,580,찰밥,쏘가리매운탕,완자조림(돈육),단무지무침,0.9806624008373296
149,435,쌀밥,낙지찌개,닭다리조림,단무지무침,0.9801912626047038
178,548,찰밥,아구(매운)탕,닭고기조림,콩나물,0.9792678192125828
224,481,쌀밥,복매운탕,닭다리조림,탕평채,0.9783293102074058
244,575,찰밥,쏘가리매운탕,야채볶음(닭),무숙채,0.9780567998845368
441,487,쌀밥,복매운탕,완자조림(돈육),단무지무침,0.9737955252455148
