,Unnamed: 0,밥,국,메인,서브,유사도
0,929,현미밥,어묵김치찌개,부추볶음(고기),양배추샐러드,0.9908308162505212
1,784,찰밥,어묵김치찌개,닭고기조림(옥수수),양배추오이샐러드,0.9901297368647852
3,494,쌀밥,낙지찌개,돼지고기조림,양배추오이샐러드,0.9893535058980965
4,918,현미밥,쏘가리매운탕,돼지고기조림,고사리나물,0.9891777699412314
6,704,찰밥,어묵김치찌개,완자조림(돈육),톳나물무침,0.9890814713930618
7,767,찰밥,어묵김치찌개,닭고기조림,감자나물,0.989056968701444
8,142,쌀밥,어묵김치찌개,야채볶음(닭),김무침,0.9887416485616546
9,453,쌀밥,어묵김치찌개,돼지고기조림,무숙채,0.9887325661896432
10,512,쌀밥,복매운탕,야채볶음(닭),무숙채,0.9885456349639504
14,661,찰밥,어묵김치찌개,닭다리조림,콩잎무침,0.9883308697627484
16,599,찰밥,어묵김치찌개,부추볶음(제육),무숙채,0.9880159537527852
21,954,현미밥,어묵김치찌개,구절판,탕평채,0.9868438914403432
22,855,찰밥,낙지찌개,닭다리조림,고사리나물,0.9868106360056258
26,522,쌀밥,복매운탕,완자조림(돈육),무숙채,0.9861891219233296
34,371,쌀밥,어묵김치찌개,닭도리탕,옥수수샐러드,0.9856922957243296
41,480,쌀밥,낙지찌개,완자조림(돈육),버섯무침,0.9854318496011604
43,50,쌀밥,아구(매운)탕,돼지고기조림,무숙채,0.9852024033727168
60,903,찰밥,복매운탕,돼지고기조림,무숙채,0.9841860566626676
73,891,찰밥,복매운탕,닭고기조림,콩나물,0.9838254571508718
78,16,쌀밥,아구(매운)탕,야채볶음(닭),무숙채,0.9836207091149456
82,553,찰밥,아구(매운)탕,닭다리조림,탕평채,0.9834518891323152
84,528,쌀밥,복매운탕,닭고기조림(옥수수),무숙채,0.9834111425947738
87,6,쌀밥,오징어찌개,돼지고기조림,상추절이,0.9832828290680043
109,23,쌀밥,아구(매운)탕,완자조림(돈육),미나리초무침,0.9826744002928254
118,80,쌀밥,해물찌개(넙치&장어),돼지고기조림,콩나물,0.9821975469162744
129,482,쌀밥,낙지찌개,닭고기조림,단무지무침,0.9815787449095096
150,567,찰밥,쏘가리매운탕,닭다리조림,콩나물,0.9802544586799408
167,572,찰밥,쏘가리매운탕,완자조림(돈육),무숙채,0.9793270528232848
170,517,쌀밥,복매운탕,닭다리조림,무숙채,0.9792164107911551
200,488,쌀밥,낙지찌개,닭고기조림(옥수수),무숙채,0.9786445766978128
286,172,쌀밥,어묵김치찌개,떡볶음(돼지고기&간장),단무지무침,0.9772166037406348
289,27,쌀밥,아구(매운)탕,닭고기조림,미나리초무침,0.9770738099338392
356,30,쌀밥,아구(매운)탕,닭고기조림(옥수수),미나리초무침,0.9760376225640344
