,Unnamed: 0,밥,국,메인,서브,유사도
0,957,찰밥,어묵김치찌개,돼지고기조림,우거지나물,0.9909889847970644
1,806,찰밥,어묵김치찌개,완자조림(돈육),무청무침,0.9902892994148592
3,506,쌀밥,낙지찌개,돼지고기조림,무숙채,0.9895057259869248
5,342,쌀밥,어묵김치찌개,닭고기조림(옥수수),잔파무침,0.9893183146817756
6,722,찰밥,어묵김치찌개,닭다리조림,톳나물무침,0.9892438660050582
8,143,쌀밥,어묵김치찌개,야채볶음(닭),다시마무침,0.988898688558456
9,461,쌀밥,낙지찌개,야채볶음(닭),단무지무침,0.98889149555865
10,525,쌀밥,복매운탕,닭고기조림,무숙채,0.9887080064842059
11,823,찰밥,어묵김치찌개,닭고기조림,양배추무침,0.9886800308638304
16,612,찰밥,어묵김치찌개,부추볶음(제육),파래무침,0.9881817400970664
18,514,쌀밥,복매운탕,닭다리조림,미나리초무침,0.9880265715473668
21,983,찰밥,낙지찌개,닭다리조림,미나리초무침,0.9870115331401064
23,692,찰밥,어묵김치찌개,구절판,톳나물무침,0.9865631584940862
26,535,쌀밥,복매운탕,돼지고기조림,양상추샐러드,0.9863516975459388
36,378,쌀밥,어묵김치찌개,닭도리탕,김무침,0.9858060846370029
41,50,쌀밥,아구(매운)탕,돼지고기조림,무숙채,0.9853701173034348
49,590,찰밥,쏘가리매운탕,돼지고기조림,파무침,0.9848674663370542
51,111,쌀밥,어묵김치찌개,부추볶음(고기),양배추샐러드,0.984645406154698
53,477,쌀밥,낙지찌개,완자조림(돈육),고사리나물,0.9846040369278874
54,689,찰밥,어묵김치찌개,떡볶음(돼지고기&간장),무숙채,0.9845547609522451
74,16,쌀밥,아구(매운)탕,야채볶음(닭),무숙채,0.9837812374056776
78,566,찰밥,아구(매운)탕,완자조림(돈육),콩나물,0.9836248393619208
83,6,쌀밥,오징어찌개,돼지고기조림,상추절이,0.9834494353749094
93,557,찰밥,아구(매운)탕,닭다리조림,탕평채,0.9832352924389784
113,80,쌀밥,해물찌개(넙치&장어),돼지고기조림,콩나물,0.98236536902762
161,519,쌀밥,복매운탕,완자조림(돈육),미나리초무침,0.9794753389797624
162,585,찰밥,쏘가리매운탕,닭다리조림,무숙채,0.9794580001330012
171,59,쌀밥,쏘가리매운탕,완자조림(돈육),무숙채,0.9792179617836276
216,527,쌀밥,복매운탕,닭고기조림(옥수수),콩나물,0.9782259714634248
276,27,쌀밥,아구(매운)탕,닭고기조림,미나리초무침,0.9772367834542018
338,30,쌀밥,아구(매운)탕,닭고기조림(옥수수),미나리초무침,0.9761971378933376
444,486,쌀밥,낙지찌개,닭고기조림(옥수수),단무지무침,0.9735313454750396
