,Unnamed: 0,밥,국,메인,서브,유사도
0,928,현미밥,어묵김치찌개,닭도리탕,파무침,0.9915991673893582
1,781,현미밥,어묵김치찌개,닭다리조림,무미역생채,0.9909058730349204
3,917,현미밥,어묵김치찌개,닭고기조림(옥수수),삼무침,0.9899930872174898
4,450,찰밥,어묵김치찌개,돼지고기조림,오이무침(우엉),0.9895053505294586
5,143,찰밥,어묵김치찌개,부추볶음(제육),뜸부기나물,0.9895039824899934
6,512,찰밥,낙지찌개,야채볶음(닭),콩나물,0.9893374766780729
8,658,현미밥,쏘가리매운탕,돼지고기조림,무숙채,0.9891496061170392
9,217,찰밥,어묵김치찌개,구절판,톳나물무침,0.9888650253537536
24,368,찰밥,어묵김치찌개,닭고기조림,고사리나물,0.9862157510329876
28,50,찰밥,아구(매운)탕,닭다리조림,단무지무침,0.9860241511175358
30,308,찰밥,어묵김치찌개,완자조림(돈육),달래무침(단무지),0.9858680862725288
35,574,찰밥,복매운탕,닭다리조림,콩나물,0.9855540569540164
37,209,찰밥,어묵김치찌개,야채볶음(닭),시래기나물,0.9852922802105816
44,163,찰밥,어묵김치찌개,부추볶음(고기),고사리나물,0.9848703536213388
46,211,찰밥,어묵김치찌개,떡볶음(돼지고기&간장),미나리초무침,0.9848114284538566
56,43,찰밥,아구(매운)탕,야채볶음(닭),탕평채,0.984567646491038
61,551,찰밥,낙지찌개,돼지고기조림,양배추오이샐러드,0.9843027849742304
62,35,찰밥,오징어찌개,돼지고기조림,단무지무침,0.984293150232971
63,527,찰밥,낙지찌개,완자조림(돈육),탕평채,0.9842612889837484
66,6,쌀밥,아구(매운)탕,돼지고기조림,미나리초무침,0.9840986571205927
67,584,찰밥,복매운탕,닭고기조림,콩나물,0.9840899685644195
70,606,찰밥,복매운탕,돼지고기조림,무숙채,0.9840295417079832
103,60,찰밥,아구(매운)탕,닭고기조림,미나리초무침,0.9818564741899156
111,90,찰밥,쏘가리매운탕,닭다리조림,콩나물,0.9815106847481716
138,517,찰밥,낙지찌개,닭다리조림,미나리초무침,0.9799872072613356
140,569,찰밥,복매운탕,야채볶음(닭),콩나물,0.9799460887058772
141,59,찰밥,아구(매운)탕,완자조림(돈육),시래기나물,0.9799064823755382
163,539,찰밥,낙지찌개,닭고기조림,단무지무침,0.9794019886274652
207,118,찰밥,해물찌개(넙치&장어),돼지고기조림,무숙채,0.9786891970288532
212,88,찰밥,쏘가리매운탕,야채볶음(닭),무숙채,0.9786135197772312
339,587,찰밥,복매운탕,닭고기조림(옥수수),콩나물,0.9762084101377122
343,92,찰밥,쏘가리매운탕,완자조림(돈육),미나리초무침,0.9761460482822608
387,545,찰밥,낙지찌개,닭고기조림(옥수수),무숙채,0.9751687347049663
