,Unnamed: 0,밥,국,메인,서브,유사도
0,950,찰밥,낙지찌개,닭다리조림,상추절이,0.9913157629008416
1,798,찰밥,어묵김치찌개,닭고기조림,가지나물,0.9906192564618932
3,939,찰밥,어묵김치찌개,돼지고기조림,배추나물,0.9896903863225096
4,716,찰밥,어묵김치찌개,닭다리조림,무숙채,0.9895802694876248
5,143,쌀밥,어묵김치찌개,야채볶음(닭),콩나물어묵무침,0.9892229772523388
6,460,찰밥,오징어찌개,돼지고기조림,파무침,0.9892200630343296
7,522,찰밥,쏘가리매운탕,닭다리조림,무숙채,0.9890443746539054
8,817,찰밥,어묵김치찌개,닭고기조림(옥수수),양상추샐러드,0.988997086488843
11,673,찰밥,어묵김치찌개,구절판,시래기나물,0.9888454774264614
12,217,쌀밥,어묵김치찌개,완자조림(돈육),김무침,0.9885808118517356
15,511,찰밥,아구(매운)탕,돼지고기조림,감자나물,0.9883666959011054
17,442,쌀밥,복매운탕,닭고기조림(옥수수),무숙채,0.9875151476224858
18,976,찰밥,낙지찌개,닭고기조림(옥수수),무숙채,0.9873598895824656
19,873,찰밥,어묵김치찌개,닭도리탕,시래기나물,0.9872906510250136
21,413,쌀밥,낙지찌개,돼지고기조림,잔파무침,0.9867804215168556
23,532,찰밥,쏘가리매운탕,돼지고기조림,양배추오이샐러드,0.9866886025750352
25,969,찰밥,낙지찌개,닭고기조림,미나리초무침,0.9864664072508472
30,965,찰밥,낙지찌개,완자조림(돈육),고사리나물,0.9861596027723204
34,490,찰밥,아구(매운)탕,완자조림(돈육),시래기나물,0.9859002215537476
42,573,찰밥,어묵김치찌개,부추볶음(제육),고사리나물,0.9852981631701122
43,586,찰밥,어묵김치찌개,부추볶음(고기),잔파무침,0.9852322996962088
47,476,찰밥,아구(매운)탕,야채볶음(닭),단무지무침,0.98492222784493
60,381,쌀밥,낙지찌개,야채볶음(닭),단무지무침,0.9843920551948662
67,16,쌀밥,아구(매운)탕,닭다리조림,탕평채,0.9841135876229096
69,448,쌀밥,복매운탕,돼지고기조림,무미역생채,0.9840785064622416
83,548,찰밥,해물찌개(넙치&장어),돼지고기조림,콩나물,0.9836935953635848
112,493,찰밥,아구(매운)탕,닭고기조림,무숙채,0.9820810667144799
119,430,쌀밥,복매운탕,닭다리조림,단무지무침,0.9813394319871679
137,433,쌀밥,복매운탕,완자조림(돈육),미나리초무침,0.9802767969915642
190,57,쌀밥,쏘가리매운탕,완자조림(돈육),무숙채,0.9787419481409924
286,645,찰밥,어묵김치찌개,떡볶음(돼지고기&간장),무숙채,0.9771882226210452
324,30,쌀밥,아구(매운)탕,닭고기조림(옥수수),무숙채,0.9765274345313568
348,426,쌀밥,복매운탕,야채볶음(닭),단무지무침,0.9758512351113232
483,517,찰밥,쏘가리매운탕,야채볶음(닭),미나리초무침,0.9731582805858292
