,Unnamed: 0,밥,국,메인,서브,유사도
0,933,현미밥,어묵김치찌개,야채볶음(닭),무청무침,0.9914923168802886
1,786,찰밥,복매운탕,돼지고기조림,미나리초무침,0.9907977486931115
4,143,쌀밥,어묵김치찌개,돼지고기조림,오이무침(우엉),0.9893980697118298
5,453,찰밥,어묵김치찌개,닭다리조림,김무침,0.9893977443862289
6,515,찰밥,어묵김치찌개,완자조림(돈육),질경이나물,0.9892267794805942
11,435,찰밥,어묵김치찌개,구절판,무숙채,0.9876896541997304
14,406,찰밥,어묵김치찌개,떡볶음(돼지고기&간장),단무지무침,0.9869569585563516
20,128,쌀밥,어묵김치찌개,닭고기조림(옥수수),버섯무침,0.9864085917952546
23,228,찰밥,오징어찌개,돼지고기조림,김무침,0.9862251934568864
29,50,쌀밥,어묵김치찌개,부추볶음(제육),파무침,0.985908548946065
31,309,찰밥,쏘가리매운탕,돼지고기조림,버섯무침,0.9857502138535656
34,243,찰밥,아구(매운)탕,닭다리조림,미나리초무침,0.9855706126318184
37,209,쌀밥,복매운탕,닭고기조림,미나리초무침,0.985183009567457
38,111,쌀밥,어묵김치찌개,닭고기조림,돌나물무침,0.9851793948334692
42,763,찰밥,복매운탕,야채볶음(닭),콩나물,0.9849395407535372
46,737,찰밥,낙지찌개,닭고기조림(옥수수),단무지무침,0.9847083917091392
47,211,쌀밥,복매운탕,닭고기조림(옥수수),콩나물,0.9846946397542834
60,139,쌀밥,어묵김치찌개,닭도리탕,버섯무침,0.984220473380508
62,35,쌀밥,아구(매운)탕,돼지고기조림,무숙채,0.984171077058426
71,734,찰밥,낙지찌개,닭고기조림,콩나물,0.9838952380448528
73,758,찰밥,낙지찌개,돼지고기조림,시래기나물,0.9838683514189304
79,876,현미밥,어묵김치찌개,부추볶음(고기),톳나물무침,0.9836258262213992
85,23,쌀밥,아구(매운)탕,닭고기조림(옥수수),콩나물,0.9834064469882324
94,774,찰밥,복매운탕,완자조림(돈육),콩나물,0.982737309099859
98,730,찰밥,낙지찌개,완자조림(돈육),시래기나물,0.9824058306110908
119,181,쌀밥,낙지찌개,야채볶음(닭),콩나물,0.9809203615428777
127,251,찰밥,아구(매운)탕,완자조림(돈육),콩나물,0.9804117424118431
175,711,찰밥,낙지찌개,닭다리조림,미나리초무침,0.978993025707833
179,21,쌀밥,아구(매운)탕,닭고기조림,무숙채,0.9789163617522402
181,766,찰밥,복매운탕,닭다리조림,미나리초무침,0.9788728113472344
256,809,현미밥,아구(매운)탕,야채볶음(닭),미나리초무침,0.977713277956134
336,289,찰밥,쏘가리매운탕,완자조림(돈육),무숙채,0.9761685767190316
364,310,찰밥,해물찌개(넙치&장어),돼지고기조림,미나리초무침,0.9757112550434356
