,Unnamed: 0,밥,국,메인,서브,유사도
0,772,완두콩밥,오징어찌개,돼지고기조림,단무지무침,0.9931180944430852
1,669,현미밥,어묵김치찌개,돼지고기조림,양배추무침,0.9911004023320982
2,753,현미밥,복매운탕,완자조림(돈육),단무지무침,0.9909427775419476
3,170,찰밥,어묵김치찌개,닭다리조림,달래무침,0.990942760479268
4,970,완두콩밥,어묵김치찌개,닭고기조림,묵무침(녹두묵),0.990573521597406
5,885,완두콩밥,어묵김치찌개,야채볶음(닭),삼무침,0.990498067524278
7,391,찰밥,복매운탕,닭다리조림,단무지무침,0.9904231564838292
11,998,완두콩밥,어묵김치찌개,닭고기조림(옥수수),상추절이,0.9892648899174449
12,719,현미밥,낙지찌개,완자조림(돈육),단무지무침,0.9867504466787271
13,274,찰밥,어묵김치찌개,닭도리탕,유채나물,0.9867332153954222
14,758,현미밥,복매운탕,돼지고기조림,무미역생채,0.9867040103110092
17,583,현미밥,어묵김치찌개,완자조림(돈육),콩나물,0.9857962458654436
19,27,찰밥,아구(매운)탕,닭고기조림,콩나물,0.9855994759047904
20,792,완두콩밥,아구(매운)탕,닭고기조림(옥수수),콩나물,0.98549658155978
23,378,찰밥,낙지찌개,돼지고기조림,우거지나물,0.9844561540531748
24,22,찰밥,아구(매운)탕,완자조림(돈육),단무지무침,0.9843882911886744
28,726,현미밥,낙지찌개,닭고기조림(옥수수),콩나물,0.9840292901272388
39,487,현미밥,어묵김치찌개,부추볶음(고기),삼무침,0.983390134867476
41,389,찰밥,복매운탕,야채볶음(닭),무숙채,0.9832249538536779
42,723,현미밥,낙지찌개,닭고기조림,콩나물,0.9831862226834368
45,452,현미밥,아구(매운)탕,돼지고기조림,시래기나물,0.9829357396786494
48,462,현미밥,쏘가리매운탕,돼지고기조림,무숙채,0.9828991595745904
53,348,찰밥,낙지찌개,닭다리조림,무숙채,0.9826126051371848
58,778,완두콩밥,아구(매운)탕,야채볶음(닭),미나리초무침,0.9824669240168279
68,843,완두콩밥,어묵김치찌개,부추볶음(제육),가지나물,0.9818009152094412
86,404,찰밥,복매운탕,닭고기조림(옥수수),무숙채,0.9805833779053578
97,52,찰밥,쏘가리매운탕,야채볶음(닭),콩나물,0.9801459981450584
100,155,찰밥,어묵김치찌개,구절판,콩나물,0.9799896045276791
106,57,찰밥,쏘가리매운탕,완자조림(돈육),미나리초무침,0.9796783425807482
117,813,완두콩밥,쏘가리매운탕,닭다리조림,미나리초무침,0.9793939108576546
118,783,완두콩밥,아구(매운)탕,닭다리조림,단무지무침,0.9793778968031168
120,143,찰밥,어묵김치찌개,떡볶음(돼지고기&간장),미나리초무침,0.9793415650921496
153,710,현미밥,낙지찌개,야채볶음(닭),미나리초무침,0.978539366773818
277,401,찰밥,복매운탕,닭고기조림,무숙채,0.9753276681429168
