,Unnamed: 0,밥,국,메인,서브,유사도
0,868,현미밥,어묵김치찌개,닭고기조림(옥수수),돌나물무침,0.991710540618971
1,731,현미밥,어묵김치찌개,구절판,시래기나물,0.9910186760236088
4,138,찰밥,어묵김치찌개,야채볶음(닭),곰피무침,0.9896143244415544
5,475,찰밥,낙지찌개,야채볶음(닭),미나리초무침,0.9894531688287316
6,737,현미밥,어묵김치찌개,닭다리조림,탕평채,0.9893761250327701
7,612,현미밥,쏘가리매운탕,돼지고기조림,탕평채,0.9892701756777924
9,465,찰밥,어묵김치찌개,돼지고기조림,도라지나물,0.9887809635363176
11,892,현미밥,어묵김치찌개,닭도리탕,옥수수샐러드,0.9877861158281036
17,123,찰밥,어묵김치찌개,부추볶음(고기),양배추오이샐러드,0.986647998623612
24,50,찰밥,아구(매운)탕,돼지고기조림,콩나물,0.9861453538936904
26,298,찰밥,어묵김치찌개,완자조림(돈육),무숙채,0.9859918283915629
30,532,찰밥,복매운탕,야채볶음(닭),미나리초무침,0.9856824703820108
31,106,찰밥,어묵김치찌개,부추볶음(제육),우거지나물,0.9854139123741849
36,843,현미밥,어묵김치찌개,닭고기조림,질경이나물,0.9851746543871878
37,708,현미밥,어묵김치찌개,떡볶음(돼지고기&간장),콩나물,0.9851599829632444
45,982,현미밥,낙지찌개,닭다리조림,미나리초무침,0.98483320146494
54,16,찰밥,아구(매운)탕,야채볶음(닭),단무지무침,0.9845169652233376
56,512,찰밥,낙지찌개,돼지고기조림,톳나물무침,0.9844293164100032
57,35,찰밥,아구(매운)탕,닭고기조림(옥수수),콩나물,0.9844216015121258
61,6,찰밥,오징어찌개,돼지고기조림,단무지무침,0.9842188415242112
62,541,찰밥,복매운탕,닭다리조림,시래기나물,0.984216480261323
65,562,찰밥,복매운탕,돼지고기조림,잔파무침,0.9841498204057356
66,500,찰밥,낙지찌개,완자조림(돈육),무숙채,0.9841376849583574
77,23,찰밥,아구(매운)탕,닭다리조림,무숙채,0.9836539927840108
134,59,찰밥,쏘가리매운탕,야채볶음(닭),무숙채,0.9800354567754314
149,60,찰밥,쏘가리매운탕,닭다리조림,미나리초무침,0.9797347223766792
166,508,찰밥,낙지찌개,닭고기조림(옥수수),단무지무침,0.9793147088250601
226,553,찰밥,복매운탕,닭고기조림(옥수수),무숙채,0.9783477266563884
247,27,찰밥,아구(매운)탕,완자조림(돈육),단무지무침,0.9779870534656474
287,547,찰밥,복매운탕,완자조림(돈육),시래기나물,0.9772308711912364
288,548,찰밥,복매운탕,닭고기조림,미나리초무침,0.9772308711912364
301,33,찰밥,아구(매운)탕,닭고기조림,무숙채,0.9769813298982296
334,88,찰밥,해물찌개(넙치&장어),돼지고기조림,콩나물,0.9762669335728068
346,991,현미밥,낙지찌개,닭고기조림,미나리초무침,0.9760415252372164
452,66,찰밥,쏘가리매운탕,완자조림(돈육),무숙채,0.9737287268169412
