,Unnamed: 0,밥,국,메인,서브,유사도
0,909,현미밥,어묵김치찌개,닭도리탕,잔파무침,0.9916462546791094
1,766,현미밥,어묵김치찌개,닭다리조림,취나물(간장),0.9909535508039372
3,898,현미밥,어묵김치찌개,닭고기조림(옥수수),버섯무침,0.9900437095963366
4,141,찰밥,어묵김치찌개,부추볶음(고기),버섯무침,0.9895506411620304
5,502,찰밥,낙지찌개,완자조림(돈육),잔파무침,0.989386347473579
7,646,현미밥,어묵김치찌개,부추볶음(제육),우거지나물,0.9892004935163629
8,215,찰밥,어묵김치찌개,구절판,무숙채,0.9889122735480791
9,491,찰밥,낙지찌개,닭다리조림,단무지무침,0.9887131535084508
10,427,찰밥,어묵김치찌개,돼지고기조림,미역초무침,0.987841691001703
25,50,찰밥,아구(매운)탕,돼지고기조림,김무침,0.986075297089019
27,306,찰밥,어묵김치찌개,완자조림(돈육),버섯무침,0.9859202820946454
32,563,찰밥,복매운탕,돼지고기조림,톳나물무침,0.9856081840258836
41,161,찰밥,어묵김치찌개,야채볶음(닭),달래무침(단무지),0.984920897136482
42,717,현미밥,어묵김치찌개,떡볶음(돼지고기&간장),무숙채,0.9848842138116278
55,16,찰밥,오징어찌개,돼지고기조림,시래기나물,0.9844510844475444
57,540,찰밥,복매운탕,야채볶음(닭),미나리초무침,0.9843561325402514
58,35,찰밥,아구(매운)탕,닭고기조림,미나리초무침,0.984347291640546
59,517,찰밥,낙지찌개,닭고기조림(옥수수),콩나물,0.9843145808479098
66,594,현미밥,아구(매운)탕,닭다리조림,무숙채,0.984080303493548
67,527,찰밥,낙지찌개,돼지고기조림,잔파무침,0.9840644815595956
71,76,찰밥,쏘가리매운탕,돼지고기조림,양배추오이샐러드,0.9838907859636272
73,853,현미밥,어묵김치찌개,닭고기조림,질경이나물,0.9837939256043228
92,990,현미밥,낙지찌개,야채볶음(닭),콩나물,0.982705192279004
111,70,찰밥,쏘가리매운탕,완자조림(돈육),무숙채,0.981191286816565
113,553,찰밥,복매운탕,완자조림(돈육),콩나물,0.9810929950441374
134,558,찰밥,복매운탕,닭고기조림,무숙채,0.9799821141273356
174,21,찰밥,아구(매운)탕,야채볶음(닭),콩나물,0.9790758557674486
184,561,찰밥,복매운탕,닭고기조림(옥수수),무숙채,0.9789053855995028
197,39,찰밥,아구(매운)탕,닭고기조림(옥수수),콩나물,0.9787899489574504
216,549,찰밥,복매운탕,닭다리조림,시래기나물,0.9785274428525352
310,33,찰밥,아구(매운)탕,완자조림(돈육),무숙채,0.9769074651774428
452,512,찰밥,낙지찌개,닭고기조림,단무지무침,0.9738388619507296
461,66,찰밥,쏘가리매운탕,닭다리조림,무숙채,0.9736639852437168
