,Unnamed: 0,밥,국,메인,서브,유사도
0,441,찰밥,낙지찌개,완자조림(돈육),버섯무침,0.9908651977543852
1,529,현미밥,아구(매운)탕,돼지고기조림,톳나물무침,0.9903504910338148
2,845,현미밥,어묵김치찌개,돼지고기조림,취나물(된장),0.9903496124625806
3,254,찰밥,어묵김치찌개,완자조림(돈육),콩나물어묵무침,0.9895780549697778
5,660,현미밥,어묵김치찌개,닭다리조림,콩잎무침,0.9866668368745836
6,569,현미밥,어묵김치찌개,부추볶음(제육),잔파무침,0.9860578299418491
7,24,찰밥,아구(매운)탕,닭다리조림,시래기나물,0.9860457175946968
9,325,찰밥,어묵김치찌개,닭고기조림(옥수수),고추잎나물,0.9854987472624922
10,655,현미밥,어묵김치찌개,구절판,시래기나물,0.9853940845944076
12,487,찰밥,복매운탕,닭고기조림,무숙채,0.9849545167381174
14,271,찰밥,어묵김치찌개,닭고기조림,잔파무침,0.98456697539669
21,351,찰밥,어묵김치찌개,닭도리탕,뜸부기나물,0.9842684876254604
27,421,찰밥,낙지찌개,야채볶음(닭),콩나물,0.9839972414557074
30,13,찰밥,오징어찌개,돼지고기조림,버섯무침,0.9837920715264648
31,998,완두콩밥,쏘가리매운탕,돼지고기조림,미나리초무침,0.9836939582383708
34,602,현미밥,어묵김치찌개,야채볶음(닭),톳나물무침,0.9836058658505308
35,463,찰밥,낙지찌개,돼지고기조림,콩나물,0.9835947455731872
39,592,현미밥,어묵김치찌개,부추볶음(고기),우거지나물,0.9833391290991856
45,499,찰밥,복매운탕,돼지고기조림,잔파무침,0.9830679480943038
47,471,찰밥,복매운탕,야채볶음(닭),미나리초무침,0.9828969249108084
65,484,찰밥,복매운탕,완자조림(돈육),시래기나물,0.9812963203287328
68,640,현미밥,어묵김치찌개,떡볶음(돼지고기&간장),콩나물,0.9809420874862704
118,29,찰밥,아구(매운)탕,완자조림(돈육),무숙채,0.9793343640740756
128,447,찰밥,낙지찌개,닭고기조림(옥수수),단무지무침,0.9790881091877178
136,87,찰밥,해물찌개(넙치&장어),돼지고기조림,미나리초무침,0.9790049150315724
138,66,찰밥,쏘가리매운탕,완자조림(돈육),무숙채,0.9789718895115841
141,443,찰밥,낙지찌개,닭고기조림,단무지무침,0.9789629143895652
144,911,현미밥,복매운탕,닭다리조림,단무지무침,0.9789374282987244
187,490,찰밥,복매운탕,닭고기조림(옥수수),무숙채,0.9783630963824564
199,15,찰밥,아구(매운)탕,야채볶음(닭),미나리초무침,0.9781134124315988
211,990,완두콩밥,쏘가리매운탕,닭다리조림,콩나물,0.9779245019489704
276,35,찰밥,아구(매운)탕,닭고기조림(옥수수),콩나물,0.9763190574129076
448,424,찰밥,낙지찌개,닭다리조림,파무침,0.9731111181983116
467,965,완두콩밥,아구(매운)탕,닭고기조림,콩나물,0.9729397466172464
