,Unnamed: 0,밥,국,메인,서브,유사도
0,774,차조밥,어묵김치찌개,야채볶음(닭),물쑥무침,0.9905032222589574
1,143,찰밥,어묵김치찌개,돼지고기조림,시래기나물,0.9904035366122954
3,934,차수수밥,아구(매운)탕,돼지고기조림,무미역생채,0.9895838257074095
5,409,완두콩밥,어묵김치찌개,부추볶음(제육),미나리초무침,0.9873115054168496
10,798,차조밥,낙지찌개,돼지고기조림,미나리초무침,0.9864622457591709
12,540,녹두밥,오징어찌개,돼지고기조림,김무침,0.9856176448368444
14,848,수수찹쌀밥,쏘가리매운탕,돼지고기조림,단무지무침,0.985261359336612
20,912,수수찹쌀밥,복매운탕,돼지고기조림,시래기나물,0.9840674335618153
22,454,완두콩밥,어묵김치찌개,닭고기조림,무미역생채,0.9838798366418272
27,283,현미밥,어묵김치찌개,닭고기조림(옥수수),버섯무침,0.9836345945476784
34,467,완두콩밥,어묵김치찌개,닭도리탕,상추절이,0.9831469338278612
41,151,찰밥,낙지찌개,닭고기조림,미나리초무침,0.9830233300368934
42,630,녹두밥,복매운탕,야채볶음(닭),콩나물,0.9830037561372584
48,740,차조밥,아구(매운)탕,닭고기조림(옥수수),콩나물,0.9827135353240528
51,888,수수찹쌀밥,낙지찌개,야채볶음(닭),무숙채,0.9825501881123682
65,825,수수찹쌀밥,아구(매운)탕,야채볶음(닭),콩나물,0.9815406745665844
66,195,현미밥,아구(매운)탕,닭다리조림,미나리초무침,0.9814980954992228
91,566,녹두밥,쏘가리매운탕,야채볶음(닭),미나리초무침,0.9800004083643796
108,418,완두콩밥,어묵김치찌개,부추볶음(고기),미나리초무침,0.9790325003792334
146,332,현미밥,낙지찌개,닭다리조림,미나리초무침,0.9777278043977342
148,795,차조밥,낙지찌개,닭고기조림(옥수수),미나리초무침,0.9776546137131934
166,828,수수찹쌀밥,아구(매운)탕,닭고기조림,콩나물,0.9772082403820808
365,175,찰밥,복매운탕,닭고기조림(옥수수),미나리초무침,0.9729003390024176
395,527,완두콩밥,복매운탕,닭고기조림,미나리초무침,0.9724326694066212
