,Unnamed: 0,밥,국,메인,서브,유사도
0,493,쌀밥,낙지찌개,돼지고기조림,양배추샐러드,0.986844472078632
1,756,찰밥,어묵김치찌개,닭고기조림,뜸부기나물,0.9868280079190924
2,338,쌀밥,어묵김치찌개,닭고기조림(옥수수),양배추샐러드,0.9865847414872131
4,980,현미밥,어묵김치찌개,완자조림(돈육),양배추샐러드,0.9845406352689696
5,912,현미밥,어묵김치찌개,구절판,미나리초무침,0.984490656012737
6,678,찰밥,어묵김치찌개,닭다리조림,씀바귀나물,0.9843433254725541
9,584,찰밥,어묵김치찌개,부추볶음(제육),양상추샐러드,0.9835452792833383
18,514,쌀밥,복매운탕,닭다리조림,미나리초무침,0.9816075622151109
19,450,쌀밥,어묵김치찌개,돼지고기조림,깻잎나물,0.9816012763492044
20,141,쌀밥,어묵김치찌개,야채볶음(닭),양배추무침,0.9815575068259595
21,546,쌀밥,복매운탕,돼지고기조림,무숙채,0.9812265686589594
24,511,쌀밥,복매운탕,야채볶음(닭),콩나물,0.9810059632367791
38,460,쌀밥,낙지찌개,야채볶음(닭),미나리초무침,0.977770655747
42,782,찰밥,어묵김치찌개,닭도리탕,옥수수샐러드,0.9773478279202584
44,123,쌀밥,어묵김치찌개,부추볶음(고기),고사리나물,0.9772250949502448
55,478,쌀밥,낙지찌개,완자조림(돈육),무숙채,0.9768457395035852
61,45,쌀밥,아구(매운)탕,돼지고기조림,우거지나물,0.9765168543365782
70,575,찰밥,쏘가리매운탕,돼지고기조림,감자나물,0.97592923722449
77,906,현미밥,어묵김치찌개,떡볶음(돼지고기&간장),무숙채,0.9752164982874356
94,15,쌀밥,아구(매운)탕,야채볶음(닭),콩나물,0.9745751739210604
101,851,찰밥,복매운탕,완자조림(돈육),시래기나물,0.9742537232025252
108,5,쌀밥,오징어찌개,돼지고기조림,단무지무침,0.9740179094852168
116,824,찰밥,낙지찌개,닭다리조림,무숙채,0.9737039605467164
121,23,쌀밥,아구(매운)탕,완자조림(돈육),미나리초무침,0.9733633345966476
137,481,쌀밥,낙지찌개,닭고기조림,미나리초무침,0.9720643502241194
140,58,쌀밥,쏘가리매운탕,완자조림(돈육),콩나물,0.9712471867550334
144,862,현미밥,아구(매운)탕,닭다리조림,무숙채,0.9710991809968492
195,526,쌀밥,복매운탕,닭고기조림(옥수수),미나리초무침,0.9685472389909608
223,56,쌀밥,쏘가리매운탕,닭다리조림,무숙채,0.9678220776045648
361,28,쌀밥,아구(매운)탕,닭고기조림,콩나물,0.9651122981967633
367,578,찰밥,해물찌개(넙치&장어),돼지고기조림,콩나물,0.96498804423428
412,525,쌀밥,복매운탕,닭고기조림,무숙채,0.9637800701754392
438,486,쌀밥,낙지찌개,닭고기조림(옥수수),단무지무침,0.9629960615226882
