,Unnamed: 0,밥,국,메인,서브,유사도
0,788,찰밥,어묵김치찌개,완자조림(돈육),파래무침,0.9873003902696352
1,344,쌀밥,어묵김치찌개,닭고기조림(옥수수),뜸부기나물,0.987067516901308
3,956,찰밥,어묵김치찌개,돼지고기조림,양상추샐러드,0.9850268686055382
4,703,찰밥,어묵김치찌개,야채볶음(닭),뜸부기나물,0.9848533813736045
5,353,쌀밥,어묵김치찌개,닭도리탕,양배추샐러드,0.9847779406361074
7,600,찰밥,쏘가리매운탕,돼지고기조림,무미역생채,0.9840653540211044
12,290,쌀밥,어묵김치찌개,닭고기조림,달래무침(단무지),0.9835586846208064
15,529,찰밥,오징어찌개,돼지고기조림,탕평채,0.9821161817346791
16,460,쌀밥,낙지찌개,닭고기조림,미나리초무침,0.9820997406785378
18,562,찰밥,아구(매운)탕,닭고기조림(옥수수),무숙채,0.9817361323207044
20,653,찰밥,어묵김치찌개,부추볶음(고기),김무침,0.9816876759834338
21,526,쌀밥,복매운탕,돼지고기조림,시래기나물,0.9815161603689596
24,217,쌀밥,어묵김치찌개,닭다리조림,상추절이,0.9810934533631192
27,444,쌀밥,낙지찌개,닭다리조림,미나리초무침,0.9795283091701924
35,472,쌀밥,낙지찌개,돼지고기조림,양배추샐러드,0.9781370207092216
39,711,찰밥,어묵김치찌개,떡볶음(돼지고기&간장),무숙채,0.977847454252764
50,493,쌀밥,복매운탕,닭다리조림,미나리초무침,0.9773259936572528
54,45,쌀밥,아구(매운)탕,돼지고기조림,우거지나물,0.9770041486953522
62,591,찰밥,쏘가리매운탕,완자조림(돈육),콩나물,0.976473108586512
80,177,쌀밥,어묵김치찌개,구절판,탕평채,0.9751881582087716
85,15,쌀밥,아구(매운)탕,야채볶음(닭),콩나물,0.9750769290765576
88,559,찰밥,아구(매운)탕,닭고기조림,무숙채,0.97501490000182
90,102,쌀밥,어묵김치찌개,부추볶음(제육),뜸부기나물,0.9748559090856824
93,450,쌀밥,낙지찌개,완자조림(돈육),탕평채,0.9747530299507929
100,553,찰밥,아구(매운)탕,완자조림(돈육),단무지무침,0.9745233323894468
193,545,찰밥,아구(매운)탕,닭다리조림,탕평채,0.9687789929248964
199,506,쌀밥,복매운탕,닭고기조림(옥수수),콩나물,0.9686973380318512
200,498,쌀밥,복매운탕,완자조림(돈육),미나리초무침,0.9685142172565646
204,56,쌀밥,쏘가리매운탕,닭다리조림,무숙채,0.9683654635741658
219,438,쌀밥,낙지찌개,야채볶음(닭),탕평채,0.9680905349014308
397,488,쌀밥,복매운탕,야채볶음(닭),미나리초무침,0.9638465614735771
430,615,찰밥,해물찌개(넙치&장어),돼지고기조림,무숙채,0.962781959088577
