,Unnamed: 0,밥,국,메인,서브,유사도
0,879,조밥,어묵김치찌개,닭다리조림,콩나물어묵무침,0.9892575601587928
1,736,조밥,어묵김치찌개,부추볶음(제육),잔파무침,0.9892416702906912
2,665,조밥,아구(매운)탕,닭다리조림,단무지무침,0.989141225217926
3,960,조밥,어묵김치찌개,닭고기조림,질경이나물,0.9891356164965572
5,514,쌀밥,복매운탕,닭다리조림,미나리초무침,0.9888901353802594
7,524,쌀밥,복매운탕,닭고기조림,콩나물,0.9870256386993363
9,578,찰밥,어묵김치찌개,완자조림(돈육),양배추오이샐러드,0.986808867326645
10,835,조밥,어묵김치찌개,구절판,우거지나물,0.986674580991672
11,816,조밥,어묵김치찌개,떡볶음(돼지고기&간장),단무지무침,0.9865835682767644
14,340,쌀밥,어묵김치찌개,닭고기조림(옥수수),양상추샐러드,0.9862858763517908
15,136,쌀밥,어묵김치찌개,야채볶음(닭),양배추샐러드,0.9860322739627988
18,679,조밥,아구(매운)탕,돼지고기조림,파무침,0.9857747004059338
19,535,쌀밥,복매운탕,돼지고기조림,양상추샐러드,0.9846951380988624
20,767,조밥,어묵김치찌개,부추볶음(고기),삼무침,0.9846508606932824
21,384,쌀밥,어묵김치찌개,닭도리탕,콩나물,0.9844930940044484
23,464,쌀밥,낙지찌개,닭다리조림,탕평채,0.9839512987064664
27,433,쌀밥,어묵김치찌개,돼지고기조림,취나물,0.9836290731955398
29,714,조밥,쏘가리매운탕,돼지고기조림,김무침,0.98331569188136
31,496,쌀밥,낙지찌개,돼지고기조림,무미역생채,0.9831867592996018
43,672,조밥,아구(매운)탕,완자조림(돈육),무숙채,0.9814330590304416
48,510,쌀밥,복매운탕,야채볶음(닭),단무지무침,0.9812436709108148
50,460,쌀밥,낙지찌개,야채볶음(닭),미나리초무침,0.9811145045887584
52,518,쌀밥,복매운탕,완자조림(돈육),탕평채,0.981014071226342
95,725,조밥,해물찌개(넙치&장어),돼지고기조림,콩나물,0.9773571899531984
122,480,쌀밥,낙지찌개,완자조림(돈육),버섯무침,0.9764843286940156
142,16,쌀밥,아구(매운)탕,야채볶음(닭),무숙채,0.9758878842841188
179,4,쌀밥,오징어찌개,돼지고기조림,김무침,0.974004669406577
181,54,쌀밥,쏘가리매운탕,닭다리조림,미나리초무침,0.9739914742920632
217,675,조밥,아구(매운)탕,닭고기조림,무숙채,0.972593296964807
239,31,쌀밥,아구(매운)탕,닭고기조림(옥수수),콩나물,0.9707287865692564
314,702,조밥,쏘가리매운탕,완자조림(돈육),미나리초무침,0.9683185823597934
332,528,쌀밥,복매운탕,닭고기조림(옥수수),무숙채,0.9680186054062418
424,487,쌀밥,낙지찌개,닭고기조림(옥수수),콩나물,0.9660474513402046
