,Unnamed: 0,밥,국,메인,서브,유사도
0,503,쌀밥,낙지찌개,돼지고기조림,감자나물,0.9869518207303158
1,776,찰밥,어묵김치찌개,닭고기조림,상추절이,0.9869333867304138
2,342,쌀밥,어묵김치찌개,닭고기조림(옥수수),잔파무침,0.9866923057938616
3,856,찰밥,어묵김치찌개,돼지고기조림,콩잎무침,0.9851676855835404
4,933,찰밥,복매운탕,완자조림(돈육),단무지무침,0.9846094521968652
5,693,찰밥,어묵김치찌개,닭다리조림,취나물(간장),0.9844566167211948
7,947,찰밥,복매운탕,돼지고기조림,삼무침,0.9843056356611412
8,595,찰밥,어묵김치찌개,부추볶음(제육),잔파무침,0.9836606739199324
13,290,쌀밥,어묵김치찌개,완자조림(돈육),버섯무침,0.9831465377859606
16,524,쌀밥,복매운탕,닭고기조림,콩나물,0.9817205346410662
18,143,쌀밥,어묵김치찌개,야채볶음(닭),다시마무침,0.9816671751789476
19,557,찰밥,아구(매운)탕,완자조림(돈육),탕평채,0.9813397374490602
20,646,찰밥,어묵김치찌개,구절판,양상추샐러드,0.9812909386292848
26,512,쌀밥,복매운탕,야채볶음(닭),무숙채,0.9806821101335486
29,959,현미밥,아구(매운)탕,돼지고기조림,양배추오이샐러드,0.9788192102905848
35,836,찰밥,어묵김치찌개,닭도리탕,양배추오이샐러드,0.9779034785140568
36,467,쌀밥,낙지찌개,닭다리조림,콩나물,0.9778536709015672
42,125,쌀밥,어묵김치찌개,부추볶음(고기),시래기나물,0.97734195488957
47,915,찰밥,낙지찌개,닭고기조림,무숙채,0.9770609923997862
51,556,찰밥,아구(매운)탕,닭다리조림,무숙채,0.9769616050581618
52,488,쌀밥,낙지찌개,닭고기조림(옥수수),무숙채,0.9769527142813008
65,586,찰밥,해물찌개(넙치&장어),돼지고기조림,미나리초무침,0.9760495931534896
70,477,쌀밥,낙지찌개,완자조림(돈육),고사리나물,0.975663135213122
72,927,찰밥,복매운탕,닭다리조림,단무지무침,0.9753366900859424
79,968,현미밥,쏘가리매운탕,돼지고기조림,무숙채,0.9749042414623308
88,15,쌀밥,아구(매운)탕,야채볶음(닭),콩나물,0.9746866593113582
94,526,쌀밥,복매운탕,닭고기조림(옥수수),미나리초무침,0.9744270893848824
102,5,쌀밥,오징어찌개,돼지고기조림,단무지무침,0.9741330924468218
126,573,찰밥,쏘가리매운탕,완자조림(돈육),미나리초무침,0.9723939922475912
135,173,쌀밥,어묵김치찌개,떡볶음(돼지고기&간장),콩나물,0.971290297948248
149,570,찰밥,쏘가리매운탕,닭다리조림,미나리초무침,0.9703453284723574
182,891,찰밥,낙지찌개,야채볶음(닭),탕평채,0.9688103549749
347,28,쌀밥,아구(매운)탕,닭고기조림,콩나물,0.9652227988780214
