,Unnamed: 0,밥,국,메인,서브,유사도
0,926,현미밥,어묵김치찌개,닭다리조림,시래기나물,0.9854766534463748
1,940,현미밥,어묵김치찌개,완자조림(돈육),무미역생채,0.9851033728952736
2,791,현미밥,어묵김치찌개,부추볶음(제육),감자나물,0.9841004113189666
4,518,찰밥,어묵김치찌개,닭고기조림(옥수수),콩나물,0.982539512983184
5,451,찰밥,어묵김치찌개,닭고기조림,파무침,0.9825132630736604
6,143,쌀밥,복매운탕,돼지고기조림,시래기나물,0.9824585950364556
7,658,찰밥,낙지찌개,닭고기조림(옥수수),미나리초무침,0.9821278912794462
8,808,현미밥,어묵김치찌개,부추볶음(고기),상추절이,0.9817203817984288
10,217,찰밥,쏘가리매운탕,돼지고기조림,양배추오이샐러드,0.9815054079328934
13,675,찰밥,낙지찌개,돼지고기조림,콩나물,0.9791711137784648
32,304,찰밥,어묵김치찌개,야채볶음(닭),묵무침(도토리묵),0.9772857385727488
35,206,찰밥,쏘가리매운탕,닭다리조림,콩나물,0.9769360311355112
36,578,찰밥,어묵김치찌개,돼지고기조림,양배추무침,0.9769308840967904
39,656,찰밥,낙지찌개,닭고기조림,콩나물,0.9766094660036979
44,166,찰밥,아구(매운)탕,닭다리조림,단무지무침,0.9760381373343794
47,741,현미밥,아구(매운)탕,완자조림(돈육),무숙채,0.9758866076507248
53,177,찰밥,아구(매운)탕,닭고기조림,콩나물,0.9756212085124752
57,150,찰밥,오징어찌개,돼지고기조림,김무침,0.9755300719817964
60,548,찰밥,어묵김치찌개,닭도리탕,콩나물,0.975467142281104
65,866,현미밥,어묵김치찌개,구절판,미나리초무침,0.9752196941949874
71,186,찰밥,아구(매운)탕,돼지고기조림,양배추샐러드,0.9750192434676846
75,647,찰밥,낙지찌개,완자조림(돈육),상추절이,0.9749126108350424
83,698,찰밥,복매운탕,완자조림(돈육),시래기나물,0.9744474618337158
91,202,찰밥,쏘가리매운탕,야채볶음(닭),미나리초무침,0.973858851753827
101,700,찰밥,복매운탕,닭고기조림,콩나물,0.9722272967422662
107,162,찰밥,아구(매운)탕,야채볶음(닭),콩나물,0.9717929860500376
109,181,찰밥,아구(매운)탕,닭고기조림(옥수수),무숙채,0.971705376446275
146,702,찰밥,복매운탕,닭고기조림(옥수수),미나리초무침,0.9697471612293648
150,328,찰밥,어묵김치찌개,떡볶음(돼지고기&간장),단무지무침,0.9696622029558388
164,640,찰밥,낙지찌개,닭다리조림,시래기나물,0.9692907630630884
184,209,찰밥,쏘가리매운탕,완자조림(돈육),단무지무침,0.9688000385914012
205,132,쌀밥,복매운탕,야채볶음(닭),단무지무침,0.9684185210997348
220,692,찰밥,복매운탕,닭다리조림,시래기나물,0.9682240294803852
242,113,쌀밥,낙지찌개,야채볶음(닭),콩나물,0.9676339882466554
