,Unnamed: 0,밥,국,메인,서브,유사도
0,787,찰밥,어묵김치찌개,완자조림(돈육),양배추샐러드,0.9873384180501554
1,344,쌀밥,어묵김치찌개,닭도리탕,미나리초무침,0.9871064577690932
2,873,찰밥,어묵김치찌개,닭고기조림(옥수수),양배추샐러드,0.9855925258542432
3,954,찰밥,어묵김치찌개,돼지고기조림,단무지무침,0.9850705071561412
4,703,찰밥,어묵김치찌개,떡볶음(돼지고기&간장),무숙채,0.984894724560331
7,600,찰밥,쏘가리매운탕,돼지고기조림,삼무침,0.9841075793788782
12,290,쌀밥,어묵김치찌개,닭고기조림,콩나물,0.9836017414761428
15,529,찰밥,오징어찌개,돼지고기조림,무숙채,0.9821574083675408
16,460,쌀밥,낙지찌개,돼지고기조림,톳나물무침,0.9821400759718985
17,143,쌀밥,어묵김치찌개,야채볶음(닭),달래무침,0.9820902746642708
18,562,찰밥,아구(매운)탕,돼지고기조림,무미역생채,0.9817774431508932
20,653,찰밥,어묵김치찌개,부추볶음(고기),무숙채,0.9817290250233676
24,217,쌀밥,어묵김치찌개,닭다리조림,우거지나물,0.9811336433660798
25,517,쌀밥,복매운탕,돼지고기조림,버섯무침,0.9811230005989658
27,444,쌀밥,낙지찌개,완자조림(돈육),단무지무침,0.9795679945265648
39,711,찰밥,어묵김치찌개,구절판,양배추오이샐러드,0.9778818951038776
50,493,쌀밥,복매운탕,닭고기조림,콩나물,0.9773647471249322
52,432,쌀밥,낙지찌개,야채볶음(닭),단무지무침,0.977304955007554
67,482,쌀밥,복매운탕,야채볶음(닭),무숙채,0.976078176381782
86,15,쌀밥,아구(매운)탕,야채볶음(닭),콩나물,0.9751175776762819
90,102,쌀밥,어묵김치찌개,부추볶음(제육),뜸부기나물,0.9748998530394118
100,553,찰밥,아구(매운)탕,닭고기조림(옥수수),콩나물,0.974567160896932
112,23,쌀밥,아구(매운)탕,완자조림(돈육),미나리초무침,0.973945947282116
122,578,찰밥,쏘가리매운탕,닭다리조림,미나리초무침,0.9728651521598096
125,496,쌀밥,복매운탕,닭고기조림(옥수수),콩나물,0.9726154814058432
128,58,쌀밥,쏘가리매운탕,완자조림(돈육),콩나물,0.9718154842029042
142,575,찰밥,쏘가리매운탕,야채볶음(닭),미나리초무침,0.9707789788712159
148,437,쌀밥,낙지찌개,닭다리조림,단무지무침,0.970407822346287
181,453,쌀밥,낙지찌개,닭고기조림,콩나물,0.968997449668336
183,541,찰밥,아구(매운)탕,닭다리조림,무숙채,0.9689943057415076
253,456,쌀밥,낙지찌개,닭고기조림(옥수수),단무지무침,0.9674656850653204
332,28,쌀밥,아구(매운)탕,닭고기조림,콩나물,0.9656499408424938
335,483,쌀밥,복매운탕,닭다리조림,탕평채,0.965588536091374
395,488,쌀밥,복매운탕,완자조림(돈육),미나리초무침,0.9638872127242571
408,607,찰밥,해물찌개(넙치&장어),돼지고기조림,무숙채,0.9635702830665454
