,Unnamed: 0,밥,국,메인,서브,유사도
0,667,현미밥,어묵김치찌개,구절판,잔파무침,0.9859461794653344
1,557,현미밥,아구(매운)탕,돼지고기조림,콩나물,0.9858597273543742
2,326,찰밥,어묵김치찌개,닭고기조림(옥수수),물쑥무침,0.9828963075950244
5,253,찰밥,어묵김치찌개,완자조림(돈육),묵무침(녹두묵),0.9784209073702742
9,29,찰밥,아구(매운)탕,완자조림(돈육),무숙채,0.9777441118409
10,143,찰밥,어묵김치찌개,야채볶음(닭),양배추오이샐러드,0.977500034291212
11,128,찰밥,어묵김치찌개,부추볶음(고기),감자나물,0.9772875803984176
12,414,찰밥,어묵김치찌개,돼지고기조림,콩나물어묵무침,0.9771037634337976
19,471,찰밥,낙지찌개,돼지고기조림,양배추오이샐러드,0.9758561432710442
20,345,찰밥,어묵김치찌개,닭도리탕,톳나물무침,0.9758533580752052
21,65,찰밥,쏘가리매운탕,완자조림(돈육),콩나물,0.9756968154149868
24,980,완두콩밥,오징어찌개,돼지고기조림,버섯무침,0.9755949675891028
25,522,찰밥,복매운탕,돼지고기조림,삼무침,0.975593978547912
26,280,찰밥,어묵김치찌개,닭고기조림,잔파무침,0.9755908412061192
28,447,찰밥,낙지찌개,닭다리조림,버섯무침,0.9754788390878886
30,938,현미밥,복매운탕,야채볶음(닭),콩나물,0.9754058374265699
34,685,현미밥,어묵김치찌개,닭다리조림,양배추무침,0.9751383947840678
39,17,찰밥,아구(매운)탕,야채볶음(닭),콩나물,0.9747420465166468
43,492,찰밥,복매운탕,닭다리조림,단무지무침,0.9744375409500824
44,584,현미밥,어묵김치찌개,부추볶음(제육),양배추오이샐러드,0.9743591145875482
46,180,찰밥,어묵김치찌개,떡볶음(돼지고기&간장),무숙채,0.974100414357876
48,996,완두콩밥,아구(매운)탕,닭고기조림,무숙채,0.9739602209436826
64,985,완두콩밥,아구(매운)탕,닭다리조림,탕평채,0.972010490105702
86,464,찰밥,낙지찌개,닭고기조림(옥수수),콩나물,0.9704251819805372
91,433,찰밥,낙지찌개,야채볶음(닭),미나리초무침,0.970082029534283
116,574,현미밥,쏘가리매운탕,돼지고기조림,감자나물,0.9693106068950732
121,36,찰밥,아구(매운)탕,닭고기조림(옥수수),무숙채,0.9692156312314044
150,504,찰밥,복매운탕,닭고기조림(옥수수),미나리초무침,0.9686378299373845
153,944,현미밥,복매운탕,완자조림(돈육),미나리초무침,0.9685635875383584
172,910,현미밥,낙지찌개,완자조림(돈육),무숙채,0.9681059117171988
181,912,현미밥,낙지찌개,닭고기조림,콩나물,0.9680112409273458
226,503,찰밥,복매운탕,닭고기조림,무숙채,0.9669402034741688
365,58,찰밥,쏘가리매운탕,야채볶음(닭),콩나물,0.9630497997609164
