,Unnamed: 0,밥,국,메인,서브,유사도
0,922,현미밥,어묵김치찌개,닭고기조림(옥수수),콩나물어묵무침,0.985565932593138
1,936,현미밥,어묵김치찌개,닭도리탕,미나리초무침,0.9851843127920594
2,787,현미밥,어묵김치찌개,닭다리조림,김무침,0.9841821875406952
4,516,찰밥,낙지찌개,야채볶음(닭),무숙채,0.9826230433943429
5,449,찰밥,어묵김치찌개,돼지고기조림,파래무침,0.982594652266597
6,143,찰밥,어묵김치찌개,부추볶음(제육),씀바귀나물,0.9825388159982348
7,654,현미밥,쏘가리매운탕,돼지고기조림,김무침,0.9822143910721048
10,217,찰밥,어묵김치찌개,떡볶음(돼지고기&간장),무숙채,0.9815864639600709
23,228,찰밥,어묵김치찌개,구절판,잔파무침,0.9780148369491479
26,369,찰밥,어묵김치찌개,닭고기조림,씀바귀나물,0.9778025067499109
29,50,찰밥,아구(매운)탕,야채볶음(닭),무숙채,0.9775269011565719
30,45,찰밥,오징어찌개,돼지고기조림,버섯무침,0.9774863903193088
32,303,찰밥,어묵김치찌개,완자조림(돈육),양상추샐러드,0.9773739792433209
35,576,찰밥,복매운탕,닭다리조림,단무지무침,0.9770219850838816
36,206,찰밥,어묵김치찌개,야채볶음(닭),가지나물,0.9770183849335772
44,166,찰밥,어묵김치찌개,부추볶음(고기),고사리나물,0.9761238860191409
51,119,찰밥,해물찌개(넙치&장어),돼지고기조림,미나리초무침,0.9758219527276032
60,546,찰밥,낙지찌개,닭고기조림(옥수수),단무지무침,0.9755570485055592
64,518,찰밥,낙지찌개,닭다리조림,파무침,0.9753872342500212
69,582,찰밥,복매운탕,완자조림(돈육),단무지무침,0.9751667706131588
70,605,찰밥,복매운탕,돼지고기조림,콩나물,0.9751391255774912
72,540,찰밥,낙지찌개,완자조림(돈육),버섯무침,0.9750654340941166
73,5,쌀밥,아구(매운)탕,돼지고기조림,톳나물무침,0.9750574425584978
84,23,쌀밥,낙지찌개,돼지고기조림,미나리초무침,0.9744450992409064
102,58,찰밥,아구(매운)탕,완자조림(돈육),미나리초무침,0.9723004873167952
166,543,찰밥,낙지찌개,닭고기조림,콩나물,0.9692962322343432
181,56,찰밥,아구(매운)탕,닭다리조림,시래기나물,0.9689145260787924
300,90,찰밥,쏘가리매운탕,야채볶음(닭),콩나물,0.9665663716602582
388,64,찰밥,아구(매운)탕,닭고기조림,콩나물,0.9641640172109716
394,591,찰밥,복매운탕,닭고기조림(옥수수),무숙채,0.96403838171426
437,93,찰밥,쏘가리매운탕,닭다리조림,콩나물,0.9627486812736472
449,68,찰밥,아구(매운)탕,닭고기조림(옥수수),무숙채,0.9626203263128942
492,29,쌀밥,복매운탕,야채볶음(닭),미나리초무침,0.9619373916329516
