,Unnamed: 0,밥,국,메인,서브,유사도
0,934,찰밥,낙지찌개,완자조림(돈육),미나리초무침,0.9852313237667776
1,693,찰밥,어묵김치찌개,닭다리조림,시래기나물,0.9850468176290962
2,948,찰밥,낙지찌개,닭고기조림(옥수수),미나리초무침,0.9848795834589144
3,591,찰밥,어묵김치찌개,야채볶음(닭),달래무침,0.984263029523955
4,799,찰밥,어묵김치찌개,닭고기조림(옥수수),달래무침(단무지),0.9840936015022153
7,290,쌀밥,어묵김치찌개,닭도리탕,묵무침(녹두묵),0.9837603546509462
9,946,찰밥,낙지찌개,닭고기조림,콩나물,0.9824994380066102
10,521,찰밥,쏘가리매운탕,돼지고기조림,버섯무침,0.9823090724573172
11,453,찰밥,아구(매운)탕,야채볶음(닭),무숙채,0.9822883522604168
13,553,찰밥,어묵김치찌개,부추볶음(고기),파무침,0.9819294292136184
17,217,쌀밥,어묵김치찌개,완자조림(돈육),유채나물,0.9812813725792172
19,437,찰밥,오징어찌개,돼지고기조림,미나리초무침,0.9797138136545809
20,960,찰밥,낙지찌개,돼지고기조림,잔파무침,0.9794254780765942
22,412,쌀밥,복매운탕,완자조림(돈육),무숙채,0.9786534747378016
23,465,찰밥,아구(매운)탕,완자조림(돈육),시래기나물,0.9782700508176628
30,228,쌀밥,어묵김치찌개,닭고기조림,톳나물무침,0.9777031215243464
33,486,찰밥,아구(매운)탕,돼지고기조림,감자나물,0.9775070355324288
34,425,쌀밥,복매운탕,돼지고기조림,잔파무침,0.9774590576943578
35,50,쌀밥,쏘가리매운탕,야채볶음(닭),콩나물,0.9772017127525268
38,306,쌀밥,어묵김치찌개,돼지고기조림,오이무침(우엉),0.9770432134375434
48,928,찰밥,낙지찌개,닭다리조림,고사리나물,0.9759671751379172
50,166,쌀밥,어묵김치찌개,구절판,버섯무침,0.9758020660274008
55,972,찰밥,복매운탕,야채볶음(닭),탕평채,0.9755344567679566
58,919,찰밥,낙지찌개,야채볶음(닭),무숙채,0.975453016788446
64,417,쌀밥,복매운탕,닭고기조림(옥수수),콩나물,0.9752818590258996
66,551,찰밥,어묵김치찌개,부추볶음(제육),시래기나물,0.9752203434250742
70,523,찰밥,해물찌개(넙치&장어),돼지고기조림,콩나물,0.9750508780150616
140,405,쌀밥,복매운탕,닭다리조림,미나리초무침,0.9698927097058992
162,455,찰밥,아구(매운)탕,닭다리조림,미나리초무침,0.9692110098105956
180,499,찰밥,쏘가리매운탕,완자조림(돈육),단무지무침,0.968888342196754
204,466,찰밥,아구(매운)탕,닭고기조림,미나리초무침,0.9682394903084256
228,991,찰밥,복매운탕,닭고기조림,무숙채,0.9679236537981254
321,28,쌀밥,아구(매운)탕,닭고기조림(옥수수),콩나물,0.9657981473652542
323,146,쌀밥,어묵김치찌개,떡볶음(돼지고기&간장),미나리초무침,0.9657762751573312
