,Unnamed: 0,밥,국,메인,서브,유사도
0,248,찹쌀밥,아구(매운)탕,돼지고기조림,버섯무침,0.9863449511590241
1,211,차수수밥,낙지찌개,돼지고기조림,김무침,0.9862739726263294
2,846,고구마밥,복매운탕,야채볶음(닭),미나리초무침,0.9831536203352554
8,546,수수밥,낙지찌개,야채볶음(닭),시래기나물,0.9815748171964244
9,371,밤밥,오징어찌개,돼지고기조림,파무침,0.9815356738174618
10,472,밤밥,어묵김치찌개,돼지고기조림,미나리초무침,0.9811172374085032
11,319,찹쌀밥,낙지찌개,닭고기조림(옥수수),단무지무침,0.9810405780443704
12,412,밤밥,쏘가리매운탕,돼지고기조림,시래기나물,0.980907182608494
15,848,고구마밥,복매운탕,돼지고기조림,김무침,0.9795861647013524
17,708,옥수수밥,어묵김치찌개,야채볶음(닭),톳나물무침,0.9778602831404848
21,562,쑥쌀밥,아구(매운)탕,닭고기조림(옥수수),콩나물,0.975507446731498
24,250,찹쌀밥,쏘가리매운탕,야채볶음(닭),콩나물,0.9745270722680668
26,620,쑥쌀밥,낙지찌개,닭고기조림,미나리초무침,0.9744365631178376
36,459,밤밥,어묵김치찌개,닭고기조림,김무침,0.9734729740850644
41,741,옥수수밥,어묵김치찌개,닭도리탕,김무침,0.9730548376975816
55,656,옥수수밥,아구(매운)탕,야채볶음(닭),콩나물,0.9721416772745076
63,659,옥수수밥,아구(매운)탕,닭다리조림,단무지무침,0.9715504457864927
70,697,옥수수밥,어묵김치찌개,부추볶음(제육),버섯무침,0.9712571616676301
89,462,밤밥,어묵김치찌개,닭고기조림(옥수수),김무침,0.9699269909025064
110,519,밤밥,복매운탕,닭고기조림,미나리초무침,0.9686610657793442
145,428,밤밥,어묵김치찌개,부추볶음(고기),상추절이,0.9677000929715632
173,559,쑥쌀밥,아구(매운)탕,닭고기조림,미나리초무침,0.9670222311445168
180,520,밤밥,복매운탕,닭고기조림(옥수수),미나리초무침,0.9667406545017576
