,Unnamed: 0,밥,국,메인,서브,유사도
0,790,완두콩밥,아구(매운)탕,닭다리조림,미나리초무침,0.9886182195845308
1,993,완두콩밥,어묵김치찌개,닭고기조림,고추잎나물,0.987179212262458
2,771,현미밥,복매운탕,돼지고기조림,삼무침,0.9866342944610133
4,683,현미밥,어묵김치찌개,돼지고기조림,돌나물무침,0.9863083651107579
5,904,완두콩밥,어묵김치찌개,야채볶음(닭),시래기나물,0.9863048449813084
7,176,찰밥,어묵김치찌개,닭다리조림,묵무침(녹두묵),0.9859765099614572
8,578,현미밥,어묵김치찌개,완자조림(돈육),잔파무침,0.9857616953067382
10,400,찰밥,복매운탕,완자조림(돈육),콩나물,0.9854080878790508
12,735,현미밥,낙지찌개,돼지고기조림,파무침,0.978631419362866
13,283,찰밥,어묵김치찌개,닭도리탕,가지나물,0.978438533903482
14,997,완두콩밥,어묵김치찌개,닭고기조림(옥수수),파무침,0.978431569377866
17,31,찰밥,아구(매운)탕,닭고기조림(옥수수),콩나물,0.9773936020996634
18,783,완두콩밥,오징어찌개,돼지고기조림,무숙채,0.977335831753868
20,807,완두콩밥,아구(매운)탕,돼지고기조림,양배추오이샐러드,0.9768863392905038
22,473,현미밥,어묵김치찌개,부추볶음(제육),김무침,0.9765206322555632
28,26,찰밥,아구(매운)탕,완자조림(돈육),시래기나물,0.9755234038488094
29,358,찰밥,낙지찌개,완자조림(돈육),상추절이,0.9755204893995638
30,407,찰밥,복매운탕,닭고기조림(옥수수),무숙채,0.9751589864140466
41,729,현미밥,낙지찌개,닭고기조림,미나리초무침,0.974255523979116
42,491,현미밥,어묵김치찌개,부추볶음(고기),무숙채,0.974110176365764
44,394,찰밥,복매운탕,닭다리조림,단무지무침,0.9740641087815712
47,535,현미밥,어묵김치찌개,구절판,톳나물무침,0.9737222635216092
48,461,현미밥,쏘가리매운탕,돼지고기조림,김무침,0.973656804604862
53,788,완두콩밥,아구(매운)탕,야채볶음(닭),콩나물,0.9732881271218612
79,367,찰밥,낙지찌개,닭고기조림(옥수수),미나리초무침,0.9710645366187513
83,146,찰밥,어묵김치찌개,떡볶음(돼지고기&간장),콩나물,0.9708319333198324
90,389,찰밥,복매운탕,야채볶음(닭),미나리초무침,0.9705445133038672
92,54,찰밥,쏘가리매운탕,야채볶음(닭),무숙채,0.9704809543369506
99,56,찰밥,쏘가리매운탕,닭다리조림,콩나물,0.9701374327681558
151,723,현미밥,낙지찌개,닭다리조림,콩나물,0.9684486006503001
154,27,찰밥,아구(매운)탕,닭고기조림,미나리초무침,0.9683328890984644
162,342,찰밥,낙지찌개,야채볶음(닭),단무지무침,0.9681216711140768
300,402,찰밥,복매운탕,닭고기조림,미나리초무침,0.9639530043672888
327,59,찰밥,쏘가리매운탕,완자조림(돈육),단무지무침,0.9633675412448232
