,Unnamed: 0,밥,국,메인,서브,유사도
0,995,현미밥,낙지찌개,돼지고기조림,양배추샐러드,0.98583543093336
1,827,현미밥,어묵김치찌개,닭고기조림,단무지무침,0.9857484623755696
3,708,현미밥,어묵김치찌개,구절판,파래무침,0.9843484711675892
5,468,찰밥,어묵김치찌개,돼지고기조림,비름나물,0.9827931463406756
6,135,찰밥,어묵김치찌개,부추볶음(고기),시래기나물,0.9827017471056948
7,593,현미밥,아구(매운)탕,돼지고기조림,양배추오이샐러드,0.9823909342932668
11,400,찰밥,어묵김치찌개,닭도리탕,가지나물,0.9801768216520436
13,609,현미밥,쏘가리매운탕,돼지고기조림,탕평채,0.9794346567837874
16,365,찰밥,어묵김치찌개,닭고기조림(옥수수),콩나물,0.978313532439532
17,215,찰밥,어묵김치찌개,닭다리조림,톳나물무침,0.9781836683842836
23,703,현미밥,어묵김치찌개,야채볶음(닭),버섯무침,0.9776498100143384
26,284,찰밥,어묵김치찌개,완자조림(돈육),콩나물,0.9775543494573504
31,102,찰밥,어묵김치찌개,부추볶음(제육),묵무침(녹두묵),0.976958169406262
52,15,찰밥,아구(매운)탕,야채볶음(닭),미나리초무침,0.9757437820968209
53,498,찰밥,낙지찌개,완자조림(돈육),시래기나물,0.97574104880313
58,36,찰밥,아구(매운)탕,닭고기조림(옥수수),무숙채,0.9754805688570962
62,548,찰밥,복매운탕,닭고기조림(옥수수),미나리초무침,0.9753147679626808
65,5,찰밥,오징어찌개,돼지고기조림,김무침,0.9752329280706428
74,23,찰밥,아구(매운)탕,닭다리조림,무숙채,0.974629479537144
89,586,현미밥,아구(매운)탕,완자조림(돈육),콩나물,0.9731253122478364
103,976,현미밥,낙지찌개,닭다리조림,미나리초무침,0.9715127193435522
104,66,찰밥,쏘가리매운탕,완자조림(돈육),무숙채,0.9714926865563918
117,551,찰밥,복매운탕,돼지고기조림,파무침,0.9707095136400674
127,506,찰밥,낙지찌개,닭고기조림(옥수수),콩나물,0.9701927371503852
131,57,찰밥,쏘가리매운탕,야채볶음(닭),미나리초무침,0.9700422906411926
143,538,찰밥,복매운탕,닭다리조림,시래기나물,0.9697822167147484
152,475,찰밥,낙지찌개,야채볶음(닭),무숙채,0.9695950755974156
220,184,찰밥,어묵김치찌개,떡볶음(돼지고기&간장),무숙채,0.9680871534113066
225,539,찰밥,복매운탕,완자조림(돈육),탕평채,0.9679790403544998
290,32,찰밥,아구(매운)탕,닭고기조림,콩나물,0.9663943108364116
339,502,찰밥,낙지찌개,닭고기조림,콩나물,0.9650079497533036
364,545,찰밥,복매운탕,닭고기조림,미나리초무침,0.9642153478423976
