,Unnamed: 0,밥,국,메인,서브,유사도
0,883,수수찹쌀밥,아구(매운)탕,돼지고기조림,무숙채,0.9862756599044576
1,801,차조밥,어묵김치찌개,부추볶음(고기),무미역생채,0.9861973417545388
2,966,차수수밥,오징어찌개,돼지고기조림,미나리초무침,0.9859095371379696
3,148,찰밥,어묵김치찌개,돼지고기조림,고추잎나물,0.9858954049683718
6,228,현미밥,쏘가리매운탕,돼지고기조림,상추절이,0.9806526523068624
8,425,완두콩밥,어묵김치찌개,부추볶음(제육),단무지무침,0.9791862283245985
11,624,녹두밥,어묵김치찌개,닭도리탕,김무침,0.9781720293284236
13,557,완두콩밥,복매운탕,돼지고기조림,시래기나물,0.9773669120301908
14,806,차조밥,어묵김치찌개,야채볶음(닭),무미역생채,0.9773339701830459
20,865,수수찹쌀밥,아구(매운)탕,야채볶음(닭),미나리초무침,0.9767804763128808
23,353,현미밥,낙지찌개,돼지고기조림,잔파무침,0.976374627926588
30,942,수수찹쌀밥,낙지찌개,닭고기조림(옥수수),단무지무침,0.9758092541201244
31,936,수수찹쌀밥,낙지찌개,야채볶음(닭),단무지무침,0.9755971565694684
46,480,완두콩밥,어묵김치찌개,닭고기조림(옥수수),버섯무침,0.9739035067781572
64,363,현미밥,복매운탕,야채볶음(닭),콩나물,0.9721104348678892
67,206,현미밥,아구(매운)탕,닭다리조림,미나리초무침,0.9717966216973764
74,739,율무밥,낙지찌개,닭고기조림,미나리초무침,0.9715657562203512
91,588,녹두밥,쏘가리매운탕,야채볶음(닭),콩나물,0.969889088381738
111,160,찰밥,낙지찌개,닭다리조림,상추절이,0.9687149101481254
119,681,율무밥,아구(매운)탕,닭고기조림(옥수수),콩나물,0.968266093473434
131,208,현미밥,아구(매운)탕,완자조림(돈육),미나리초무침,0.9677665523734164
133,570,녹두밥,아구(매운)탕,닭고기조림,미나리초무침,0.9677256454083162
146,101,찰밥,어묵김치찌개,닭고기조림,무미역생채,0.967323576614502
344,547,완두콩밥,복매운탕,닭고기조림,미나리초무침,0.9618546007833744
475,186,찰밥,복매운탕,닭고기조림(옥수수),미나리초무침,0.9594151622580136
