,Unnamed: 0,밥,국,메인,서브,유사도
0,443,찰밥,낙지찌개,돼지고기조림,단무지무침,0.9859952038678084
1,369,찰밥,어묵김치찌개,돼지고기조림,미역줄기무침(고추장&된장),0.985908990687138
2,973,완두콩밥,쏘가리매운탕,돼지고기조림,무숙채,0.9856907127384136
3,730,현미밥,어묵김치찌개,닭고기조림(옥수수),콩잎무침,0.985343751834327
4,203,찰밥,어묵김치찌개,닭다리조림,단무지무침,0.9829418313154676
5,557,현미밥,어묵김치찌개,부추볶음(제육),고사리나물,0.978380153221244
6,955,완두콩밥,쏘가리매운탕,완자조림(돈육),콩나물,0.9781827629650522
7,486,찰밥,복매운탕,돼지고기조림,우거지나물,0.9778109119345566
8,997,완두콩밥,어묵김치찌개,부추볶음(고기),톳나물무침,0.9774209606795224
10,260,찰밥,어묵김치찌개,닭고기조림,콩잎무침,0.9771536556725576
12,154,찰밥,어묵김치찌개,야채볶음(닭),감자나물,0.9765764954230168
14,411,찰밥,낙지찌개,닭다리조림,상추절이,0.9763597273033671
16,36,찰밥,아구(매운)탕,돼지고기조림,파무침,0.9757467602285576
19,622,현미밥,어묵김치찌개,구절판,파래무침,0.9756793879258994
27,457,찰밥,복매운탕,야채볶음(닭),무숙채,0.9751805281160736
33,7,찰밥,오징어찌개,돼지고기조림,상추절이,0.9747919362192332
41,951,완두콩밥,쏘가리매운탕,닭다리조림,미나리초무침,0.9743958859088822
43,22,찰밥,아구(매운)탕,닭다리조림,콩나물,0.974046208687646
46,418,찰밥,낙지찌개,완자조림(돈육),잔파무침,0.9738528127321854
47,766,현미밥,어묵김치찌개,닭도리탕,콩나물,0.9738326367131662
48,915,완두콩밥,아구(매운)탕,야채볶음(닭),단무지무침,0.9736659542082299
50,699,현미밥,어묵김치찌개,완자조림(돈육),버섯무침,0.9735007164882302
55,462,찰밥,복매운탕,닭다리조림,시래기나물,0.9725562858549022
58,28,찰밥,아구(매운)탕,완자조림(돈육),무숙채,0.972111867007355
64,402,찰밥,낙지찌개,야채볶음(닭),탕평채,0.971592509847962
70,849,현미밥,낙지찌개,닭고기조림(옥수수),콩나물,0.97101042423731
74,35,찰밥,아구(매운)탕,닭고기조림(옥수수),무숙채,0.9707938338487666
115,467,찰밥,복매운탕,완자조림(돈육),시래기나물,0.9693130771626416
211,618,현미밥,어묵김치찌개,떡볶음(돼지고기&간장),미나리초무침,0.9672353772012412
268,468,찰밥,복매운탕,닭고기조림,미나리초무침,0.9654905745773068
314,473,찰밥,복매운탕,닭고기조림(옥수수),무숙채,0.964153726915663
357,847,현미밥,낙지찌개,닭고기조림,무숙채,0.9632650369634512
478,927,완두콩밥,아구(매운)탕,닭고기조림,콩나물,0.9612789392462452
