,Unnamed: 0,밥,국,메인,서브,유사도
0,756,찰밥,어묵김치찌개,닭고기조림,뜸부기나물,0.9807363947115724
1,493,쌀밥,낙지찌개,돼지고기조림,양배추샐러드,0.9804018204953144
2,347,쌀밥,어묵김치찌개,닭고기조림(옥수수),돌나물무침,0.9803359255567892
5,855,찰밥,복매운탕,돼지고기조림,양배추샐러드,0.9783329448702908
6,980,현미밥,어묵김치찌개,완자조림(돈육),양배추샐러드,0.9763760840428376
8,678,찰밥,어묵김치찌개,닭다리조림,씀바귀나물,0.9749241625284862
9,584,찰밥,어묵김치찌개,부추볶음(제육),양상추샐러드,0.9744823886709436
10,912,현미밥,어묵김치찌개,구절판,미나리초무침,0.9742956311976368
19,511,쌀밥,복매운탕,야채볶음(닭),콩나물,0.9710093507153958
22,514,쌀밥,복매운탕,닭다리조림,미나리초무침,0.969323071795768
23,450,쌀밥,어묵김치찌개,돼지고기조림,깻잎나물,0.9690924693351556
24,141,쌀밥,어묵김치찌개,야채볶음(닭),양배추무침,0.9689584800992724
47,460,쌀밥,낙지찌개,야채볶음(닭),미나리초무침,0.9636516142611332
50,782,찰밥,어묵김치찌개,닭도리탕,옥수수샐러드,0.9629803056819448
51,123,쌀밥,어묵김치찌개,부추볶음(고기),고사리나물,0.962895624803306
62,478,쌀밥,낙지찌개,완자조림(돈육),무숙채,0.9624216924551818
64,45,쌀밥,아구(매운)탕,돼지고기조림,우거지나물,0.9622429720138176
73,575,찰밥,쏘가리매운탕,돼지고기조림,감자나물,0.9612379290035392
79,906,현미밥,어묵김치찌개,떡볶음(돼지고기&간장),무숙채,0.960272040168852
88,851,찰밥,복매운탕,완자조림(돈육),시래기나물,0.9596835544368922
92,15,쌀밥,아구(매운)탕,야채볶음(닭),콩나물,0.9595676276474392
112,5,쌀밥,오징어찌개,돼지고기조림,단무지무침,0.9587192807217771
117,824,찰밥,낙지찌개,닭다리조림,무숙채,0.958314659160746
122,23,쌀밥,아구(매운)탕,완자조림(돈육),미나리초무침,0.9579990396582628
133,481,쌀밥,낙지찌개,닭고기조림,미나리초무침,0.9564811445633646
140,58,쌀밥,쏘가리매운탕,완자조림(돈육),콩나물,0.9552642665518484
144,862,현미밥,아구(매운)탕,닭다리조림,무숙채,0.955053694160532
197,526,쌀밥,복매운탕,닭고기조림(옥수수),미나리초무침,0.9519765758527351
228,56,쌀밥,쏘가리매운탕,닭다리조림,무숙채,0.9510472312752064
