,Unnamed: 0,밥,국,메인,서브,유사도
0,788,찰밥,어묵김치찌개,완자조림(돈육),파래무침,0.9813806402982708
1,353,쌀밥,어묵김치찌개,닭도리탕,양배추샐러드,0.9809909292685726
2,344,쌀밥,어묵김치찌개,닭고기조림(옥수수),뜸부기나물,0.9806989787263024
5,290,쌀밥,어묵김치찌개,닭고기조림,달래무침(단무지),0.9764192158499428
6,703,찰밥,어묵김치찌개,야채볶음(닭),뜸부기나물,0.9756088172589852
7,600,찰밥,쏘가리매운탕,돼지고기조림,무미역생채,0.9751787830872056
8,956,찰밥,어묵김치찌개,돼지고기조림,양상추샐러드,0.9750097878958904
13,562,찰밥,아구(매운)탕,닭고기조림(옥수수),무숙채,0.9740174431233782
15,653,찰밥,어묵김치찌개,부추볶음(고기),김무침,0.971868796679452
16,526,쌀밥,복매운탕,돼지고기조림,시래기나물,0.9716933429831276
19,529,찰밥,오징어찌개,돼지고기조림,탕평채,0.9700034537936676
20,460,쌀밥,낙지찌개,닭고기조림,미나리초무침,0.9697609759892282
23,777,찰밥,어묵김치찌개,닭다리조림,가지나물,0.9695362902168168
39,444,쌀밥,낙지찌개,닭다리조림,미나리초무침,0.9661049976582944
43,472,쌀밥,낙지찌개,돼지고기조림,양배추샐러드,0.964166307655526
45,711,찰밥,어묵김치찌개,떡볶음(돼지고기&간장),무숙채,0.9640115265436632
54,493,쌀밥,복매운탕,닭다리조림,미나리초무침,0.9630671693978748
56,45,쌀밥,아구(매운)탕,돼지고기조림,우거지나물,0.9628966417782896
64,591,찰밥,쏘가리매운탕,완자조림(돈육),콩나물,0.9619563387985464
82,559,찰밥,아구(매운)탕,닭고기조림,무숙채,0.9602792590426024
84,177,쌀밥,어묵김치찌개,구절판,탕평채,0.960243628628837
85,15,쌀밥,아구(매운)탕,야채볶음(닭),콩나물,0.9602371442990952
87,102,쌀밥,어묵김치찌개,부추볶음(제육),뜸부기나물,0.9601793375491586
93,450,쌀밥,낙지찌개,완자조림(돈육),탕평채,0.9598077184758964
101,553,찰밥,아구(매운)탕,완자조림(돈육),단무지무침,0.9595110413739494
187,498,쌀밥,복매운탕,완자조림(돈육),미나리초무침,0.9524985876649614
199,545,찰밥,아구(매운)탕,닭다리조림,탕평채,0.9521300985973846
202,438,쌀밥,낙지찌개,야채볶음(닭),탕평채,0.952072220286146
203,506,쌀밥,복매운탕,닭고기조림(옥수수),콩나물,0.9520283802745294
211,56,쌀밥,쏘가리매운탕,닭다리조림,무숙채,0.951762525036168
