,Unnamed: 0,밥,국,메인,서브,유사도
0,960,조밥,어묵김치찌개,닭고기조림,질경이나물,0.9834743753411144
1,578,찰밥,어묵김치찌개,완자조림(돈육),양배추오이샐러드,0.983300577631571
2,736,조밥,어묵김치찌개,부추볶음(제육),잔파무침,0.9832628263528324
3,517,쌀밥,복매운탕,닭다리조림,무숙채,0.983121216688772
4,570,찰밥,어묵김치찌개,닭다리조림,우거지나물,0.9828815445957094
6,665,조밥,아구(매운)탕,닭다리조림,단무지무침,0.9814770453074542
8,835,조밥,어묵김치찌개,구절판,우거지나물,0.9810498268545084
9,340,쌀밥,어묵김치찌개,닭고기조림(옥수수),양상추샐러드,0.9800008440920008
10,524,쌀밥,복매운탕,닭고기조림,콩나물,0.9798268080365664
15,140,쌀밥,어묵김치찌개,야채볶음(닭),잔파무침,0.9795897005743792
16,767,조밥,어묵김치찌개,부추볶음(고기),삼무침,0.9794743596000786
18,535,쌀밥,복매운탕,돼지고기조림,양상추샐러드,0.9791895960802935
19,384,쌀밥,어묵김치찌개,닭도리탕,콩나물,0.9788423168527218
22,816,조밥,어묵김치찌개,떡볶음(돼지고기&간장),단무지무침,0.9775060838386296
23,679,조밥,아구(매운)탕,돼지고기조림,파무침,0.976755971504334
25,464,쌀밥,낙지찌개,닭다리조림,탕평채,0.9755883519226288
27,714,조밥,쏘가리매운탕,돼지고기조림,김무침,0.9742925083354126
30,520,쌀밥,복매운탕,완자조림(돈육),단무지무침,0.973761635489798
34,672,조밥,아구(매운)탕,완자조림(돈육),무숙채,0.9729730164749838
39,496,쌀밥,낙지찌개,돼지고기조림,무미역생채,0.9728021084066598
41,510,쌀밥,복매운탕,야채볶음(닭),단무지무침,0.9727333717917234
50,433,쌀밥,어묵김치찌개,돼지고기조림,취나물,0.9715177442604422
52,460,쌀밥,낙지찌개,야채볶음(닭),미나리초무침,0.9713747348515488
93,480,쌀밥,낙지찌개,완자조림(돈육),버섯무침,0.9665783428741436
116,725,조밥,해물찌개(넙치&장어),돼지고기조림,콩나물,0.963032928686848
147,16,쌀밥,아구(매운)탕,야채볶음(닭),무숙채,0.9610690224042135
179,4,쌀밥,오징어찌개,돼지고기조림,김무침,0.9588089419608892
186,54,쌀밥,쏘가리매운탕,닭다리조림,미나리초무침,0.9586602338507402
215,675,조밥,아구(매운)탕,닭고기조림,무숙채,0.9572138006848752
242,31,쌀밥,아구(매운)탕,닭고기조림(옥수수),콩나물,0.9545201765443676
298,528,쌀밥,복매운탕,닭고기조림(옥수수),무숙채,0.9523202192750376
314,702,조밥,쏘가리매운탕,완자조림(돈육),미나리초무침,0.9517318077350532
