,Unnamed: 0,밥,국,메인,서브,유사도
0,776,찰밥,어묵김치찌개,닭고기조림,상추절이,0.980879799076342
1,503,쌀밥,낙지찌개,돼지고기조림,감자나물,0.9805474301396302
2,351,쌀밥,어묵김치찌개,닭고기조림(옥수수),취나물(간장),0.9804815901476304
4,856,찰밥,어묵김치찌개,돼지고기조림,콩잎무침,0.9797528804687908
6,290,쌀밥,어묵김치찌개,완자조림(돈육),버섯무침,0.9758674883977984
7,693,찰밥,어묵김치찌개,닭다리조림,취나물(간장),0.9750760221199962
8,595,찰밥,어묵김치찌개,부추볶음(제육),잔파무침,0.9746367146711176
9,933,찰밥,복매운탕,완자조림(돈육),단무지무침,0.9744536927629032
14,557,찰밥,아구(매운)탕,완자조림(돈육),탕평채,0.9734843674052059
15,947,찰밥,복매운탕,돼지고기조림,삼무침,0.9724234478458332
16,646,찰밥,어묵김치찌개,구절판,양상추샐러드,0.9713366595706829
20,524,쌀밥,복매운탕,닭고기조림,콩나물,0.969473987547147
22,143,쌀밥,어묵김치찌개,야채볶음(닭),다시마무침,0.9691055347528098
30,512,쌀밥,복매운탕,야채볶음(닭),무숙채,0.9680112006703252
35,915,찰밥,낙지찌개,닭고기조림,무숙채,0.9675033464786379
37,836,찰밥,어묵김치찌개,닭도리탕,양배추오이샐러드,0.9671778629438412
39,556,찰밥,아구(매운)탕,닭다리조림,무숙채,0.9657115886917188
42,959,현미밥,아구(매운)탕,돼지고기조림,양배추오이샐러드,0.9650733295870244
45,467,쌀밥,낙지찌개,닭다리조림,콩나물,0.9637676248213716
49,125,쌀밥,어묵김치찌개,부추볶음(고기),시래기나물,0.9630505471202224
57,488,쌀밥,낙지찌개,닭고기조림(옥수수),무숙채,0.962565209116413
67,586,찰밥,해물찌개(넙치&장어),돼지고기조림,미나리초무침,0.9613967807478236
70,477,쌀밥,낙지찌개,완자조림(돈육),고사리나물,0.960908783106694
73,927,찰밥,복매운탕,닭다리조림,단무지무침,0.9604306409396576
83,968,현미밥,쏘가리매운탕,돼지고기조림,무숙채,0.9598092546845808
86,15,쌀밥,아구(매운)탕,야채볶음(닭),콩나물,0.9597161792255892
95,526,쌀밥,복매운탕,닭고기조림(옥수수),미나리초무침,0.9593740006220752
106,5,쌀밥,오징어찌개,돼지고기조림,단무지무침,0.9588720237956162
126,573,찰밥,쏘가리매운탕,완자조림(돈육),미나리초무침,0.9566561992663948
135,173,쌀밥,어묵김치찌개,떡볶음(돼지고기&간장),콩나물,0.955215471176614
149,570,찰밥,쏘가리매운탕,닭다리조림,미나리초무침,0.9541852910605526
188,891,찰밥,낙지찌개,야채볶음(닭),탕평채,0.9521367187895686
