,Unnamed: 0,밥,국,메인,서브,유사도
0,787,찰밥,어묵김치찌개,완자조림(돈육),양배추샐러드,0.981432681465586
1,353,쌀밥,어묵김치찌개,닭도리탕,상추절이,0.981043916755816
3,873,찰밥,어묵김치찌개,닭고기조림(옥수수),양배추샐러드,0.9803288555347004
5,290,쌀밥,어묵김치찌개,닭고기조림,콩나물,0.9764769334361642
6,703,찰밥,어묵김치찌개,떡볶음(돼지고기&간장),무숙채,0.9756644327941836
7,600,찰밥,쏘가리매운탕,돼지고기조림,삼무침,0.975235431305584
8,954,찰밥,어묵김치찌개,돼지고기조림,단무지무침,0.975067996357018
13,562,찰밥,아구(매운)탕,돼지고기조림,무미역생채,0.9740730957693888
15,653,찰밥,어묵김치찌개,부추볶음(고기),무숙채,0.9719243529468956
16,526,찰밥,오징어찌개,돼지고기조림,콩나물,0.9717489183952652
20,460,쌀밥,낙지찌개,돼지고기조림,톳나물무침,0.969815200722946
21,143,쌀밥,어묵김치찌개,야채볶음(닭),달래무침,0.9696741821463576
23,776,찰밥,어묵김치찌개,닭다리조림,시래기나물,0.9695912715797864
28,517,쌀밥,복매운탕,돼지고기조림,버섯무침,0.968600165549317
39,444,쌀밥,낙지찌개,완자조림(돈육),단무지무침,0.9661583792539344
45,711,찰밥,어묵김치찌개,구절판,양배추오이샐러드,0.9640588273901816
54,493,쌀밥,복매운탕,닭고기조림,콩나물,0.9631194030448308
55,432,쌀밥,낙지찌개,야채볶음(닭),단무지무침,0.9630939649927872
67,482,쌀밥,복매운탕,야채볶음(닭),무숙채,0.961466065501942
85,15,쌀밥,아구(매운)탕,야채볶음(닭),콩나물,0.9602915015836984
87,102,쌀밥,어묵김치찌개,부추볶음(제육),뜸부기나물,0.9602374980459306
101,553,찰밥,아구(매운)탕,닭고기조림(옥수수),콩나물,0.9595690436608262
112,23,쌀밥,아구(매운)탕,완자조림(돈육),미나리초무침,0.9587687567324398
122,578,찰밥,쏘가리매운탕,닭다리조림,미나리초무침,0.9572771079482734
124,496,쌀밥,복매운탕,닭고기조림(옥수수),콩나물,0.9572142714329523
128,58,쌀밥,쏘가리매운탕,완자조림(돈육),콩나물,0.9560167130369948
142,575,찰밥,쏘가리매운탕,야채볶음(닭),미나리초무침,0.9547625273652224
145,437,쌀밥,낙지찌개,닭다리조림,단무지무침,0.9545136113166623
184,541,찰밥,아구(매운)탕,닭다리조림,무숙채,0.9525886089439626
189,453,쌀밥,낙지찌개,닭고기조림,콩나물,0.9524058824567548
254,456,쌀밥,낙지찌개,닭고기조림(옥수수),단무지무침,0.950618784477417
