,Unnamed: 0,밥,국,메인,서브,유사도
0,926,현미밥,어묵김치찌개,닭다리조림,시래기나물,0.9756105493083896
1,940,현미밥,어묵김치찌개,완자조림(돈육),무미역생채,0.9734979688443084
2,791,현미밥,어묵김치찌개,부추볶음(제육),감자나물,0.9721272430425756
3,518,찰밥,어묵김치찌개,닭고기조림(옥수수),콩나물,0.9705720354358208
4,451,찰밥,어묵김치찌개,닭고기조림,파무침,0.9703181039456532
5,143,쌀밥,복매운탕,돼지고기조림,시래기나물,0.9701714197654336
7,658,찰밥,낙지찌개,닭고기조림(옥수수),미나리초무침,0.9699611610258659
9,217,찰밥,쏘가리매운탕,돼지고기조림,양배추오이샐러드,0.9688445337985312
10,808,현미밥,어묵김치찌개,부추볶음(고기),상추절이,0.968788199986103
13,675,찰밥,낙지찌개,돼지고기조림,콩나물,0.9655605276836134
32,206,찰밥,쏘가리매운탕,닭다리조림,콩나물,0.9630532805859836
34,304,찰밥,어묵김치찌개,야채볶음(닭),묵무침(도토리묵),0.9629759677812206
37,578,찰밥,어묵김치찌개,돼지고기조림,양배추무침,0.9625624067991936
39,656,찰밥,낙지찌개,닭고기조림,콩나물,0.9622937268092784
44,166,찰밥,아구(매운)탕,닭다리조림,단무지무침,0.9614533410435592
48,741,현미밥,아구(매운)탕,완자조림(돈육),무숙채,0.9611039073295016
53,866,현미밥,어묵김치찌개,구절판,미나리초무침,0.9609667994701784
55,548,찰밥,어묵김치찌개,닭도리탕,콩나물,0.960878670686094
57,177,찰밥,아구(매운)탕,닭고기조림,콩나물,0.9608208103486726
63,150,찰밥,오징어찌개,돼지고기조림,김무침,0.9607036826760684
72,186,찰밥,아구(매운)탕,돼지고기조림,양배추샐러드,0.9601666127644872
74,647,찰밥,낙지찌개,완자조림(돈육),상추절이,0.960072584211745
77,698,찰밥,복매운탕,완자조림(돈육),시래기나물,0.9599455733716624
92,202,찰밥,쏘가리매운탕,야채볶음(닭),미나리초무침,0.9586726577824812
101,700,찰밥,복매운탕,닭고기조림,콩나물,0.9567890535315904
107,162,찰밥,아구(매운)탕,야채볶음(닭),콩나물,0.9558587407146923
111,181,찰밥,아구(매운)탕,닭고기조림(옥수수),무숙채,0.955748967862552
128,702,찰밥,복매운탕,닭고기조림(옥수수),미나리초무침,0.9544501698463108
155,328,찰밥,어묵김치찌개,떡볶음(돼지고기&간장),단무지무침,0.9532865814409566
169,640,찰밥,낙지찌개,닭다리조림,시래기나물,0.9528825368964292
172,209,찰밥,쏘가리매운탕,완자조림(돈육),단무지무침,0.9528412269460804
196,132,쌀밥,복매운탕,야채볶음(닭),단무지무침,0.9520603195780444
207,692,찰밥,복매운탕,닭다리조림,시래기나물,0.9518179473494356
245,113,쌀밥,낙지찌개,야채볶음(닭),콩나물,0.9508331167879596
