,Unnamed: 0,밥,국,메인,서브,유사도
0,667,현미밥,어묵김치찌개,구절판,잔파무침,0.9769943430770972
1,557,현미밥,아구(매운)탕,돼지고기조림,콩나물,0.976124018499254
2,326,찰밥,어묵김치찌개,닭고기조림(옥수수),물쑥무침,0.9710537380032748
5,253,찰밥,어묵김치찌개,완자조림(돈육),묵무침(녹두묵),0.9644185164435659
8,29,찰밥,아구(매운)탕,완자조림(돈육),무숙채,0.9638972125848968
10,128,찰밥,어묵김치찌개,부추볶음(고기),감자나물,0.9635273428905724
11,143,찰밥,어묵김치찌개,야채볶음(닭),양배추오이샐러드,0.9634741871602333
12,414,찰밥,어묵김치찌개,돼지고기조림,콩나물어묵무침,0.963138143704102
13,938,현미밥,복매운탕,야채볶음(닭),콩나물,0.9629003614253828
17,471,찰밥,낙지찌개,돼지고기조림,양배추오이샐러드,0.9618575041400732
19,522,찰밥,복매운탕,돼지고기조림,삼무침,0.961466687600104
22,345,찰밥,어묵김치찌개,닭도리탕,톳나물무침,0.9613921182388826
23,65,찰밥,쏘가리매운탕,완자조림(돈육),콩나물,0.9612950659378968
26,980,완두콩밥,오징어찌개,돼지고기조림,버섯무침,0.9609534655057684
27,280,찰밥,어묵김치찌개,닭고기조림,잔파무침,0.9609195164051882
29,447,찰밥,낙지찌개,닭다리조림,버섯무침,0.960821452835544
37,685,현미밥,어묵김치찌개,닭다리조림,양배추무침,0.9602991867262164
41,17,찰밥,아구(매운)탕,야채볶음(닭),콩나물,0.9598245435591544
43,492,찰밥,복매운탕,닭다리조림,단무지무침,0.9595673066528992
44,180,찰밥,어묵김치찌개,떡볶음(돼지고기&간장),무숙채,0.9594336616979259
46,584,현미밥,어묵김치찌개,부추볶음(제육),양배추오이샐러드,0.9591622830884948
47,996,완두콩밥,아구(매운)탕,닭고기조림,무숙채,0.9588541778111171
64,985,완두콩밥,아구(매운)탕,닭다리조림,탕평채,0.9562303120718684
79,433,찰밥,낙지찌개,야채볶음(닭),미나리초무침,0.9549035970674306
88,464,찰밥,낙지찌개,닭고기조림(옥수수),콩나물,0.9544270985747992
119,574,현미밥,쏘가리매운탕,돼지고기조림,감자나물,0.9530427781842392
121,36,찰밥,아구(매운)탕,닭고기조림(옥수수),무숙채,0.9528853176748232
149,944,현미밥,복매운탕,완자조림(돈육),미나리초무침,0.952126953941063
157,504,찰밥,복매운탕,닭고기조림(옥수수),미나리초무침,0.9519900676349468
172,910,현미밥,낙지찌개,완자조림(돈육),무숙채,0.9515559014271796
188,912,현미밥,낙지찌개,닭고기조림,콩나물,0.9512435882153776
225,502,찰밥,복매운탕,닭고기조림,콩나물,0.9500435610480984
