,Unnamed: 0,밥,국,메인,서브,유사도
0,922,현미밥,어묵김치찌개,닭고기조림(옥수수),콩나물어묵무침,0.9757300409221952
1,936,현미밥,어묵김치찌개,닭도리탕,미나리초무침,0.9736076080142264
2,787,현미밥,어묵김치찌개,닭다리조림,김무침,0.9722377758034996
3,516,찰밥,낙지찌개,야채볶음(닭),무숙채,0.9706845605554741
4,449,찰밥,어묵김치찌개,돼지고기조림,파래무침,0.970428131044211
5,143,찰밥,어묵김치찌개,부추볶음(제육),씀바귀나물,0.9702800877057705
7,654,현미밥,쏘가리매운탕,돼지고기조림,김무침,0.9700770704758775
9,217,찰밥,어묵김치찌개,떡볶음(돼지고기&간장),무숙채,0.9689540939653041
23,228,찰밥,어묵김치찌개,구절판,잔파무침,0.9639721798568271
27,369,찰밥,어묵김치찌개,닭고기조림,씀바귀나물,0.9637197324388188
29,45,찰밥,오징어찌개,돼지고기조림,버섯무침,0.9635471771798648
31,50,찰밥,아구(매운)탕,야채볶음(닭),무숙채,0.9632458625949578
32,206,찰밥,어묵김치찌개,야채볶음(닭),가지나물,0.9631640816041352
34,303,찰밥,어묵김치찌개,완자조림(돈육),양상추샐러드,0.9630934952173428
37,576,찰밥,복매운탕,닭다리조림,단무지무침,0.9626832135580676
44,166,찰밥,어묵김치찌개,부추볶음(고기),고사리나물,0.9615679375529153
52,119,찰밥,해물찌개(넙치&장어),돼지고기조림,미나리초무침,0.961083265430756
55,546,찰밥,낙지찌개,닭고기조림(옥수수),단무지무침,0.9609980441204063
64,518,찰밥,낙지찌개,닭다리조림,파무침,0.9606454302942641
67,605,찰밥,복매운탕,돼지고기조림,콩나물,0.9604659591589764
69,582,찰밥,복매운탕,완자조림(돈육),단무지무침,0.9603603797825752
71,78,찰밥,아구(매운)탕,돼지고기조림,김무침,0.9603171198064316
73,540,찰밥,낙지찌개,완자조림(돈육),버섯무침,0.9602294886693165
84,23,쌀밥,낙지찌개,돼지고기조림,미나리초무침,0.9594300142091358
102,58,찰밥,아구(매운)탕,완자조림(돈육),미나리초무침,0.9566609864779588
160,543,찰밥,낙지찌개,닭고기조림,콩나물,0.9532171780566708
187,56,찰밥,아구(매운)탕,닭다리조림,시래기나물,0.9524869916859208
