,Unnamed: 0,밥,국,메인,서브,유사도
0,290,쌀밥,어묵김치찌개,닭도리탕,묵무침(녹두묵),0.9766897026086724
1,693,찰밥,어묵김치찌개,닭다리조림,시래기나물,0.9758692171850528
2,591,찰밥,어묵김치찌개,야채볶음(닭),달래무침,0.9754441440325756
3,934,찰밥,낙지찌개,완자조림(돈육),미나리초무침,0.975282640999286
4,798,찰밥,어묵김치찌개,닭고기조림(옥수수),달래무침,0.9744531749413348
7,553,찰밥,어묵김치찌개,부추볶음(고기),파무침,0.9742780320242604
8,948,찰밥,낙지찌개,닭고기조림(옥수수),미나리초무침,0.9731955414627091
9,518,찰밥,쏘가리매운탕,돼지고기조림,고사리나물,0.9719535768412962
12,453,찰밥,아구(매운)탕,야채볶음(닭),무숙채,0.9700147381058696
14,946,찰밥,낙지찌개,닭고기조림,콩나물,0.9698173665795822
17,217,쌀밥,어묵김치찌개,완자조림(돈육),유채나물,0.9685424028482869
19,437,찰밥,오징어찌개,돼지고기조림,미나리초무침,0.9663547365239188
20,960,찰밥,낙지찌개,돼지고기조림,잔파무침,0.965880192221636
22,412,쌀밥,복매운탕,완자조림(돈육),무숙채,0.9648291087466886
23,465,찰밥,아구(매운)탕,완자조림(돈육),시래기나물,0.9643553951170528
29,228,쌀밥,어묵김치찌개,닭고기조림,톳나물무침,0.9635538356293504
33,486,찰밥,아구(매운)탕,돼지고기조림,감자나물,0.9633114173661868
34,425,쌀밥,복매운탕,돼지고기조림,잔파무침,0.9632995896366932
36,50,쌀밥,쏘가리매운탕,야채볶음(닭),콩나물,0.9628121614190376
40,306,쌀밥,어묵김치찌개,돼지고기조림,오이무침(우엉),0.9626533819686254
49,928,찰밥,낙지찌개,닭다리조림,고사리나물,0.9612638577165222
50,166,쌀밥,어묵김치찌개,구절판,버섯무침,0.9611383531172629
56,417,쌀밥,복매운탕,닭고기조림(옥수수),콩나물,0.9607525032041966
59,972,찰밥,복매운탕,야채볶음(닭),탕평채,0.9606419282319568
61,551,찰밥,어묵김치찌개,부추볶음(제육),시래기나물,0.9605513601809288
62,919,찰밥,낙지찌개,야채볶음(닭),무숙채,0.9605375795470044
71,523,찰밥,해물찌개(넙치&장어),돼지고기조림,콩나물,0.9601992543365424
144,405,쌀밥,복매운탕,닭다리조림,미나리초무침,0.9535795721699476
165,455,찰밥,아구(매운)탕,닭다리조림,미나리초무침,0.9528149973316176
185,499,찰밥,쏘가리매운탕,완자조림(돈육),단무지무침,0.952282989449587
191,467,찰밥,아구(매운)탕,닭고기조림,콩나물,0.9521039864472776
220,991,찰밥,복매운탕,닭고기조림,무숙채,0.9513359694257576
