,Unnamed: 0,밥,국,메인,서브,유사도
0,995,현미밥,낙지찌개,돼지고기조림,양배추샐러드,0.976845438409146
1,827,현미밥,어묵김치찌개,닭고기조림,단무지무침,0.9759746594771423
3,708,현미밥,어묵김치찌개,구절판,파래무침,0.972463026746998
4,468,찰밥,어묵김치찌개,돼지고기조림,비름나물,0.9709141530220016
5,135,찰밥,어묵김치찌개,부추볶음(고기),시래기나물,0.9705013253559328
7,593,현미밥,아구(매운)탕,돼지고기조림,양배추오이샐러드,0.9703140077408952
11,400,찰밥,어묵김치찌개,닭도리탕,가지나물,0.9669810814159676
13,609,현미밥,쏘가리매운탕,돼지고기조림,탕평채,0.9659131693990244
16,365,찰밥,어묵김치찌개,닭고기조림(옥수수),콩나물,0.9642745640988352
17,215,찰밥,어묵김치찌개,닭다리조림,톳나물무침,0.9641995304597024
24,703,현미밥,어묵김치찌개,야채볶음(닭),버섯무침,0.9634991349978576
27,284,찰밥,어묵김치찌개,완자조림(돈육),콩나물,0.9633340426070096
31,102,찰밥,어묵김치찌개,부추볶음(제육),묵무침(녹두묵),0.9627510659223724
49,498,찰밥,낙지찌개,완자조림(돈육),시래기나물,0.9612426237805064
53,15,찰밥,아구(매운)탕,야채볶음(닭),미나리초무침,0.9611321108033832
59,548,찰밥,복매운탕,닭고기조림(옥수수),미나리초무침,0.9607008645024576
62,36,찰밥,아구(매운)탕,닭고기조림(옥수수),무숙채,0.9605967723478722
66,5,찰밥,오징어찌개,돼지고기조림,김무침,0.960336510794136
75,23,찰밥,아구(매운)탕,닭다리조림,무숙채,0.9596748587250122
85,586,현미밥,아구(매운)탕,완자조림(돈육),콩나물,0.958100746586036
103,976,현미밥,낙지찌개,닭다리조림,미나리초무침,0.9557115446357844
105,66,찰밥,쏘가리매운탕,완자조림(돈육),무숙채,0.9556232060883054
123,551,찰밥,복매운탕,돼지고기조림,파무침,0.9546686412911098
128,475,찰밥,낙지찌개,야채볶음(닭),무숙채,0.9542383745674772
130,506,찰밥,낙지찌개,닭고기조림(옥수수),콩나물,0.9541894267320568
138,57,찰밥,쏘가리매운탕,야채볶음(닭),미나리초무침,0.9538161812057292
144,538,찰밥,복매운탕,닭다리조림,시래기나물,0.9536658158353492
227,184,찰밥,어묵김치찌개,떡볶음(돼지고기&간장),무숙채,0.9513685362639756
228,539,찰밥,복매운탕,완자조림(돈육),탕평채,0.9512834977358792
