,Unnamed: 0,밥,국,메인,서브,유사도
0,993,완두콩밥,어묵김치찌개,닭고기조림,고추잎나물,0.97956749784935
1,790,완두콩밥,아구(매운)탕,닭다리조림,미나리초무침,0.9794997072018388
3,771,현미밥,복매운탕,돼지고기조림,삼무침,0.977878817370084
4,904,완두콩밥,어묵김치찌개,야채볶음(닭),시래기나물,0.9776184926352196
5,713,현미밥,어묵김치찌개,돼지고기조림,시래기나물,0.9772740322370258
8,578,현미밥,어묵김치찌개,완자조림(돈육),잔파무침,0.9766198686928299
9,176,찰밥,어묵김치찌개,닭다리조림,묵무침(녹두묵),0.9762810273148425
10,400,찰밥,복매운탕,완자조림(돈육),콩나물,0.9756604146334572
12,997,완두콩밥,어묵김치찌개,닭고기조림(옥수수),파무침,0.9671369030563708
14,473,현미밥,어묵김치찌개,부추볶음(제육),김무침,0.9649839650024594
15,735,현미밥,낙지찌개,돼지고기조림,파무침,0.964871308521478
18,283,찰밥,어묵김치찌개,닭도리탕,가지나물,0.9644391749698118
19,31,찰밥,아구(매운)탕,닭고기조림(옥수수),콩나물,0.9636709923616408
22,783,완두콩밥,오징어찌개,돼지고기조림,무숙채,0.963258484958564
24,358,찰밥,낙지찌개,완자조림(돈육),상추절이,0.9630541397413976
25,807,완두콩밥,아구(매운)탕,돼지고기조림,양배추오이샐러드,0.9624585628041228
30,26,찰밥,아구(매운)탕,완자조림(돈육),시래기나물,0.9608370206867431
32,407,찰밥,복매운탕,닭고기조림(옥수수),무숙채,0.9603266716613068
39,729,현미밥,낙지찌개,닭고기조림,미나리초무침,0.9594057449618888
42,394,찰밥,복매운탕,닭다리조림,단무지무침,0.9589950354576248
44,491,현미밥,어묵김치찌개,부추볶음(고기),무숙채,0.9587846634947208
47,535,현미밥,어묵김치찌개,구절판,톳나물무침,0.9584869385724654
48,461,현미밥,쏘가리매운탕,돼지고기조림,김무침,0.9583934128755552
52,788,완두콩밥,아구(매운)탕,야채볶음(닭),콩나물,0.9581154593367678
78,367,찰밥,낙지찌개,닭고기조림(옥수수),미나리초무침,0.9553692926799129
83,146,찰밥,어묵김치찌개,떡볶음(돼지고기&간장),콩나물,0.9548881621438126
86,54,찰밥,쏘가리매운탕,야채볶음(닭),무숙채,0.9548470308915104
94,389,찰밥,복매운탕,야채볶음(닭),미나리초무침,0.954311110289008
98,57,찰밥,쏘가리매운탕,닭다리조림,무숙채,0.9539920338431948
148,723,현미밥,낙지찌개,닭다리조림,콩나물,0.951988614228142
155,27,찰밥,아구(매운)탕,닭고기조림,미나리초무침,0.9516919035648218
163,342,찰밥,낙지찌개,야채볶음(닭),단무지무침,0.951391523514154
