,Unnamed: 0,밥,국,메인,서브,유사도
0,248,찹쌀밥,아구(매운)탕,돼지고기조림,버섯무침,0.9783303616716164
1,211,차수수밥,낙지찌개,돼지고기조림,김무침,0.9774680349019692
2,846,고구마밥,복매운탕,야채볶음(닭),미나리초무침,0.9742818678325532
6,848,고구마밥,복매운탕,돼지고기조림,김무침,0.9718326757730948
8,371,밤밥,오징어찌개,돼지고기조림,파무침,0.9714079098662426
10,546,수수밥,낙지찌개,야채볶음(닭),시래기나물,0.9711308002299092
12,472,밤밥,어묵김치찌개,돼지고기조림,미나리초무침,0.9701624489084996
13,319,찹쌀밥,낙지찌개,닭고기조림(옥수수),단무지무침,0.9700357352058702
15,412,밤밥,쏘가리매운탕,돼지고기조림,시래기나물,0.9682707993206338
17,708,옥수수밥,어묵김치찌개,야채볶음(닭),톳나물무침,0.9645672844668549
21,562,쑥쌀밥,아구(매운)탕,닭고기조림(옥수수),콩나물,0.9612433599572464
26,620,쑥쌀밥,낙지찌개,닭고기조림,미나리초무침,0.9598155455471764
27,250,찹쌀밥,쏘가리매운탕,야채볶음(닭),콩나물,0.9597858345266967
34,459,밤밥,어묵김치찌개,닭고기조림,김무침,0.9587079884699898
40,741,옥수수밥,어묵김치찌개,닭도리탕,김무침,0.957999213698679
56,656,옥수수밥,아구(매운)탕,야채볶음(닭),콩나물,0.9566597663398768
60,697,옥수수밥,어묵김치찌개,부추볶음(제육),버섯무침,0.9561120513322758
64,659,옥수수밥,아구(매운)탕,닭다리조림,단무지무침,0.9559260062421809
86,462,밤밥,어묵김치찌개,닭고기조림(옥수수),김무침,0.9540782056825696
113,519,밤밥,복매운탕,닭고기조림,미나리초무침,0.9522655954877608
150,426,밤밥,어묵김치찌개,부추볶음(고기),김무침,0.9508940543330116
175,559,쑥쌀밥,아구(매운)탕,닭고기조림,미나리초무침,0.9501046994203516
