,Unnamed: 0,밥,국,메인,서브,유사도
0,883,수수찹쌀밥,아구(매운)탕,돼지고기조림,무숙채,0.9782359894539376
1,966,차수수밥,오징어찌개,돼지고기조림,미나리초무침,0.9779033552601104
2,801,차조밥,어묵김치찌개,부추볶음(고기),무미역생채,0.9773653039940138
3,148,찰밥,어묵김치찌개,돼지고기조림,고추잎나물,0.9767987516989142
5,228,현미밥,쏘가리매운탕,돼지고기조림,상추절이,0.9694217113271986
9,806,차조밥,어묵김치찌개,야채볶음(닭),무미역생채,0.9666732164193056
11,757,율무밥,복매운탕,돼지고기조림,미나리초무침,0.9655369180313438
12,425,완두콩밥,어묵김치찌개,부추볶음(제육),단무지무침,0.9654211365983596
13,865,수수찹쌀밥,아구(매운)탕,야채볶음(닭),미나리초무침,0.9653547296569784
17,624,녹두밥,어묵김치찌개,닭도리탕,김무침,0.9645824749013152
22,942,수수찹쌀밥,낙지찌개,닭고기조림(옥수수),단무지무침,0.9636203915172662
29,353,현미밥,낙지찌개,돼지고기조림,잔파무침,0.962025160784304
32,936,수수찹쌀밥,낙지찌개,야채볶음(닭),단무지무침,0.9613641491690782
47,480,완두콩밥,어묵김치찌개,닭고기조림(옥수수),버섯무침,0.9587347661123128
63,955,수수찹쌀밥,복매운탕,야채볶음(닭),단무지무침,0.9566193397125496
68,206,현미밥,아구(매운)탕,닭다리조림,미나리초무침,0.9561448100589638
73,644,녹두밥,낙지찌개,닭고기조림,단무지무침,0.9558794421464624
91,588,녹두밥,쏘가리매운탕,야채볶음(닭),콩나물,0.953509513552537
111,160,찰밥,낙지찌개,닭다리조림,상추절이,0.9521813649423958
123,681,율무밥,아구(매운)탕,닭고기조림(옥수수),콩나물,0.9515994231163344
130,570,녹두밥,아구(매운)탕,닭고기조림,미나리초무침,0.9512452209425742
131,208,현미밥,아구(매운)탕,완자조림(돈육),미나리초무침,0.9511824093257328
135,101,찰밥,어묵김치찌개,닭고기조림,무미역생채,0.9509038143920264
