,Unnamed: 0,밥,국,메인,서브,유사도
0,443,찰밥,낙지찌개,돼지고기조림,단무지무침,0.9770603298406744
1,973,완두콩밥,쏘가리매운탕,돼지고기조림,무숙채,0.976525013324298
2,369,찰밥,어묵김치찌개,돼지고기조림,미역줄기무침(고추장&된장),0.9761902178529526
3,730,현미밥,어묵김치찌개,닭고기조림(옥수수),콩잎무침,0.9755732853091554
4,203,찰밥,어묵김치찌개,닭다리조림,단무지무침,0.9711154335920684
6,955,완두콩밥,쏘가리매운탕,완자조림(돈육),콩나물,0.9644522935274674
7,557,현미밥,어묵김치찌개,부추볶음(제육),고사리나물,0.9643594656790704
8,486,찰밥,복매운탕,돼지고기조림,우거지나물,0.9638860974625084
10,997,완두콩밥,어묵김치찌개,부추볶음(고기),톳나물무침,0.9633793550349092
12,260,찰밥,어묵김치찌개,닭고기조림,콩잎무침,0.9632046436167632
14,154,찰밥,어묵김치찌개,야채볶음(닭),감자나물,0.9624633825302802
16,411,찰밥,낙지찌개,닭다리조림,상추절이,0.9620200441727004
18,622,현미밥,어묵김치찌개,구절판,파래무침,0.9618094411156356
22,36,찰밥,아구(매운)탕,돼지고기조림,파무침,0.9613615774793984
31,457,찰밥,복매운탕,야채볶음(닭),무숙채,0.9603566610029208
33,494,현미밥,오징어찌개,돼지고기조림,미나리초무침,0.9602318666124036
40,951,완두콩밥,쏘가리매운탕,닭다리조림,미나리초무침,0.9594096708965184
43,766,현미밥,어묵김치찌개,닭도리탕,콩나물,0.9590298436866594
45,22,찰밥,아구(매운)탕,닭다리조림,콩나물,0.9588729436938744
47,418,찰밥,낙지찌개,완자조림(돈육),잔파무침,0.9586026979818109
48,915,완두콩밥,아구(매운)탕,야채볶음(닭),단무지무침,0.9584098165110649
49,699,현미밥,어묵김치찌개,완자조림(돈육),버섯무침,0.9583903480257064
56,462,찰밥,복매운탕,닭다리조림,시래기나물,0.9568729240475622
60,28,찰밥,아구(매운)탕,완자조림(돈육),무숙채,0.9562894886115344
66,402,찰밥,낙지찌개,야채볶음(닭),탕평채,0.9557086186650522
68,849,현미밥,낙지찌개,닭고기조림(옥수수),콩나물,0.9553257733562122
73,35,찰밥,아구(매운)탕,닭고기조림(옥수수),무숙채,0.9549640733302588
112,467,찰밥,복매운탕,완자조림(돈육),시래기나물,0.9531351731148544
212,618,현미밥,어묵김치찌개,떡볶음(돼지고기&간장),미나리초무침,0.9504008846758244
