,Unnamed: 0,밥,국,메인,서브,유사도
0,717,조밥,당면국(새우),계란후라이,닭무침,0.9965914360087592
2,417,조밥,고동국(올갱이국),두부찜,오징어포무침,0.9962469312513704
3,380,현미밥,당면국,두부찜,닭무침,0.996229077202882
4,268,쌀밥,당면국(양배추),계란후라이,오징어포무침,0.9961210792060424
5,160,쌀밥,고동국(올갱이국),잡채,북어채무침,0.9961044847509336
6,522,조밥,고동국(올갱이국),달걀부침(김말이),새우무침,0.9960915321316928
8,338,쌀밥,당면국(새우),부추강회,북어채무침,0.9959656506187156
9,403,조밥,복국(복지리),오믈렛(두부),새우무침,0.99584007265394
10,543,조밥,고동국(올갱이국),달걀부침,굴무침,0.9957493057151658
12,779,콩밥(대두),고동국(올갱이국),계란말이,홍합무침,0.9957445203440226
13,629,조밥,당면국,계란후라이,오징어포무침,0.9956810850084332
16,827,콩밥(대두),고동국(올갱이국),오믈렛(두부),굴무침,0.9954243100718164
17,365,찰밥,당면국(양배추),두부찜,홍합무침,0.995414830584892
18,612,조밥,고동국(올갱이국),미나리강회,노가리채무침,0.9953493291734598
21,342,쌀밥,당면국(새우),미나리강회,꼬막무침,0.9951070184247084
22,328,쌀밥,당면국(새우),파강회,오징어포무침,0.9950465699760652
23,690,조밥,당면국(양배추),부추강회,닭무침,0.994906839252265
25,460,조밥,고동국(올갱이국),계란후라이,쥐포무침,0.9946014805874394
28,286,쌀밥,당면국(양배추),파강회,북어채무침,0.9945387641441004
30,658,조밥,당면국(양배추),계란말이,닭무침,0.994344949462474
32,923,콩밥(대두),고동국(올갱이국),파강회,오징어무침(어묵),0.9941684287847701
36,635,조밥,당면국,파강회,새우무침,0.994121676877372
37,598,조밥,고동국(올갱이국),부추강회,오징어무침(파),0.9940893326299712
40,848,콩밥(대두),고동국(올갱이국),스크램블드에그,새우무침,0.993973243000116
43,489,조밥,고동국(올갱이국),오믈렛,새우무침,0.9937415537219514
58,172,쌀밥,고동국(올갱이국),부추잡채,굴무침,0.9915407819996164
63,748,콩밥(대두),복국(복지리),잡채,닭무침,0.9900606993074872
66,642,조밥,당면국,부추강회,꼬막무침,0.9899446729622848
85,697,조밥,당면국(새우),두부찜,홍합무침,0.9889232440110948
95,321,쌀밥,당면국(새우),스크램블드에그,닭무침,0.9886550139771252
99,322,쌀밥,당면국(새우),달걀부침(김말이),닭무침,0.9884628978803126
124,917,콩밥(대두),고동국(올갱이국),짜장볶음,새우무침,0.9875668757317164
136,742,콩밥(대두),두부계란탕,계란후라이,닭무침,0.987150008270883
163,34,쌀밥,고동국(올갱이국),순대,꼬막무침,0.986594641595364
169,249,쌀밥,당면국,미나리강회,닭무침,0.9865376317283812
172,674,조밥,당면국(양배추),부추잡채,닭무침,0.9865223610957708
193,310,쌀밥,당면국(새우),계란말이,닭무침,0.9860382080507925
210,119,쌀밥,고동국(올갱이국),달걀부침(야채),닭무침,0.9856841804600928
214,749,콩밥(대두),고동국(올갱이국),달걀찜,새우무침,0.98556944858113
248,400,조밥,복국(복지리),두부찜,오징어무침(파),0.9846920518661074
258,696,조밥,당면국(양배추),미나리강회,닭무침,0.9845277735683184
261,672,조밥,당면국(양배추),달걀부침(김말이),닭무침,0.9843705156416601
279,671,조밥,당면국(양배추),스크램블드에그,닭무침,0.9840046646327762
330,323,쌀밥,당면국(새우),달걀부침,닭무침,0.9833386747345192
357,721,조밥,당면국(새우),부추잡채,닭무침,0.9828559178018996
384,276,쌀밥,당면국(양배추),달걀부침,닭무침,0.9826039671392224
389,4,쌀밥,복국(복지리),계란후라이,오징어무침(파),0.9825701428758536
