,Unnamed: 0,밥,국,메인,서브,유사도
0,586,찰밥,당면국,부추강회,꼬막무침,0.9971692234580806
1,776,현미밥,당면국(새우),계란후라이,홍합무침,0.9970410872983756
2,719,현미밥,당면국,미나리강회,꼬막무침,0.997007140567722
3,493,쌀밥,무국(새우젓),부추강회,홍합무침,0.9969371809328341
4,277,쌀밥,고동국(올갱이국),부추잡채,노가리채무침,0.9968989400389509
5,964,조밥,고동국(올갱이국),계란후라이,꼬막무침,0.9968644729654906
6,641,찰밥,당면국(양배추),미나리강회,닭무침,0.9967582631369374
8,758,현미밥,당면국(양배추),부추강회,북어채무침,0.9966351438391424
9,251,쌀밥,고동국(올갱이국),달걀부침,북어채무침,0.9962230845191402
10,999,조밥,고동국(올갱이국),오믈렛,굴무생채,0.9961942398901249
11,688,현미밥,고동국(올갱이국),잡채,홍합무침,0.9961848046997884
12,649,찰밥,당면국(새우),두부찜,노가리채무침,0.9958925791370288
13,617,찰밥,당면국(양배추),달걀부침,닭무침,0.9958338768962436
14,844,조밥,복국(복지리),계란후라이,북어채무침,0.995384236233192
15,529,쌀밥,당면국(새우),달걀부침(김말이),닭무침,0.995315850448833
20,908,조밥,고동국(올갱이국),달걀찜,새우무침,0.994514749943134
21,942,조밥,고동국(올갱이국),계란말이,홍합무침,0.9939794795963026
24,217,쌀밥,고동국(올갱이국),스크램블드에그,오징어무채,0.993244848841766
25,304,쌀밥,고동국(올갱이국),파강회,노가리채무침,0.9923371084362258
29,478,쌀밥,무국(새우젓),계란후라이,골뱅이무침,0.9905342568004804
30,855,조밥,복국(복지리),스크램블드에그,새우무침,0.9903414655755548
31,815,조밥,복국(복지리),두부찜,굴무생채,0.9898916058215114
32,905,조밥,김치무국,계란후라이,소라무침,0.9897503185225959
33,592,찰밥,당면국(양배추),두부찜,대구포무침,0.9896761260210466
35,533,쌀밥,당면국(새우),파강회,새우무침,0.9894805434920318
38,827,조밥,복국(복지리),계란말이,오징어포무침,0.9891849834039058
39,877,조밥,복국(복지리),파강회,북어채무침,0.9887167444727628
42,222,쌀밥,고동국(올갱이국),달걀부침(김말이),피조개무침,0.9886137726612968
43,802,현미밥,당면국(새우),미나리강회,오징어포무침,0.9886115010417608
46,890,조밥,복국(복지리),미나리강회,홍합무침,0.9884846990121224
48,580,찰밥,당면국,파강회,꼬막무침,0.9884216413139421
49,330,쌀밥,고동국(올갱이국),부추강회,노가리채무침,0.9884093487941684
50,915,조밥,고동국(올갱이국),두부찜,게맛살무침,0.9881639153890656
51,348,쌀밥,고동국(올갱이국),미나리강회,굴무생채,0.9880661803140154
54,787,현미밥,당면국(새우),달걀부침,닭무침,0.9879826367782922
62,380,쌀밥,당면국,두부찜,새우무침,0.9877584991200904
67,393,쌀밥,당면국,계란후라이,북어채무침,0.987564225052419
77,60,쌀밥,복국(복지리),달걀부침,꼬막무침,0.9873944731035944
79,424,쌀밥,당면국(양배추),계란후라이,소라무침,0.9873774781042596
84,432,쌀밥,당면국(양배추),스크램블드에그,닭무침,0.9873196103604206
86,136,쌀밥,고동국(올갱이국),순대,닭무침,0.9872630201760054
89,620,찰밥,당면국(양배추),파강회,대구포무침,0.9872229139327544
94,867,조밥,복국(복지리),부추잡채,홍합무침,0.9870549359841874
113,435,쌀밥,당면국(양배추),부추잡채,닭무침,0.9864513172228496
124,490,쌀밥,무국(새우젓),파강회,홍합무침,0.9860640530039598
126,693,현미밥,고동국(올갱이국),짜장볶음,새우무침,0.9860357486813937
140,885,조밥,복국(복지리),부추강회,골뱅이무침,0.9854504860758616
141,797,현미밥,당면국(새우),부추강회,꼬막무침,0.9854285567464586
145,45,쌀밥,복국(복지리),오믈렛(두부),새우무침,0.9853219937486905
148,489,쌀밥,무국(새우젓),부추잡채,닭무침,0.9851343701958346
151,2,쌀밥,두부계란탕,계란후라이,닭무침,0.9850333352992202
169,666,찰밥,당면국(새우),부추잡채,닭무침,0.9845724796664592
194,602,찰밥,당면국(양배추),계란말이,닭무침,0.98398855409244
195,804,조밥,호박새우젓국,두부찜,새우무침,0.9839815926199588
198,616,찰밥,당면국(양배추),달걀부침(김말이),닭무침,0.9839466089468474
200,859,조밥,복국(복지리),달걀부침(김말이),새우무침,0.9838502520500636
207,502,쌀밥,무국(새우젓),미나리강회,오징어포무침,0.9837189199693384
208,48,쌀밥,복국(복지리),오믈렛,새우무침,0.9837072405572712
216,988,조밥,고동국(올갱이국),오믈렛(두부),오징어포무침,0.9835849540342392
228,377,쌀밥,게장국,계란후라이,북어채무침,0.9834870050445816
243,469,쌀밥,무국(새우젓),두부찜,닭무침,0.983305752633636
257,221,쌀밥,고동국(올갱이국),달걀부침(야채),닭무침,0.98321227333983
265,906,조밥,김치무국,오믈렛(두부),닭무침,0.9831405197892548
271,378,쌀밥,게장국,달걀부침,닭무침,0.9831035978053102
318,99,쌀밥,김치국(소시지),계란후라이,닭무침,0.9826118629585229
341,901,조밥,김치국(소시지),두부찜,닭무침,0.9824032255847244
382,470,쌀밥,무국(새우젓),계란말이,닭무침,0.9819965779489734
419,805,조밥,호박새우젓국,계란후라이,새우무침,0.9816735704040852
444,484,쌀밥,무국(새우젓),스크램블드에그,닭무침,0.9815558445932115
447,104,쌀밥,김치무국,오믈렛,닭무침,0.9815531975282792
486,367,쌀밥,게장국,두부찜,노가리채무침,0.98120757460288
