,Unnamed: 0,밥,국,메인,서브,유사도
0,92,쌀밥,당면국(양배추),미나리강회,홍합무침,0.995719523752818
1,26,쌀밥,당면국,두부찜,닭무침,0.9954706370211424
2,46,쌀밥,당면국,미나리강회,꼬막무침,0.9953521129704784
3,40,쌀밥,당면국,파강회,북어채무침,0.9953502830956242
6,55,쌀밥,당면국(양배추),두부찜,굴무침,0.9952178525314171
7,12,쌀밥,고동국(올갱이국),잡채,골뱅이무침,0.9952093834272076
9,44,쌀밥,당면국,부추강회,닭무침,0.9951047845876476
10,33,쌀밥,당면국,계란후라이,북어채무침,0.9950723985181622
13,60,쌀밥,당면국(양배추),계란후라이,홍합무침,0.9948573466011876
15,99,쌀밥,당면국(새우),두부찜,대구포무침,0.9948423569273052
16,74,쌀밥,당면국(양배추),달걀부침,닭무침,0.9948123019539294
20,118,쌀밥,당면국(새우),계란후라이,닭무침,0.9945427446080596
23,81,쌀밥,당면국(양배추),파강회,골뱅이무침,0.9944325504989736
27,90,쌀밥,당면국(양배추),부추강회,북어채무침,0.9939800962891978
28,503,팥밥,당면국(양배추),달걀부침(김말이),닭무침,0.9938102098136308
39,72,쌀밥,당면국(양배추),스크램블드에그,닭무침,0.9933539601269964
41,132,쌀밥,당면국(새우),부추강회,홍합무침,0.9932868073779506
43,75,쌀밥,당면국(양배추),부추잡채,닭무침,0.9932549627281252
45,143,쌀밥,당면국(새우),미나리강회,닭무침,0.993228755880286
49,124,쌀밥,당면국(새우),파강회,새우무침,0.9931087554259356
73,6,쌀밥,고동국(올갱이국),오믈렛,홍합무침,0.9915875652606944
74,264,조밥,당면국(새우),달걀부침(김말이),닭무침,0.9915723045264404
88,287,콩밥(대두),고동국(올갱이국),두부찜,오징어무침(어묵),0.9904290858870788
90,16,쌀밥,고동국(올갱이국),짜장볶음,새우무침,0.9903176388061048
96,698,기장밥,고동국(올갱이국),오믈렛(두부),소라무침,0.9899345828005536
116,203,조밥,당면국(양배추),계란말이,닭무침,0.9889092760281186
127,121,쌀밥,당면국(새우),달걀부침,닭무침,0.9885871172575552
168,119,쌀밥,당면국(새우),스크램블드에그,닭무침,0.9869866272846484
235,425,팥밥,고동국(올갱이국),계란후라이,오징어무침(파),0.9849994924664598
325,108,쌀밥,당면국(새우),계란말이,닭무침,0.9829880762901072
374,122,쌀밥,당면국(새우),부추잡채,닭무침,0.9821031130709372
