,Unnamed: 0,밥,국,메인,서브,유사도
0,587,찰밥,고동국(올갱이국),짜장볶음,닭무침,0.9972343648875744
1,777,현미밥,당면국(양배추),달걀부침,닭무침,0.9971058070261342
2,720,현미밥,고동국(올갱이국),잡채,새우무침,0.9970704474734476
3,494,쌀밥,무국(새우젓),스크램블드에그,꼬막무침,0.99700382808854
4,278,쌀밥,고동국(올갱이국),부추잡채,새우무침,0.9969636867553509
5,966,조밥,고동국(올갱이국),두부찜,굴무침,0.9969273308123175
6,642,찰밥,당면국(양배추),달걀부침(김말이),닭무침,0.9968228487587062
7,764,현미밥,당면국(양배추),계란후라이,홍합무침,0.9968111891508704
8,759,현미밥,당면국(양배추),두부찜,굴무침,0.9966999459589374
9,252,쌀밥,고동국(올갱이국),달걀부침,꼬막무침,0.9962874190761196
10,689,찰밥,당면국(새우),계란후라이,닭무침,0.9962474054737066
11,650,찰밥,당면국(양배추),파강회,골뱅이무침,0.9959565499359438
13,845,조밥,복국(복지리),두부찜,게맛살무침,0.9954479632919576
14,530,쌀밥,당면국(새우),두부찜,굴무침,0.9953790800636628
15,590,찰밥,당면국,두부찜,꼬막무침,0.9953132888327828
16,662,찰밥,당면국(양배추),미나리강회,홍합무침,0.9950057599241356
19,910,조밥,복국(복지리),파강회,대구포무침,0.9945776420206448
20,944,조밥,김치무국,계란후라이,피조개무침,0.9940440938649912
21,997,조밥,고동국(올갱이국),계란후라이,피조개무침,0.9940404911844448
22,218,쌀밥,고동국(올갱이국),스크램블드에그,소라무침,0.993308210704644
23,305,쌀밥,고동국(올갱이국),파강회,굴무생채,0.9924020423679926
27,479,쌀밥,무국(새우젓),두부찜,북어채무침,0.9905979452814838
30,907,조밥,복국(복지리),부추잡채,닭무침,0.9898116923646688
32,839,조밥,호박새우젓국,계란후라이,새우무침,0.9897057011082688
33,534,쌀밥,당면국(새우),계란말이,닭무침,0.9895422106421072
34,599,찰밥,당면국,계란후라이,오징어포무침,0.9894608433889301
36,828,현미밥,당면국(새우),파강회,북어채무침,0.9892492482026816
37,878,조밥,복국(복지리),계란후라이,노가리채무침,0.9887794743666224
43,243,쌀밥,고동국(올갱이국),달걀부침(김말이),북어채무침,0.9885959302501098
44,891,조밥,복국(복지리),스크램블드에그,꼬막무침,0.98854874222775
47,331,쌀밥,고동국(올갱이국),부추강회,굴무생채,0.9884729276620542
48,917,조밥,복국(복지리),부추강회,대구포무침,0.988230144344066
49,349,쌀밥,고동국(올갱이국),미나리강회,홍합무침,0.9881319335123501
51,414,쌀밥,당면국,부추강회,꼬막무침,0.9880913791985948
52,788,현미밥,당면국(양배추),부추강회,새우무침,0.988049341942316
56,900,조밥,복국(복지리),달걀부침,닭무침,0.9879655308732832
60,381,쌀밥,게장국,계란후라이,새우무침,0.987822452260012
61,981,조밥,고동국(올갱이국),계란말이,피조개무침,0.9878021309172296
95,406,쌀밥,당면국,파강회,홍합무침,0.9869900120731002
97,896,조밥,복국(복지리),달걀부침(김말이),닭무침,0.9869222998400459
98,418,쌀밥,당면국,미나리강회,닭무침,0.9868970028737118
107,430,쌀밥,당면국(양배추),계란말이,닭무침,0.9865939508264672
113,498,쌀밥,무국(새우젓),부추잡채,새우무침,0.9864365943219
114,143,쌀밥,고동국(올갱이국),순대,꼬막무침,0.9863016146791136
119,716,현미밥,고동국(올갱이국),오믈렛(두부),홍합무침,0.9861526729705342
120,717,현미밥,고동국(올갱이국),오믈렛,홍합무침,0.9861526729705342
122,492,쌀밥,무국(새우젓),계란후라이,북어채무침,0.98612925633719
130,901,조밥,복국(복지리),잡채,닭무침,0.985840705946007
134,937,조밥,복국(복지리),미나리강회,노가리채무침,0.9855587258269712
138,886,조밥,복국(복지리),오믈렛(두부),닭무침,0.985516082885714
141,497,쌀밥,무국(새우젓),달걀부침,닭무침,0.985407702292584
147,693,찰밥,당면국(새우),부추잡채,닭무침,0.9851203675279759
152,569,쌀밥,당면국(새우),미나리강회,닭무침,0.9850227877634632
163,863,조밥,복국(복지리),계란말이,닭무침,0.9847731154503472
165,389,쌀밥,게장국,달걀부침,닭무침,0.9847123488071318
166,705,찰밥,당면국(새우),부추강회,꼬막무침,0.9846575974781296
182,508,쌀밥,무국(새우젓),부추강회,홍합무침,0.9843244561971616
198,690,찰밥,당면국(새우),스크램블드에그,닭무침,0.9839493766293288
206,503,쌀밥,무국(새우젓),파강회,새우무침,0.9837817600175822
219,105,쌀밥,김치국(소시지),계란후라이,닭무침,0.9836317928125352
227,378,쌀밥,게장국,계란말이,닭무침,0.9835407172450644
234,228,쌀밥,고동국(올갱이국),달걀부침(야채),꼬막무침,0.9834372122699928
239,951,조밥,고동국(올갱이국),달걀찜,닭무침,0.983394958077774
245,376,쌀밥,게장국,두부찜,노가리채무침,0.9833532998123296
247,519,쌀밥,무국(새우젓),미나리강회,오징어포무침,0.9833284778951242
275,3,쌀밥,두부계란탕,계란후라이,닭무침,0.9831161885835058
343,481,쌀밥,무국(새우젓),계란말이,닭무침,0.9824440963555872
345,887,조밥,복국(복지리),오믈렛,새우무침,0.982437143498504
354,940,조밥,김치국(소시지),두부찜,닭무침,0.9823361454542764
380,947,조밥,김치무국,오믈렛(두부),닭무침,0.9820596849226808
386,446,쌀밥,당면국(양배추),부추잡채,닭무침,0.981997217103861
430,775,현미밥,당면국(양배추),스크램블드에그,닭무침,0.9817156445602732
458,948,조밥,김치무국,오믈렛,닭무침,0.9814956862370168
478,106,쌀밥,김치무국,두부찜,홍합무침,0.9813318212213652
