,Unnamed: 0,밥,국,메인,서브,유사도
0,586,쌀밥,당면국(양배추),파강회,골뱅이무침,0.99784171717228
1,776,찰밥,고동국(올갱이국),오믈렛(두부),오징어포무침,0.99770894484983
2,719,찰밥,고동국(올갱이국),두부찜,골뱅이무침,0.9976594479780596
3,492,쌀밥,게장국,두부찜,꼬막무침,0.9976262593160198
4,966,찰밥,당면국(양배추),미나리강회,오징어포무침,0.9975118437279776
5,641,쌀밥,무국(새우젓),파강회,골뱅이무침,0.997424657150882
6,763,찰밥,고동국(올갱이국),계란후라이,문어무침,0.9973944215361982
8,688,쌀밥,당면국(새우),파강회,새우무침,0.9968293760948956
9,649,쌀밥,무국(새우젓),부추강회,오징어포무침,0.9965522441570016
10,617,쌀밥,무국(새우젓),계란후라이,대구포무침,0.9964952354910844
11,844,찰밥,고동국(올갱이국),잡채,굴무생채,0.9960412409918538
12,528,쌀밥,게장국,미나리강회,닭무침,0.9959673826419309
14,661,쌀밥,무국(새우젓),미나리강회,닭무침,0.99561026151158
15,630,쌀밥,무국(새우젓),달걀부침(김말이),닭무침,0.9954266828280204
17,910,찰밥,당면국,파강회,북어채무침,0.995162602481098
19,944,찰밥,당면국(양배추),달걀부침,닭무침,0.9946463130919124
20,218,쌀밥,김치국(참치),부추잡채,닭무침,0.9938979292851255
22,449,쌀밥,고동국(올갱이국),부추강회,소라무침,0.992616095465734
25,477,쌀밥,고동국(올갱이국),미나리강회,오징어포무침,0.991191053600952
26,855,찰밥,고동국(올갱이국),부추잡채,소라무침,0.9909996497266516
27,815,찰밥,고동국(올갱이국),달걀부침(김말이),게맛살무침,0.9905501538893156
29,592,쌀밥,당면국(양배추),부추강회,새우무침,0.9903129632024986
30,838,찰밥,고동국(올갱이국),달걀부침,오징어무채,0.9902753175905152
31,532,쌀밥,당면국,두부찜,골뱅이무침,0.990115137542492
39,802,찰밥,고동국(올갱이국),스크램블드에그,오징어포무침,0.9892727462814338
40,223,쌀밥,김치국(참치),부추강회,새우무침,0.9892645171591556
41,682,쌀밥,당면국(새우),계란후라이,닭무침,0.9891926380178938
45,329,쌀밥,고동국(올갱이국),오믈렛,닭무침,0.9890650339632491
46,580,쌀밥,당면국(양배추),부추잡채,닭무침,0.9890598328071668
47,917,찰밥,당면국,미나리강회,닭무침,0.9888487823936424
48,347,쌀밥,고동국(올갱이국),달걀부침(야채),꼬막무침,0.988745814787212
50,412,쌀밥,고동국(올갱이국),짜장볶음,오징어포무침,0.9887089572386172
52,276,쌀밥,고동국(올갱이국),계란말이,노가리채무침,0.988611267266019
55,900,찰밥,당면국,계란후라이,오징어포무침,0.9885560640459324
57,211,쌀밥,김치국(참치),계란후라이,굴무침,0.9884616099529628
66,91,쌀밥,복국(복지리),파강회,노가리채무침,0.9882065891577752
72,60,쌀밥,복국(복지리),스크램블드에그,새우무침,0.9880687805197242
73,970,찰밥,당면국(새우),두부찜,홍합무침,0.9880668958262588
74,52,쌀밥,복국(복지리),계란후라이,오징어무침(파),0.9880541675656468
76,117,쌀밥,복국(복지리),미나리강회,북어채무침,0.9880389532872248
77,423,쌀밥,고동국(올갱이국),파강회,소라무침,0.9880370801807642
79,632,쌀밥,무국(새우젓),부추잡채,새우무침,0.9879989165735916
84,136,쌀밥,김치무국,계란말이,닭무침,0.9879287120364258
85,174,쌀밥,김치무국,파강회,북어채무침,0.9879176197290871
89,261,쌀밥,고동국(올갱이국),순대,새우무침,0.9878708383822178
90,70,쌀밥,복국(복지리),달걀부침,오징어포무침,0.9878011048088476
103,149,쌀밥,김치무국,계란후라이,북어채무침,0.9873424088749154
114,697,쌀밥,당면국(새우),부추강회,새우무침,0.9868971372525098
115,154,쌀밥,김치무국,스크램블드에그,새우무침,0.986873049590678
118,121,쌀밥,김치무국,두부찜,해파리냉채,0.986749757278716
126,607,쌀밥,무국(새우젓),두부찜,소라무침,0.98668336410171
127,162,쌀밥,김치무국,달걀부침,닭무침,0.986663516086626
133,937,찰밥,당면국(양배추),계란후라이,골뱅이무침,0.9861737872914424
144,686,쌀밥,당면국(새우),부추잡채,닭무침,0.985797205397949
147,2,쌀밥,호박새우젓국,두부찜,닭무침,0.985699391758252
149,233,쌀밥,고동국(올갱이국),달걀찜,꼬막무침,0.985652867331014
161,230,쌀밥,김치국(참치),미나리강회,북어채무침,0.9853634557429763
166,703,쌀밥,당면국(새우),미나리강회,새우무침,0.9852110872443176
167,202,쌀밥,김치국(참치),두부찜,닭무침,0.9851661085686892
174,157,쌀밥,김치무국,달걀부침(김말이),새우무침,0.9850226384617904
175,120,쌀밥,김치국(소시지),계란후라이,닭무침,0.985022093611988
177,928,찰밥,당면국(양배추),두부찜,닭무침,0.9849642234420708
181,506,쌀밥,게장국,계란후라이,굴무침,0.9849201200617972
187,912,찰밥,당면국,부추강회,새우무침,0.9846801965564508
188,25,쌀밥,복국(복지리),두부찜,북어채무침,0.9846735765097492
200,564,쌀밥,당면국(양배추),계란말이,닭무침,0.9844661886153944
214,190,쌀밥,김치무국,미나리강회,노가리채무침,0.9842468353446766
217,105,쌀밥,복국(복지리),부추강회,북어채무침,0.9842138298946146
227,4,쌀밥,호박새우젓국,계란후라이,꼬막무침,0.9840823197638041
243,517,쌀밥,게장국,파강회,골뱅이무침,0.9839412352962038
252,628,쌀밥,무국(새우젓),스크램블드에그,꼬막무침,0.9838701589521288
255,221,쌀밥,김치국(참치),파강회,북어채무침,0.9838631192620486
277,511,쌀밥,게장국,달걀부침,닭무침,0.9836489926721684
302,74,쌀밥,복국(복지리),부추잡채,새우무침,0.9833532597455604
305,499,쌀밥,게장국,계란말이,닭무침,0.9833362716198212
309,9,쌀밥,호박새우젓국,부추강회,닭무침,0.9832967807195874
344,163,쌀밥,김치무국,부추잡채,새우무침,0.9830240390113968
379,522,쌀밥,게장국,부추강회,꼬막무침,0.9826514814729664
392,152,쌀밥,김치무국,오믈렛(두부),닭무침,0.9825142390179734
397,31,쌀밥,복국(복지리),계란말이,꼬막무침,0.9825017344818916
399,178,쌀밥,김치무국,부추강회,오징어포무침,0.9824482520102871
413,578,쌀밥,당면국(양배추),달걀부침(김말이),닭무침,0.9823662886061968
431,66,쌀밥,복국(복지리),달걀부침(김말이),오징어포무침,0.9823150215256704
457,577,쌀밥,당면국(양배추),스크램블드에그,닭무침,0.9821004627148336
459,57,쌀밥,복국(복지리),오믈렛,새우무침,0.9820609698666662
463,217,쌀밥,김치국(참치),달걀부침,닭무침,0.9820501184751512
474,685,쌀밥,당면국(새우),달걀부침,닭무침,0.9819762022928156
