,Unnamed: 0,밥,국,메인,서브,유사도
0,984,콩밥(대두),고동국(올갱이국),스크램블드에그,굴무생채,0.9967623731567009
1,427,찰밥,당면국(새우),두부찜,새우무침,0.9965470522255035
2,576,조밥,고동국(올갱이국),계란후라이,오징어무침(어묵),0.9964227131555728
3,529,조밥,고동국(올갱이국),두부찜,오징어무침,0.9964014733571872
4,358,쌀밥,당면국(새우),부추잡채,닭무침,0.9963014769634748
5,207,쌀밥,고동국(올갱이국),부추강회,피조개무침,0.9962803283648504
6,721,조밥,고동국(올갱이국),미나리강회,해파리냉채,0.9962628494009576
8,464,현미밥,당면국,미나리강회,닭무침,0.9961411053356342
10,750,조밥,당면국,두부찜,닭무침,0.9959244901052636
12,863,조밥,당면국(새우),미나리강회,홍합무침,0.99585137309159
14,188,쌀밥,고동국(올갱이국),부추잡채,오징어무채,0.9956082040833064
15,501,조밥,복국(복지리),오믈렛(두부),닭무침,0.995585517799035
16,843,조밥,당면국(새우),계란후라이,북어채무침,0.9955200730184876
18,910,콩밥(대두),고동국(올갱이국),계란말이,피조개무침,0.9954728233893436
19,471,현미밥,당면국(양배추),계란후라이,대구포무침,0.9952809820720312
20,449,현미밥,당면국,계란후라이,홍합무침,0.9952209004639846
23,636,조밥,고동국(올갱이국),달걀부침(김말이),오징어무채,0.9947748496840804
28,856,조밥,당면국(새우),파강회,닭무침,0.9943829648359188
31,870,콩밥(대두),복국(복지리),두부찜,오징어무침,0.9942915486051132
34,460,현미밥,당면국,부추강회,꼬막무침,0.9941469850557424
43,812,조밥,당면국(양배추),부추강회,꼬막무침,0.9930954726316528
44,160,쌀밥,고동국(올갱이국),달걀부침,북어채무침,0.992638824525856
47,329,쌀밥,당면국(양배추),미나리강회,오징어포무침,0.9913639079546398
48,332,쌀밥,무국(새우젓),계란후라이,홍합무침,0.990194059911792
54,876,콩밥(대두),복국(복지리),오믈렛,새우무침,0.9891889791240116
57,958,콩밥(대두),고동국(올갱이국),오믈렛(두부),오징어포무침,0.9891008703500108
59,975,콩밥(대두),고동국(올갱이국),오믈렛,닭무침,0.9890765205512668
61,860,조밥,당면국(새우),부추강회,오징어포무침,0.9890553676547746
70,165,쌀밥,고동국(올갱이국),잡채,새우무침,0.988009994652082
72,761,조밥,당면국,파강회,꼬막무침,0.9879584248388216
73,496,조밥,복국(복지리),계란후라이,피조개무침,0.9879330015636872
85,206,쌀밥,고동국(올갱이국),파강회,사태초무침,0.9873365730665116
89,535,조밥,고동국(올갱이국),순대,꼬막무침,0.9872381957079148
92,869,콩밥(대두),두부계란탕,계란후라이,닭무침,0.987154093518077
98,778,조밥,당면국(양배추),두부찜,골뱅이무침,0.9869338072286876
99,293,쌀밥,당면국(양배추),계란말이,닭무침,0.9869263232188358
101,620,조밥,고동국(올갱이국),달걀부침(야채),꼬막무침,0.9868946058935032
113,311,쌀밥,당면국(양배추),파강회,대구포무침,0.9867665536473396
125,194,쌀밥,고동국(올갱이국),짜장볶음,오징어포무침,0.9865693443116744
135,307,쌀밥,당면국(양배추),달걀부침(김말이),닭무침,0.9862168504590229
168,356,쌀밥,당면국(새우),달걀부침(김말이),닭무침,0.9854417298346224
169,355,쌀밥,당면국(새우),스크램블드에그,닭무침,0.9854417298346224
170,506,조밥,고동국(올갱이국),달걀찜,꼬막무침,0.9854186756676284
214,847,조밥,당면국(새우),달걀부침,닭무침,0.9841925228665184
388,877,콩밥(대두),복국(복지리),잡채,닭무침,0.982008370583896
429,309,쌀밥,당면국(양배추),부추잡채,닭무침,0.9814733741201828
435,306,쌀밥,당면국(양배추),스크램블드에그,닭무침,0.9814246982013088
