,Unnamed: 0,밥,국,메인,서브,유사도
0,978,찰밥,당면국(양배추),두부찜,닭무침,0.9921368845969138
1,801,찰밥,고동국(올갱이국),달걀부침(김말이),굴무침,0.9918859736698024
2,463,쌀밥,고동국(올갱이국),미나리강회,멸치무침,0.9917511537402702
3,810,찰밥,고동국(올갱이국),달걀부침,대구포무침,0.991561158030468
4,851,찰밥,고동국(올갱이국),짜장볶음,새우무침,0.9912669453970576
5,771,찰밥,고동국(올갱이국),스크램블드에그,홍합무침,0.9911120708967036
6,862,찰밥,고동국(올갱이국),파강회,새우무침,0.990916372410566
7,569,쌀밥,무국(새우젓),부추강회,노가리채무침,0.9908531619828421
9,514,쌀밥,게장국,부추강회,꼬막무침,0.9906531095041916
10,575,쌀밥,무국(새우젓),미나리강회,오징어포무침,0.9904765300606884
12,826,찰밥,고동국(올갱이국),잡채,굴무생채,0.9903422267846343
13,833,찰밥,고동국(올갱이국),부추잡채,피조개무침,0.9899128657327604
14,725,찰밥,고동국(올갱이국),계란후라이,멸치무침,0.9898900294302412
15,759,찰밥,고동국(올갱이국),오믈렛,새우무침,0.9898374900907008
17,217,쌀밥,김치국(참치),계란후라이,닭무침,0.9898187461875506
18,650,찰밥,복국(복지리),부추강회,대구포무침,0.9897496956105304
19,236,쌀밥,김치국(참치),부추강회,닭무침,0.989747393512362
22,318,쌀밥,고동국(올갱이국),오믈렛(두부),굴무생채,0.9896242302974059
23,560,쌀밥,무국(새우젓),파강회,굴무침,0.9896015112391572
30,256,쌀밥,고동국(올갱이국),두부찜,굴무생채,0.9891820906157672
35,206,쌀밥,김치국(참치),계란말이,닭무침,0.9890042645471764
36,933,찰밥,게장국,두부찜,북어채무침,0.9889911496617764
38,990,찰밥,당면국(양배추),계란후라이,북어채무침,0.9889306870781092
41,283,쌀밥,고동국(올갱이국),계란말이,오징어포무침,0.9888324077818256
43,91,쌀밥,복국(복지리),파강회,노가리채무침,0.9887968443486472
44,508,쌀밥,게장국,파강회,오징어포무침,0.9887137684964992
46,237,쌀밥,김치국(참치),미나리강회,홍합무침,0.9886970574037612
47,997,찰밥,당면국(양배추),파강회,대구포무침,0.9886676802156541
48,60,쌀밥,복국(복지리),스크램블드에그,새우무침,0.9886467235595598
49,116,쌀밥,복국(복지리),미나리강회,노가리채무침,0.988628894519142
51,52,쌀밥,복국(복지리),계란후라이,오징어무침(파),0.9886252388429904
57,435,쌀밥,고동국(올갱이국),부추강회,홍합무침,0.988543997382228
59,134,쌀밥,김치무국,계란말이,새우무침,0.9884980411326874
60,172,쌀밥,김치무국,파강회,오징어포무침,0.9884856991073716
62,595,찰밥,복국(복지리),두부찜,오징어무침,0.9884347936231314
64,70,쌀밥,복국(복지리),달걀부침,오징어포무침,0.988382115417564
66,517,쌀밥,게장국,미나리강회,새우무침,0.988320800061974
74,956,찰밥,당면국,파강회,새우무침,0.9880607741807068
75,966,찰밥,당면국,미나리강회,꼬막무침,0.9880493684241021
78,147,쌀밥,김치무국,계란후라이,굴무침,0.9879451210092388
93,152,쌀밥,김치무국,오믈렛(두부),닭무침,0.9874548938474806
96,120,쌀밥,김치국(소시지),계란후라이,닭무침,0.9873252117637208
105,160,쌀밥,김치무국,달걀부침,새우무침,0.9872482088000768
110,994,찰밥,당면국(양배추),달걀부침,닭무침,0.986873671900362
117,349,쌀밥,고동국(올갱이국),달걀부침(야채),새우무침,0.9867189100468534
123,228,쌀밥,김치국(참치),파강회,노가리채무침,0.9863754279517754
127,2,쌀밥,호박새우젓국,두부찜,닭무침,0.9862693055413564
128,127,쌀밥,김치무국,두부찜,굴무생채,0.9862313599516129
136,548,쌀밥,무국(새우젓),달걀부침(김말이),닭무침,0.9861159244463928
144,198,쌀밥,김치국(참치),두부찜,새우무침,0.9857307586849278
149,667,찰밥,김치국(소시지),두부찜,닭무침,0.9856042603285988
152,669,찰밥,김치무국,잡채,닭무침,0.9855697810664356
153,155,쌀밥,김치무국,스크램블드에그,꼬막무침,0.9855618367221782
157,634,찰밥,복국(복지리),달걀부침(김말이),새우무침,0.9855095947734802
160,491,쌀밥,게장국,계란말이,닭무침,0.9854836246793324
163,164,쌀밥,김치무국,부추잡채,꼬막무침,0.9853971695284988
176,543,쌀밥,무국(새우젓),계란후라이,노가리채무침,0.985050143750335
183,951,찰밥,당면국,계란후라이,골뱅이무침,0.9849306537544384
184,671,찰밥,고동국(올갱이국),달걀찜,꼬막무침,0.9849213252885928
192,942,찰밥,당면국,두부찜,오징어포무침,0.9848026511905951
194,625,찰밥,복국(복지리),오믈렛,새우무침,0.984764984092816
196,938,찰밥,게장국,계란후라이,북어채무침,0.98475341578065
197,158,쌀밥,김치무국,달걀부침(김말이),꼬막무침,0.9847375301587272
200,4,쌀밥,호박새우젓국,계란후라이,꼬막무침,0.9846795807846964
209,646,찰밥,복국(복지리),부추잡채,북어채무침,0.9845676390378748
249,546,쌀밥,무국(새우젓),스크램블드에그,꼬막무침,0.9842107159364396
252,530,쌀밥,무국(새우젓),두부찜,노가리채무침,0.9841808852196896
263,549,쌀밥,무국(새우젓),달걀부침,닭무침,0.9840979915644454
283,9,쌀밥,호박새우젓국,부추강회,닭무침,0.9838809834218444
285,219,쌀밥,김치국(참치),달걀부침(김말이),닭무침,0.9838661978326404
293,624,찰밥,복국(복지리),오믈렛(두부),닭무침,0.9837907251871062
295,184,쌀밥,김치무국,부추강회,노가리채무침,0.9837737039109428
310,193,쌀밥,김치무국,미나리강회,노가리채무침,0.9836651743069342
315,992,찰밥,당면국(양배추),스크램블드에그,닭무침,0.983625814529974
335,220,쌀밥,김치국(참치),달걀부침,닭무침,0.9834023599039056
369,31,쌀밥,복국(복지리),계란말이,꼬막무침,0.9830853622735262
386,979,찰밥,당면국(양배추),계란말이,닭무침,0.9829816632769436
402,502,쌀밥,게장국,스크램블드에그,닭무침,0.9829168256180386
458,272,쌀밥,고동국(올갱이국),순대,꼬막무침,0.9825052551920578
494,8,쌀밥,호박새우젓국,파강회,닭무침,0.9820652460213016
