,Unnamed: 0,밥,국,메인,서브,유사도
0,583,쌀밥,당면국(양배추),파강회,꼬막무침,0.9979755292833221
1,769,찰밥,고동국(올갱이국),계란후라이,새우무침,0.9978417462522234
2,713,찰밥,복국(복지리),잡채,꼬막무침,0.99778885418965
3,491,쌀밥,고동국(올갱이국),미나리강회,문어무침,0.9977636960022775
4,959,찰밥,당면국,파강회,꼬막무침,0.9976401738049484
5,636,쌀밥,무국(새우젓),파강회,새우무침,0.9975571426632468
6,752,찰밥,고동국(올갱이국),계란말이,꼬막무침,0.9974369351731504
7,997,찰밥,당면국(양배추),부추잡채,닭무침,0.9973380486680222
8,996,찰밥,당면국(양배추),달걀부침,닭무침,0.9973380486680222
9,682,쌀밥,당면국(새우),달걀부침(김말이),닭무침,0.9969571037697528
10,613,쌀밥,무국(새우젓),두부찜,닭무침,0.9966266335215996
11,837,찰밥,고동국(올갱이국),달걀부침(김말이),새우무침,0.9961716941682092
12,655,쌀밥,무국(새우젓),미나리강회,꼬막무침,0.9957434158852048
13,645,쌀밥,무국(새우젓),부추강회,홍합무침,0.9955107266088904
14,903,찰밥,고동국(올갱이국),부추강회,홍합무침,0.9952910684849564
15,990,찰밥,당면국(양배추),계란후라이,굴무침,0.9947954928945376
23,848,찰밥,고동국(올갱이국),달걀부침,해파리냉채,0.9911304263784376
24,808,찰밥,고동국(올갱이국),오믈렛,굴무침,0.9906810158904404
25,900,찰밥,고동국(올갱이국),파강회,오징어무침(어묵),0.9905065973651692
27,831,찰밥,고동국(올갱이국),달걀부침(야채),닭무침,0.9904001571020936
28,529,쌀밥,게장국,부추강회,새우무침,0.99024077415606
29,594,쌀밥,당면국(양배추),부추강회,북어채무침,0.9901445954340214
31,820,찰밥,고동국(올갱이국),스크램블드에그,굴무생채,0.9899800715792864
32,864,찰밥,고동국(올갱이국),잡채,대구포무침,0.9898920448810709
35,953,찰밥,당면국,계란후라이,골뱅이무침,0.9894233062191222
36,795,찰밥,고동국(올갱이국),오믈렛(두부),골뱅이무침,0.9894042139930028
37,222,쌀밥,김치국(참치),파강회,새우무침,0.9893936918275614
38,676,쌀밥,당면국(새우),계란후라이,골뱅이무침,0.9893224289115156
39,242,쌀밥,고동국(올갱이국),달걀찜,닭무침,0.989318392906632
40,884,찰밥,고동국(올갱이국),부추잡채,굴무침,0.989276862769692
43,577,쌀밥,당면국(양배추),달걀부침(김말이),닭무침,0.9891862688281899
50,263,쌀밥,고동국(올갱이국),두부찜,오징어무채,0.9887308933028116
52,893,찰밥,고동국(올갱이국),짜장볶음,오징어포무침,0.9886859485583848
54,211,쌀밥,김치국(참치),계란후라이,오징어포무침,0.9885882538200808
55,946,찰밥,당면국,두부찜,노가리채무침,0.9885704745196684
57,974,찰밥,당면국(양배추),두부찜,굴무생채,0.9885467235364152
63,91,쌀밥,복국(복지리),파강회,노가리채무침,0.9883436112152666
66,523,쌀밥,게장국,파강회,꼬막무침,0.9882557190048196
69,60,쌀밥,복국(복지리),스크램블드에그,새우무침,0.9882031164899504
71,52,쌀밥,복국(복지리),계란후라이,오징어무침(파),0.988187004877538
73,117,쌀밥,복국(복지리),미나리강회,북어채무침,0.9881759054705179
76,627,쌀밥,무국(새우젓),스크램블드에그,꼬막무침,0.9881324092441492
81,136,쌀밥,김치무국,계란말이,닭무침,0.9880611683740356
82,174,쌀밥,김치무국,파강회,노가리채무침,0.988049803445614
84,617,쌀밥,무국(새우젓),계란후라이,새우무침,0.988006972242462
87,70,쌀밥,복국(복지리),달걀부침,오징어포무침,0.9879361074790468
92,576,쌀밥,당면국(양배추),스크램블드에그,닭무침,0.9877041921102622
99,149,쌀밥,김치무국,계란후라이,북어채무침,0.98748214017473
111,691,쌀밥,당면국(새우),파강회,노가리채무침,0.987032465700363
112,154,쌀밥,김치무국,스크램블드에그,새우무침,0.9870082262570112
115,121,쌀밥,김치무국,두부찜,해파리냉채,0.9868835394818783
122,269,쌀밥,고동국(올갱이국),순대,새우무침,0.986821853089644
124,162,쌀밥,김치무국,달걀부침,닭무침,0.9867993121593872
127,534,쌀밥,게장국,미나리강회,꼬막무침,0.9863751658679712
139,234,쌀밥,김치국(참치),미나리강회,홍합무침,0.9859579163575836
145,2,쌀밥,호박새우젓국,두부찜,닭무침,0.9858319568656878
147,232,쌀밥,김치국(참치),부추강회,북어채무침,0.985777348482741
157,708,찰밥,복국(복지리),두부찜,오징어무침(파),0.9855099058725088
162,694,쌀밥,당면국(새우),부추강회,홍합무침,0.9853820585132066
165,202,쌀밥,김치국(참치),두부찜,노가리채무침,0.9852975213390556
166,205,쌀밥,김치국(참치),계란말이,닭무침,0.9852638828495388
172,120,쌀밥,김치국(소시지),계란후라이,닭무침,0.9851545465737908
173,157,쌀밥,김치무국,달걀부침(김말이),새우무침,0.9851484997022096
174,665,쌀밥,당면국(새우),두부찜,오징어포무침,0.9851273750165492
179,505,쌀밥,게장국,두부찜,북어채무침,0.9850512809644236
193,683,쌀밥,당면국(새우),달걀부침,닭무침,0.9846884144132462
195,598,쌀밥,당면국(양배추),미나리강회,꼬막무침,0.9846210810218254
206,700,쌀밥,당면국(새우),미나리강회,홍합무침,0.9844644882781178
213,190,쌀밥,김치무국,미나리강회,골뱅이무침,0.98438160991045
216,105,쌀밥,복국(복지리),부추강회,북어채무침,0.9843417261848916
223,185,쌀밥,김치무국,부추강회,닭무침,0.984241229425076
226,4,쌀밥,호박새우젓국,계란후라이,꼬막무침,0.9842208349355516
241,515,쌀밥,게장국,계란후라이,노가리채무침,0.9840765139179256
242,632,쌀밥,무국(새우젓),부추잡채,꼬막무침,0.9840532407581956
250,965,찰밥,당면국,부추강회,꼬막무침,0.9840004081257044
253,220,쌀밥,김치국(참치),부추잡채,닭무침,0.9839940558719716
255,219,쌀밥,김치국(참치),달걀부침,닭무침,0.9839841446809886
276,563,쌀밥,당면국(양배추),계란말이,닭무침,0.983780702337271
300,74,쌀밥,복국(복지리),부추잡채,새우무침,0.9834881094997102
306,9,쌀밥,호박새우젓국,부추강회,닭무침,0.9834324416430924
341,163,쌀밥,김치무국,부추잡채,새우무침,0.9831560613304904
353,218,쌀밥,김치국(참치),달걀부침(김말이),닭무침,0.9829954318533732
374,520,쌀밥,게장국,부추잡채,닭무침,0.982786752623589
379,968,찰밥,당면국,미나리강회,꼬막무침,0.9827614952329428
389,152,쌀밥,김치무국,오믈렛(두부),닭무침,0.9826533990982786
393,31,쌀밥,복국(복지리),계란말이,꼬막무침,0.9826372633527418
429,66,쌀밥,복국(복지리),달걀부침(김말이),오징어포무침,0.9824584575441332
456,57,쌀밥,복국(복지리),오믈렛,새우무침,0.9822000759266332
458,630,쌀밥,무국(새우젓),달걀부침,닭무침,0.982195776165514
460,217,쌀밥,김치국(참치),스크램블드에그,닭무침,0.9821929474817136
462,614,쌀밥,무국(새우젓),계란말이,닭무침,0.9821565704068841
