,Unnamed: 0,밥,국,메인,서브,유사도
0,588,쌀밥,무국(새우젓),미나리강회,홍합무침,0.9974746052461506
1,778,찰밥,당면국(새우),두부찜,북어채무침,0.9973444453220416
2,721,찰밥,당면국(양배추),두부찜,꼬막무침,0.9973037154724902
4,278,쌀밥,고동국(올갱이국),스크램블드에그,북어채무침,0.9972024286951424
5,967,조밥,호박새우젓국,두부찜,새우무침,0.9971588928637106
6,643,찰밥,고동국(올갱이국),두부찜,오징어무침(파),0.9970609793721844
7,765,찰밥,당면국(양배추),미나리강회,꼬막무침,0.997042263690772
8,760,찰밥,당면국(양배추),부추강회,골뱅이무침,0.9969389004558324
9,252,쌀밥,고동국(올갱이국),오믈렛(두부),닭무침,0.996524599280661
10,690,찰밥,당면국,두부찜,새우무침,0.9964779953470826
12,619,쌀밥,당면국(새우),달걀부침,닭무침,0.9961343855950432
13,846,현미밥,고동국(올갱이국),잡채,노가리채무침,0.9956828404280832
16,663,찰밥,고동국(올갱이국),오믈렛,오징어포무침,0.9952448961416696
17,632,쌀밥,당면국(새우),부추강회,꼬막무침,0.9950641316596534
19,911,현미밥,당면국(양배추),파강회,골뱅이무침,0.9948093515858304
20,998,조밥,복국(복지리),계란후라이,피조개무침,0.9942849272152088
21,945,현미밥,당면국(새우),계란후라이,노가리채무침,0.9942823539427202
22,218,쌀밥,고동국(올갱이국),계란후라이,홍합무침,0.9935417154608688
23,305,쌀밥,고동국(올갱이국),달걀부침,새우무침,0.9926415297352812
24,451,쌀밥,게장국,파강회,북어채무침,0.9922619836933484
25,454,쌀밥,게장국,부추강회,닭무침,0.9911151330868992
27,479,쌀밥,당면국,파강회,북어채무침,0.9908327116725544
37,879,현미밥,당면국,미나리강회,꼬막무침,0.9890106103421878
42,684,찰밥,고동국(올갱이국),짜장볶음,꼬막무침,0.9888360958127592
44,892,현미밥,당면국(양배추),계란후라이,홍합무침,0.9887848722395994
46,582,쌀밥,무국(새우젓),부추강회,꼬막무침,0.9887119553333252
47,331,쌀밥,고동국(올갱이국),부추잡채,대구포무침,0.988707293110611
49,349,쌀밥,고동국(올갱이국),파강회,피조개무침,0.9883745667645732
51,414,쌀밥,고동국(올갱이국),미나리강회,굴무침,0.988335416252318
57,729,찰밥,당면국(양배추),계란말이,닭무침,0.9881314521825358
58,211,쌀밥,고동국(올갱이국),계란말이,노가리채무침,0.9881132088122482
59,954,현미밥,당면국(새우),파강회,오징어포무침,0.9880739585685228
60,381,쌀밥,고동국(올갱이국),부추강회,멸치무침,0.9880582452432976
61,982,조밥,복국(복지리),두부찜,꼬막무침,0.9880432960581608
64,294,쌀밥,고동국(올갱이국),달걀부침(김말이),골뱅이무침,0.9878916281194056
66,780,찰밥,당면국(새우),계란말이,닭무침,0.9878588023760564
67,91,쌀밥,복국(복지리),파강회,닭무침,0.9878313983806604
73,971,조밥,호박새우젓국,계란후라이,꼬막무침,0.9877081970621524
74,60,쌀밥,복국(복지리),스크램블드에그,닭무침,0.9877005278639376
76,52,쌀밥,복국(복지리),오믈렛(두부),꼬막무침,0.9876897845711796
77,425,쌀밥,게장국,두부찜,홍합무침,0.9876771184387036
78,117,쌀밥,김치국(소시지),계란후라이,닭무침,0.9876639465495324
84,136,쌀밥,김치무국,계란후라이,소라무침,0.9875653153879324
91,70,쌀밥,복국(복지리),부추잡채,홍합무침,0.9874311366201024
93,537,쌀밥,무국(새우젓),두부찜,홍합무침,0.9873035908460688
101,457,쌀밥,게장국,미나리강회,닭무침,0.9870777437532136
104,149,쌀밥,김치무국,달걀부침,새우무침,0.9869602419090784
111,436,쌀밥,게장국,계란후라이,대구포무침,0.9867331415425936
115,699,찰밥,당면국,계란후라이,꼬막무침,0.9865263475390279
117,154,쌀밥,김치무국,부추강회,북어채무침,0.986502652279766
121,121,쌀밥,김치무국,두부찜,새우무침,0.9863829629658996
128,162,쌀밥,김치국(참치),계란후라이,홍합무침,0.986291524088542
152,570,쌀밥,무국(새우젓),파강회,대구포무침,0.985246547566806
161,814,찰밥,당면국(새우),미나리강회,북어채무침,0.9850158723094424
174,157,쌀밥,김치무국,미나리강회,북어채무침,0.9846763324958594
185,903,현미밥,당면국(양배추),스크램블드에그,닭무침,0.9844723647657012
195,618,쌀밥,당면국(새우),달걀부침(김말이),닭무침,0.9842383884772729
198,566,쌀밥,무국(새우젓),부추잡채,새우무침,0.984187108621201
201,145,쌀밥,김치무국,오믈렛,닭무침,0.984130791307547
202,564,쌀밥,무국(새우젓),달걀부침(김말이),닭무침,0.9840807480814084
218,105,쌀밥,복국(복지리),미나리강회,대구포무침,0.983862287218824
225,160,쌀밥,김치국(참치),두부찜,노가리채무침,0.9838031665834146
234,561,쌀밥,무국(새우젓),계란후라이,닭무침,0.9836677915674292
235,995,조밥,복국(복지리),계란말이,꼬막무침,0.9836578671617084
253,973,조밥,호박새우젓국,부추강회,닭무침,0.983511381849664
275,434,쌀밥,게장국,계란말이,닭무침,0.9833300046480602
282,513,쌀밥,당면국(양배추),달걀부침,닭무침,0.9832851191978068
309,482,쌀밥,당면국,부추강회,꼬막무침,0.9829478942263712
316,99,쌀밥,복국(복지리),부추강회,골뱅이무침,0.9829138125407156
319,197,쌀밥,고동국(올갱이국),순대,꼬막무침,0.9828939100689842
337,904,현미밥,당면국(양배추),달걀부침(김말이),닭무침,0.9827159272473484
344,549,쌀밥,무국(새우젓),계란말이,닭무침,0.9826798156876551
346,61,쌀밥,복국(복지리),달걀부침(김말이),새우무침,0.982665647575058
382,948,현미밥,당면국(새우),스크램블드에그,닭무침,0.982252886908396
383,446,쌀밥,게장국,달걀부침,닭무침,0.982251405443369
385,116,쌀밥,김치국(소시지),두부찜,닭무침,0.9822415772395487
386,144,쌀밥,김치무국,오믈렛(두부),닭무침,0.982239163430778
434,66,쌀밥,복국(복지리),달걀부침,꼬막무침,0.9819233984070352
441,281,쌀밥,고동국(올갱이국),달걀부침(야채),새우무침,0.981872011644025
450,69,쌀밥,복국(복지리),잡채,닭무침,0.9818448553360382
467,620,쌀밥,당면국(새우),부추잡채,닭무침,0.981633843153046
