,Unnamed: 0,밥,국,메인,서브,유사도
0,907,찰밥,게장국,계란후라이,대구포무침,0.9938498547315656
1,933,찰밥,당면국,파강회,북어채무침,0.9926284145575229
2,814,찰밥,고동국(올갱이국),부추잡채,오징어무침,0.9923068214961098
3,659,찰밥,고동국(올갱이국),두부찜,오징어무채,0.9920562259378276
4,945,찰밥,당면국(양배추),두부찜,굴무생채,0.9919461979678104
5,374,쌀밥,고동국(올갱이국),부추강회,꼬막무침,0.9919220685375676
6,667,찰밥,고동국(올갱이국),순대,오징어포무침,0.9917325640607452
7,701,찰밥,고동국(올갱이국),계란후라이,낙지무침,0.9914500895859638
8,633,찰밥,김치무국,오믈렛(두부),닭무침,0.9912836285349592
9,711,찰밥,고동국(올갱이국),오믈렛(두부),홍합무침,0.9910785243562792
11,458,쌀밥,무국(새우젓),두부찜,노가리채무침,0.9910172164279496
15,463,쌀밥,무국(새우젓),계란후라이,대구포무침,0.9906491944666559
17,679,찰밥,고동국(올갱이국),계란말이,골뱅이무침,0.9905222566384764
19,753,찰밥,고동국(올갱이국),달걀부침(야채),새우무침,0.9899996947806208
20,174,쌀밥,김치무국,파강회,굴무침,0.9899876753446801
21,529,찰밥,복국(복지리),두부찜,오징어무침,0.9899196043340046
22,189,쌀밥,김치무국,미나리강회,꼬막무침,0.9899180689691404
25,761,찰밥,고동국(올갱이국),달걀부침(김말이),새우무침,0.98965488019516
26,834,찰밥,고동국(올갱이국),파강회,골뱅이무침,0.9895957452563086
28,322,쌀밥,고동국(올갱이국),달걀부침,오징어포무침,0.9894766143206511
29,205,쌀밥,김치국(참치),두부찜,닭무침,0.9893625917491541
30,214,쌀밥,김치국(참치),계란후라이,굴무침,0.9893495239087162
31,926,찰밥,당면국,계란후라이,오징어포무침,0.9893139177033929
33,749,찰밥,고동국(올갱이국),스크램블드에그,오징어무채,0.989182430702782
38,227,쌀밥,김치국(참치),파강회,굴무침,0.9890083588589432
39,71,쌀밥,복국(복지리),달걀부침,닭무침,0.9889782530719571
40,409,쌀밥,고동국(올갱이국),미나리강회,닭무침,0.9888973084861674
43,91,쌀밥,복국(복지리),파강회,노가리채무침,0.9888101985415242
44,43,쌀밥,복국(복지리),계란후라이,쥐포무침,0.98880001861634
49,988,찰밥,당면국(양배추),미나리강회,꼬막무침,0.988700590155205
51,106,쌀밥,복국(복지리),부추강회,닭무침,0.9886722214593616
52,139,쌀밥,김치무국,계란후라이,홍합무침,0.9886594476240116
55,480,쌀밥,무국(새우젓),부추잡채,닭무침,0.988604972877928
56,481,쌀밥,무국(새우젓),파강회,홍합무침,0.988604972877928
59,415,쌀밥,게장국,두부찜,굴무침,0.9885136749339498
66,794,찰밥,고동국(올갱이국),잡채,골뱅이무침,0.9882320956596722
68,935,찰밥,당면국,부추강회,새우무침,0.988203906977606
71,118,쌀밥,복국(복지리),미나리강회,닭무침,0.988130856281464
73,581,찰밥,복국(복지리),부추잡채,오징어포무침,0.9880336752798085
74,501,쌀밥,무국(새우젓),미나리강회,새우무침,0.9879597122541208
91,557,찰밥,복국(복지리),오믈렛(두부),꼬막무침,0.9874794099119149
100,955,찰밥,당면국(양배추),계란후라이,새우무침,0.9870736398376968
114,183,쌀밥,김치무국,부추강회,굴무침,0.9865410880533626
115,532,찰밥,복국(복지리),계란말이,새우무침,0.9865209831138584
117,967,찰밥,당면국(양배추),달걀부침,닭무침,0.9864614275445216
119,973,찰밥,당면국(양배추),파강회,오징어포무침,0.9863561962143912
123,626,찰밥,김치무국,두부찜,소라무침,0.986338752127552
126,442,쌀밥,게장국,부추강회,꼬막무침,0.9862761687029226
134,981,찰밥,당면국(양배추),부추강회,꼬막무침,0.9860963651388754
139,159,쌀밥,김치무국,달걀부침(김말이),닭무침,0.9859033846975704
150,729,찰밥,고동국(올갱이국),오믈렛,오징어포무침,0.9856976803901141
151,511,찰밥,호박새우젓국,계란후라이,꼬막무침,0.9856840960251818
152,820,찰밥,고동국(올갱이국),짜장볶음,닭무침,0.9855967093905648
158,624,찰밥,김치국(소시지),계란후라이,닭무침,0.9854116280688192
166,438,쌀밥,게장국,파강회,노가리채무침,0.985232548054208
181,508,찰밥,호박새우젓국,두부찜,새우무침,0.9849443048317494
185,567,찰밥,복국(복지리),스크램블드에그,닭무침,0.9848979912172932
190,513,찰밥,두부계란탕,계란후라이,닭무침,0.98476965971021
198,494,쌀밥,무국(새우젓),부추강회,꼬막무침,0.9846794883432318
228,474,쌀밥,무국(새우젓),스크램블드에그,꼬막무침,0.9843070469276892
230,206,쌀밥,김치국(참치),계란말이,닭무침,0.9843003191057604
235,638,찰밥,고동국(올갱이국),달걀찜,닭무침,0.984262631864692
242,59,쌀밥,복국(복지리),오믈렛,닭무침,0.9841118812424482
244,939,찰밥,당면국,미나리강회,꼬막무침,0.9841028876044084
247,432,쌀밥,게장국,부추잡채,닭무침,0.9840702216212628
256,234,쌀밥,김치국(참치),부추강회,오징어포무침,0.9839630535508868
292,119,쌀밥,김치국(소시지),두부찜,닭무침,0.9835906527213872
293,476,쌀밥,무국(새우젓),달걀부침(김말이),닭무침,0.9835853391538938
297,9,쌀밥,호박새우젓국,부추강회,닭무침,0.9835339668236291
310,156,쌀밥,김치무국,스크램블드에그,닭무침,0.9834677035512166
314,952,찰밥,당면국(양배추),계란말이,닭무침,0.9833970848205896
323,165,쌀밥,김치무국,부추잡채,닭무침,0.9832965014567
334,64,쌀밥,복국(복지리),달걀부침(김말이),새우무침,0.983194766970989
393,919,찰밥,당면국,두부찜,새우무침,0.9828469555838838
402,241,쌀밥,김치국(참치),미나리강회,북어채무침,0.9827927880599516
407,161,쌀밥,김치무국,달걀부침,꼬막무침,0.982768226022607
418,218,쌀밥,김치국(참치),스크램블드에그,닭무침,0.9826863303830609
423,7,쌀밥,호박새우젓국,파강회,꼬막무침,0.98264538153515
430,219,쌀밥,김치국(참치),달걀부침(김말이),닭무침,0.9826030222432408
435,966,찰밥,당면국(양배추),달걀부침(김말이),닭무침,0.9825128607596966
438,446,쌀밥,게장국,미나리강회,꼬막무침,0.982479209005342
482,577,찰밥,복국(복지리),잡채,닭무침,0.9820502385799852
485,221,쌀밥,김치국(참치),부추잡채,닭무침,0.982048519774746
