,Unnamed: 0,밥,국,메인,서브,유사도
0,967,현미밥,복국(복지리),부추강회,굴무생채,0.9987449456520237
1,582,찰밥,고동국(올갱이국),오믈렛,꼬막무침,0.9981768660711884
2,687,찰밥,고동국(올갱이국),파강회,굴무생채,0.9978559545850092
4,264,쌀밥,무국(새우젓),미나리강회,노가리채무침,0.9976617957054672
5,578,찰밥,고동국(올갱이국),오믈렛(두부),닭무침,0.997440891867026
6,735,찰밥,고동국(올갱이국),미나리강회,새우무침,0.9970292070333904
7,782,찰밥,게장국,파강회,북어채무침,0.9959851898975014
8,494,찰밥,고동국(올갱이국),달걀찜,닭무침,0.9954865041079456
9,490,찰밥,김치국(참치),미나리강회,새우무침,0.9954020832703828
10,795,찰밥,당면국(양배추),파강회,오징어포무침,0.9953933171420258
11,890,현미밥,복국(복지리),두부찜,홍합무침,0.9953432721965444
12,174,쌀밥,김치국(참치),파강회,북어채무침,0.9952963455670172
14,767,찰밥,게장국,계란후라이,오징어포무침,0.9949976745233
15,915,현미밥,복국(복지리),계란후라이,꼬막무침,0.9949821939260852
17,717,찰밥,고동국(올갱이국),부추강회,굴무침,0.9949036680176568
18,441,찰밥,김치무국,파강회,홍합무침,0.9947643191097104
19,476,찰밥,김치국(참치),계란후라이,굴무생채,0.9947060652149112
21,637,찰밥,고동국(올갱이국),달걀부침,오징어포무침,0.9946573054291418
22,245,쌀밥,무국(새우젓),파강회,꼬막무침,0.9946503904747924
24,366,찰밥,복국(복지리),파강회,닭무침,0.994456936986326
26,999,현미밥,김치무국,계란말이,새우무침,0.9943258277515676
27,504,찰밥,고동국(올갱이국),두부찜,소라무침,0.9942557409180792
30,460,찰밥,김치무국,미나리강회,닭무침,0.9940220035714072
32,762,찰밥,게장국,계란말이,닭무침,0.9938572584811626
33,551,찰밥,고동국(올갱이국),계란후라이,굴무생채,0.9936919695884459
38,401,찰밥,김치무국,두부찜,골뱅이무침,0.9929814946540406
39,934,현미밥,복국(복지리),스크램블드에그,닭무침,0.992926728214012
40,935,현미밥,복국(복지리),달걀부침(김말이),새우무침,0.992926728214012
42,210,쌀밥,게장국,스크램블드에그,닭무침,0.9928901652753448
44,438,찰밥,김치무국,부추잡채,새우무침,0.9928078004575258
45,616,찰밥,고동국(올갱이국),달걀부침(김말이),대구포무침,0.9927699082807924
48,884,현미밥,호박새우젓국,파강회,새우무침,0.9926276489797964
49,658,찰밥,고동국(올갱이국),부추잡채,게맛살무침,0.9926056004830628
51,322,찰밥,복국(복지리),오믈렛(두부),꼬막무침,0.9925582044104462
52,435,찰밥,김치무국,달걀부침,꼬막무침,0.9925399577231392
53,386,찰밥,복국(복지리),미나리강회,골뱅이무침,0.9925151615205856
55,872,찰밥,당면국(새우),파강회,오징어포무침,0.9921793835943584
61,428,찰밥,김치무국,스크램블드에그,새우무침,0.9920797970925818
62,609,찰밥,고동국(올갱이국),달걀부침(야채),새우무침,0.9919902088384728
69,945,현미밥,복국(복지리),부추잡채,닭무침,0.9918239133312086
72,432,찰밥,김치무국,달걀부침(김말이),꼬막무침,0.991799470688844
75,342,찰밥,복국(복지리),잡채,닭무침,0.9917214497720964
83,534,찰밥,고동국(올갱이국),계란말이,오징어포무침,0.9914439231252564
88,861,찰밥,무국(새우젓),부추강회,닭무침,0.9913427736305808
94,651,찰밥,고동국(올갱이국),잡채,굴무침,0.99122990377613
95,879,현미밥,호박새우젓국,두부찜,꼬막무침,0.9912118126484939
98,270,찰밥,호박새우젓국,계란후라이,새우무침,0.9910837403331764
99,824,찰밥,무국(새우젓),계란후라이,굴무생채,0.9910420630246021
101,592,찰밥,고동국(올갱이국),스크램블드에그,해파리냉채,0.9910221254970472
108,337,찰밥,복국(복지리),달걀부침,새우무침,0.9908752774036308
116,809,찰밥,무국(새우젓),두부찜,소라무침,0.9907208797771232
125,419,찰밥,김치무국,계란후라이,오징어포무침,0.9905520314750514
134,788,찰밥,게장국,미나리강회,새우무침,0.9904093075590491
150,126,쌀밥,김치무국,부추강회,오징어포무침,0.9901327797591164
152,298,찰밥,복국(복지리),계란말이,꼬막무침,0.9901215852314396
158,239,쌀밥,무국(새우젓),부추잡채,새우무침,0.9900583026809672
167,803,찰밥,당면국(양배추),미나리강회,꼬막무침,0.9898610441465678
196,784,찰밥,게장국,부추강회,새우무침,0.9894373568927765
197,391,찰밥,김치국(소시지),두부찜,닭무침,0.9894331061985332
208,483,찰밥,김치국(참치),스크램블드에그,닭무침,0.989191060189542
216,469,찰밥,김치국(참치),두부찜,북어채무침,0.9890017600796857
224,761,찰밥,게장국,두부찜,닭무침,0.9889149550959532
226,427,찰밥,김치무국,오믈렛,닭무침,0.9888995286785028
239,676,찰밥,고동국(올갱이국),짜장볶음,닭무침,0.9886363970881497
252,164,쌀밥,김치국(참치),달걀부침(김말이),닭무침,0.98849291726805
260,835,찰밥,무국(새우젓),스크램블드에그,닭무침,0.9882942590780258
278,930,현미밥,복국(복지리),오믈렛,닭무침,0.9879822922297808
284,887,현미밥,호박새우젓국,미나리강회,닭무침,0.9878978772603038
289,486,찰밥,김치국(참치),부추강회,홍합무침,0.9878120331608312
302,817,찰밥,무국(새우젓),계란말이,꼬막무침,0.9875624447748512
322,877,찰밥,당면국(새우),미나리강회,꼬막무침,0.9870461373107444
362,524,찰밥,고동국(올갱이국),순대,닭무침,0.986577996169626
373,837,찰밥,무국(새우젓),달걀부침,꼬막무침,0.9863820523310108
375,276,찰밥,호박새우젓국,부추강회,닭무침,0.986348621609576
385,802,찰밥,당면국(양배추),부추강회,닭무침,0.9861977900473841
483,471,찰밥,김치국(참치),계란말이,닭무침,0.9843217900085968
489,212,쌀밥,게장국,부추잡채,닭무침,0.98425397173324
