,Unnamed: 0,밥,국,메인,서브,유사도
0,823,찰밥,고동국(올갱이국),달걀부침,닭무침,0.9917238027121292
1,473,쌀밥,고동국(올갱이국),부추강회,오징어무침(파),0.991588391574314
2,832,찰밥,고동국(올갱이국),잡채,노가리채무침,0.9913979584112136
3,793,찰밥,고동국(올갱이국),달걀부침(김말이),해파리냉채,0.9909487401646068
5,583,쌀밥,무국(새우젓),부추잡채,꼬막무침,0.9906965445528256
7,525,쌀밥,게장국,파강회,새우무침,0.990497178577629
8,589,쌀밥,무국(새우젓),파강회,굴무생채,0.9903122157995509
10,848,찰밥,고동국(올갱이국),부추잡채,북어채무침,0.9901713263430824
11,855,찰밥,고동국(올갱이국),짜장볶음,오징어포무침,0.9897532709463084
12,745,찰밥,고동국(올갱이국),계란후라이,닭무침,0.9897272579961622
13,934,찰밥,당면국,두부찜,오징어포무침,0.9896800184731076
14,780,찰밥,고동국(올갱이국),스크램블드에그,오징어포무침,0.9896732717960676
15,222,쌀밥,김치국(참치),파강회,홍합무침,0.9896577792298352
16,666,찰밥,복국(복지리),부추강회,홍합무침,0.989587853235938
17,242,쌀밥,김치국(참치),미나리강회,닭무침,0.9895848654085988
18,990,찰밥,당면국(양배추),파강회,새우무침,0.9895661855918192
19,868,찰밥,고동국(올갱이국),파강회,오징어포무침,0.9895457122044607
20,665,찰밥,복국(복지리),파강회,오징어무침(파),0.9895003380521896
21,327,쌀밥,고동국(올갱이국),오믈렛(두부),북어채무침,0.9894617252291229
22,573,쌀밥,무국(새우젓),계란후라이,골뱅이무침,0.989444423073476
27,765,찰밥,고동국(올갱이국),오믈렛,오징어포무침,0.9890932858863188
28,275,쌀밥,고동국(올갱이국),계란말이,피조개무침,0.9890122649543168
29,263,쌀밥,고동국(올갱이국),두부찜,노가리채무침,0.9890107802503134
32,211,쌀밥,김치국(참치),계란후라이,굴무생채,0.9888468682311152
33,928,찰밥,고동국(올갱이국),미나리강회,오징어무침(파),0.988842083293002
34,954,찰밥,당면국,부추강회,새우무침,0.9888225157399608
44,519,쌀밥,게장국,계란후라이,북어채무침,0.9885397449084784
45,243,쌀밥,고동국(올갱이국),달걀찜,새우무침,0.9885290474065664
46,273,쌀밥,고동국(올갱이국),순대,꼬막무침,0.9885151570326612
47,60,쌀밥,복국(복지리),스크램블드에그,새우무침,0.9884784110706928
48,943,찰밥,당면국,계란후라이,골뱅이무침,0.9884648049408976
49,52,쌀밥,복국(복지리),계란후라이,오징어무침(파),0.9884590511147952
50,117,쌀밥,복국(복지리),미나리강회,북어채무침,0.9884568715862564
55,620,찰밥,두부계란탕,계란후라이,닭무침,0.9884058769639112
59,136,쌀밥,김치무국,계란말이,닭무침,0.9883323908081786
60,174,쌀밥,김치무국,파강회,굴무침,0.9883204351089978
63,610,쌀밥,무국(새우젓),미나리강회,북어채무침,0.9882727224149392
65,70,쌀밥,복국(복지리),달걀부침,오징어포무침,0.9882128515446736
72,579,쌀밥,무국(새우젓),스크램블드에그,닭무침,0.9879104434395412
74,978,찰밥,당면국(양배추),계란후라이,오징어포무침,0.9878976851215084
79,149,쌀밥,김치무국,계란후라이,북어채무침,0.9877691416731408
83,632,찰밥,복국(복지리),계란말이,오징어포무침,0.987632424587246
94,154,쌀밥,김치무국,스크램블드에그,새우무침,0.9872853624208618
95,581,쌀밥,무국(새우젓),달걀부침,닭무침,0.9872810913988936
97,121,쌀밥,김치무국,두부찜,해파리냉채,0.98715765491057
104,597,쌀밥,무국(새우젓),부추강회,새우무침,0.9870973268470232
106,162,쌀밥,김치무국,달걀부침,닭무침,0.9870777943562796
115,359,쌀밥,고동국(올갱이국),달걀부침(야채),닭무침,0.9865493825854376
121,234,쌀밥,김치국(참치),부추강회,오징어포무침,0.9862174191464648
122,670,찰밥,김치국(소시지),두부찜,닭무침,0.9861907081675456
127,2,쌀밥,호박새우젓국,두부찜,닭무침,0.9861034509494876
135,561,쌀밥,무국(새우젓),두부찜,굴무침,0.9859627620634004
146,202,쌀밥,김치국(참치),두부찜,굴무침,0.9855665261317712
153,120,쌀밥,김치국(소시지),계란후라이,닭무침,0.9854258084631972
155,157,쌀밥,김치무국,달걀부침(김말이),새우무침,0.9854054729856704
156,650,찰밥,복국(복지리),오믈렛(두부),꼬막무침,0.9853899637240452
161,501,쌀밥,게장국,두부찜,홍합무침,0.9853197437524436
169,25,쌀밥,복국(복지리),두부찜,북어채무침,0.98506691085266
194,190,쌀밥,김치무국,미나리강회,오징어포무침,0.9846579167184676
195,963,찰밥,당면국(양배추),두부찜,꼬막무침,0.9846395863094052
196,952,찰밥,당면국,파강회,북어채무침,0.9846182353842942
200,959,찰밥,당면국,미나리강회,닭무침,0.9845865994043288
203,185,쌀밥,김치무국,부추강회,북어채무침,0.9845144974733326
204,4,쌀밥,호박새우젓국,계란후라이,꼬막무침,0.9845052527451588
205,206,쌀밥,김치국(참치),계란말이,닭무침,0.9845011172735982
208,662,찰밥,복국(복지리),부추잡채,홍합무침,0.9844574536695696
213,552,쌀밥,당면국(양배추),미나리강회,닭무침,0.984413678957922
225,654,찰밥,복국(복지리),오믈렛,닭무침,0.9842946385126421
231,617,쌀밥,당면국(새우),파강회,닭무침,0.984269017635872
234,220,쌀밥,김치국(참치),달걀부침,닭무침,0.9842620494792272
236,219,쌀밥,김치국(참치),달걀부침(김말이),닭무침,0.9842586654877936
251,550,쌀밥,당면국(양배추),부추강회,닭무침,0.9840974644839596
257,221,쌀밥,김치국(참치),부추잡채,닭무침,0.9840526132862444
290,9,쌀밥,호박새우젓국,부추강회,닭무침,0.9837106850596156
324,163,쌀밥,김치무국,부추잡채,새우무침,0.9834264218861992
338,218,쌀밥,김치국(참치),스크램블드에그,닭무침,0.9832675995372788
373,152,쌀밥,김치무국,오믈렛(두부),닭무침,0.9829392400823556
403,66,쌀밥,복국(복지리),달걀부침(김말이),오징어포무침,0.982753570505274
471,618,쌀밥,당면국(새우),부추강회,꼬막무침,0.9822825407502966
498,8,쌀밥,호박새우젓국,파강회,닭무침,0.9818975889309064
