,Unnamed: 0,밥,국,메인,서브,유사도
0,741,찰밥,고동국(올갱이국),파강회,꼬막무침,0.9980430324885464
1,781,찰밥,고동국(올갱이국),부추강회,오징어무침(파),0.9975493600195174
2,948,찰밥,무국(새우젓),미나리강회,노가리채무침,0.9973215237825224
3,615,찰밥,고동국(올갱이국),계란후라이,문어무침,0.9951837469816112
4,640,찰밥,고동국(올갱이국),오믈렛,굴무생채,0.9951082661839428
6,874,찰밥,당면국(양배추),부추강회,새우무침,0.994397465868338
7,953,찰밥,당면국(새우),두부찜,닭무침,0.9943476728079356
8,331,쌀밥,무국(새우젓),파강회,골뱅이무침,0.9940218374400174
9,972,찰밥,당면국(새우),부추강회,꼬막무침,0.9935760633365354
11,683,찰밥,고동국(올갱이국),달걀부침(김말이),닭무침,0.9927738378324771
12,289,쌀밥,게장국,미나리강회,새우무침,0.9924913222638126
13,883,찰밥,당면국(양배추),미나리강회,골뱅이무침,0.9924466218906546
14,981,현미밥,호박새우젓국,두부찜,새우무침,0.9924070502344235
16,854,찰밥,당면국(양배추),두부찜,굴무침,0.9920010183888871
17,232,쌀밥,김치국(참치),미나리강회,북어채무침,0.991918797387418
20,908,찰밥,무국(새우젓),계란후라이,굴무침,0.991612969862721
21,447,찰밥,복국(복지리),파강회,오징어무침,0.991567924423539
23,868,찰밥,당면국(양배추),파강회,오징어포무침,0.9913314047922176
24,784,찰밥,고동국(올갱이국),미나리강회,피조개무침,0.9913160356036976
25,576,찰밥,고동국(올갱이국),두부찜,사태초무침,0.9912481402079238
27,386,찰밥,복국(복지리),계란후라이,홍합무침,0.991177250835388
29,224,쌀밥,김치국(참치),부추강회,꼬막무침,0.9907764040669778
32,813,찰밥,게장국,두부찜,골뱅이무침,0.9906799149698802
37,980,찰밥,당면국(새우),미나리강회,닭무침,0.9903121751395452
38,898,찰밥,무국(새우젓),계란말이,꼬막무침,0.9902774261521996
40,719,찰밥,고동국(올갱이국),부추잡채,굴무생채,0.9902465895501606
43,494,찰밥,김치무국,계란후라이,홍합무침,0.9900371227599456
44,849,찰밥,당면국,파강회,닭무침,0.9900248527532414
46,513,찰밥,김치무국,달걀부침,새우무침,0.9900167372250184
48,691,찰밥,고동국(올갱이국),달걀부침,소라무침,0.98994483174015
50,450,찰밥,복국(복지리),부추강회,홍합무침,0.9899323848688406
51,703,찰밥,고동국(올갱이국),잡채,꼬막무침,0.989929058782659
53,269,쌀밥,게장국,계란후라이,골뱅이무침,0.9898658815504776
54,112,쌀밥,김치무국,두부찜,해파리냉채,0.9896734010923448
55,544,찰밥,김치국(참치),계란후라이,노가리채무침,0.98963605689776
57,986,현미밥,호박새우젓국,계란후라이,닭무침,0.989570128107616
61,594,찰밥,고동국(올갱이국),계란말이,북어채무침,0.98954665143134
67,98,쌀밥,복국(복지리),미나리강회,홍합무침,0.9893409872663445
68,987,현미밥,호박새우젓국,파강회,새우무침,0.9893169599649816
71,897,찰밥,무국(새우젓),두부찜,닭무침,0.9890647123864575
75,936,찰밥,무국(새우젓),부추강회,새우무침,0.9889605040177272
78,185,쌀밥,김치무국,미나리강회,북어채무침,0.9887898136540384
86,380,찰밥,복국(복지리),계란말이,새우무침,0.9885278590558888
88,168,쌀밥,김치무국,파강회,닭무침,0.988462432908224
89,171,쌀밥,김치무국,부추강회,꼬막무침,0.9884444839425912
91,285,쌀밥,게장국,부추강회,새우무침,0.9884232501797314
94,127,쌀밥,김치무국,계란말이,닭무침,0.9883523679771158
95,213,쌀밥,김치국(참치),파강회,홍합무침,0.9882029948124108
96,965,찰밥,당면국(새우),파강회,오징어포무침,0.9882017408580986
101,956,찰밥,당면국(새우),계란후라이,오징어포무침,0.9880962762293242
105,858,찰밥,당면국(양배추),계란후라이,오징어포무침,0.9879969932570376
106,994,현미밥,복국(복지리),두부찜,대구포무침,0.987910848010646
112,63,쌀밥,복국(복지리),달걀부침,닭무침,0.9876749321133446
118,359,찰밥,호박새우젓국,부추강회,닭무침,0.9873506044694008
144,835,찰밥,게장국,파강회,골뱅이무침,0.9863295581847359
154,56,쌀밥,복국(복지리),달걀부침(김말이),새우무침,0.9860911371775992
171,658,찰밥,고동국(올갱이국),스크램블드에그,굴무침,0.9852729595392564
172,144,쌀밥,김치무국,오믈렛,닭무침,0.9852691253179582
181,276,쌀밥,게장국,부추잡채,닭무침,0.985120111566296
186,954,찰밥,당면국(새우),계란말이,닭무침,0.9849866150018188
191,818,찰밥,게장국,계란말이,닭무침,0.9848675507580688
200,154,쌀밥,김치무국,부추잡채,새우무침,0.98464350192827
211,624,찰밥,고동국(올갱이국),오믈렛(두부),대구포무침,0.9843232405168492
218,548,찰밥,고동국(올갱이국),달걀찜,새우무침,0.9841953591442172
246,577,찰밥,고동국(올갱이국),순대,새우무침,0.9838132862736104
255,323,쌀밥,무국(새우젓),부추잡채,꼬막무침,0.9836810714602304
257,54,쌀밥,복국(복지리),스크램블드에그,오징어포무침,0.9836621313129574
259,862,찰밥,당면국(양배추),달걀부침,닭무침,0.9836318877955038
263,68,쌀밥,복국(복지리),부추잡채,북어채무침,0.9835313509413512
275,915,찰밥,무국(새우젓),스크램블드에그,꼬막무침,0.9833825390519944
277,51,쌀밥,복국(복지리),오믈렛,닭무침,0.9833558732569032
298,665,찰밥,고동국(올갱이국),달걀부침(야채),새우무침,0.9831815436223464
299,732,찰밥,고동국(올갱이국),짜장볶음,닭무침,0.9831734756251456
303,856,찰밥,당면국(양배추),계란말이,닭무침,0.983119321080312
306,189,쌀밥,김치국(참치),두부찜,새우무침,0.9830858304139858
311,958,찰밥,당면국(새우),스크램블드에그,닭무침,0.9830214104682312
314,507,찰밥,김치무국,오믈렛(두부),닭무침,0.9829972940579422
367,425,찰밥,복국(복지리),잡채,닭무침,0.982247659767836
375,146,쌀밥,김치무국,스크램블드에그,꼬막무침,0.9821586618824732
397,212,쌀밥,김치국(참치),부추잡채,닭무침,0.9817525398844754
399,148,쌀밥,김치무국,달걀부침(김말이),새우무침,0.9817420126116906
409,10,쌀밥,호박새우젓국,미나리강회,닭무침,0.981515502460202
414,111,쌀밥,김치국(소시지),계란후라이,닭무침,0.9814418846730608
418,361,찰밥,두부계란탕,계란후라이,닭무침,0.981413025700468
434,49,쌀밥,복국(복지리),오믈렛(두부),꼬막무침,0.981188329530877
459,829,찰밥,게장국,스크램블드에그,닭무침,0.9807623901075359
469,474,찰밥,김치국(소시지),두부찜,닭무침,0.9804713385585176
492,918,찰밥,무국(새우젓),달걀부침,꼬막무침,0.9800638671279972
493,861,찰밥,당면국(양배추),달걀부침(김말이),닭무침,0.9800458327334406
