,Unnamed: 0,밥,국,메인,서브,유사도
0,977,현미밥,고동국(올갱이국),두부찜,닭무침,0.9988723498686636
1,914,현미밥,김치국(참치),두부찜,굴무침,0.9988463486963092
3,749,현미밥,복국(복지리),두부찜,굴무생채,0.9983414414765532
4,995,현미밥,고동국(올갱이국),계란말이,북어채무침,0.9983297497329322
6,721,찰밥,무국(새우젓),부추강회,닭무침,0.9969525271499862
7,792,현미밥,복국(복지리),달걀부침,꼬막무침,0.9965167833297768
8,722,찰밥,무국(새우젓),미나리강회,홍합무침,0.9962921193547976
9,465,찰밥,고동국(올갱이국),오믈렛(두부),굴무침,0.9961147497472312
10,232,찰밥,복국(복지리),파강회,굴무침,0.9956402608944264
11,860,현미밥,김치무국,계란후라이,소라무침,0.9956358668045178
13,476,찰밥,고동국(올갱이국),오믈렛,닭무침,0.9955245343964372
14,568,찰밥,고동국(올갱이국),파강회,북어채무침,0.9954744710445148
15,43,쌀밥,김치무국,파강회,홍합무침,0.9954475296258096
17,679,찰밥,무국(새우젓),계란후라이,홍합무침,0.995233722467758
18,819,현미밥,복국(복지리),부추강회,소라무침,0.9951581100893552
19,452,찰밥,고동국(올갱이국),계란후라이,낙지무침,0.995146153678248
23,189,찰밥,복국(복지리),계란후라이,오징어무채,0.9949091967460562
24,216,찰밥,복국(복지리),부추잡채,새우무침,0.9948526635536684
26,336,찰밥,김치무국,미나리강회,오징어포무침,0.994805911644929
28,114,쌀밥,김치국(참치),미나리강회,홍합무침,0.9946510439828299
29,142,찰밥,호박새우젓국,계란후라이,새우무침,0.9946033354107584
30,981,현미밥,고동국(올갱이국),순대,닭무침,0.994519833179404
31,670,찰밥,무국(새우젓),두부찜,굴무생채,0.9944688315821096
33,478,찰밥,고동국(올갱이국),스크램블드에그,해파리냉채,0.9943694927668724
36,204,찰밥,복국(복지리),스크램블드에그,닭무침,0.9941686932496842
40,272,찰밥,김치무국,두부찜,오징어포무침,0.9938401442307712
44,693,찰밥,무국(새우젓),스크램블드에그,새우무침,0.9936348558762396
50,608,찰밥,고동국(올갱이국),미나리강회,꼬막무침,0.993075646343802
54,280,찰밥,김치무국,계란말이,꼬막무침,0.9930656523088984
56,57,쌀밥,김치무국,부추강회,꼬막무침,0.9930467371418558
59,936,현미밥,김치국(참치),파강회,굴무침,0.9929187064058292
64,354,찰밥,김치국(참치),계란후라이,홍합무침,0.99273354589619
77,109,쌀밥,김치국(참치),부추강회,새우무침,0.9922767028205456
78,626,찰밥,게장국,두부찜,새우무침,0.9922747483695714
87,169,찰밥,복국(복지리),계란말이,새우무침,0.9920597919042724
88,873,현미밥,김치무국,달걀부침(김말이),꼬막무침,0.9920493358625152
94,638,찰밥,게장국,계란후라이,꼬막무침,0.9919445693821922
98,4,쌀밥,호박새우젓국,부추강회,닭무침,0.9919200865440454
100,130,쌀밥,게장국,부추강회,꼬막무침,0.9918667499436441
101,594,찰밥,고동국(올갱이국),부추강회,북어채무침,0.9918506918184118
110,259,찰밥,복국(복지리),미나리강회,굴무침,0.9915916719102158
118,37,쌀밥,김치무국,달걀부침,새우무침,0.9914952335943392
119,542,찰밥,고동국(올갱이국),부추잡채,노가리채무침,0.9914832326253604
128,526,찰밥,고동국(올갱이국),달걀부침,오징어무채,0.9913430719632624
136,789,현미밥,복국(복지리),달걀부침(김말이),꼬막무침,0.9912142714595208
137,264,찰밥,김치국(소시지),계란후라이,닭무침,0.991210840890425
138,505,찰밥,고동국(올갱이국),달걀부침(김말이),오징어포무침,0.9911823769897258
140,302,찰밥,김치무국,스크램블드에그,닭무침,0.99117154674725
145,529,찰밥,고동국(올갱이국),잡채,닭무침,0.991101836460114
148,127,쌀밥,게장국,파강회,노가리채무침,0.9910399100540319
150,3,쌀밥,호박새우젓국,파강회,닭무침,0.9909831777246344
153,263,찰밥,김치국(소시지),두부찜,닭무침,0.9908915257310948
163,702,찰밥,무국(새우젓),파강회,홍합무침,0.9907268964613358
180,677,찰밥,무국(새우젓),계란말이,꼬막무침,0.9905138716474854
193,697,찰밥,무국(새우젓),달걀부침,꼬막무침,0.9903673901197938
207,5,쌀밥,호박새우젓국,미나리강회,닭무침,0.9901524147632212
210,197,찰밥,복국(복지리),오믈렛,꼬막무침,0.9900925569616114
218,299,찰밥,김치무국,오믈렛,닭무침,0.989850526990576
236,193,찰밥,복국(복지리),오믈렛(두부),새우무침,0.9896412809014732
257,931,현미밥,김치국(참치),달걀부침,닭무침,0.9893403919981816
262,139,찰밥,호박새우젓국,두부찜,새우무침,0.9892110214850758
264,390,찰밥,고동국(올갱이국),달걀찜,닭무침,0.989186471287757
265,691,찰밥,무국(새우젓),오믈렛(두부),닭무침,0.9891750197105263
286,309,찰밥,김치무국,잡채,닭무침,0.9889746078462458
293,868,현미밥,김치무국,오믈렛(두부),닭무침,0.988828095978588
310,40,쌀밥,김치무국,부추잡채,새우무침,0.988649929961116
322,699,찰밥,무국(새우젓),부추잡채,새우무침,0.9884622674462462
361,634,찰밥,게장국,계란말이,닭무침,0.987918995318876
375,150,찰밥,두부계란탕,계란후라이,닭무침,0.9876801775219028
378,365,찰밥,김치국(참치),스크램블드에그,닭무침,0.9876349290407588
402,664,찰밥,게장국,미나리강회,닭무침,0.9872099323546524
409,98,쌀밥,김치국(참치),부추잡채,닭무침,0.9871588896262828
426,918,현미밥,김치국(참치),계란말이,닭무침,0.9870686160764528
437,214,찰밥,복국(복지리),잡채,닭무침,0.9869106660944488
481,366,찰밥,김치국(참치),달걀부침(김말이),닭무침,0.98633724830631
