,Unnamed: 0,밥,국,메인,서브,유사도
0,948,찰밥,당면국,계란후라이,오징어포무침,0.9922085684064058
1,773,찰밥,고동국(올갱이국),스크램블드에그,굴무침,0.9919577875210548
2,449,쌀밥,고동국(올갱이국),미나리강회,골뱅이무침,0.9918232413447338
3,782,찰밥,고동국(올갱이국),달걀부침(야채),닭무침,0.9916334484808876
4,823,찰밥,고동국(올갱이국),잡채,노가리채무침,0.9913440889781155
5,743,찰밥,고동국(올갱이국),오믈렛(두부),굴무생채,0.9911844233931144
6,834,찰밥,고동국(올갱이국),부추잡채,굴무생채,0.9909848355158328
7,546,쌀밥,무국(새우젓),부추강회,골뱅이무침,0.9909224116525124
9,495,쌀밥,게장국,미나리강회,새우무침,0.9907220424312424
10,551,쌀밥,무국(새우젓),미나리강회,새우무침,0.9905493392808
11,755,찰밥,고동국(올갱이국),오믈렛,굴무생채,0.9904878640024264
12,798,찰밥,고동국(올갱이국),달걀부침(김말이),닭무침,0.9904180813141148
13,805,찰밥,고동국(올갱이국),달걀부침,꼬막무침,0.989983494870777
14,698,찰밥,고동국(올갱이국),계란말이,홍합무침,0.9899621272487588
15,731,찰밥,고동국(올갱이국),계란후라이,북어채무침,0.9899102569800706
16,884,찰밥,고동국(올갱이국),부추강회,굴무생채,0.989905193644712
17,212,쌀밥,김치국(참치),계란후라이,오징어포무침,0.9898900099990052
18,625,찰밥,복국(복지리),부추잡채,홍합무침,0.9898213643591938
19,231,쌀밥,김치국(참치),부추강회,홍합무침,0.9898193792903559
20,938,찰밥,당면국,두부찜,새우무침,0.9897911973334074
21,624,찰밥,복국(복지리),잡채,닭무침,0.9897284116601124
25,975,찰밥,당면국(양배추),두부찜,북어채무침,0.9894900417602018
27,390,쌀밥,고동국(올갱이국),파강회,게맛살무침,0.9893722375473044
30,251,쌀밥,고동국(올갱이국),두부찜,대구포무침,0.9892581383547138
33,665,찰밥,고동국(올갱이국),달걀찜,닭무침,0.989103484773744
35,202,쌀밥,김치국(참치),두부찜,굴무침,0.9890738801968644
38,959,찰밥,당면국,파강회,닭무침,0.9890115267581204
42,91,쌀밥,복국(복지리),파강회,노가리채무침,0.98887326681189
43,489,쌀밥,게장국,파강회,북어채무침,0.9887910720874414
47,60,쌀밥,복국(복지리),스크램블드에그,새우무침,0.9887213870446636
48,115,쌀밥,복국(복지리),미나리강회,굴무침,0.9887052734501844
50,52,쌀밥,복국(복지리),계란후라이,오징어무침(파),0.9886989200905536
58,133,쌀밥,김치무국,두부찜,닭무침,0.988571474336392
59,170,쌀밥,김치무국,파강회,소라무침,0.9885589537465276
61,571,찰밥,복국(복지리),두부찜,골뱅이무침,0.9885065723537936
63,70,쌀밥,복국(복지리),달걀부침,오징어포무침,0.9884572195835478
66,988,찰밥,당면국(양배추),계란후라이,북어채무침,0.9883186347298331
68,538,쌀밥,무국(새우젓),파강회,굴무침,0.9882461778920024
71,994,찰밥,당면국(양배추),파강회,홍합무침,0.98817681892959
75,927,찰밥,게장국,두부찜,굴무침,0.9881330246694151
76,936,찰밥,게장국,계란후라이,북어채무침,0.98812473387252
79,146,쌀밥,김치무국,계란후라이,골뱅이무침,0.9880233312181296
93,509,쌀밥,무국(새우젓),두부찜,북어채무침,0.9875741542774654
94,639,찰밥,복국(복지리),부추강회,새우무침,0.987555006584792
98,119,쌀밥,김치국(소시지),두부찜,닭무침,0.9873995301182198
103,229,쌀밥,김치국(참치),파강회,북어채무침,0.9873689953206412
105,559,찰밥,호박새우젓국,계란후라이,새우무침,0.9873431739473256
107,159,쌀밥,김치무국,달걀부침(김말이),닭무침,0.9873238485032276
112,963,찰밥,당면국,미나리강회,새우무침,0.9869496865346232
130,2,쌀밥,호박새우젓국,두부찜,닭무침,0.9863428402810928
133,221,쌀밥,김치국(참치),부추잡채,닭무침,0.9862539486853664
139,527,쌀밥,무국(새우젓),달걀부침,닭무침,0.9861835918926138
144,218,쌀밥,김치국(참치),스크램블드에그,닭무침,0.985988220901286
147,194,쌀밥,김치무국,미나리강회,북어채무침,0.985803545249663
156,154,쌀밥,김치무국,스크램블드에그,새우무침,0.9856309859632612
161,603,찰밥,복국(복지리),오믈렛(두부),새우무침,0.9855826819575096
163,662,찰밥,김치무국,잡채,닭무침,0.9855569810186076
167,163,쌀밥,김치무국,부추잡채,새우무침,0.9854691952329314
180,523,쌀밥,무국(새우젓),계란후라이,닭무침,0.9851269725181386
189,271,쌀밥,고동국(올갱이국),순대,닭무침,0.9849398096183041
190,524,쌀밥,무국(새우젓),스크램블드에그,꼬막무침,0.9849381210080876
209,120,쌀밥,김치국(소시지),계란후라이,닭무침,0.9846258103083516
245,847,찰밥,고동국(올갱이국),짜장볶음,닭무침,0.9842664135332166
246,511,쌀밥,무국(새우젓),계란말이,닭무침,0.9842369008940858
256,618,찰밥,복국(복지리),달걀부침(김말이),닭무침,0.9841709663291434
259,528,쌀밥,무국(새우젓),부추잡채,새우무침,0.9841556443711488
268,607,찰밥,복국(복지리),오믈렛,꼬막무침,0.9840064872334924
270,469,쌀밥,게장국,계란말이,닭무침,0.9840045279635228
276,9,쌀밥,호박새우젓국,부추강회,닭무침,0.9839565801863891
307,961,찰밥,당면국,부추강회,꼬막무침,0.9836809622731868
308,160,쌀밥,김치무국,달걀부침,새우무침,0.9836647820499428
326,241,쌀밥,김치국(참치),미나리강회,북어채무침,0.9834664084484714
329,135,쌀밥,김치무국,계란말이,꼬막무침,0.98343478192857
354,480,쌀밥,게장국,스크램블드에그,닭무침,0.9831935097648316
359,31,쌀밥,복국(복지리),계란말이,꼬막무침,0.9831608832537446
378,977,찰밥,당면국(양배추),계란말이,닭무침,0.9830275734347264
403,182,쌀밥,김치무국,부추강회,골뱅이무침,0.9829396546097614
484,8,쌀밥,호박새우젓국,파강회,닭무침,0.9821396274743456
496,992,찰밥,당면국(양배추),달걀부침,닭무침,0.9819966547754152
