,Unnamed: 0,밥,국,메인,서브,유사도
0,992,조밥,고동국(올갱이국),부추잡채,새우무침,0.9964957060414542
1,681,현미밥,당면국(양배추),계란후라이,골뱅이무침,0.9963404879980438
2,757,조밥,복국(복지리),두부찜,북어채무침,0.9962672105289074
3,715,현미밥,당면국(새우),두부찜,북어채무침,0.9961426324083792
4,608,찰밥,당면국(새우),계란후라이,오징어포무침,0.9961266388996874
6,952,조밥,고동국(올갱이국),달걀부침(김말이),굴무생채,0.9960885917825076
7,838,조밥,고동국(올갱이국),두부찜,꼬막무침,0.9960649353550556
8,650,현미밥,당면국,계란후라이,북어채무침,0.9960616573559716
9,637,현미밥,당면국,두부찜,홍합무침,0.9960519064352752
12,268,쌀밥,고동국(올갱이국),파강회,홍어회무침,0.99579676284977
15,492,쌀밥,당면국(새우),부추잡채,닭무침,0.9956040670084384
16,584,찰밥,당면국(양배추),부추강회,북어채무침,0.9955157079843644
17,770,조밥,복국(복지리),계란후라이,대구포무침,0.9954672863385156
20,305,쌀밥,고동국(올갱이국),부추강회,골뱅이무침,0.9945982451076124
21,449,쌀밥,무국(새우젓),계란후라이,굴무침,0.9945322402273696
23,531,찰밥,당면국,파강회,홍합무침,0.9934730623281968
24,659,현미밥,당면국,부추강회,꼬막무침,0.9934274041987304
26,896,조밥,고동국(올갱이국),계란후라이,오징어무침,0.993097162784938
27,929,조밥,고동국(올갱이국),스크램블드에그,대구포무침,0.992922459064426
29,586,찰밥,당면국(양배추),미나리강회,홍합무침,0.9917326319792246
30,624,찰밥,당면국(새우),부추강회,홍합무침,0.9905162108520558
31,977,조밥,고동국(올갱이국),잡채,대구포무침,0.9894273807846492
33,941,조밥,고동국(올갱이국),달걀부침(야채),새우무침,0.986023359900458
36,386,쌀밥,당면국(양배추),두부찜,굴무침,0.9852122565728072
38,901,조밥,고동국(올갱이국),오믈렛(두부),홍합무침,0.9849277184541614
42,821,조밥,복국(복지리),미나리강회,골뱅이무침,0.9845902393541464
45,763,조밥,복국(복지리),계란말이,꼬막무침,0.984047739127342
46,221,쌀밥,고동국(올갱이국),달걀부침,대구포무침,0.9839392274432754
48,115,쌀밥,고동국(올갱이국),순대,닭무침,0.9837968914869444
51,434,쌀밥,무국(새우젓),두부찜,오징어포무침,0.9836374048940236
56,862,조밥,고동국(올갱이국),계란말이,게맛살무침,0.983330024559654
57,321,쌀밥,고동국(올갱이국),미나리강회,게맛살무침,0.9833119866619334
58,52,쌀밥,복국(복지리),달걀부침(김말이),새우무침,0.983236874575046
59,800,조밥,복국(복지리),달걀부침,오징어포무침,0.9832362248240228
61,542,찰밥,당면국,미나리강회,꼬막무침,0.9831808168685808
70,406,쌀밥,당면국(양배추),부추잡채,닭무침,0.9824725139312368
73,787,조밥,복국(복지리),오믈렛(두부),꼬막무침,0.9823587274404224
77,349,쌀밥,게장국,계란후라이,북어채무침,0.9821586674489504
82,620,찰밥,당면국(새우),파강회,골뱅이무침,0.9819402361728088
88,60,쌀밥,복국(복지리),부추잡채,홍합무침,0.9817821639149392
89,344,쌀밥,게장국,두부찜,북어채무침,0.981730865847868
101,70,쌀밥,복국(복지리),부추강회,굴무침,0.9808846167366652
102,686,현미밥,당면국(양배추),스크램블드에그,닭무침,0.9808703083793994
103,404,쌀밥,당면국(양배추),달걀부침(김말이),닭무침,0.980834521302222
106,744,조밥,두부계란탕,계란후라이,닭무침,0.9806906697925172
107,457,쌀밥,무국(새우젓),부추잡채,새우무침,0.9806890657649128
119,789,조밥,복국(복지리),오믈렛,새우무침,0.9801989791059114
120,411,쌀밥,당면국(양배추),파강회,오징어포무침,0.9801635467737578
123,489,쌀밥,당면국(새우),스크램블드에그,닭무침,0.9800947961090316
131,615,찰밥,당면국(새우),달걀부침(김말이),닭무침,0.9796115559873109
132,461,쌀밥,무국(새우젓),부추강회,노가리채무침,0.979578036974072
135,825,조밥,김치국(소시지),두부찜,닭무침,0.9793603120909984
138,632,찰밥,당면국(새우),미나리강회,꼬막무침,0.9793101231259288
143,491,쌀밥,당면국(새우),달걀부침,닭무침,0.9791793281484764
144,175,쌀밥,고동국(올갱이국),오믈렛,굴무생채,0.9791773957176576
162,265,쌀밥,고동국(올갱이국),짜장볶음,닭무침,0.9787071437605154
192,405,쌀밥,당면국(양배추),달걀부침,닭무침,0.9780951034057056
197,455,쌀밥,무국(새우젓),달걀부침(김말이),닭무침,0.9778554383292596
211,603,찰밥,당면국(새우),계란말이,닭무침,0.9774834383303158
235,674,현미밥,당면국(양배추),계란말이,닭무침,0.9770422277358444
238,49,쌀밥,복국(복지리),스크램블드에그,꼬막무침,0.9770232246231844
269,84,쌀밥,고동국(올갱이국),달걀찜,새우무침,0.9765020702743566
377,463,쌀밥,무국(새우젓),미나리강회,홍합무침,0.9751695164598017
