,Unnamed: 0,밥,국,메인,서브,유사도
0,446,조밥,고동국(올갱이국),오믈렛,굴무생채,0.9955747685322596
1,579,조밥,당면국,부추강회,새우무침,0.9955422895945428
2,594,조밥,당면국(양배추),두부찜,북어채무침,0.9955114821936544
3,519,조밥,고동국(올갱이국),부추잡채,북어채무침,0.9954695640998305
4,297,쌀밥,당면국(새우),계란후라이,닭무침,0.9953978157581156
5,330,찰밥,당면국,계란후라이,홍합무침,0.9953235845126196
6,676,조밥,당면국(새우),미나리강회,꼬막무침,0.9952013795629704
7,312,쌀밥,당면국(새우),부추강회,새우무침,0.9951925594468671
8,267,쌀밥,당면국(양배추),부추강회,꼬막무침,0.9951659514711179
10,429,조밥,고동국(올갱이국),오믈렛(두부),홍합무침,0.9951437420220994
11,557,조밥,당면국,두부찜,새우무침,0.995123632652394
12,374,조밥,고동국(올갱이국),두부찜,굴무생채,0.9951086075796844
13,283,쌀밥,당면국(새우),두부찜,굴무침,0.9951028981910918
17,115,쌀밥,고동국(올갱이국),달걀부침(김말이),소라무침,0.9950741249375238
19,599,조밥,당면국(양배추),계란후라이,새우무침,0.9949911460648468
21,126,쌀밥,고동국(올갱이국),달걀부침,게맛살무침,0.9948300100120464
25,218,쌀밥,당면국,파강회,골뱅이무침,0.9946151727561288
26,255,쌀밥,당면국(양배추),파강회,홍합무침,0.994544837223446
27,339,찰밥,당면국,미나리강회,새우무침,0.9945013231045029
29,101,쌀밥,고동국(올갱이국),스크램블드에그,오징어포무침,0.994171053803315
31,139,쌀밥,고동국(올갱이국),잡채,홍합무침,0.9936266545243254
33,634,조밥,당면국(양배추),미나리강회,닭무침,0.993088857893755
36,287,쌀밥,당면국(새우),계란말이,닭무침,0.9924603155068176
39,400,조밥,고동국(올갱이국),계란말이,굴무침,0.9921530760878514
41,416,조밥,고동국(올갱이국),계란후라이,오징어포무침,0.9919578196901416
42,861,콩밥(대두),고동국(올갱이국),미나리강회,노가리채무침,0.9919343257154151
45,682,콩밥(대두),복국(복지리),계란후라이,오징어무침(파),0.9915495478354134
51,596,조밥,당면국(양배추),계란말이,닭무침,0.9910536138906296
53,527,조밥,고동국(올갱이국),파강회,오징어무침,0.990687651039668
62,540,조밥,고동국(올갱이국),부추강회,오징어무침,0.9894637901573208
65,965,콩밥(대두),당면국(새우),스크램블드에그,닭무침,0.9887928537888048
75,988,팥밥,복국(복지리),두부찜,오징어무침(파),0.9866721248354776
81,660,조밥,당면국(새우),파강회,홍합무침,0.9858388554488016
96,524,조밥,고동국(올갱이국),짜장볶음,꼬막무침,0.9843857168636804
100,658,조밥,당면국(새우),달걀부침,닭무침,0.9841048203604624
124,921,콩밥(대두),당면국(양배추),달걀부침,닭무침,0.9830747160447212
125,706,콩밥(대두),고동국(올갱이국),순대,닭무침,0.983010252753526
163,251,쌀밥,당면국(양배추),스크램블드에그,닭무침,0.9817682582372148
205,993,팥밥,고동국(올갱이국),달걀찜,새우무침,0.9803757927851179
250,920,콩밥(대두),당면국(양배추),달걀부침(김말이),닭무침,0.9789889944249596
278,468,조밥,고동국(올갱이국),달걀부침(야채),새우무침,0.9784161182418256
305,991,팥밥,복국(복지리),오믈렛(두부),새우무침,0.9777388268872248
350,992,팥밥,복국(복지리),잡채,닭무침,0.9768524487762208
362,680,콩밥(대두),두부계란탕,계란후라이,닭무침,0.9765433258113496
425,922,콩밥(대두),당면국(양배추),부추잡채,닭무침,0.9755382257265596
455,659,조밥,당면국(새우),부추잡채,닭무침,0.9751743310264416
