,Unnamed: 0,밥,국,메인,서브,유사도
0,685,쌀밥,당면국(새우),미나리강회,오징어포무침,0.997174876137177
1,761,찰밥,고동국(올갱이국),달걀부침(김말이),소라무침,0.9971025650497624
2,719,찰밥,고동국(올갱이국),계란후라이,북어채무침,0.9969844771958142
3,612,쌀밥,무국(새우젓),부추잡채,새우무침,0.9969791481146996
4,762,찰밥,고동국(올갱이국),달걀부침,피조개무침,0.9969768443893856
5,964,현미밥,고동국(올갱이국),오믈렛(두부),닭무침,0.9969251957784152
6,842,찰밥,당면국(양배추),계란후라이,대구포무침,0.9969130721097356
7,654,쌀밥,당면국(새우),계란후라이,대구포무침,0.9969122369007484
8,641,쌀밥,무국(새우젓),미나리강회,닭무침,0.99690900475363
9,250,쌀밥,고동국(올갱이국),계란말이,골뱅이무침,0.9968914326881112
10,650,쌀밥,당면국(새우),두부찜,북어채무침,0.9968120691744792
12,493,쌀밥,게장국,파강회,노가리채무침,0.9964849700475434
13,586,쌀밥,무국(새우젓),두부찜,꼬막무침,0.9963785157488539
14,774,찰밥,고동국(올갱이국),잡채,대구포무침,0.9963251697829676
15,217,쌀밥,고동국(올갱이국),두부찜,멸치무침,0.9959686726008822
16,306,쌀밥,고동국(올갱이국),스크램블드에그,피조개무침,0.9954618796095324
17,450,쌀밥,고동국(올갱이국),미나리강회,소라무침,0.9953734368936824
19,532,쌀밥,당면국,미나리강회,닭무침,0.9943129000952656
20,663,쌀밥,당면국(새우),스크램블드에그,닭무침,0.9942866486606194
21,905,찰밥,당면국(새우),부추잡채,닭무침,0.9939333382096981
22,597,쌀밥,무국(새우젓),계란후라이,대구포무침,0.993911967525818
24,785,찰밥,고동국(올갱이국),부추잡채,홍합무침,0.9929022602773596
26,628,쌀밥,무국(새우젓),부추강회,꼬막무침,0.9913674541228348
28,506,쌀밥,당면국,두부찜,꼬막무침,0.9893952641523538
32,387,쌀밥,고동국(올갱이국),짜장볶음,꼬막무침,0.98605927056529
34,910,찰밥,당면국(새우),파강회,골뱅이무침,0.9857422367581928
36,480,쌀밥,게장국,계란후라이,오징어포무침,0.9856617143269758
37,835,찰밥,당면국(양배추),두부찜,골뱅이무침,0.9855448379557068
38,825,찰밥,당면국,부추강회,닭무침,0.985433545186415
42,526,쌀밥,당면국,파강회,닭무침,0.9848026012862964
44,115,쌀밥,복국(복지리),미나리강회,노가리채무침,0.9846713102943968
45,401,쌀밥,고동국(올갱이국),파강회,쥐포무침,0.9846466513759746
46,92,쌀밥,복국(복지리),파강회,오징어무채,0.9845466279949868
47,435,쌀밥,고동국(올갱이국),부추강회,북어채무침,0.9844892246023076
50,136,쌀밥,김치무국,계란후라이,피조개무침,0.9842288488399598
52,867,찰밥,당면국(양배추),부추강회,홍합무침,0.984171371253931
53,322,쌀밥,고동국(올갱이국),달걀부침(야채),새우무침,0.9841408846650972
55,52,쌀밥,복국(복지리),계란후라이,닭무침,0.9840904831935222
60,680,쌀밥,당면국(새우),부추강회,북어채무침,0.9837861586457628
63,581,쌀밥,당면국(양배추),미나리강회,북어채무침,0.9836515908934608
69,595,쌀밥,무국(새우젓),계란말이,닭무침,0.9832045501533284
71,298,쌀밥,고동국(올갱이국),오믈렛,소라무침,0.983089420638593
79,624,쌀밥,무국(새우젓),파강회,북어채무침,0.9827784294253352
84,60,쌀밥,복국(복지리),스크램블드에그,꼬막무침,0.982641753713556
87,130,쌀밥,김치무국,두부찜,노가리채무침,0.9825323771822324
95,503,쌀밥,게장국,미나리강회,닭무침,0.9817779676122428
96,70,쌀밥,복국(복지리),달걀부침,닭무침,0.9817468334274247
109,159,쌀밥,김치무국,달걀부침,새우무침,0.9813165815683896
111,157,쌀밥,김치무국,달걀부침(김말이),꼬막무침,0.9812125112720634
122,699,찰밥,고동국(올갱이국),순대,오징어포무침,0.980801064332024
125,210,쌀밥,고동국(올갱이국),달걀찜,닭무침,0.9805482169807456
128,164,쌀밥,김치무국,파강회,홍합무침,0.9803859755094392
138,175,쌀밥,김치무국,미나리강회,오징어포무침,0.9800240136057302
140,611,쌀밥,무국(새우젓),달걀부침,닭무침,0.9799444990905029
141,2,쌀밥,호박새우젓국,두부찜,닭무침,0.9798749743694124
142,860,찰밥,당면국(양배추),파강회,꼬막무침,0.9798532187434672
146,891,찰밥,당면국(새우),계란말이,닭무침,0.9797195187896908
151,25,쌀밥,복국(복지리),두부찜,오징어무채,0.9796236677405368
153,814,찰밥,당면국,계란후라이,북어채무침,0.9795752601958924
173,185,쌀밥,김치국(참치),두부찜,굴무침,0.9791241607408784
175,75,쌀밥,복국(복지리),부추잡채,오징어포무침,0.9791102604587456
178,499,쌀밥,게장국,부추강회,닭무침,0.9790495635161128
192,166,쌀밥,김치무국,부추강회,홍합무침,0.978661605645038
197,104,쌀밥,복국(복지리),부추강회,북어채무침,0.978541697239104
203,840,찰밥,당면국(양배추),계란말이,닭무침,0.9784101910518844
204,4,쌀밥,호박새우젓국,계란후라이,꼬막무침,0.9783539221939582
206,202,쌀밥,김치국(참치),부추강회,홍합무침,0.9783145074660404
227,189,쌀밥,김치국(참치),계란말이,닭무침,0.9779086625856088
233,486,쌀밥,게장국,스크램블드에그,닭무침,0.9778033686270104
245,469,쌀밥,게장국,두부찜,오징어포무침,0.9775507244797548
273,66,쌀밥,복국(복지리),달걀부침(김말이),닭무침,0.9771958772221438
275,152,쌀밥,김치무국,오믈렛,닭무침,0.9771883342311786
277,206,쌀밥,김치국(참치),미나리강회,새우무침,0.977173490106912
294,664,쌀밥,당면국(새우),달걀부침(김말이),닭무침,0.9770296230004806
306,118,쌀밥,김치국(소시지),두부찜,닭무침,0.9768678881434504
307,162,쌀밥,김치무국,부추잡채,새우무침,0.9768378655752205
309,191,쌀밥,김치국(참치),계란후라이,대구포무침,0.976816953027382
314,557,쌀밥,당면국(양배추),스크램블드에그,닭무침,0.9767166863936074
316,57,쌀밥,복국(복지리),오믈렛,꼬막무침,0.9766622387654258
321,201,쌀밥,김치국(참치),달걀부침,닭무침,0.9765635360898622
322,71,쌀밥,복국(복지리),잡채,닭무침,0.9765633487726286
326,8,쌀밥,호박새우젓국,부추강회,닭무침,0.9765407999478488
336,475,쌀밥,게장국,계란말이,닭무침,0.9763949940688836
338,854,찰밥,당면국(양배추),달걀부침(김말이),닭무침,0.9763626984232298
346,559,쌀밥,당면국(양배추),달걀부침,닭무침,0.9762895129657332
353,9,쌀밥,호박새우젓국,미나리강회,닭무침,0.976169285514506
358,665,쌀밥,당면국(새우),달걀부침,닭무침,0.976121707994172
372,135,쌀밥,김치무국,계란말이,닭무침,0.9759827139543626
386,29,쌀밥,복국(복지리),계란말이,새우무침,0.9757894063782734
391,151,쌀밥,김치무국,오믈렛(두부),닭무침,0.9756965611156414
454,53,쌀밥,복국(복지리),오믈렛(두부),새우무침,0.9751178975067308
478,488,쌀밥,게장국,부추잡채,닭무침,0.9747645479485899
