,Unnamed: 0,밥,국,메인,서브,유사도
0,826,찰밥,고동국(올갱이국),잡채,북어채무침,0.9871340366822736
1,997,찰밥,당면국(양배추),미나리강회,새우무침,0.9869180364384788
2,933,찰밥,당면국,계란후라이,오징어포무침,0.986850961785398
3,383,쌀밥,고동국(올갱이국),달걀부침,소라무침,0.98677188777068
4,710,찰밥,고동국(올갱이국),계란말이,노가리채무침,0.9865121540070833
5,212,쌀밥,김치국(참치),계란후라이,오징어포무침,0.9864307574924368
6,885,찰밥,고동국(올갱이국),부추강회,골뱅이무침,0.9864234771242332
10,527,쌀밥,게장국,파강회,오징어포무침,0.9859013295830216
11,863,찰밥,고동국(올갱이국),파강회,굴무침,0.985876926882594
12,745,찰밥,고동국(올갱이국),오믈렛(두부),굴무생채,0.9855969730198344
13,518,쌀밥,게장국,계란후라이,노가리채무침,0.9855486239357436
14,221,쌀밥,김치국(참치),부추잡채,닭무침,0.9854760316301094
15,115,쌀밥,복국(복지리),미나리강회,굴무침,0.9854105668995252
17,92,쌀밥,복국(복지리),파강회,북어채무침,0.9852859943499956
21,136,쌀밥,김치무국,계란말이,닭무침,0.984946443840505
23,992,찰밥,당면국(양배추),부추강회,오징어포무침,0.9848936116386788
24,842,찰밥,고동국(올갱이국),부추잡채,오징어무채,0.9848787135212956
25,534,쌀밥,게장국,부추강회,오징어포무침,0.9848645097631791
27,52,쌀밥,복국(복지리),계란후라이,오징어무침(파),0.9848096867788764
28,780,찰밥,고동국(올갱이국),스크램블드에그,오징어무침(파),0.9847939800104007
29,593,쌀밥,무국(새우젓),파강회,노가리채무침,0.9847931886508268
30,240,쌀밥,김치국(참치),미나리강회,오징어포무침,0.9846561004063348
31,577,쌀밥,무국(새우젓),계란후라이,닭무침,0.9846197098249408
32,662,찰밥,복국(복지리),부추잡채,홍합무침,0.9844898043570968
37,329,쌀밥,고동국(올갱이국),오믈렛,홍합무침,0.9842433802420492
38,948,찰밥,당면국,미나리강회,새우무침,0.984173650266394
43,584,쌀밥,무국(새우젓),부추잡채,닭무침,0.98388947401079
44,295,쌀밥,고동국(올갱이국),계란후라이,게맛살무침,0.9838111979633312
47,144,쌀밥,김치무국,계란후라이,굴무생채,0.9837537779295088
53,612,쌀밥,당면국(새우),파강회,새우무침,0.9834828734279232
54,611,쌀밥,무국(새우젓),미나리강회,닭무침,0.9834828734279232
56,60,쌀밥,복국(복지리),스크램블드에그,새우무침,0.9833668947399752
57,273,쌀밥,고동국(올갱이국),순대,꼬막무침,0.9833664689590628
59,424,쌀밥,고동국(올갱이국),짜장볶음,닭무침,0.9832689364961584
60,130,쌀밥,김치무국,두부찜,굴무침,0.9832557481930602
61,946,찰밥,당면국,부추강회,꼬막무침,0.9831282158884678
66,258,쌀밥,고동국(올갱이국),두부찜,오징어포무침,0.9826284764544434
68,496,쌀밥,고동국(올갱이국),미나리강회,오징어무채,0.9825026192378736
69,70,쌀밥,복국(복지리),달걀부침,오징어포무침,0.9824746099726768
84,159,쌀밥,김치무국,달걀부침(김말이),닭무침,0.9820242901138446
87,579,쌀밥,무국(새우젓),스크램블드에그,닭무침,0.9818697109208864
93,981,찰밥,당면국(양배추),파강회,새우무침,0.9816773675145372
100,953,찰밥,당면국(양배추),두부찜,새우무침,0.981383916151738
104,164,쌀밥,김치무국,부추잡채,꼬막무침,0.9811172391180176
109,622,쌀밥,당면국(새우),미나리강회,꼬막무침,0.9808824165704242
114,175,쌀밥,김치무국,파강회,노가리채무침,0.9807368974626878
116,599,쌀밥,무국(새우젓),부추강회,오징어포무침,0.9806471597378066
117,2,쌀밥,호박새우젓국,두부찜,닭무침,0.9805911526898704
121,924,찰밥,당면국,두부찜,꼬막무침,0.980489959809926
122,362,쌀밥,고동국(올갱이국),달걀부침(김말이),홍합무침,0.9804659396402168
123,973,찰밥,당면국(양배추),계란후라이,북어채무침,0.9804601439340308
126,561,쌀밥,무국(새우젓),두부찜,굴무침,0.9803878530654082
128,233,쌀밥,김치국(참치),부추강회,꼬막무침,0.9803616739166509
129,25,쌀밥,복국(복지리),두부찜,북어채무침,0.9803242558867468
140,651,찰밥,복국(복지리),오믈렛(두부),꼬막무침,0.9801746815709812
145,635,찰밥,복국(복지리),계란말이,새우무침,0.9799745403174585
149,156,쌀밥,김치무국,스크램블드에그,닭무침,0.9798633652743516
150,185,쌀밥,김치무국,부추강회,북어채무침,0.9798447131115235
164,503,쌀밥,게장국,두부찜,꼬막무침,0.9794624562707742
170,223,쌀밥,김치국(참치),파강회,새우무침,0.9793478436603708
174,104,쌀밥,복국(복지리),부추강회,노가리채무침,0.9792356594874216
183,4,쌀밥,호박새우젓국,계란후라이,꼬막무침,0.9790983271960316
185,202,쌀밥,김치국(참치),두부찜,굴무침,0.9790243205203056
188,654,찰밥,복국(복지리),오믈렛,꼬막무침,0.9789240182810902
193,624,찰밥,두부계란탕,계란후라이,닭무침,0.97882550408422
196,939,찰밥,당면국,파강회,새우무침,0.9787707925854556
202,189,쌀밥,김치무국,미나리강회,꼬막무침,0.9786347970012922
203,660,찰밥,복국(복지리),잡채,꼬막무침,0.978626536298056
207,580,쌀밥,무국(새우젓),달걀부침(김말이),닭무침,0.9785847353638496
236,220,쌀밥,김치국(참치),달걀부침,닭무침,0.978083302187893
237,120,쌀밥,김치국(소시지),계란후라이,닭무침,0.978082265808761
248,66,쌀밥,복국(복지리),달걀부침(김말이),오징어포무침,0.977964018187622
251,152,쌀밥,김치무국,오믈렛(두부),닭무침,0.9779359899403532
256,206,쌀밥,김치국(참치),계란말이,닭무침,0.977902131821742
278,667,찰밥,고동국(올갱이국),달걀찜,닭무침,0.9776908274620852
287,162,쌀밥,김치무국,달걀부침,닭무침,0.9775509225128182
307,8,쌀밥,호박새우젓국,파강회,닭무침,0.9772630330041958
309,510,쌀밥,게장국,계란말이,닭무침,0.977222416053992
316,218,쌀밥,김치국(참치),스크램블드에그,닭무침,0.9771384412704648
321,358,쌀밥,고동국(올갱이국),달걀부침(야채),꼬막무침,0.9770827855273848
336,9,쌀밥,호박새우젓국,부추강회,닭무침,0.9768989055227534
366,536,쌀밥,게장국,미나리강회,새우무침,0.9765452794098816
458,975,찰밥,당면국(양배추),스크램블드에그,닭무침,0.9755530500520468
491,153,쌀밥,김치무국,오믈렛,닭무침,0.9753332290457506
495,219,쌀밥,김치국(참치),달걀부침(김말이),닭무침,0.9752645564753308
