,Unnamed: 0,밥,국,메인,서브,유사도
0,685,쌀밥,당면국(새우),부추강회,홍합무침,0.9972427510768386
1,761,찰밥,고동국(올갱이국),오믈렛,소라무침,0.9971705252383436
2,719,찰밥,고동국(올갱이국),계란말이,대구포무침,0.9970530079325802
3,612,쌀밥,무국(새우젓),계란후라이,골뱅이무침,0.997048615322476
5,964,현미밥,고동국(올갱이국),두부찜,소라무침,0.9969932666424504
6,842,찰밥,당면국,계란후라이,홍합무침,0.9969821557295904
7,654,쌀밥,당면국(새우),두부찜,꼬막무침,0.9969815350262444
8,641,쌀밥,무국(새우젓),부추강회,북어채무침,0.9969788753093828
10,650,쌀밥,무국(새우젓),미나리강회,닭무침,0.9968793712941996
11,269,쌀밥,고동국(올갱이국),계란후라이,대구포무침,0.9967254095078631
12,493,쌀밥,게장국,계란후라이,닭무침,0.9965569331862832
13,586,쌀밥,당면국(양배추),미나리강회,홍합무침,0.996448890519247
14,774,찰밥,고동국(올갱이국),스크램블드에그,새우무침,0.9963951124378576
15,217,쌀밥,고동국(올갱이국),달걀찜,꼬막무침,0.9960374647432187
17,450,쌀밥,고동국(올갱이국),미나리강회,해파리냉채,0.9954419194312976
19,532,쌀밥,당면국,파강회,오징어포무침,0.9943812690433328
20,663,쌀밥,당면국(새우),계란후라이,대구포무침,0.9943567218503496
21,905,찰밥,당면국(양배추),부추강회,골뱅이무침,0.9940013876205174
22,597,쌀밥,무국(새우젓),두부찜,굴무생채,0.9939778912329786
23,941,찰밥,당면국(새우),파강회,새우무침,0.9938491650353648
24,785,찰밥,고동국(올갱이국),달걀부침(김말이),홍합무침,0.9929699432014844
26,628,쌀밥,무국(새우젓),파강회,굴무생채,0.9914368405154864
28,506,쌀밥,게장국,부추강회,꼬막무침,0.9894626051939941
31,960,찰밥,당면국(새우),미나리강회,닭무침,0.9862010024576504
32,387,쌀밥,고동국(올갱이국),부추잡채,굴무침,0.9861283142914404
35,212,쌀밥,김치국(참치),부추강회,북어채무침,0.9858070201108946
36,480,쌀밥,게장국,두부찜,노가리채무침,0.9857302428023348
37,835,찰밥,당면국,두부찜,새우무침,0.9856109843505628
38,825,찰밥,고동국(올갱이국),부추강회,홍합무침,0.985502266683272
39,536,쌀밥,당면국,부추강회,새우무침,0.98528341772709
40,887,찰밥,당면국(양배추),스크램블드에그,닭무침,0.9852474282633232
44,115,쌀밥,복국(복지리),미나리강회,굴무침,0.9847427679401856
45,401,쌀밥,고동국(올갱이국),파강회,홍합무침,0.9847186878013884
46,92,쌀밥,복국(복지리),파강회,북어채무침,0.9846180950659832
50,136,쌀밥,김치무국,계란말이,닭무침,0.9842983367634318
52,867,찰밥,당면국(양배추),두부찜,굴무생채,0.9842399275447692
55,52,쌀밥,복국(복지리),계란후라이,오징어무침(파),0.9841601166399829
56,804,찰밥,고동국(올갱이국),잡채,대구포무침,0.9841511378460082
62,892,찰밥,당면국(양배추),파강회,대구포무침,0.9837318623144552
65,976,현미밥,고동국(올갱이국),순대,닭무침,0.9835173051885036
67,356,쌀밥,고동국(올갱이국),달걀부침,소라무침,0.9833557916907846
71,298,쌀밥,고동국(올갱이국),오믈렛(두부),굴무침,0.9831592835158622
74,144,쌀밥,김치무국,계란후라이,굴무생채,0.9830818595121033
84,60,쌀밥,복국(복지리),스크램블드에그,새우무침,0.982711920201312
87,130,쌀밥,김치무국,두부찜,굴무침,0.9826023823999086
89,875,찰밥,당면국(양배추),계란후라이,홍합무침,0.9824423465750916
95,503,쌀밥,게장국,파강회,북어채무침,0.9818480858679534
96,70,쌀밥,복국(복지리),달걀부침,오징어포무침,0.9818172354218958
109,159,쌀밥,김치무국,달걀부침(김말이),닭무침,0.9813851586605572
123,617,쌀밥,무국(새우젓),스크램블드에그,꼬막무침,0.9808048501735388
126,619,쌀밥,무국(새우젓),달걀부침(김말이),닭무침,0.9805474864909284
128,164,쌀밥,김치무국,부추잡채,꼬막무침,0.9804566883312368
137,175,쌀밥,김치무국,부추강회,노가리채무침,0.9800930551878654
141,2,쌀밥,호박새우젓국,두부찜,닭무침,0.9799443145769464
142,860,찰밥,당면국,미나리강회,새우무침,0.9799236138548976
150,939,찰밥,당면국(새우),부추잡채,닭무침,0.9797089385231462
151,25,쌀밥,복국(복지리),두부찜,북어채무침,0.979691590603378
170,156,쌀밥,김치무국,스크램블드에그,닭무침,0.9792455803312994
173,185,쌀밥,김치무국,미나리강회,닭무침,0.9791938950168392
175,75,쌀밥,복국(복지리),부추잡채,꼬막무침,0.9791765392478344
189,511,쌀밥,게장국,미나리강회,오징어포무침,0.9788220030549404
192,166,쌀밥,김치무국,파강회,홍합무침,0.9787299051542914
197,104,쌀밥,복국(복지리),부추강회,노가리채무침,0.9786090134633744
204,4,쌀밥,호박새우젓국,계란후라이,꼬막무침,0.9784258199319534
206,202,쌀밥,김치국(참치),계란후라이,골뱅이무침,0.9783832626208896
208,821,찰밥,고동국(올갱이국),짜장볶음,오징어포무침,0.9783148778484078
209,672,쌀밥,당면국(새우),스크램블드에그,닭무침,0.9783125615640844
215,209,쌀밥,김치국(참치),달걀부침,닭무침,0.9781910758746128
226,189,쌀밥,김치국(참치),두부찜,오징어포무침,0.9779788986368414
228,874,찰밥,당면국(양배추),계란말이,닭무침,0.9779709486189192
260,120,쌀밥,김치국(소시지),계란후라이,닭무침,0.977437312044052
272,937,찰밥,당면국(새우),달걀부침(김말이),닭무침,0.9772765538620436
273,66,쌀밥,복국(복지리),달걀부침(김말이),오징어포무침,0.9772699261295098
275,152,쌀밥,김치무국,오믈렛(두부),닭무침,0.9772605221784736
305,661,쌀밥,당면국(새우),계란말이,닭무침,0.9769629177781904
307,162,쌀밥,김치무국,달걀부침,닭무침,0.9769069089605292
316,57,쌀밥,복국(복지리),오믈렛,새우무침,0.9767343919118492
326,8,쌀밥,호박새우젓국,파강회,닭무침,0.9766106756147434
354,9,쌀밥,호박새우젓국,부추강회,닭무침,0.9762398306057573
426,621,쌀밥,무국(새우젓),부추잡채,새우무침,0.9754368794851044
431,31,쌀밥,복국(복지리),계란말이,꼬막무침,0.9753666199870642
460,56,쌀밥,복국(복지리),오믈렛(두부),닭무침,0.9751579197995128
463,330,쌀밥,고동국(올갱이국),달걀부침(야채),새우무침,0.9751244628410144
