,Unnamed: 0,밥,국,메인,서브,유사도
0,683,찰밥,당면국(새우),미나리강회,꼬막무침,0.9965253882576216
1,759,현미밥,당면국(양배추),부추강회,닭무침,0.9964523133968668
2,717,현미밥,당면국,부추강회,닭무침,0.9963290994608008
3,610,찰밥,당면국(양배추),계란후라이,골뱅이무침,0.9963153492751732
4,760,현미밥,당면국(양배추),미나리강회,홍합무침,0.9963072668480938
5,961,조밥,고동국(올갱이국),계란후라이,대구포무침,0.9962739558224418
6,840,조밥,복국(복지리),계란후라이,골뱅이무침,0.996252725316646
7,652,찰밥,당면국(새우),계란말이,닭무침,0.9962499611759932
9,249,쌀밥,고동국(올갱이국),달걀부침,굴무침,0.9962260022081888
10,648,찰밥,당면국(새우),두부찜,굴무침,0.9961677466697224
11,268,쌀밥,고동국(올갱이국),부추잡채,게맛살무침,0.995986759730358
12,999,조밥,고동국(올갱이국),오믈렛,굴무생채,0.9958447567534788
13,492,쌀밥,무국(새우젓),파강회,북어채무침,0.9957987456723824
14,584,찰밥,당면국,파강회,닭무침,0.9957065791180576
16,216,쌀밥,고동국(올갱이국),스크램블드에그,북어채무침,0.9953109839950768
18,305,쌀밥,고동국(올갱이국),파강회,문어무침,0.99478928153351
21,531,쌀밥,당면국(새우),부추잡채,닭무침,0.9936590820578792
22,661,찰밥,당면국(새우),계란후라이,북어채무침,0.9936175060814888
23,902,조밥,김치국(소시지),계란후라이,닭무침,0.9932824085332191
24,595,찰밥,당면국(양배추),두부찜,굴무생채,0.9932801543002152
25,938,조밥,고동국(올갱이국),순대,꼬막무침,0.9931120505990662
28,626,찰밥,당면국(양배추),파강회,북어채무침,0.9907046021472131
29,986,조밥,고동국(올갱이국),오믈렛(두부),소라무침,0.989620281713578
30,505,쌀밥,무국(새우젓),미나리강회,북어채무침,0.9887508825712475
31,950,조밥,고동국(올갱이국),계란말이,골뱅이무침,0.986205430448018
32,849,조밥,복국(복지리),오믈렛(두부),새우무침,0.9857747281029196
34,386,쌀밥,당면국,두부찜,닭무침,0.9853997082739137
36,907,조밥,김치무국,오믈렛,닭무침,0.985108331367876
38,479,쌀밥,무국(새우젓),계란후라이,굴무침,0.9850068010768748
40,823,조밥,복국(복지리),두부찜,오징어무침(파),0.9847769051205066
41,535,쌀밥,당면국(새우),파강회,오징어포무침,0.9845805071114326
42,885,조밥,복국(복지리),부추강회,골뱅이무침,0.9845329520551652
44,221,쌀밥,고동국(올갱이국),달걀부침(야채),닭무침,0.9841242105703276
46,115,쌀밥,고동국(올갱이국),두부찜,새우무침,0.9839900950224864
48,92,쌀밥,복국(복지리),미나리강회,오징어포무침,0.9838653328567272
49,434,쌀밥,당면국(양배추),달걀부침,닭무침,0.9838258527617252
54,865,조밥,복국(복지리),달걀부침,닭무침,0.98351626633072
55,321,쌀밥,고동국(올갱이국),부추강회,꼬막무침,0.9834956094347228
56,52,쌀밥,복국(복지리),스크램블드에그,꼬막무침,0.9834256950085918
59,542,쌀밥,당면국(새우),부추강회,새우무침,0.9833814977161336
68,406,쌀밥,당면국,미나리강회,꼬막무침,0.9826583159743127
69,355,쌀밥,고동국(올갱이국),미나리강회,노가리채무침,0.9826201576768014
91,873,조밥,복국(복지리),파강회,피조개무침,0.9816754757728784
95,259,쌀밥,고동국(올갱이국),잡채,오징어포무침,0.9812302562831255
102,433,쌀밥,당면국(양배추),달걀부침(김말이),닭무침,0.9809948004780372
105,746,현미밥,당면국(양배추),부추잡채,닭무침,0.9808673936571076
120,488,쌀밥,무국(새우젓),부추잡채,꼬막무침,0.9802845900058498
125,615,찰밥,당면국(양배추),스크램블드에그,닭무침,0.9800950094022676
130,461,쌀밥,무국(새우젓),두부찜,꼬막무침,0.9797634999304948
134,903,조밥,김치무국,계란후라이,피조개무침,0.9795212913052151
135,827,조밥,복국(복지리),계란말이,오징어포무침,0.9795119921483586
143,2,쌀밥,두부계란탕,계란후라이,닭무침,0.9792129885246146
149,365,쌀밥,게장국,두부찜,골뱅이무침,0.979066122404386
150,233,쌀밥,고동국(올갱이국),달걀부침(김말이),굴무침,0.9790535974131268
161,375,쌀밥,게장국,계란후라이,굴무침,0.9788032892466788
167,701,현미밥,당면국,계란후라이,홍합무침,0.97877364206322
174,483,쌀밥,무국(새우젓),스크램블드에그,꼬막무침,0.9784826130469942
182,498,쌀밥,무국(새우젓),부추강회,북어채무침,0.9783635453224412
200,787,현미밥,당면국(새우),달걀부침,닭무침,0.9778745773479264
201,859,조밥,복국(복지리),달걀부침(김말이),새우무침,0.9778491371870832
225,872,조밥,복국(복지리),부추잡채,닭무침,0.9773617682046466
234,49,쌀밥,복국(복지리),오믈렛,꼬막무침,0.977214442766553
236,378,쌀밥,게장국,달걀부침,닭무침,0.9771687765180932
238,485,쌀밥,무국(새우젓),달걀부침(김말이),닭무침,0.9771340776286516
281,283,쌀밥,고동국(올갱이국),짜장볶음,새우무침,0.9764986490591434
362,663,찰밥,당면국(새우),스크램블드에그,닭무침,0.9754503414260824
363,664,찰밥,당면국(새우),달걀부침(김말이),닭무침,0.9754503414260824
364,103,쌀밥,김치무국,오믈렛(두부),닭무침,0.9754502836432424
377,105,쌀밥,고동국(올갱이국),달걀찜,새우무침,0.9753142562475512
395,731,현미밥,당면국(양배추),계란말이,닭무침,0.9750105359191596
416,0,쌀밥,호박새우젓국,두부찜,새우무침,0.9748603394406368
420,805,조밥,호박새우젓국,계란후라이,새우무침,0.9748442122299894
