,Unnamed: 0,밥,국,메인,서브,유사도
0,665,찰밥,고동국(올갱이국),스크램블드에그,해파리냉채,0.9900943264819094
1,689,찰밥,고동국(올갱이국),달걀부침(김말이),대구포무침,0.9885455150321196
2,826,찰밥,게장국,두부찜,홍합무침,0.9880129430831306
3,486,찰밥,복국(복지리),파강회,해파리냉채,0.9877359546187936
4,594,찰밥,고동국(올갱이국),순대,새우무침,0.987518700069658
5,212,쌀밥,김치국(참치),계란후라이,노가리채무침,0.9873809548440726
6,517,찰밥,복국(복지리),미나리강회,꼬막무침,0.9870334137976284
9,637,찰밥,고동국(올갱이국),계란후라이,오징어무침(어묵),0.986875195206544
10,470,찰밥,복국(복지리),달걀부침(김말이),꼬막무침,0.9867482567589346
11,640,찰밥,고동국(올갱이국),오믈렛(두부),홍합무침,0.9865365442455512
12,511,찰밥,복국(복지리),부추강회,노가리채무침,0.9864705798363904
14,968,찰밥,무국(새우젓),파강회,북어채무침,0.9861904238943688
15,120,쌀밥,김치무국,두부찜,대구포무침,0.9860740696611632
16,58,쌀밥,복국(복지리),스크램블드에그,꼬막무침,0.9860464582983048
17,741,찰밥,고동국(올갱이국),부추잡채,북어채무침,0.9858794793217972
18,244,쌀밥,고동국(올갱이국),두부찜,낙지무침,0.9858207107299236
19,552,찰밥,김치무국,계란후라이,오징어무채,0.9856824807694782
22,69,쌀밥,복국(복지리),잡채,닭무침,0.9855606898573376
24,178,쌀밥,김치무국,부추강회,오징어포무침,0.9854281382405468
25,559,찰밥,김치무국,미나리강회,홍합무침,0.9853635495145489
27,893,찰밥,당면국(양배추),계란후라이,닭무침,0.9851693626048582
28,393,쌀밥,무국(새우젓),부추강회,오징어포무침,0.9850901282602011
31,193,쌀밥,김치국(참치),두부찜,홍합무침,0.9846240142762984
32,226,쌀밥,김치국(참치),파강회,북어채무침,0.984619442436616
33,879,찰밥,당면국(양배추),두부찜,북어채무침,0.9846062493684392
34,906,찰밥,당면국(양배추),파강회,북어채무침,0.9846025983356662
35,344,쌀밥,게장국,미나리강회,꼬막무침,0.9844711112032756
36,132,쌀밥,김치무국,계란말이,꼬막무침,0.984440308241458
40,362,쌀밥,무국(새우젓),계란후라이,새우무침,0.9840841036112604
43,480,찰밥,복국(복지리),부추잡채,새우무침,0.9840249453817664
44,150,쌀밥,김치무국,오믈렛,닭무침,0.9839750906811222
47,239,쌀밥,김치국(참치),미나리강회,닭무침,0.9838755798390518
48,772,찰밥,고동국(올갱이국),파강회,오징어무침(파),0.98384821648557
50,919,찰밥,당면국(양배추),미나리강회,골뱅이무침,0.9835960837997478
53,289,쌀밥,고동국(올갱이국),부추강회,오징어포무침,0.983124191766242
55,400,쌀밥,무국(새우젓),미나리강회,꼬막무침,0.982968865752918
57,433,찰밥,복국(복지리),계란말이,새우무침,0.9829414733859178
60,422,찰밥,복국(복지리),두부찜,소라무침,0.9827386732898428
67,229,쌀밥,김치국(참치),부추강회,새우무침,0.9823943519081864
73,853,찰밥,게장국,부추강회,오징어포무침,0.9822259550663324
74,957,찰밥,무국(새우젓),부추잡채,꼬막무침,0.9822139745388232
75,704,찰밥,고동국(올갱이국),달걀부침,게맛살무침,0.9821593231928724
81,858,찰밥,당면국,두부찜,꼬막무침,0.9817612908563058
83,600,찰밥,고동국(올갱이국),계란말이,홍합무침,0.9816955388270512
88,684,찰밥,고동국(올갱이국),달걀부침(야채),닭무침,0.9814458242662408
90,240,쌀밥,고동국(올갱이국),달걀찜,꼬막무침,0.9813695303585179
91,320,쌀밥,게장국,계란후라이,새우무침,0.9813526495733148
93,334,쌀밥,게장국,파강회,오징어포무침,0.9812192774025591
95,441,찰밥,복국(복지리),계란후라이,대구포무침,0.9811680138095248
96,950,찰밥,무국(새우젓),스크램블드에그,새우무침,0.9811592780055868
100,862,찰밥,당면국,파강회,오징어포무침,0.9810705921264594
101,474,찰밥,복국(복지리),달걀부침,꼬막무침,0.9810327078297449
103,330,쌀밥,게장국,부추잡채,닭무침,0.9809584728357059
107,10,쌀밥,호박새우젓국,미나리강회,닭무침,0.9809219592750328
114,406,찰밥,호박새우젓국,두부찜,새우무침,0.9806703613676916
134,414,찰밥,두부계란탕,계란후라이,닭무침,0.9800627400362866
144,53,쌀밥,복국(복지리),오믈렛(두부),닭무침,0.9798268423188956
151,5,쌀밥,호박새우젓국,계란후라이,닭무침,0.9795916386639101
152,7,쌀밥,호박새우젓국,파강회,꼬막무침,0.9795247340548556
155,912,찰밥,당면국(양배추),부추강회,골뱅이무침,0.9794651031904504
166,722,찰밥,고동국(올갱이국),잡채,오징어포무침,0.9791914473344794
179,557,찰밥,김치무국,잡채,닭무침,0.9788446598173196
181,894,찰밥,당면국(양배추),스크램블드에그,닭무침,0.9787567899439604
184,999,찰밥,당면국(새우),계란후라이,꼬막무침,0.9786640652098784
189,835,찰밥,게장국,계란말이,닭무침,0.9785635873772126
192,810,찰밥,고동국(올갱이국),미나리강회,소라무침,0.9785276977834042
193,154,쌀밥,김치무국,달걀부침(김말이),새우무침,0.9784718709898134
199,174,쌀밥,김치무국,파강회,닭무침,0.9784211981999592
229,162,쌀밥,김치무국,부추잡채,닭무침,0.9778803402099204
233,354,쌀밥,무국(새우젓),두부찜,골뱅이무침,0.9777749243101558
238,996,찰밥,당면국(새우),계란말이,닭무침,0.9777441519485184
240,555,찰밥,김치무국,스크램블드에그,새우무침,0.9777181801503724
247,159,쌀밥,김치무국,달걀부침,닭무침,0.9775761272667098
258,54,쌀밥,복국(복지리),오믈렛,새우무침,0.9773372293632736
275,658,찰밥,고동국(올갱이국),오믈렛,오징어포무침,0.9769576889047842
290,359,쌀밥,무국(새우젓),계란말이,닭무침,0.9767630806482246
292,869,찰밥,당면국,미나리강회,닭무침,0.9767063838252406
311,215,쌀밥,김치국(참치),스크램블드에그,닭무침,0.9765027930333358
369,203,쌀밥,김치국(참치),계란말이,닭무침,0.9757668091554592
378,987,찰밥,당면국(새우),두부찜,대구포무침,0.9756798978219572
379,553,찰밥,김치무국,오믈렛(두부),닭무침,0.9756280690597152
384,217,쌀밥,김치국(참치),달걀부침,닭무침,0.9755721466981949
394,9,쌀밥,호박새우젓국,부추강회,닭무침,0.9754766715851441
419,847,찰밥,게장국,달걀부침(김말이),닭무침,0.9748843647454946
424,117,쌀밥,김치국(소시지),계란후라이,닭무침,0.9746482876006292
451,748,찰밥,고동국(올갱이국),짜장볶음,오징어포무침,0.9742838560859692
472,375,쌀밥,무국(새우젓),달걀부침,닭무침,0.9740290217172121
478,328,쌀밥,게장국,스크램블드에그,닭무침,0.9740015198922346
479,329,쌀밥,게장국,달걀부침,닭무침,0.9740015198922346
