,Unnamed: 0,밥,국,메인,서브,유사도
0,679,쌀밥,당면국(새우),계란후라이,골뱅이무침,0.9974928253282116
1,713,찰밥,복국(복지리),계란후라이,오징어무침(파),0.997305576641882
2,755,찰밥,고동국(올갱이국),계란말이,골뱅이무침,0.9973055257100478
3,607,쌀밥,무국(새우젓),두부찜,꼬막무침,0.9973047439663212
4,958,찰밥,당면국,미나리강회,꼬막무침,0.9972440876681994
5,648,쌀밥,무국(새우젓),부추강회,새우무침,0.9972370214554102
6,835,찰밥,고동국(올갱이국),달걀부침(김말이),대구포무침,0.9972368267323743
7,635,쌀밥,무국(새우젓),부추잡채,닭무침,0.9972365377952916
8,644,쌀밥,무국(새우젓),파강회,노가리채무침,0.9971272709238732
9,997,찰밥,당면국(양배추),파강회,닭무침,0.9968379091650053
11,490,쌀밥,고동국(올갱이국),미나리강회,문어무침,0.9968225537759234
13,767,찰밥,고동국(올갱이국),계란후라이,멸치무침,0.9966530536524009
16,447,쌀밥,고동국(올갱이국),부추강회,피조개무침,0.9956943177526254
18,657,쌀밥,무국(새우젓),미나리강회,꼬막무침,0.9946151755205492
20,592,쌀밥,당면국(양배추),부추강회,홍합무침,0.9942205740844308
21,935,찰밥,당면국,두부찜,골뱅이무침,0.9941068309289418
23,983,찰밥,당면국(양배추),계란후라이,닭무침,0.9906344566239575
24,503,쌀밥,게장국,두부찜,노가리채무침,0.9897107118738452
25,947,찰밥,당면국,파강회,홍합무침,0.9871575811878672
27,954,찰밥,당면국,부추강회,새우무침,0.986458034575481
28,384,쌀밥,고동국(올갱이국),달걀부침,노가리채무침,0.9863829201194064
29,724,찰밥,고동국(올갱이국),두부찜,새우무침,0.986131566151556
30,212,쌀밥,김치국(참치),계란후라이,골뱅이무침,0.9860540882710926
33,828,찰밥,고동국(올갱이국),스크램블드에그,닭무침,0.9858545803893148
35,532,쌀밥,게장국,미나리강회,새우무침,0.9855282677809488
36,881,찰밥,고동국(올갱이국),부추잡채,골뱅이무침,0.985496678954722
38,523,쌀밥,게장국,파강회,오징어포무침,0.9851408049180636
39,221,쌀밥,김치국(참치),파강회,홍합무침,0.9850933336809772
40,115,쌀밥,복국(복지리),미나리강회,굴무침,0.9850065610780018
41,398,쌀밥,고동국(올갱이국),잡채,닭무침,0.9849846813030914
42,92,쌀밥,복국(복지리),파강회,북어채무침,0.9848819250260888
43,432,쌀밥,고동국(올갱이국),파강회,쥐포무침,0.9848149535680903
46,136,쌀밥,김치무국,계란말이,닭무침,0.9845546457426456
49,319,쌀밥,고동국(올갱이국),오믈렛(두부),오징어포무침,0.9844569614407572
50,539,쌀밥,당면국,계란후라이,꼬막무침,0.9844410745145844
53,600,쌀밥,당면국(양배추),미나리강회,꼬막무침,0.98440470598402
54,240,쌀밥,고동국(올갱이국),달걀찜,꼬막무침,0.98427079015239
57,829,찰밥,고동국(올갱이국),달걀부침(야채),새우무침,0.9840289688690952
61,330,쌀밥,고동국(올갱이국),오믈렛,굴무생채,0.9838582525509711
62,970,찰밥,당면국(양배추),두부찜,닭무침,0.9837767351687576
71,144,쌀밥,김치무국,계란후라이,굴무생채,0.983347200239546
77,619,쌀밥,무국(새우젓),계란후라이,새우무침,0.9830984713988622
81,60,쌀밥,복국(복지리),스크램블드에그,새우무침,0.9829708213134528
84,130,쌀밥,김치무국,두부찜,굴무침,0.9828606713329324
93,70,쌀밥,복국(복지리),달걀부침,오징어포무침,0.9820770389172474
94,743,찰밥,고동국(올갱이국),순대,오징어포무침,0.9820419839725376
95,684,쌀밥,당면국(새우),스크램블드에그,닭무침,0.9820064619016128
106,159,쌀밥,김치무국,달걀부침(김말이),닭무침,0.9816380284174624
107,419,쌀밥,고동국(올갱이국),짜장볶음,오징어포무침,0.9816367832200452
118,693,쌀밥,당면국(새우),파강회,굴무침,0.9811318822500068
125,164,쌀밥,김치무국,부추잡채,꼬막무침,0.9807176842451808
130,630,쌀밥,무국(새우젓),스크램블드에그,닭무침,0.9804896811993746
134,175,쌀밥,김치무국,파강회,북어채무침,0.9803477009509852
138,2,쌀밥,호박새우젓국,두부찜,닭무침,0.9802000967193052
147,233,쌀밥,김치국(참치),미나리강회,홍합무침,0.9799923607120404
149,25,쌀밥,복국(복지리),두부찜,북어채무침,0.9799419868672262
155,663,쌀밥,당면국(새우),두부찜,홍합무침,0.9798709285758836
157,581,쌀밥,당면국(양배추),부추잡채,닭무침,0.9798173057939084
162,697,쌀밥,당면국(새우),부추강회,홍합무침,0.9797185814521708
163,232,쌀밥,김치국(참치),부추강회,닭무침,0.9796599262917052
169,156,쌀밥,김치무국,스크램블드에그,닭무침,0.9794903199915412
170,185,쌀밥,김치무국,부추강회,닭무침,0.9794511811492512
172,75,쌀밥,복국(복지리),부추잡채,꼬막무침,0.9794206898357204
185,508,쌀밥,게장국,계란후라이,대구포무침,0.9790753484579552
186,709,찰밥,두부계란탕,계란후라이,닭무침,0.9790706223461534
193,104,쌀밥,복국(복지리),부추강회,노가리채무침,0.9788571122775755
203,4,쌀밥,호박새우젓국,계란후라이,꼬막무침,0.9786913363653892
205,202,쌀밥,김치국(참치),두부찜,노가리채무침,0.9786368331823654
215,632,쌀밥,무국(새우젓),달걀부침,닭무침,0.9784270840139256
217,984,찰밥,당면국(양배추),스크램블드에그,닭무침,0.9783958417465328
224,189,쌀밥,김치무국,미나리강회,오징어포무침,0.9782381018974262
256,220,쌀밥,김치국(참치),부추잡채,닭무침,0.9776969797765304
258,120,쌀밥,김치국(소시지),계란후라이,닭무침,0.9776923526316454
264,531,쌀밥,게장국,부추강회,닭무침,0.9776119508979166
270,66,쌀밥,복국(복지리),달걀부침(김말이),오징어포무침,0.9775436292245702
272,152,쌀밥,김치무국,오믈렛(두부),닭무침,0.977527151097534
307,162,쌀밥,김치무국,달걀부침,닭무침,0.9771615869635792
315,57,쌀밥,복국(복지리),오믈렛,새우무침,0.9770008927308242
325,8,쌀밥,호박새우젓국,파강회,닭무침,0.9768685198120252
331,218,쌀밥,김치국(참치),달걀부침(김말이),닭무침,0.9767469933457408
348,205,쌀밥,김치국(참치),계란말이,닭무침,0.976564659222538
353,9,쌀밥,호박새우젓국,부추강회,닭무침,0.9765002225064974
388,580,쌀밥,당면국(양배추),달걀부침,닭무침,0.9760672740609976
425,616,쌀밥,무국(새우젓),계란말이,닭무침,0.97570447520134
428,31,쌀밥,복국(복지리),계란말이,꼬막무침,0.9756267403248734
431,518,쌀밥,게장국,달걀부침,닭무침,0.9756225696352071
441,703,쌀밥,당면국(새우),미나리강회,홍합무침,0.9755183621963333
454,686,쌀밥,당면국(새우),달걀부침,닭무침,0.9754529701053912
458,56,쌀밥,복국(복지리),오믈렛(두부),닭무침,0.97542391720273
