,Unnamed: 0,밥,국,메인,서브,유사도
0,820,찰밥,고동국(올갱이국),달걀부침,골뱅이무침,0.987274223620866
1,991,찰밥,당면국(양배추),달걀부침(김말이),닭무침,0.987057947905264
2,927,찰밥,고동국(올갱이국),미나리강회,노가리채무침,0.986994237361593
4,704,찰밥,고동국(올갱이국),순대,꼬막무침,0.986650653209952
5,210,쌀밥,김치국(참치),계란후라이,꼬막무침,0.9865677396158344
6,879,찰밥,고동국(올갱이국),파강회,오징어무채,0.9865583721039424
7,470,쌀밥,고동국(올갱이국),부추강회,오징어무채,0.9865091924780806
8,805,찰밥,고동국(올갱이국),달걀부침(김말이),굴무침,0.9863603760168436
10,523,쌀밥,게장국,파강회,홍합무침,0.9860369192194178
11,857,찰밥,고동국(올갱이국),짜장볶음,오징어포무침,0.9860153001607936
12,738,찰밥,고동국(올갱이국),계란후라이,꼴뚜기무침,0.985737630074612
13,514,쌀밥,게장국,계란후라이,오징어포무침,0.9856976793645356
14,219,쌀밥,김치국(참치),달걀부침(김말이),닭무침,0.9856153575043892
15,115,쌀밥,복국(복지리),미나리강회,굴무침,0.9855581466004668
16,393,쌀밥,고동국(올갱이국),잡채,새우무침,0.9855412520954776
17,92,쌀밥,복국(복지리),파강회,북어채무침,0.9854335997732216
21,136,쌀밥,김치무국,계란말이,닭무침,0.9850892992854494
23,986,찰밥,당면국(양배추),계란후라이,굴무침,0.9850292404505451
27,52,쌀밥,복국(복지리),계란후라이,오징어무침(파),0.9849528954558532
28,774,찰밥,고동국(올갱이국),스크램블드에그,해파리냉채,0.9849355727260236
29,587,쌀밥,무국(새우젓),부추강회,꼬막무침,0.98493476130595
30,238,쌀밥,김치국(참치),미나리강회,새우무침,0.984796445521157
31,571,쌀밥,무국(새우젓),부추잡채,새우무침,0.9847560857781572
32,656,찰밥,복국(복지리),달걀부침,닭무침,0.9846296197727908
33,849,찰밥,고동국(올갱이국),부추잡채,노가리채무침,0.984556284988979
34,566,쌀밥,무국(새우젓),계란후라이,닭무침,0.9845550525345232
37,326,쌀밥,고동국(올갱이국),오믈렛(두부),노가리채무침,0.9843836583739766
38,942,찰밥,당면국,두부찜,노가리채무침,0.9843184946760926
41,761,찰밥,고동국(올갱이국),오믈렛,홍합무침,0.9840931586697232
43,578,쌀밥,무국(새우젓),파강회,굴무생채,0.984025209114924
46,144,쌀밥,김치무국,계란후라이,굴무생채,0.9839023687711762
52,606,찰밥,복국(복지리),두부찜,홍합무침,0.9836228773597876
55,60,쌀밥,복국(복지리),스크램블드에그,새우무침,0.9835114204334382
56,271,쌀밥,고동국(올갱이국),두부찜,사태초무침,0.983508083658892
59,130,쌀밥,김치무국,두부찜,굴무침,0.9833998888882108
71,665,찰밥,복국(복지리),부추강회,소라무침,0.982519224619262
76,722,찰밥,고동국(올갱이국),계란말이,닭무침,0.9822820950803874
82,159,쌀밥,김치무국,달걀부침(김말이),닭무침,0.9821650275365318
93,975,찰밥,당면국(양배추),두부찜,북어채무침,0.9818178743550054
95,674,찰밥,고동국(올갱이국),달걀찜,새우무침,0.9816757131330922
97,598,쌀밥,무국(새우젓),미나리강회,노가리채무침,0.9815675035378152
98,947,찰밥,당면국,계란후라이,꼬막무침,0.9814902281346338
101,164,쌀밥,김치무국,부추잡채,꼬막무침,0.9812631336190448
109,535,쌀밥,게장국,미나리강회,새우무침,0.9809568348226833
110,540,쌀밥,당면국(양배추),파강회,오징어포무침,0.9809163114064026
112,175,쌀밥,김치무국,파강회,노가리채무침,0.980878783269126
115,2,쌀밥,호박새우젓국,두부찜,닭무침,0.9807337600425372
120,358,쌀밥,고동국(올갱이국),달걀부침(야채),꼬막무침,0.9806111527809824
126,231,쌀밥,김치국(참치),부추강회,홍합무침,0.9804958616595147
134,570,쌀밥,무국(새우젓),달걀부침,닭무침,0.9803680055245416
138,645,찰밥,복국(복지리),오믈렛,새우무침,0.9802834773927652
140,230,쌀밥,김치국(참치),파강회,닭무침,0.9801726181187864
141,547,쌀밥,무국(새우젓),두부찜,굴무생채,0.9801610434967444
147,156,쌀밥,김치무국,스크램블드에그,닭무침,0.9799990030761352
148,185,쌀밥,김치무국,부추강회,북어채무침,0.9799882862420858
150,75,쌀밥,복국(복지리),부추잡채,꼬막무침,0.9799280418063724
168,221,쌀밥,김치국(참치),부추잡채,닭무침,0.9794597862243836
174,965,찰밥,당면국,미나리강회,닭무침,0.9793526787967368
176,673,찰밥,김치국(소시지),계란후라이,닭무침,0.9793230340341244
180,4,쌀밥,호박새우젓국,계란후라이,꼬막무침,0.9792471201309286
183,201,쌀밥,김치국(참치),두부찜,골뱅이무침,0.9791655597841143
193,955,찰밥,당면국,파강회,꼬막무침,0.9789218267991102
231,505,쌀밥,게장국,두부찜,굴무침,0.9782896207036198
234,218,쌀밥,김치국(참치),스크램블드에그,닭무침,0.9782240987413702
240,188,쌀밥,김치무국,미나리강회,새우무침,0.9781640333169468
242,522,쌀밥,게장국,부추잡채,닭무침,0.9781425998368264
244,66,쌀밥,복국(복지리),달걀부침(김말이),오징어포무침,0.9781180109074132
248,152,쌀밥,김치무국,오믈렛(두부),닭무침,0.9780855091745396
270,672,찰밥,김치국(소시지),두부찜,닭무침,0.9778722236724864
283,162,쌀밥,김치무국,달걀부침,닭무침,0.9776928909640348
284,993,찰밥,당면국(양배추),부추잡채,닭무침,0.9776871415448308
287,520,쌀밥,게장국,스크램블드에그,닭무침,0.9776246988115798
303,8,쌀밥,호박새우젓국,파강회,닭무침,0.9774070095272634
333,9,쌀밥,호박새우젓국,부추강회,닭무침,0.9770445004454552
336,642,찰밥,복국(복지리),오믈렛(두부),새우무침,0.9769949769140592
364,531,쌀밥,게장국,부추강회,새우무침,0.9766623398278146
367,569,쌀밥,무국(새우젓),달걀부침(김말이),닭무침,0.9766174317266464
371,220,쌀밥,김치국(참치),달걀부침,닭무침,0.9765826237763688
401,521,쌀밥,게장국,달걀부침,닭무침,0.9762985158818004
403,602,쌀밥,당면국(새우),파강회,닭무침,0.9762651083001526
408,31,쌀밥,복국(복지리),계란말이,꼬막무침,0.9761704438749008
409,509,쌀밥,게장국,계란말이,닭무침,0.9761651881780912
487,153,쌀밥,김치무국,오믈렛,닭무침,0.9754824997765336
