,Unnamed: 0,밥,국,메인,서브,유사도
0,961,현미밥,고동국(올갱이국),계란후라이,노가리채무침,0.9981067505104636
1,222,찰밥,복국(복지리),미나리강회,골뱅이무침,0.993877860024232
2,40,쌀밥,김치무국,부추강회,북어채무침,0.9936237726235104
3,804,현미밥,김치무국,계란후라이,새우무침,0.9934336599554564
5,46,쌀밥,김치무국,미나리강회,굴무침,0.9931344806629364
6,708,현미밥,복국(복지리),계란후라이,피조개무침,0.9930033729640038
7,940,현미밥,고동국(올갱이국),계란말이,노가리채무침,0.9929595194365141
9,73,쌀밥,김치국(참치),파강회,새우무침,0.9926872824185474
10,452,찰밥,고동국(올갱이국),달걀부침(김말이),새우무침,0.9926330355987596
12,556,찰밥,고동국(올갱이국),미나리강회,소라무침,0.992234363168594
14,106,찰밥,호박새우젓국,계란후라이,새우무침,0.9921366162072364
15,464,찰밥,고동국(올갱이국),달걀부침,해파리냉채,0.9917825077866421
19,181,찰밥,복국(복지리),부추잡채,꼬막무침,0.9911645673259684
20,666,찰밥,무국(새우젓),부추강회,북어채무침,0.9910674565586912
23,326,찰밥,김치국(참치),계란후라이,굴무침,0.9908029946092548
25,438,찰밥,고동국(올갱이국),스크램블드에그,골뱅이무침,0.9907482727151864
26,134,찰밥,복국(복지리),계란말이,꼬막무침,0.9905437347552462
28,205,찰밥,복국(복지리),부추강회,새우무침,0.9904068501205016
29,194,찰밥,복국(복지리),파강회,오징어포무침,0.9901543158453662
33,231,찰밥,김치무국,두부찜,대구포무침,0.9897307480510656
36,264,찰밥,김치무국,스크램블드에그,새우무침,0.9895147758872492
37,177,찰밥,복국(복지리),잡채,꼬막무침,0.9894684120296108
38,659,찰밥,무국(새우젓),파강회,닭무침,0.9892911836087108
39,330,찰밥,김치국(참치),스크램블드에그,닭무침,0.9892712505920624
42,827,현미밥,김치무국,파강회,홍합무침,0.9891321277436989
49,918,현미밥,고동국(올갱이국),두부찜,낙지무침,0.9886777008022972
50,159,찰밥,복국(복지리),오믈렛(두부),닭무침,0.9886736191583624
51,673,찰밥,무국(새우젓),미나리강회,노가리채무침,0.9886467587368158
53,14,쌀밥,김치무국,달걀부침(김말이),새우무침,0.9885344152231016
55,891,현미밥,김치국(참치),부추강회,북어채무침,0.9884625748074106
56,592,찰밥,게장국,달걀부침(김말이),닭무침,0.988458050197788
57,591,찰밥,게장국,스크램블드에그,닭무침,0.988458050197788
58,731,현미밥,복국(복지리),스크램블드에그,꼬막무침,0.9884073273040326
60,317,찰밥,김치국(참치),두부찜,닭무침,0.9883032794161174
68,270,찰밥,김치무국,달걀부침,새우무침,0.9879868419942368
79,729,현미밥,복국(복지리),오믈렛,닭무침,0.987593735771792
83,119,찰밥,복국(복지리),두부찜,대구포무침,0.987501148875899
85,676,현미밥,호박새우젓국,두부찜,새우무침,0.9874338123920999
90,489,찰밥,고동국(올갱이국),부추잡채,골뱅이무침,0.9873558400736218
91,539,찰밥,고동국(올갱이국),부추강회,낙지무침,0.9873293746945764
98,612,찰밥,무국(새우젓),두부찜,대구포무침,0.9870392763353371
99,626,찰밥,무국(새우젓),계란후라이,대구포무침,0.987005813488564
110,606,찰밥,게장국,부추강회,닭무침,0.9865872466715948
111,799,현미밥,김치무국,계란말이,꼬막무침,0.9865760591609201
116,380,찰밥,고동국(올갱이국),순대,새우무침,0.9864450779746448
117,175,찰밥,복국(복지리),달걀부침,오징어포무침,0.9864084018746669
127,581,찰밥,게장국,계란후라이,홍합무침,0.9862269902519636
130,503,찰밥,고동국(올갱이국),파강회,멸치무침,0.9861007726802272
140,93,쌀밥,게장국,파강회,새우무침,0.9858960082894688
144,274,찰밥,김치무국,부추잡채,새우무침,0.9858362305084236
150,900,현미밥,고동국(올갱이국),달걀찜,꼬막무침,0.9857728408152552
155,69,쌀밥,김치국(참치),달걀부침(김말이),닭무침,0.9855718926197456
168,579,찰밥,게장국,두부찜,닭무침,0.9854375227634032
196,640,찰밥,무국(새우젓),스크램블드에그,꼬막무침,0.9849118515629868
231,991,현미밥,고동국(올갱이국),달걀부침(야채),닭무침,0.984144285875048
241,894,현미밥,김치국(참치),미나리강회,새우무침,0.9838610397155796
273,427,찰밥,고동국(올갱이국),오믈렛,닭무침,0.983465055100854
277,110,찰밥,호박새우젓국,파강회,꼬막무침,0.9833530100635179
288,685,현미밥,호박새우젓국,부추강회,닭무침,0.9830707827132844
298,623,찰밥,무국(새우젓),계란말이,꼬막무침,0.9828899690669499
300,263,찰밥,김치무국,오믈렛,닭무침,0.9828526029287656
307,170,찰밥,복국(복지리),달걀부침(김말이),꼬막무침,0.9827828772035218
322,643,찰밥,무국(새우젓),달걀부침,꼬막무침,0.982419144225972
324,333,찰밥,김치국(참치),부추잡채,닭무침,0.9823847529967836
347,228,찰밥,김치국(소시지),계란후라이,닭무침,0.9819648014184352
369,878,현미밥,김치국(참치),달걀부침,닭무침,0.9814828833972606
437,59,쌀밥,김치국(참치),계란말이,닭무침,0.9804271596109372
441,273,찰밥,김치무국,잡채,닭무침,0.9803009015025724
482,637,찰밥,무국(새우젓),오믈렛(두부),닭무침,0.9796134366419073
497,968,현미밥,고동국(올갱이국),오믈렛(두부),오징어포무침,0.9791414237097832
