,Unnamed: 0,밥,국,메인,서브,유사도
0,966,찰밥,당면국(양배추),두부찜,노가리채무침,0.9899294102156144
1,994,찰밥,당면국(양배추),파강회,북어채무침,0.9883789152788922
2,703,찰밥,고동국(올갱이국),계란후라이,홍어회무침,0.9875610093851359
3,864,찰밥,고동국(올갱이국),부추강회,해파리냉채,0.98734414026209
4,802,찰밥,고동국(올갱이국),달걀부침,오징어무채,0.9872877233758742
5,328,쌀밥,고동국(올갱이국),달걀부침(김말이),소라무침,0.9872037947469974
6,978,찰밥,당면국(양배추),계란후라이,굴무침,0.9871349416847106
7,181,쌀밥,김치무국,부추강회,오징어포무침,0.9868475903767009
8,744,찰밥,고동국(올갱이국),오믈렛,굴무생채,0.9868465307365988
9,758,찰밥,고동국(올갱이국),스크램블드에그,소라무침,0.9868336986179688
11,929,찰밥,게장국,계란후라이,닭무침,0.9866862005312164
12,691,찰밥,고동국(올갱이국),계란말이,꼬막무침,0.986635478832802
13,681,찰밥,고동국(올갱이국),순대,새우무침,0.9865721581415968
14,933,찰밥,당면국,두부찜,꼬막무침,0.9863545378563724
15,738,찰밥,고동국(올갱이국),오믈렛(두부),닭무침,0.9862981761708616
17,444,쌀밥,게장국,두부찜,닭무침,0.9860037171268038
18,190,쌀밥,김치무국,미나리강회,오징어포무침,0.9859003054352408
19,98,쌀밥,복국(복지리),부추강회,꼬막무침,0.9858609877687132
20,79,쌀밥,복국(복지리),파강회,피조개무침,0.9857364988587866
21,370,쌀밥,고동국(올갱이국),파강회,게맛살무침,0.9856419905616504
22,805,찰밥,고동국(올갱이국),잡채,대구포무침,0.985513808676252
23,116,쌀밥,복국(복지리),미나리강회,노가리채무침,0.985381907562916
24,456,쌀밥,게장국,스크램블드에그,닭무침,0.9853387949899051
28,49,쌀밥,복국(복지리),계란후라이,북어채무침,0.9852462718158532
29,504,쌀밥,무국(새우젓),부추잡채,새우무침,0.9852245914910882
30,816,찰밥,고동국(올갱이국),부추잡채,해파리냉채,0.9851679991296814
31,205,쌀밥,김치국(참치),두부찜,닭무침,0.9850836171001518
39,496,쌀밥,무국(새우젓),계란후라이,굴무침,0.984302400697539
40,207,쌀밥,김치국(참치),계란후라이,홍합무침,0.9842532837556436
41,251,쌀밥,고동국(올갱이국),두부찜,대구포무침,0.9842496253785242
42,123,쌀밥,김치무국,두부찜,대구포무침,0.984207430528022
44,984,찰밥,당면국(양배추),달걀부침,닭무침,0.9840527458171828
46,206,쌀밥,김치국(참치),계란말이,닭무침,0.9839903100088772
47,520,쌀밥,무국(새우젓),부추강회,꼬막무침,0.983909329671146
50,233,쌀밥,김치국(참치),부추강회,꼬막무침,0.9837980297039516
57,219,쌀밥,김치국(참치),달걀부침(김말이),닭무침,0.9830706796792249
58,428,쌀밥,고동국(올갱이국),미나리강회,굴무침,0.9829431161637344
67,603,찰밥,복국(복지리),부추잡채,새우무침,0.9825627759132992
72,136,쌀밥,김치무국,계란말이,닭무침,0.9824530951313218
76,953,찰밥,당면국,부추강회,꼬막무침,0.9822913742894922
83,226,쌀밥,김치국(참치),파강회,골뱅이무침,0.9821168985736436
85,582,찰밥,복국(복지리),오믈렛(두부),닭무침,0.9819739830957064
87,942,찰밥,당면국,계란후라이,골뱅이무침,0.9818698730655232
88,949,찰밥,당면국,파강회,골뱅이무침,0.9817899740583876
91,515,쌀밥,무국(새우젓),파강회,노가리채무침,0.9816525260627303
99,462,쌀밥,게장국,파강회,오징어포무침,0.9812457757769034
103,150,쌀밥,김치무국,계란후라이,오징어무채,0.9811693625590736
113,480,쌀밥,무국(새우젓),두부찜,굴무생채,0.98079312960698
116,23,쌀밥,복국(복지리),두부찜,굴무침,0.9807482401403956
121,320,쌀밥,고동국(올갱이국),달걀부침(야채),닭무침,0.9806787040271624
127,556,찰밥,복국(복지리),계란말이,새우무침,0.9805023361283012
128,585,찰밥,복국(복지리),오믈렛,닭무침,0.9805022152678132
133,472,쌀밥,게장국,미나리강회,꼬막무침,0.9803650419629149
139,68,쌀밥,복국(복지리),달걀부침,새우무침,0.9802042888262136
146,651,찰밥,김치무국,잡채,닭무침,0.9799859204624204
147,595,찰밥,복국(복지리),달걀부침(김말이),닭무침,0.9798866001410176
155,653,찰밥,고동국(올갱이국),달걀찜,꼬막무침,0.979670128477458
162,3,쌀밥,호박새우젓국,계란후라이,새우무침,0.979552700628708
165,172,쌀밥,김치무국,파강회,오징어포무침,0.9794547672121224
168,998,찰밥,당면국(양배추),부추강회,꼬막무침,0.9794002498103224
174,530,쌀밥,무국(새우젓),미나리강회,골뱅이무침,0.979269374013532
189,2,쌀밥,호박새우젓국,두부찜,닭무침,0.9789150627881552
196,643,찰밥,김치국(소시지),계란후라이,닭무침,0.9787372443053816
212,161,쌀밥,김치무국,달걀부침,꼬막무침,0.9784821206639438
214,60,쌀밥,복국(복지리),스크램블드에그,새우무침,0.9784348828093926
219,834,찰밥,고동국(올갱이국),짜장볶음,꼬막무침,0.9783782626117624
224,239,쌀밥,김치국(참치),미나리강회,꼬막무침,0.9782952266262446
262,469,쌀밥,게장국,부추강회,오징어포무침,0.9778350204381744
273,7,쌀밥,호박새우젓국,파강회,꼬막무침,0.9777021811206872
300,154,쌀밥,김치무국,스크램블드에그,새우무침,0.9773226457284072
317,220,쌀밥,김치국(참치),달걀부침,닭무침,0.9771428722196372
337,458,쌀밥,게장국,부추잡채,닭무침,0.9768991768919773
367,152,쌀밥,김치무국,오믈렛(두부),닭무침,0.9766142871820408
387,119,쌀밥,김치국(소시지),두부찜,닭무침,0.9763950981457172
412,72,쌀밥,복국(복지리),잡채,닭무침,0.9761611403993362
465,931,찰밥,게장국,달걀부침,닭무침,0.975624344210526
467,10,쌀밥,호박새우젓국,미나리강회,닭무침,0.9756171666392018
486,159,쌀밥,김치무국,달걀부침(김말이),닭무침,0.9754055585633952
