,Unnamed: 0,밥,국,메인,서브,유사도
0,995,현미밥,복국(복지리),달걀부침,닭무침,0.9984571115528248
2,871,찰밥,무국(새우젓),계란후라이,골뱅이무침,0.9980582297632096
3,720,찰밥,고동국(올갱이국),파강회,소라무침,0.9976316915676756
4,625,찰밥,고동국(올갱이국),스크램블드에그,피조개무침,0.997595279109853
6,890,찰밥,무국(새우젓),파강회,꼬막무침,0.9970181151050446
8,474,찰밥,김치무국,스크램블드에그,꼬막무침,0.9955018802466814
9,581,찰밥,고동국(올갱이국),계란후라이,멸치무침,0.9937417107203996
10,778,찰밥,고동국(올갱이국),미나리강회,낙지무침,0.993539490035189
11,350,찰밥,복국(복지리),계란후라이,대구포무침,0.9932903094089728
13,370,찰밥,복국(복지리),오믈렛,꼬막무침,0.9928164407726576
14,608,찰밥,고동국(올갱이국),오믈렛(두부),골뱅이무침,0.9924628215533634
15,451,찰밥,김치무국,두부찜,닭무침,0.992349853235413
16,561,찰밥,고동국(올갱이국),계란말이,홍합무침,0.9918148513337
18,941,현미밥,호박새우젓국,부추강회,닭무침,0.9904752789418044
19,910,찰밥,무국(새우젓),미나리강회,오징어포무침,0.99045834160738
20,174,쌀밥,김치국(참치),두부찜,오징어포무침,0.9902668253989584
22,755,찰밥,고동국(올갱이국),부추강회,문어무침,0.9900831054710054
25,791,찰밥,게장국,두부찜,골뱅이무침,0.9894042200703564
27,846,찰밥,당면국(양배추),미나리강회,새우무침,0.9891880474199506
28,947,현미밥,복국(복지리),두부찜,대구포무침,0.988941450407448
29,650,찰밥,고동국(올갱이국),달걀부침(김말이),대구포무침,0.9889092261918624
32,677,찰밥,고동국(올갱이국),달걀부침,닭무침,0.9884526848942506
33,929,찰밥,당면국(새우),부추강회,오징어포무침,0.9884274829119181
34,961,현미밥,복국(복지리),계란말이,새우무침,0.9883188129920958
35,235,쌀밥,게장국,계란후라이,새우무침,0.9882049020140168
37,927,찰밥,당면국(새우),파강회,닭무침,0.9879449355610224
38,935,현미밥,호박새우젓국,두부찜,꼬막무침,0.9878885516362396
40,877,찰밥,무국(새우젓),오믈렛,닭무침,0.9878420477057872
42,645,찰밥,고동국(올갱이국),달걀부침(야채),닭무침,0.9876931974373712
45,855,찰밥,무국(새우젓),두부찜,굴무생채,0.9876579663519608
46,477,찰밥,김치무국,달걀부침(김말이),닭무침,0.9876408276579952
47,54,쌀밥,복국(복지리),부추잡채,닭무침,0.9875671765041192
48,323,찰밥,두부계란탕,계란후라이,닭무침,0.9875132048610504
49,399,찰밥,복국(복지리),파강회,새우무침,0.9874004408041668
51,123,쌀밥,김치무국,계란후라이,북어채무침,0.9872305111253398
52,618,찰밥,고동국(올갱이국),오믈렛,굴무생채,0.9871563785972997
55,915,찰밥,당면국(새우),두부찜,꼬막무침,0.9870831191212346
56,480,찰밥,김치무국,달걀부침,닭무침,0.9869279273884708
58,839,찰밥,당면국(양배추),파강회,노가리채무침,0.9865656777979076
60,696,찰밥,고동국(올갱이국),부추잡채,소라무침,0.9864592017278256
61,423,찰밥,복국(복지리),부추강회,닭무침,0.9864099513699917
62,541,찰밥,고동국(올갱이국),두부찜,오징어포무침,0.9863816213242156
64,821,찰밥,게장국,미나리강회,새우무침,0.9861465277436025
79,881,찰밥,무국(새우젓),달걀부침(김말이),닭무침,0.9856303900620814
80,988,현미밥,복국(복지리),스크램블드에그,오징어포무침,0.9856193157791696
85,709,찰밥,고동국(올갱이국),짜장볶음,오징어포무침,0.985447051724794
87,883,찰밥,무국(새우젓),달걀부침,닭무침,0.9852744388770536
90,880,찰밥,무국(새우젓),스크램블드에그,닭무침,0.9852206643770546
92,876,찰밥,무국(새우젓),오믈렛(두부),닭무침,0.9851468167600296
95,424,찰밥,복국(복지리),미나리강회,홍합무침,0.9851201176588468
100,842,찰밥,당면국(양배추),부추강회,새우무침,0.98487778628971
104,831,찰밥,당면국(양배추),부추잡채,닭무침,0.984691797937814
106,863,찰밥,무국(새우젓),계란말이,닭무침,0.9845088496503748
110,300,쌀밥,무국(새우젓),부추강회,꼬막무침,0.984246986608326
112,108,쌀밥,김치무국,계란말이,새우무침,0.9842112495697468
114,812,찰밥,게장국,파강회,새우무침,0.9841775241577929
118,884,찰밥,무국(새우젓),부추잡채,새우무침,0.9841342894177444
127,180,쌀밥,김치국(참치),계란말이,닭무침,0.9836962493090872
132,320,찰밥,호박새우젓국,파강회,새우무침,0.983481134917451
136,482,찰밥,김치무국,부추잡채,새우무침,0.9834615550481742
138,489,찰밥,김치무국,부추강회,골뱅이무침,0.9833611524141848
145,494,찰밥,김치무국,미나리강회,새우무침,0.9831289696897414
151,933,찰밥,당면국(새우),미나리강회,닭무침,0.982928565995443
158,204,쌀밥,김치국(참치),파강회,닭무침,0.9827196558624526
161,318,찰밥,호박새우젓국,계란후라이,꼬막무침,0.9826336395531294
166,680,찰밥,고동국(올갱이국),잡채,새우무침,0.9824663526744828
167,991,현미밥,복국(복지리),달걀부침(김말이),꼬막무침,0.98245569065403
177,471,찰밥,김치무국,오믈렛(두부),닭무침,0.9821117200883708
185,150,쌀밥,김치무국,파강회,북어채무침,0.9818895750830144
187,185,쌀밥,김치국(참치),계란후라이,굴무생채,0.9817698934316502
194,819,찰밥,게장국,부추강회,오징어포무침,0.9816360636679616
198,523,찰밥,김치국(참치),부추강회,북어채무침,0.9814465987462972
202,829,찰밥,당면국(양배추),계란후라이,꼬막무침,0.9812311984514152
207,825,찰밥,당면국,파강회,꼬막무침,0.981083597153085
209,10,쌀밥,호박새우젓국,미나리강회,닭무침,0.9810470783742892
210,368,찰밥,복국(복지리),오믈렛(두부),닭무침,0.9810448740745656
267,194,쌀밥,김치국(참치),달걀부침,닭무침,0.9793992950087248
271,556,찰밥,고동국(올갱이국),순대,꼬막무침,0.9792765098090452
276,996,현미밥,복국(복지리),잡채,닭무침,0.9789705514551432
298,830,찰밥,당면국(양배추),달걀부침(김말이),닭무침,0.9782389205196764
340,918,찰밥,당면국(새우),부추잡채,닭무침,0.9770579364443016
366,917,찰밥,당면국(새우),달걀부침(김말이),닭무침,0.9764398943727364
399,437,찰밥,김치국(소시지),계란후라이,닭무침,0.9756639124528292
419,245,쌀밥,게장국,부추잡채,닭무침,0.975086622255574
441,195,쌀밥,김치국(참치),부추잡채,닭무침,0.9744892298419432
455,216,쌀밥,김치국(참치),미나리강회,닭무침,0.974256088378284
