,Unnamed: 0,밥,국,메인,서브,유사도
0,891,찰밥,당면국(양배추),미나리강회,홍합무침,0.9981389301172536
1,935,찰밥,무국(새우젓),파강회,홍합무침,0.9953896586593429
2,759,찰밥,고동국(올갱이국),파강회,오징어무침(어묵),0.9931779728924556
3,786,찰밥,고동국(올갱이국),부추강회,닭무침,0.9927088800855132
4,908,찰밥,무국(새우젓),두부찜,북어채무침,0.992236298469274
5,442,찰밥,복국(복지리),부추잡채,꼬막무침,0.9901671747184146
6,463,찰밥,복국(복지리),파강회,닭무침,0.9886191468975198
7,565,찰밥,고동국(올갱이국),두부찜,쥐포무침,0.9880938344653428
9,393,찰밥,복국(복지리),두부찜,닭무침,0.9875960155787544
11,134,쌀밥,김치무국,계란후라이,꼬막무침,0.9874594730009978
12,713,찰밥,고동국(올갱이국),잡채,닭무침,0.9874069575741764
13,832,찰밥,게장국,스크램블드에그,닭무침,0.987285448094152
16,421,찰밥,복국(복지리),오믈렛,새우무침,0.9869591865037088
18,337,쌀밥,무국(새우젓),부추잡채,꼬막무침,0.9865469021055616
20,867,찰밥,당면국(양배추),계란후라이,오징어포무침,0.9862901979042924
21,681,찰밥,고동국(올갱이국),달걀부침(김말이),골뱅이무침,0.9862715591607792
22,44,쌀밥,복국(복지리),계란후라이,꼴뚜기무침,0.9861288231425198
23,503,찰밥,김치무국,계란말이,닭무침,0.9859575769985678
24,157,쌀밥,김치무국,부추잡채,닭무침,0.9858999554969512
25,840,찰밥,게장국,부추강회,새우무침,0.9858500408460744
28,847,찰밥,게장국,미나리강회,닭무침,0.98574709302354
29,496,찰밥,김치무국,두부찜,오징어포무침,0.9857244544894284
31,325,쌀밥,무국(새우젓),계란후라이,굴무생채,0.9855605063736064
32,968,찰밥,당면국(새우),계란말이,닭무침,0.9854718782028355
33,366,찰밥,호박새우젓국,두부찜,새우무침,0.9854505768567916
42,606,찰밥,고동국(올갱이국),계란후라이,멸치무침,0.9846898012541726
44,226,쌀밥,김치국(참치),부추강회,오징어포무침,0.9845457328964196
45,88,쌀밥,복국(복지리),부추강회,대구포무침,0.9845233970261552
52,811,찰밥,고동국(올갱이국),미나리강회,닭무침,0.9840313608887185
54,636,찰밥,고동국(올갱이국),오믈렛(두부),북어채무침,0.9836794505653399
58,831,찰밥,게장국,계란후라이,닭무침,0.9833561664044088
61,950,찰밥,무국(새우젓),부추강회,오징어포무침,0.9832570033613064
63,188,쌀밥,김치국(참치),두부찜,홍합무침,0.9832045347564184
64,270,쌀밥,게장국,두부찜,꼬막무침,0.9830441816361069
65,144,쌀밥,김치무국,오믈렛(두부),닭무침,0.9830402065314344
66,955,찰밥,무국(새우젓),미나리강회,홍합무침,0.9830143587524612
67,292,쌀밥,게장국,파강회,새우무침,0.9830110344575032
68,169,쌀밥,김치무국,파강회,닭무침,0.9829151789193916
72,658,찰밥,고동국(올갱이국),스크램블드에그,굴무생채,0.9827991375862836
76,148,쌀밥,김치무국,스크램블드에그,닭무침,0.9824759197213452
77,183,쌀밥,김치무국,미나리강회,골뱅이무침,0.9823787709342764
81,476,찰밥,복국(복지리),미나리강회,홍합무침,0.9822387907874194
83,687,찰밥,고동국(올갱이국),달걀부침,피조개무침,0.9821671309016208
87,589,찰밥,고동국(올갱이국),계란말이,새우무침,0.9818442784939916
88,171,쌀밥,김치무국,부추강회,새우무침,0.9817990121788516
89,396,찰밥,복국(복지리),계란말이,오징어포무침,0.9817772794249896
90,154,쌀밥,김치무국,달걀부침,닭무침,0.9817010334811801
92,10,쌀밥,호박새우젓국,미나리강회,닭무침,0.9816118706781886
93,988,찰밥,당면국(새우),부추강회,오징어포무침,0.9815362872664708
95,207,쌀밥,김치국(참치),계란후라이,노가리채무침,0.9815004158862768
97,211,쌀밥,김치국(참치),달걀부침(김말이),닭무침,0.9814255444721736
99,993,찰밥,당면국(새우),미나리강회,꼬막무침,0.9813259843401668
101,219,쌀밥,김치국(참치),파강회,굴무침,0.9813003493062074
120,419,찰밥,복국(복지리),오믈렛(두부),꼬막무침,0.9806162103224376
128,145,쌀밥,김치무국,오믈렛,닭무침,0.9802690155147906
147,967,찰밥,당면국(새우),두부찜,닭무침,0.9797349075126248
148,523,찰밥,김치무국,달걀부침(김말이),새우무침,0.9797145484328984
151,3,쌀밥,호박새우젓국,계란후라이,새우무침,0.9796749513833972
152,911,찰밥,무국(새우젓),계란말이,닭무침,0.9796715043383598
157,875,찰밥,당면국(양배추),파강회,대구포무침,0.9795134616958958
164,858,찰밥,당면국(양배추),두부찜,굴무생채,0.9792936768316906
165,489,찰밥,김치국(소시지),계란후라이,닭무침,0.9792788948403548
189,111,쌀밥,김치국(소시지),두부찜,닭무침,0.9784829985654492
196,63,쌀밥,복국(복지리),달걀부침,오징어포무침,0.9782402086169149
201,213,쌀밥,김치국(참치),부추잡채,닭무침,0.9780841686506122
210,233,쌀밥,김치국(참치),미나리강회,북어채무침,0.9778570120111568
223,9,쌀밥,호박새우젓국,부추강회,닭무침,0.9776091624387092
228,724,찰밥,고동국(올갱이국),부추잡채,골뱅이무침,0.9774963556749175
234,58,쌀밥,복국(복지리),달걀부침(김말이),꼬막무침,0.9772195606426112
253,424,찰밥,복국(복지리),스크램블드에그,홍합무침,0.9768917200551784
259,871,찰밥,당면국(양배추),달걀부침(김말이),닭무침,0.9766993721351052
268,6,쌀밥,호박새우젓국,파강회,새우무침,0.9766210196394858
278,833,찰밥,게장국,달걀부침(김말이),닭무침,0.9763278978133164
295,553,찰밥,고동국(올갱이국),달걀찜,닭무침,0.9761353401304034
297,289,쌀밥,게장국,달걀부침,닭무침,0.9761086795075732
298,290,쌀밥,게장국,부추잡채,닭무침,0.9761086795075732
307,647,찰밥,고동국(올갱이국),오믈렛,노가리채무침,0.9760092099576262
309,975,찰밥,당면국(새우),부추잡채,닭무침,0.9759943405394916
334,333,쌀밥,무국(새우젓),스크램블드에그,닭무침,0.9756254148778998
340,888,찰밥,당면국(양배추),부추강회,골뱅이무침,0.9755467206426296
350,925,찰밥,무국(새우젓),오믈렛,닭무침,0.9753853737900448
353,732,찰밥,고동국(올갱이국),짜장볶음,새우무침,0.9752486862427208
354,852,찰밥,당면국,파강회,닭무침,0.9752209066326047
356,979,찰밥,당면국(새우),파강회,오징어포무침,0.9751809521408756
364,582,찰밥,고동국(올갱이국),순대,오징어포무침,0.9749694941980168
402,438,찰밥,복국(복지리),잡채,꼬막무침,0.974171408898272
417,670,찰밥,고동국(올갱이국),달걀부침(야채),닭무침,0.9740650748412704
485,212,쌀밥,김치국(참치),달걀부침,닭무침,0.9722279112833038
