,Unnamed: 0,밥,국,메인,서브,유사도
0,207,찰밥,김치무국,부추강회,오징어포무침,0.99404404296047
1,39,찰밥,복국(복지리),두부찜,오징어포무침,0.993787271891885
2,757,현미밥,고동국(올갱이국),파강회,홍합무침,0.9936118923201208
4,663,현미밥,김치국(참치),두부찜,새우무침,0.9931519557436038
5,891,현미밥,무국(새우젓),부추강회,꼬막무침,0.9931289816283481
6,71,찰밥,복국(복지리),계란후라이,닭무침,0.992852972881621
7,422,찰밥,무국(새우젓),두부찜,굴무생채,0.9927737768988498
8,797,현미밥,고동국(올갱이국),미나리강회,홍어회무침,0.992592846259038
10,731,현미밥,고동국(올갱이국),달걀부침(야채),새우무침,0.9923628082112768
11,99,찰밥,복국(복지리),부추잡채,닭무침,0.9922937343338164
12,434,찰밥,무국(새우젓),계란후라이,꼬막무침,0.9919249160012314
13,387,찰밥,게장국,계란후라이,홍합무침,0.9915890517107301
15,880,현미밥,무국(새우젓),파강회,새우무침,0.991325191249516
16,168,찰밥,김치무국,계란후라이,소라무침,0.9913211511801516
17,535,현미밥,복국(복지리),오믈렛,닭무침,0.991128654404006
19,282,찰밥,고동국(올갱이국),두부찜,닭무침,0.9909170818061328
20,124,찰밥,복국(복지리),부추강회,오징어포무침,0.9907018352881588
21,925,콩밥(대두),김치무국,파강회,굴무침,0.9906793358885329
22,191,찰밥,김치무국,부추잡채,닭무침,0.9905650864835543
23,180,찰밥,김치무국,스크램블드에그,꼬막무침,0.9903127243014488
27,216,찰밥,김치무국,미나리강회,오징어포무침,0.9898905225674748
30,243,찰밥,김치국(참치),계란후라이,북어채무침,0.989674664433574
32,621,현미밥,김치무국,오믈렛,닭무침,0.9894455468332
33,911,조밥,김치국(참치),파강회,오징어포무침,0.9892993964729816
35,779,현미밥,고동국(올갱이국),부추강회,게맛살무침,0.9892865372286928
36,377,찰밥,게장국,두부찜,홍합무침,0.9891962415773864
37,130,찰밥,복국(복지리),미나리강회,홍합무침,0.9891676755548604
38,902,현미밥,무국(새우젓),미나리강회,닭무침,0.9891481273710072
41,146,찰밥,김치무국,두부찜,대구포무침,0.9887755558781974
42,405,찰밥,게장국,파강회,골뱅이무침,0.988716476963729
44,843,현미밥,게장국,부추강회,꼬막무침,0.9886264486358748
45,557,현미밥,복국(복지리),파강회,꼬막무침,0.9886186496737314
48,685,현미밥,김치국(참치),부추잡채,닭무침,0.9885641958615494
51,299,찰밥,고동국(올갱이국),달걀부침(김말이),꼬막무침,0.9883714921274906
54,263,찰밥,김치국(참치),부추강회,북어채무침,0.9883115938929112
55,81,찰밥,복국(복지리),스크램블드에그,오징어포무침,0.9881763479751778
62,746,현미밥,고동국(올갱이국),부추잡채,대구포무침,0.9879700283391646
64,938,콩밥(대두),김치국(참치),미나리강회,닭무침,0.9878828213125612
66,683,현미밥,김치국(참치),달걀부침(김말이),닭무침,0.9877562980302064
116,727,현미밥,고동국(올갱이국),계란후라이,닭무침,0.9861326844829096
122,89,찰밥,복국(복지리),달걀부침,꼬막무침,0.9860506186806745
134,626,현미밥,김치무국,달걀부침(김말이),닭무침,0.9857590440439408
151,272,찰밥,고동국(올갱이국),달걀찜,꼬막무침,0.9855741873875998
155,961,완두콩밥,호박새우젓국,미나리강회,닭무침,0.9854675074127972
160,444,찰밥,무국(새우젓),오믈렛,닭무침,0.985360267732764
167,18,찰밥,호박새우젓국,두부찜,새우무침,0.9852548421355842
171,542,현미밥,복국(복지리),달걀부침(김말이),닭무침,0.9851650647382504
189,26,찰밥,호박새우젓국,파강회,닭무침,0.9847518562241424
199,512,현미밥,복국(복지리),계란말이,꼬막무침,0.9845373307255538
200,962,완두콩밥,두부계란탕,계란후라이,닭무침,0.984506574585896
201,160,찰밥,김치무국,계란말이,닭무침,0.9844912310485018
208,450,찰밥,무국(새우젓),달걀부침,닭무침,0.9843812000118196
213,21,찰밥,호박새우젓국,계란후라이,새우무침,0.9843029326228884
224,846,현미밥,게장국,미나리강회,꼬막무침,0.9840213522840862
236,429,찰밥,무국(새우젓),계란말이,꼬막무침,0.983899110669562
248,443,찰밥,무국(새우젓),오믈렛(두부),닭무침,0.9837370420469124
258,398,찰밥,게장국,달걀부침(김말이),닭무침,0.9835659796596748
261,304,찰밥,고동국(올갱이국),달걀부침,꼬막무침,0.983445474260212
325,533,현미밥,복국(복지리),오믈렛(두부),닭무침,0.9823645108178628
330,832,현미밥,게장국,스크램블드에그,닭무침,0.9822387746272564
331,93,찰밥,복국(복지리),잡채,닭무침,0.9821955054612538
332,187,찰밥,김치무국,달걀부침,닭무침,0.9821734880666859
352,233,찰밥,김치국(참치),계란말이,닭무침,0.981704575967764
382,720,현미밥,고동국(올갱이국),계란말이,닭무침,0.9811529722683224
418,27,찰밥,호박새우젓국,부추강회,닭무침,0.9806692712421852
435,142,찰밥,김치국(소시지),두부찜,닭무침,0.9803990037770832
461,143,찰밥,김치국(소시지),계란후라이,닭무침,0.9799089896991158
481,245,찰밥,김치국(참치),스크램블드에그,닭무침,0.9793985635837468
