,Unnamed: 0,밥,국,메인,서브,유사도
0,729,찰밥,무국(새우젓),계란말이,닭무침,0.9985794689567704
1,974,현미밥,김치국(참치),계란후라이,골뱅이무침,0.9983785053758012
2,939,현미밥,김치무국,파강회,굴무침,0.9978159657454809
3,622,찰밥,고동국(올갱이국),파강회,닭무침,0.9976421047125654
4,457,찰밥,고동국(올갱이국),계란말이,게맛살무침,0.9973319846325536
5,951,현미밥,김치무국,미나리강회,새우무침,0.9972487048641774
7,748,찰밥,무국(새우젓),달걀부침,꼬막무침,0.9961914020288586
8,783,현미밥,호박새우젓국,두부찜,꼬막무침,0.9960236431807116
9,904,현미밥,김치무국,계란말이,새우무침,0.9938648374635602
10,256,찰밥,복국(복지리),부추잡채,오징어포무침,0.9937542708248124
11,58,쌀밥,김치무국,달걀부침(김말이),닭무침,0.9935020517575892
12,853,현미밥,복국(복지리),파강회,홍합무침,0.9933016948991316
13,252,찰밥,복국(복지리),잡채,닭무침,0.9932672770019052
14,64,쌀밥,김치무국,부추잡채,닭무침,0.99301863414012
15,755,찰밥,무국(새우젓),파강회,새우무침,0.9928920303655948
16,998,현미밥,고동국(올갱이국),달걀찜,닭무침,0.9928336571815548
19,495,찰밥,고동국(올갱이국),계란후라이,사태초무침,0.9925271491297744
20,894,현미밥,김치무국,두부찜,새우무침,0.9923395113340784
22,826,현미밥,복국(복지리),계란후라이,노가리채무침,0.9920988677175764
23,131,쌀밥,김치국(참치),부추강회,새우무침,0.9920193449333712
24,507,찰밥,고동국(올갱이국),오믈렛,대구포무침,0.9916754689728606
27,984,현미밥,김치국(참치),파강회,노가리채무침,0.9910686872825998
28,210,찰밥,복국(복지리),계란말이,닭무침,0.991047675442763
29,711,찰밥,게장국,미나리강회,꼬막무침,0.9909536022553104
31,434,찰밥,고동국(올갱이국),두부찜,굴무생채,0.9907092163763184
32,365,찰밥,김치무국,부추강회,골뱅이무침,0.9906834486455832
33,344,찰밥,김치무국,달걀부침,새우무침,0.9906547629628419
35,160,쌀밥,게장국,부추강회,꼬막무침,0.9904257931506256
36,237,찰밥,복국(복지리),스크램블드에그,홍합무침,0.9902888151613966
43,806,현미밥,복국(복지리),두부찜,북어채무침,0.9894969693047776
44,302,찰밥,김치국(소시지),계란후라이,닭무침,0.989395599163106
46,704,찰밥,게장국,파강회,북어채무침,0.9891758511216922
49,876,현미밥,복국(복지리),부추강회,노가리채무침,0.9890167643698746
51,724,찰밥,무국(새우젓),두부찜,굴무침,0.9889957579254331
55,187,찰밥,호박새우젓국,미나리강회,닭무침,0.9885947502204108
61,636,찰밥,고동국(올갱이국),부추강회,오징어포무침,0.9883383876064072
63,778,찰밥,무국(새우젓),미나리강회,노가리채무침,0.9882902596862146
65,964,현미밥,김치국(참치),두부찜,굴무침,0.9881792427275614
69,322,찰밥,김치무국,계란후라이,홍합무침,0.9880427557265667
77,841,현미밥,복국(복지리),달걀부침(김말이),꼬막무침,0.987703095043014
84,6,쌀밥,호박새우젓국,파강회,닭무침,0.987445826770344
85,144,쌀밥,게장국,두부찜,닭무침,0.9873700169543674
89,186,찰밥,호박새우젓국,부추강회,닭무침,0.9872930425938284
92,880,현미밥,복국(복지리),미나리강회,대구포무침,0.9872614236807048
93,532,찰밥,고동국(올갱이국),스크램블드에그,오징어무채,0.9872423365447388
94,582,찰밥,고동국(올갱이국),부추잡채,새우무침,0.9872155701219116
96,452,찰밥,고동국(올갱이국),순대,오징어포무침,0.9870608780760288
101,657,찰밥,고동국(올갱이국),미나리강회,꼬막무침,0.9869262490432592
122,147,쌀밥,게장국,계란후라이,닭무침,0.9862374748845066
124,573,찰밥,고동국(올갱이국),잡채,굴무생채,0.9862307159588052
132,546,찰밥,고동국(올갱이국),달걀부침(김말이),소라무침,0.9860363652038892
144,404,찰밥,김치국(참치),달걀부침,닭무침,0.9857622895771992
150,555,찰밥,고동국(올갱이국),달걀부침,피조개무침,0.9856634704887736
152,402,찰밥,김치국(참치),스크램블드에그,닭무침,0.9856507346925272
163,105,쌀밥,김치국(참치),계란말이,닭무침,0.9853859243907608
171,786,현미밥,호박새우젓국,계란후라이,꼬막무침,0.9852997476439472
182,833,현미밥,복국(복지리),오믈렛(두부),닭무침,0.9850384085527644
183,715,찰밥,당면국(양배추),파강회,닭무침,0.9850364409721196
195,733,찰밥,무국(새우젓),계란후라이,꼬막무침,0.9847902113325672
232,501,찰밥,고동국(올갱이국),오믈렛(두부),골뱅이무침,0.9839916756621706
260,420,찰밥,김치국(참치),미나리강회,닭무침,0.9835120714081144
269,743,찰밥,무국(새우젓),오믈렛,닭무침,0.9833454288865444
279,336,찰밥,김치무국,오믈렛(두부),닭무침,0.9830993693426634
281,771,찰밥,무국(새우젓),부추강회,북어채무침,0.983062269838338
289,595,찰밥,고동국(올갱이국),짜장볶음,꼬막무침,0.9828534519020536
294,301,찰밥,김치국(소시지),두부찜,닭무침,0.9827362516765228
317,751,찰밥,무국(새우젓),부추잡채,꼬막무침,0.9822615634061438
324,403,찰밥,김치국(참치),달걀부침(김말이),닭무침,0.9821186419903792
329,148,쌀밥,게장국,스크램블드에그,닭무침,0.982076276646664
363,248,찰밥,복국(복지리),달걀부침,꼬막무침,0.9813116145824884
378,53,쌀밥,김치무국,스크램블드에그,새우무침,0.9811055020527804
383,337,찰밥,김치무국,오믈렛,닭무침,0.9809019758615952
388,697,찰밥,게장국,부추잡채,닭무침,0.9808421482554386
398,236,찰밥,복국(복지리),오믈렛,닭무침,0.98074085353053
401,347,찰밥,김치무국,잡채,닭무침,0.9807197967334552
406,982,현미밥,김치국(참치),부추잡채,닭무침,0.9806525958331888
444,747,찰밥,무국(새우젓),달걀부침(김말이),닭무침,0.9799903092955408
459,536,찰밥,고동국(올갱이국),달걀부침(야채),새우무침,0.979649555991854
491,695,찰밥,게장국,달걀부침(김말이),닭무침,0.978930513112275
