,Unnamed: 0,밥,국,메인,서브,유사도
0,676,조밥,당면국(새우),미나리강회,꼬막무침,0.9941249120887329
1,261,쌀밥,당면국(양배추),파강회,굴무침,0.9936632891613704
2,560,조밥,당면국,두부찜,골뱅이무침,0.9936080411406784
5,281,쌀밥,당면국(새우),두부찜,오징어포무침,0.993306970370854
6,101,쌀밥,고동국(올갱이국),스크램블드에그,오징어포무침,0.9932829483804586
7,594,조밥,당면국(양배추),두부찜,북어채무침,0.9932629508138404
8,139,쌀밥,고동국(올갱이국),잡채,홍합무침,0.9932389287196312
9,579,조밥,당면국,부추강회,새우무침,0.9932247951535688
11,374,조밥,고동국(올갱이국),두부찜,굴무생채,0.9926398764125914
12,446,조밥,고동국(올갱이국),오믈렛,굴무생채,0.9926057779390396
13,682,콩밥(대두),복국(복지리),계란후라이,오징어무침(파),0.9923126822857098
14,297,쌀밥,당면국(새우),계란후라이,닭무침,0.9922427605876508
16,634,조밥,당면국(양배추),미나리강회,닭무침,0.992198301950174
17,267,쌀밥,당면국(양배추),부추강회,꼬막무침,0.9921931090332092
18,519,조밥,고동국(올갱이국),부추잡채,북어채무침,0.9920509114230952
23,115,쌀밥,고동국(올갱이국),달걀부침(김말이),소라무침,0.9914851141459488
24,330,찰밥,당면국,계란후라이,홍합무침,0.9913373248126548
29,429,조밥,고동국(올갱이국),오믈렛(두부),홍합무침,0.9907767146877758
30,312,쌀밥,당면국(새우),부추강회,새우무침,0.9907064455493076
33,126,쌀밥,고동국(올갱이국),달걀부침,게맛살무침,0.9900450089155112
34,422,조밥,고동국(올갱이국),계란후라이,북어채무침,0.9898833909966552
35,599,조밥,당면국(양배추),계란후라이,새우무침,0.989760439398594
37,218,쌀밥,당면국,파강회,골뱅이무침,0.98952135059724
38,339,찰밥,당면국,미나리강회,새우무침,0.98909649761576
44,287,쌀밥,당면국(새우),계란말이,닭무침,0.9871846925691412
45,400,조밥,고동국(올갱이국),계란말이,굴무침,0.9869960341095354
47,861,콩밥(대두),고동국(올갱이국),미나리강회,노가리채무침,0.9861937771972692
53,596,조밥,당면국(양배추),계란말이,닭무침,0.9839172305663432
54,965,콩밥(대두),당면국(새우),스크램블드에그,닭무침,0.9838162489691222
59,527,조밥,고동국(올갱이국),파강회,오징어무침,0.98311473611457
71,540,조밥,고동국(올갱이국),부추강회,오징어무침,0.9808164906566862
82,660,조밥,당면국(새우),파강회,홍합무침,0.9781760881418952
86,988,팥밥,복국(복지리),두부찜,오징어무침(파),0.9776487357697484
102,524,조밥,고동국(올갱이국),짜장볶음,꼬막무침,0.9753836414243996
113,658,조밥,당면국(새우),달걀부침,닭무침,0.9745341499003536
127,706,콩밥(대두),고동국(올갱이국),순대,닭무침,0.9739071180858956
143,251,쌀밥,당면국(양배추),스크램블드에그,닭무침,0.973156053156224
191,921,콩밥(대두),당면국(양배추),달걀부침,닭무침,0.9706672883918476
210,920,콩밥(대두),당면국(양배추),달걀부침(김말이),닭무침,0.9699398975937236
218,993,팥밥,고동국(올갱이국),달걀찜,새우무침,0.9694977605308056
312,991,팥밥,복국(복지리),오믈렛(두부),새우무침,0.9665476499270568
371,992,팥밥,복국(복지리),잡채,닭무침,0.9647415055828418
375,468,조밥,고동국(올갱이국),달걀부침(야채),새우무침,0.9646412135364784
387,680,콩밥(대두),두부계란탕,계란후라이,닭무침,0.9642771088545766
467,922,콩밥(대두),당면국(양배추),부추잡채,닭무침,0.962775129942986
491,299,쌀밥,당면국(새우),달걀부침(김말이),닭무침,0.9622723287906682
