,Unnamed: 0,밥,국,메인,서브,유사도
0,597,쌀밥,무국(새우젓),계란후라이,대구포무침,0.9960073058904724
1,450,쌀밥,고동국(올갱이국),미나리강회,소라무침,0.995990979914616
3,306,쌀밥,고동국(올갱이국),스크램블드에그,피조개무침,0.9956972988626676
4,217,쌀밥,고동국(올갱이국),두부찜,멸치무침,0.9956968926367088
5,650,쌀밥,당면국(새우),두부찜,북어채무침,0.9956802033826586
6,785,찰밥,고동국(올갱이국),부추잡채,홍합무침,0.9955954202649722
7,842,찰밥,당면국(양배추),계란후라이,대구포무침,0.9950578015758508
8,685,쌀밥,당면국(새우),미나리강회,오징어포무침,0.994627414582384
9,612,쌀밥,무국(새우젓),부추잡채,새우무침,0.9946197559294542
10,654,쌀밥,당면국(새우),계란후라이,대구포무침,0.994397199140484
11,250,쌀밥,고동국(올갱이국),계란말이,골뱅이무침,0.9939148130695926
12,761,찰밥,고동국(올갱이국),달걀부침(김말이),소라무침,0.9937219407522077
13,762,찰밥,고동국(올갱이국),달걀부침,피조개무침,0.9935561833026628
14,506,쌀밥,당면국,두부찜,꼬막무침,0.993481765673224
15,641,쌀밥,무국(새우젓),미나리강회,닭무침,0.9932428126480604
16,964,현미밥,고동국(올갱이국),오믈렛(두부),닭무침,0.9931630961947904
17,719,찰밥,고동국(올갱이국),계란후라이,북어채무침,0.9931045681243268
20,493,쌀밥,게장국,파강회,노가리채무침,0.992007273382505
21,774,찰밥,고동국(올갱이국),잡채,대구포무침,0.9915286676724258
22,586,쌀밥,무국(새우젓),두부찜,꼬막무침,0.9914758563135252
24,663,쌀밥,당면국(새우),스크램블드에그,닭무침,0.9896193559984252
25,905,찰밥,당면국(새우),부추잡채,닭무침,0.9893778869404384
26,532,쌀밥,당면국,미나리강회,닭무침,0.9892082490919546
28,628,쌀밥,무국(새우젓),부추강회,꼬막무침,0.9831208468871712
31,387,쌀밥,고동국(올갱이국),짜장볶음,꼬막무침,0.9799904714447374
34,435,쌀밥,고동국(올갱이국),부추강회,북어채무침,0.9780909249925248
36,526,쌀밥,당면국,파강회,닭무침,0.9775148903183044
37,115,쌀밥,복국(복지리),미나리강회,노가리채무침,0.9772968205891236
38,322,쌀밥,고동국(올갱이국),달걀부침(야채),새우무침,0.9772679211632542
41,401,쌀밥,고동국(올갱이국),파강회,쥐포무침,0.9769837770947188
42,159,쌀밥,김치무국,달걀부침,새우무침,0.9768821535997756
43,92,쌀밥,복국(복지리),파강회,오징어무채,0.9768022650614606
45,910,찰밥,당면국(새우),파강회,골뱅이무침,0.9766763637592194
47,537,쌀밥,당면국(양배추),두부찜,굴무생채,0.9766354682885656
49,136,쌀밥,김치무국,계란후라이,피조개무침,0.9764171880244856
53,52,쌀밥,복국(복지리),계란후라이,닭무침,0.9759463475304816
56,825,찰밥,당면국,부추강회,닭무침,0.9757721338389156
58,581,쌀밥,당면국(양배추),미나리강회,북어채무침,0.9756436567485671
59,480,쌀밥,게장국,계란후라이,오징어포무침,0.9754919479743076
71,130,쌀밥,김치무국,두부찜,노가리채무침,0.9740846919877404
74,680,쌀밥,당면국(새우),부추강회,북어채무침,0.9737310923819308
79,298,쌀밥,고동국(올갱이국),오믈렛,소라무침,0.9733709067757268
84,624,쌀밥,무국(새우젓),파강회,북어채무침,0.9731303376494738
90,60,쌀밥,복국(복지리),스크램블드에그,꼬막무침,0.9725899143820774
95,867,찰밥,당면국(양배추),부추강회,홍합무침,0.9723034395032156
100,503,쌀밥,게장국,미나리강회,닭무침,0.9719460498400929
108,561,쌀밥,당면국(양배추),파강회,홍합무침,0.9712345937062822
117,595,쌀밥,무국(새우젓),계란말이,닭무침,0.970968383745381
120,75,쌀밥,복국(복지리),부추잡채,오징어포무침,0.9708906831226424
121,157,쌀밥,김치무국,달걀부침(김말이),꼬막무침,0.9708804523154762
122,70,쌀밥,복국(복지리),달걀부침,닭무침,0.9708778868954772
124,499,쌀밥,게장국,부추강회,닭무침,0.9708213002845456
132,474,쌀밥,게장국,두부찜,닭무침,0.9704178446997338
138,25,쌀밥,복국(복지리),두부찜,오징어무채,0.9700690172532004
141,699,찰밥,고동국(올갱이국),순대,오징어포무침,0.9698680624966352
143,611,쌀밥,무국(새우젓),달걀부침,닭무침,0.9698180570917772
146,185,쌀밥,김치국(참치),두부찜,굴무침,0.9696784385702142
148,209,쌀밥,고동국(올갱이국),달걀찜,꼬막무침,0.9695274903039709
153,2,쌀밥,호박새우젓국,두부찜,닭무침,0.9693359813043412
158,164,쌀밥,김치무국,파강회,홍합무침,0.9692487692960088
170,179,쌀밥,김치무국,미나리강회,북어채무침,0.9689458631293212
175,813,찰밥,당면국,계란후라이,노가리채무침,0.9687789919316908
179,64,쌀밥,복국(복지리),달걀부침(김말이),꼬막무침,0.9685848370426986
190,891,찰밥,당면국(새우),계란말이,닭무침,0.968381541910078
191,102,쌀밥,복국(복지리),부추강회,굴무침,0.9683679820173674
194,171,쌀밥,김치무국,부추강회,노가리채무침,0.9682479030137762
202,855,찰밥,당면국(양배추),달걀부침,닭무침,0.968164775592142
206,5,쌀밥,호박새우젓국,계란후라이,닭무침,0.9680620613682971
230,201,쌀밥,김치국(참치),달걀부침,닭무침,0.9675393363853004
234,71,쌀밥,복국(복지리),잡채,닭무침,0.9674544099033674
239,191,쌀밥,김치국(참치),계란후라이,대구포무침,0.9674295169450972
240,152,쌀밥,김치무국,오믈렛,닭무침,0.9673561599694224
246,8,쌀밥,호박새우젓국,부추강회,닭무침,0.9671313483798204
259,204,쌀밥,김치국(참치),부추강회,북어채무침,0.9668270224603126
260,840,찰밥,당면국(양배추),계란말이,닭무침,0.9668064991001362
264,189,쌀밥,김치국(참치),계란말이,닭무침,0.9666949233679852
265,57,쌀밥,복국(복지리),오믈렛,꼬막무침,0.9666816030213476
266,486,쌀밥,게장국,스크램블드에그,닭무침,0.9666743642259829
282,54,쌀밥,복국(복지리),오믈렛(두부),꼬막무침,0.9663263377868656
298,151,쌀밥,김치무국,오믈렛(두부),닭무침,0.9660525449623896
315,162,쌀밥,김치무국,부추잡채,새우무침,0.9658524557332394
360,206,쌀밥,김치국(참치),미나리강회,새우무침,0.9652077743990272
362,854,찰밥,당면국(양배추),달걀부침(김말이),닭무침,0.9651993293846656
377,665,쌀밥,당면국(새우),달걀부침,닭무침,0.96491393085648
379,664,쌀밥,당면국(새우),달걀부침(김말이),닭무침,0.9649070173797946
385,118,쌀밥,김치국(소시지),두부찜,닭무침,0.9648136994007814
404,29,쌀밥,복국(복지리),계란말이,새우무침,0.9644582149985236
415,475,쌀밥,게장국,계란말이,닭무침,0.9642820542795258
416,153,쌀밥,김치무국,스크램블드에그,새우무침,0.96428010608094
418,557,쌀밥,당면국(양배추),스크램블드에그,닭무침,0.9642505505149775
431,9,쌀밥,호박새우젓국,미나리강회,닭무침,0.9639260367118336
438,135,쌀밥,김치무국,계란말이,닭무침,0.9637530946791762
