,Unnamed: 0,밥,국,메인,서브,유사도
0,594,찰밥,당면국(새우),두부찜,대구포무침,0.9949062612212454
1,449,쌀밥,무국(새우젓),계란후라이,굴무침,0.9948579297477204
3,646,현미밥,당면국,계란후라이,꼬막무침,0.9945644873245432
4,216,쌀밥,고동국(올갱이국),달걀부침(김말이),닭무침,0.9945607679695592
5,305,쌀밥,고동국(올갱이국),부추강회,골뱅이무침,0.9945389021061548
6,781,조밥,복국(복지리),계란후라이,북어채무침,0.9944708103044207
7,838,조밥,고동국(올갱이국),두부찜,꼬막무침,0.9939196336150616
8,992,조밥,고동국(올갱이국),부추잡채,새우무침,0.9938442009364922
9,681,현미밥,당면국(양배추),계란후라이,골뱅이무침,0.9935058945102728
11,608,찰밥,당면국(새우),계란후라이,오징어포무침,0.9934771829015135
14,757,조밥,복국(복지리),두부찜,북어채무침,0.9926003724065516
16,505,쌀밥,당면국(새우),부추강회,오징어포무침,0.9923607044589132
17,637,현미밥,당면국,두부찜,홍합무침,0.9920966209236624
22,268,쌀밥,고동국(올갱이국),파강회,홍어회무침,0.99133344839588
23,941,조밥,고동국(올갱이국),달걀부침(야채),새우무침,0.991139599461491
24,492,쌀밥,당면국(새우),부추잡채,닭무침,0.9908347891291728
26,584,찰밥,당면국(양배추),부추강회,북어채무침,0.9903247442653283
27,929,조밥,고동국(올갱이국),스크램블드에그,대구포무침,0.98855796813435
28,659,현미밥,당면국,부추강회,꼬막무침,0.9884723920812224
29,896,조밥,고동국(올갱이국),계란후라이,오징어무침,0.9882573807060356
30,531,찰밥,당면국,파강회,홍합무침,0.9880841598568512
31,586,찰밥,당면국(양배추),미나리강회,홍합무침,0.9841566796380244
33,977,조밥,고동국(올갱이국),잡채,대구포무침,0.9805053843202854
35,386,쌀밥,당면국(양배추),두부찜,굴무침,0.9788607069703366
38,434,쌀밥,무국(새우젓),두부찜,오징어포무침,0.9769563069791388
41,321,쌀밥,고동국(올갱이국),미나리강회,게맛살무침,0.9761603307683796
42,115,쌀밥,고동국(올갱이국),순대,닭무침,0.976137404783432
46,159,쌀밥,고동국(올갱이국),오믈렛(두부),대구포무침,0.9757575599000232
50,461,쌀밥,무국(새우젓),부추강회,노가리채무침,0.9755544083745628
52,542,찰밥,당면국,미나리강회,꼬막무침,0.9752869717982948
55,763,조밥,복국(복지리),계란말이,꼬막무침,0.9749984989585384
57,52,쌀밥,복국(복지리),달걀부침(김말이),새우무침,0.9748119408194128
58,221,쌀밥,고동국(올갱이국),달걀부침,대구포무침,0.9748107501869224
61,821,조밥,복국(복지리),미나리강회,골뱅이무침,0.9746512733594064
68,265,쌀밥,고동국(올갱이국),짜장볶음,닭무침,0.9736802273413588
70,344,쌀밥,게장국,두부찜,북어채무침,0.9733135287010732
71,800,조밥,복국(복지리),달걀부침,오징어포무침,0.9732099851534588
73,406,쌀밥,당면국(양배추),부추잡채,닭무침,0.9730426027343376
75,130,쌀밥,고동국(올갱이국),계란말이,오징어무채,0.9729461653628346
80,787,조밥,복국(복지리),오믈렛(두부),꼬막무침,0.972436041907718
88,621,찰밥,당면국(새우),파강회,굴무침,0.9720157810503968
94,60,쌀밥,복국(복지리),부추잡채,홍합무침,0.9714512736703912
95,349,쌀밥,게장국,계란후라이,북어채무침,0.9714303315971949
98,825,조밥,김치국(소시지),두부찜,닭무침,0.9712587860586722
119,404,쌀밥,당면국(양배추),달걀부침(김말이),닭무침,0.9699022602694816
122,744,조밥,두부계란탕,계란후라이,닭무침,0.9698725613121636
126,70,쌀밥,복국(복지리),부추강회,굴무침,0.969737403203116
127,457,쌀밥,무국(새우젓),부추잡채,새우무침,0.9697255398470408
137,489,쌀밥,당면국(새우),스크램블드에그,닭무침,0.9692842383381184
141,455,쌀밥,무국(새우젓),달걀부침(김말이),닭무침,0.9691495851513228
145,695,현미밥,당면국(양배추),파강회,북어채무침,0.9687262323374304
152,491,쌀밥,당면국(새우),달걀부침,닭무침,0.9684311535614027
159,615,찰밥,당면국(새우),달걀부침(김말이),닭무침,0.9682799568921766
167,568,찰밥,당면국(양배추),스크램블드에그,닭무침,0.9680302635966702
175,405,쌀밥,당면국(양배추),달걀부침,닭무침,0.9678637645759778
176,179,쌀밥,고동국(올갱이국),오믈렛,노가리채무침,0.9678174661617662
179,49,쌀밥,복국(복지리),스크램블드에그,꼬막무침,0.9677210979625976
204,789,조밥,복국(복지리),오믈렛,새우무침,0.9670884905656792
220,84,쌀밥,고동국(올갱이국),달걀찜,새우무침,0.9667959245209156
228,510,쌀밥,당면국(새우),미나리강회,꼬막무침,0.9666192645506966
233,674,현미밥,당면국(양배추),계란말이,닭무침,0.9664746714482004
256,603,찰밥,당면국(새우),계란말이,닭무침,0.9659562711913771
413,465,쌀밥,무국(새우젓),미나리강회,골뱅이무침,0.9633070779058449
