,Unnamed: 0,밥,국,메인,서브,유사도
0,933,찰밥,당면국,계란후라이,오징어포무침,0.9811111598021812
1,383,쌀밥,고동국(올갱이국),달걀부침,소라무침,0.98094375109861
2,710,찰밥,고동국(올갱이국),계란말이,노가리채무침,0.98029079168489
3,212,쌀밥,김치국(참치),계란후라이,오징어포무침,0.9801215294677108
4,431,쌀밥,고동국(올갱이국),파강회,멸치무침,0.9790491690623704
5,545,쌀밥,당면국(양배추),파강회,굴무침,0.9788716593242728
6,518,쌀밥,게장국,계란후라이,노가리채무침,0.9785051319400144
7,115,쌀밥,복국(복지리),미나리강회,굴무침,0.9782791613873429
8,318,쌀밥,고동국(올갱이국),오믈렛(두부),대구포무침,0.9782001419011921
9,397,쌀밥,고동국(올갱이국),잡채,오징어포무침,0.97797313896102
10,585,쌀밥,무국(새우젓),파강회,홍합무침,0.977971114293106
12,159,쌀밥,김치무국,달걀부침(김말이),닭무침,0.9778308743594508
13,92,쌀밥,복국(복지리),파강회,북어채무침,0.9777843156580884
15,456,쌀밥,고동국(올갱이국),부추강회,대구포무침,0.9776210457116308
16,528,쌀밥,게장국,파강회,골뱅이무침,0.9776001606365928
18,534,쌀밥,게장국,부추강회,오징어포무침,0.9775085898378506
19,136,쌀밥,김치무국,계란말이,닭무침,0.9773740592199834
21,997,찰밥,당면국(양배추),미나리강회,새우무침,0.9771841693963064
24,52,쌀밥,복국(복지리),계란후라이,오징어무침(파),0.9769046922897556
25,221,쌀밥,김치국(참치),부추잡채,닭무침,0.9768606182993832
28,654,찰밥,복국(복지리),오믈렛,꼬막무침,0.976683643333984
29,572,쌀밥,무국(새우젓),계란후라이,오징어포무침,0.9766408643595341
31,242,쌀밥,김치국(참치),미나리강회,닭무침,0.976340597371558
33,144,쌀밥,김치무국,계란후라이,굴무생채,0.9759460533905856
35,264,쌀밥,고동국(올갱이국),두부찜,문어무침,0.9757626985752044
36,992,찰밥,당면국(양배추),부추강회,오징어포무침,0.9756457540721888
37,341,쌀밥,고동국(올갱이국),스크램블드에그,피조개무침,0.9754124187373318
41,403,쌀밥,고동국(올갱이국),부추잡채,피조개무침,0.9751004562180904
43,130,쌀밥,김치무국,두부찜,굴무침,0.9750472862302904
44,948,찰밥,당면국,미나리강회,새우무침,0.9749636639963614
46,662,찰밥,복국(복지리),부추잡채,홍합무침,0.9746694239113892
51,295,쌀밥,고동국(올갱이국),계란후라이,게맛살무침,0.9743303747125436
52,329,쌀밥,고동국(올갱이국),오믈렛,홍합무침,0.9742768570402048
55,611,쌀밥,무국(새우젓),미나리강회,닭무침,0.9740698844671084
56,612,쌀밥,당면국(새우),파강회,새우무침,0.9740698844671084
57,953,찰밥,당면국(양배추),두부찜,새우무침,0.9740188444756188
63,60,쌀밥,복국(복지리),스크램블드에그,새우무침,0.9735528315910214
66,424,쌀밥,고동국(올갱이국),짜장볶음,닭무침,0.9733907887164274
71,946,찰밥,당면국,부추강회,꼬막무침,0.9730199028589608
73,496,쌀밥,고동국(올갱이국),미나리강회,오징어무채,0.9729085186563768
74,273,쌀밥,고동국(올갱이국),순대,꼬막무침,0.9728428269447024
91,584,쌀밥,무국(새우젓),부추잡채,닭무침,0.9718827292628456
93,70,쌀밥,복국(복지리),달걀부침,오징어포무침,0.971842830114124
99,372,쌀밥,고동국(올갱이국),달걀부침(김말이),노가리채무침,0.9716704079565954
113,25,쌀밥,복국(복지리),두부찜,북어채무침,0.9710037798961964
115,579,쌀밥,무국(새우젓),스크램블드에그,닭무침,0.9708464494936156
117,599,쌀밥,무국(새우젓),부추강회,오징어포무침,0.9707546341984936
121,185,쌀밥,김치무국,부추강회,북어채무침,0.9706362296274444
128,2,쌀밥,호박새우젓국,두부찜,닭무침,0.970287664374706
130,651,찰밥,복국(복지리),오믈렛(두부),꼬막무침,0.9702244551074064
131,164,쌀밥,김치무국,부추잡채,꼬막무침,0.9702172447712426
136,223,쌀밥,김치국(참치),파강회,새우무침,0.9700800289077548
140,561,쌀밥,무국(새우젓),두부찜,굴무침,0.9700084591142154
147,973,찰밥,당면국(양배추),계란후라이,북어채무침,0.9698796543669108
148,233,쌀밥,김치국(참치),부추강회,꼬막무침,0.9698660143337596
158,64,쌀밥,복국(복지리),달걀부침(김말이),새우무침,0.9695214070652699
160,156,쌀밥,김치무국,스크램블드에그,닭무침,0.9694811178018712
164,924,찰밥,당면국,두부찜,꼬막무침,0.9694177629066892
167,102,쌀밥,복국(복지리),부추강회,골뱅이무침,0.969352965756886
176,635,찰밥,복국(복지리),계란말이,새우무침,0.9691846027104852
181,5,쌀밥,호박새우젓국,계란후라이,닭무침,0.9690478168298384
183,171,쌀밥,김치무국,파강회,굴무생채,0.969037535165372
199,188,쌀밥,김치무국,미나리강회,새우무침,0.9687980230948968
204,503,쌀밥,게장국,두부찜,꼬막무침,0.968679432644808
206,660,찰밥,복국(복지리),잡채,꼬막무침,0.9685737329171904
208,624,찰밥,두부계란탕,계란후라이,닭무침,0.9685610036449962
210,201,쌀밥,김치국(참치),두부찜,골뱅이무침,0.9684971829297192
219,152,쌀밥,김치무국,오믈렛(두부),닭무침,0.9683444600967412
226,8,쌀밥,호박새우젓국,파강회,닭무침,0.968090747776017
228,622,쌀밥,당면국(새우),미나리강회,꼬막무침,0.9679712760325759
248,580,쌀밥,무국(새우젓),달걀부침(김말이),닭무침,0.9675860900320395
250,938,찰밥,당면국,파강회,홍합무침,0.9675544995259048
286,220,쌀밥,김치국(참치),달걀부침,닭무침,0.966885176887664
296,162,쌀밥,김치무국,달걀부침,닭무침,0.966799634531163
309,358,쌀밥,고동국(올갱이국),달걀부침(야채),꼬막무침,0.9665629849854288
340,206,쌀밥,김치국(참치),계란말이,닭무침,0.9661718836939964
348,218,쌀밥,김치국(참치),스크램블드에그,닭무침,0.9660580737645836
351,510,쌀밥,게장국,계란말이,닭무침,0.9660491425195477
354,244,쌀밥,고동국(올갱이국),달걀찜,꼬막무침,0.9659621523975324
360,565,쌀밥,무국(새우젓),계란말이,닭무침,0.9658533155240464
388,120,쌀밥,김치국(소시지),계란후라이,닭무침,0.9654054820574096
397,153,쌀밥,김치무국,오믈렛,닭무침,0.9652660233831448
401,522,쌀밥,게장국,달걀부침,닭무침,0.9651926323323766
413,9,쌀밥,호박새우젓국,부추강회,닭무침,0.9648908307759376
428,536,쌀밥,게장국,미나리강회,새우무침,0.964583740101498
