,Unnamed: 0,밥,국,메인,서브,유사도
0,597,쌀밥,무국(새우젓),두부찜,굴무생채,0.9960969053488772
1,450,쌀밥,고동국(올갱이국),미나리강회,해파리냉채,0.9960833908289912
3,306,쌀밥,고동국(올갱이국),오믈렛,소라무침,0.9957919383008662
4,217,쌀밥,고동국(올갱이국),달걀찜,꼬막무침,0.9957895757138868
5,650,쌀밥,무국(새우젓),미나리강회,닭무침,0.9957710939018818
6,785,찰밥,고동국(올갱이국),달걀부침(김말이),홍합무침,0.9956870926237256
7,842,찰밥,당면국,계란후라이,홍합무침,0.9951506687001151
8,685,쌀밥,당면국(새우),부추강회,홍합무침,0.9947188224430628
9,612,쌀밥,무국(새우젓),계란후라이,골뱅이무침,0.994713013120978
10,654,쌀밥,당면국(새우),두부찜,꼬막무침,0.994490244687549
11,250,쌀밥,고동국(올갱이국),계란말이,홍합무침,0.9940082143041752
14,506,쌀밥,게장국,부추강회,꼬막무침,0.9935731414127088
15,641,쌀밥,무국(새우젓),부추강회,북어채무침,0.9933363975401228
16,964,현미밥,고동국(올갱이국),두부찜,소라무침,0.9932546001578972
18,269,쌀밥,고동국(올갱이국),계란후라이,대구포무침,0.9925744154425212
20,493,쌀밥,게장국,계란후라이,닭무침,0.9921031766176552
21,774,찰밥,고동국(올갱이국),스크램블드에그,새우무침,0.9916222103645222
22,586,쌀밥,당면국(양배추),미나리강회,홍합무침,0.9915698860263732
23,941,찰밥,당면국(새우),파강회,새우무침,0.9897963221416822
24,663,쌀밥,당면국(새우),계란후라이,대구포무침,0.9897130346053749
25,905,찰밥,당면국(양배추),부추강회,골뱅이무침,0.9894692432490804
26,532,쌀밥,당면국,파강회,오징어포무침,0.9892999213406346
28,628,쌀밥,무국(새우젓),파강회,굴무생채,0.9832133241396109
30,960,찰밥,당면국(새우),미나리강회,닭무침,0.9802426713985742
31,387,쌀밥,고동국(올갱이국),부추잡채,굴무침,0.9800827080542271
33,212,쌀밥,김치국(참치),부추강회,북어채무침,0.979283827101026
34,435,쌀밥,고동국(올갱이국),부추강회,쥐포무침,0.9781836015036982
35,554,쌀밥,당면국(양배추),계란후라이,홍합무침,0.9780496736385
37,115,쌀밥,복국(복지리),미나리강회,굴무침,0.9773916809932012
41,401,쌀밥,고동국(올갱이국),파강회,홍합무침,0.9770792733484691
42,159,쌀밥,김치무국,달걀부침(김말이),닭무침,0.9769739582181084
43,92,쌀밥,복국(복지리),파강회,북어채무침,0.9768970962533264
44,887,찰밥,당면국(양배추),스크램블드에그,닭무침,0.9768146230966576
47,537,쌀밥,당면국,부추강회,꼬막무침,0.9767287220311474
48,543,쌀밥,당면국(양배추),두부찜,대구포무침,0.9765853531458648
49,136,쌀밥,김치무국,계란말이,닭무침,0.9765097301850024
50,835,찰밥,당면국,두부찜,새우무침,0.976446718311602
53,52,쌀밥,복국(복지리),계란후라이,오징어무침(파),0.9760390208019152
57,672,쌀밥,당면국(새우),스크램블드에그,닭무침,0.9758570714155764
59,480,쌀밥,게장국,두부찜,노가리채무침,0.9755831608319392
62,144,쌀밥,김치무국,계란후라이,굴무생채,0.9750547022339848
67,804,찰밥,고동국(올갱이국),잡채,대구포무침,0.9744252894705114
71,130,쌀밥,김치무국,두부찜,굴무침,0.9741777404490712
72,976,현미밥,고동국(올갱이국),순대,닭무침,0.9740915473955098
73,356,쌀밥,고동국(올갱이국),달걀부침,소라무침,0.9738494618737196
78,892,찰밥,당면국(양배추),파강회,대구포무침,0.9736255916426424
79,298,쌀밥,고동국(올갱이국),오믈렛(두부),굴무침,0.9734636671822462
89,617,쌀밥,무국(새우젓),스크램블드에그,꼬막무침,0.9728393121952508
90,60,쌀밥,복국(복지리),스크램블드에그,새우무침,0.9726829835434254
100,503,쌀밥,게장국,파강회,북어채무침,0.9720390745600024
120,75,쌀밥,복국(복지리),부추잡채,꼬막무침,0.9709794201036686
122,70,쌀밥,복국(복지리),달걀부침,오징어포무침,0.9709711301736454
138,25,쌀밥,복국(복지리),두부찜,북어채무침,0.9701595148431882
146,185,쌀밥,김치무국,미나리강회,닭무침,0.9697710253584676
148,209,쌀밥,김치국(참치),달걀부침,닭무침,0.9696203510028844
151,619,쌀밥,무국(새우젓),달걀부침(김말이),닭무침,0.9695170151745458
153,2,쌀밥,호박새우젓국,두부찜,닭무침,0.969428011384124
158,164,쌀밥,김치무국,부추잡채,꼬막무침,0.9693423239679856
178,860,찰밥,당면국,미나리강회,새우무침,0.9687016161616624
179,64,쌀밥,복국(복지리),달걀부침(김말이),새우무침,0.9686754902091556
180,156,쌀밥,김치무국,스크램블드에그,닭무침,0.9686550707301028
191,102,쌀밥,복국(복지리),부추강회,골뱅이무침,0.9684630308930244
196,171,쌀밥,김치무국,부추강회,새우무침,0.9683252092529732
202,939,찰밥,당면국(새우),부추잡채,닭무침,0.9682478021011534
206,5,쌀밥,호박새우젓국,계란후라이,닭무침,0.9681571785655728
222,188,쌀밥,김치국(참치),두부찜,새우무침,0.9678805628270926
224,511,쌀밥,게장국,미나리강회,오징어포무침,0.967827738912676
225,166,쌀밥,김치무국,파강회,홍합무침,0.9677261572393894
230,201,쌀밥,김치국(참치),계란후라이,오징어포무침,0.9676319158601392
235,821,찰밥,고동국(올갱이국),짜장볶음,오징어포무침,0.967543078007664
240,152,쌀밥,김치무국,오믈렛(두부),닭무침,0.9674515041982924
243,661,쌀밥,당면국(새우),계란말이,닭무침,0.967357569
246,8,쌀밥,호박새우젓국,파강회,닭무침,0.9672240665295152
248,874,찰밥,당면국(양배추),계란말이,닭무침,0.9671616658421546
265,57,쌀밥,복국(복지리),오믈렛,새우무침,0.9667768846477136
282,54,쌀밥,복국(복지리),오믈렛(두부),새우무침,0.9664180223155686
300,674,쌀밥,당면국(새우),달걀부침,닭무침,0.9661138125477564
315,162,쌀밥,김치무국,달걀부침,닭무침,0.9659440566159117
317,937,찰밥,당면국(새우),달걀부침(김말이),닭무침,0.9659233819603874
352,208,쌀밥,김치국(참치),달걀부침(김말이),닭무침,0.9653494100398464
404,120,쌀밥,김치국(소시지),계란후라이,닭무침,0.9645506290726136
405,494,쌀밥,게장국,스크램블드에그,닭무침,0.9645368014112592
416,153,쌀밥,김치무국,오믈렛,닭무침,0.9643752161368092
431,9,쌀밥,호박새우젓국,부추강회,닭무침,0.9640192262984636
440,621,쌀밥,무국(새우젓),부추잡채,새우무침,0.963834082145751
454,330,쌀밥,고동국(올갱이국),달걀부침(야채),새우무침,0.9635467450669036
487,31,쌀밥,복국(복지리),계란말이,꼬막무침,0.963034498936962
