,Unnamed: 0,밥,국,메인,서브,유사도
0,595,찰밥,당면국(양배추),두부찜,굴무생채,0.9951501859251396
1,449,쌀밥,당면국(양배추),부추강회,오징어포무침,0.9951085852187892
3,216,쌀밥,고동국(올갱이국),스크램블드에그,북어채무침,0.9948120663768124
4,648,찰밥,당면국(새우),두부찜,굴무침,0.99481149345779
5,305,쌀밥,고동국(올갱이국),파강회,문어무침,0.9947948844875824
6,783,현미밥,당면국(새우),계란후라이,노가리채무침,0.9947196858319732
7,840,조밥,복국(복지리),계란후라이,골뱅이무침,0.9941713538048691
8,683,찰밥,당면국(새우),미나리강회,꼬막무침,0.993754108193697
9,997,조밥,고동국(올갱이국),오믈렛,꼬막무침,0.9937318309304272
10,610,찰밥,당면국(양배추),계란후라이,골뱅이무침,0.9937298240670448
11,652,찰밥,당면국(새우),계란말이,닭무침,0.9935091815363972
12,249,쌀밥,고동국(올갱이국),달걀부침,굴무침,0.9930236227523728
14,760,현미밥,당면국(양배추),미나리강회,홍합무침,0.9926606476099086
15,505,쌀밥,무국(새우젓),미나리강회,북어채무침,0.9926088074156856
17,961,조밥,고동국(올갱이국),계란후라이,대구포무침,0.9922890016900491
18,717,현미밥,당면국,부추강회,닭무침,0.9922258211831246
20,268,쌀밥,고동국(올갱이국),부추잡채,게맛살무침,0.9915870531242016
21,950,조밥,고동국(올갱이국),계란말이,골뱅이무침,0.9913863938671472
22,492,쌀밥,무국(새우젓),파강회,북어채무침,0.9910936883853458
24,584,찰밥,당면국,파강회,닭무침,0.9905791422053034
25,938,조밥,고동국(올갱이국),순대,꼬막무침,0.9888110293660268
27,902,조밥,김치국(소시지),계란후라이,닭무침,0.9885053159879996
28,531,쌀밥,당면국(새우),부추잡채,닭무침,0.9883328465613574
30,626,찰밥,당면국(양배추),파강회,북어채무침,0.9822385225867536
31,986,조밥,고동국(올갱이국),오믈렛(두부),소라무침,0.980760858058297
33,386,쌀밥,당면국,두부찜,닭무침,0.9791104727562542
36,434,쌀밥,당면국(양배추),달걀부침,닭무침,0.9772070699096028
39,321,쌀밥,고동국(올갱이국),부추강회,꼬막무침,0.9764053993907432
40,115,쌀밥,고동국(올갱이국),두부찜,새우무침,0.9763933729946406
41,849,조밥,복국(복지리),오믈렛(두부),새우무침,0.9761588438815596
45,92,쌀밥,복국(복지리),미나리강회,오징어포무침,0.9758991057132824
46,885,조밥,복국(복지리),부추강회,골뱅이무침,0.9758613675251728
47,907,조밥,김치무국,오믈렛,닭무침,0.9758288756980288
48,461,쌀밥,무국(새우젓),두부찜,꼬막무침,0.9758023285711509
49,536,쌀밥,당면국(새우),파강회,골뱅이무침,0.9757464991804596
50,542,쌀밥,당면국(새우),부추강회,새우무침,0.9755514554662444
55,52,쌀밥,복국(복지리),스크램블드에그,꼬막무침,0.9750626326818652
56,221,쌀밥,고동국(올갱이국),달걀부침(야채),닭무침,0.9750568568384962
59,823,조밥,복국(복지리),두부찜,오징어무침(파),0.9748991141956456
61,479,쌀밥,무국(새우젓),계란후라이,굴무침,0.9746213860927424
67,787,현미밥,당면국(새우),달걀부침,닭무침,0.9735833239420076
68,344,쌀밥,고동국(올갱이국),미나리강회,멸치무침,0.9735648355160994
71,406,쌀밥,당면국,미나리강회,꼬막무침,0.973289514350956
91,615,찰밥,당면국(양배추),스크램블드에그,닭무침,0.9718915146220046
92,60,쌀밥,복국(복지리),달걀부침,꼬막무침,0.9717028142938291
96,873,조밥,복국(복지리),파강회,피조개무침,0.9715137776884112
97,827,조밥,복국(복지리),계란말이,오징어포무침,0.9714666946474544
109,559,찰밥,고동국(올갱이국),잡채,북어채무침,0.970529922846244
112,483,쌀밥,무국(새우젓),스크램블드에그,꼬막무침,0.9702781802664229
120,746,현미밥,당면국(양배추),부추잡채,닭무침,0.9701085768979733
121,433,쌀밥,당면국(양배추),달걀부침(김말이),닭무침,0.9700472471128474
126,498,쌀밥,무국(새우젓),부추강회,북어채무침,0.9699138916862068
128,375,쌀밥,게장국,계란후라이,굴무침,0.9697855842260674
134,489,쌀밥,무국(새우젓),부추잡채,닭무침,0.9695352721652424
156,223,쌀밥,고동국(올갱이국),달걀부침(김말이),해파리냉채,0.9685427453733088
158,2,쌀밥,두부계란탕,계란후라이,닭무침,0.968458391359318
169,701,현미밥,당면국,계란후라이,홍합무침,0.9681895932671516
170,903,조밥,김치무국,계란후라이,피조개무침,0.9681673380081888
176,49,쌀밥,복국(복지리),오믈렛,꼬막무침,0.96797407832881
181,64,쌀밥,복국(복지리),부추잡채,홍합무침,0.9677196647520488
189,365,쌀밥,게장국,두부찜,골뱅이무침,0.9675245130598368
250,378,쌀밥,게장국,달걀부침,닭무침,0.9662485373837786
268,859,조밥,복국(복지리),달걀부침(김말이),새우무침,0.965805302169558
270,485,쌀밥,무국(새우젓),달걀부침(김말이),닭무침,0.9657892170647212
289,103,쌀밥,김치무국,오믈렛(두부),닭무침,0.9653766738666284
365,0,쌀밥,호박새우젓국,두부찜,새우무침,0.96429669727665
381,663,찰밥,당면국(새우),스크램블드에그,닭무침,0.9640266899416614
382,664,찰밥,당면국(새우),달걀부침(김말이),닭무침,0.9640266899416614
383,105,쌀밥,고동국(올갱이국),달걀찜,새우무침,0.9639965118883668
385,283,쌀밥,고동국(올갱이국),짜장볶음,새우무침,0.9639896155071528
419,1,쌀밥,호박새우젓국,계란후라이,새우무침,0.9633877144218708
