,Unnamed: 0,밥,국,메인,서브,유사도
0,592,쌀밥,당면국(양배추),부추강회,홍합무침,0.9964270596886378
1,447,쌀밥,고동국(올갱이국),부추강회,피조개무침,0.9964242340522896
3,303,쌀밥,고동국(올갱이국),계란후라이,낙지무침,0.9961412571124738
4,644,쌀밥,무국(새우젓),파강회,노가리채무침,0.9961061600956056
6,835,찰밥,고동국(올갱이국),달걀부침(김말이),대구포무침,0.9954932561883828
7,607,쌀밥,무국(새우젓),두부찜,꼬막무침,0.9950570881962926
8,679,쌀밥,당면국(새우),계란후라이,골뱅이무침,0.9950558665739032
9,994,찰밥,당면국(양배추),파강회,굴무침,0.9950280709170276
10,648,쌀밥,무국(새우젓),부추강회,새우무침,0.9948335174677332
11,755,찰밥,고동국(올갱이국),계란말이,골뱅이무침,0.9939965493137304
12,503,쌀밥,게장국,두부찜,노가리채무침,0.993910075488322
13,635,쌀밥,무국(새우젓),부추잡채,닭무침,0.993681732981308
14,958,찰밥,당면국,미나리강회,꼬막무침,0.9935920250752854
15,713,찰밥,복국(복지리),계란후라이,오징어무침(파),0.9935359841958458
18,947,찰밥,당면국,파강회,홍합무침,0.9926802820055874
19,490,쌀밥,고동국(올갱이국),미나리강회,문어무침,0.9924573390442352
22,935,찰밥,당면국,두부찜,골뱅이무침,0.9901413465247244
23,657,쌀밥,무국(새우젓),미나리강회,꼬막무침,0.990058764493286
25,983,찰밥,당면국(양배추),계란후라이,닭무침,0.9821061080910656
26,954,찰밥,당면국,부추강회,새우무침,0.9805858501833382
27,384,쌀밥,고동국(올갱이국),달걀부침,노가리채무침,0.9804230570943872
28,724,찰밥,고동국(올갱이국),두부찜,새우무침,0.9797799948434246
29,212,쌀밥,김치국(참치),계란후라이,골뱅이무침,0.979615301041
30,432,쌀밥,고동국(올갱이국),파강회,쥐포무침,0.9785256429841372
32,523,쌀밥,게장국,파강회,오징어포무침,0.97796355272866
33,115,쌀밥,복국(복지리),미나리강회,굴무침,0.9777420336520544
34,319,쌀밥,고동국(올갱이국),오믈렛(두부),오징어포무침,0.9776912760678284
37,398,쌀밥,고동국(올갱이국),잡채,닭무침,0.9774320467039282
38,159,쌀밥,김치무국,달걀부침(김말이),닭무침,0.9773126976288642
39,92,쌀밥,복국(복지리),파강회,북어채무침,0.977247343059977
40,881,찰밥,고동국(올갱이국),부추잡채,골뱅이무침,0.977147848065191
43,533,쌀밥,게장국,미나리강회,꼬막무침,0.9770729733812176
44,539,쌀밥,당면국,계란후라이,꼬막무침,0.976949274197309
45,136,쌀밥,김치무국,계란말이,닭무침,0.9768512785110802
46,828,찰밥,고동국(올갱이국),스크램블드에그,닭무침,0.976773172514237
50,221,쌀밥,김치국(참치),파강회,홍합무침,0.9763488862985301
53,666,쌀밥,당면국(새우),두부찜,꼬막무침,0.9761842716196784
58,144,쌀밥,김치무국,계란후라이,굴무생채,0.9754064930915436
59,829,찰밥,고동국(올갱이국),달걀부침(야채),새우무침,0.9753745162980793
66,240,쌀밥,고동국(올갱이국),달걀찜,꼬막무침,0.9745519120232464
67,130,쌀밥,김치무국,두부찜,굴무침,0.9745212382136982
68,970,찰밥,당면국(양배추),두부찜,닭무침,0.9744360203212208
73,600,쌀밥,당면국(양배추),미나리강회,꼬막무침,0.973979973530654
76,330,쌀밥,고동국(올갱이국),오믈렛,굴무생채,0.9737632215386192
80,619,쌀밥,무국(새우젓),계란후라이,새우무침,0.9735568163403588
87,60,쌀밥,복국(복지리),스크램블드에그,새우무침,0.9730265757472988
93,743,찰밥,고동국(올갱이국),순대,오징어포무침,0.972548925095022
118,70,쌀밥,복국(복지리),달걀부침,오징어포무침,0.9713154023710155
119,75,쌀밥,복국(복지리),부추잡채,꼬막무침,0.9713065599361916
132,419,쌀밥,고동국(올갱이국),짜장볶음,오징어포무침,0.9707086563877844
135,25,쌀밥,복국(복지리),두부찜,북어채무침,0.97049335688566
138,693,쌀밥,당면국(새우),파강회,굴무침,0.9703061911744109
143,185,쌀밥,김치무국,부추강회,닭무침,0.970112814315882
150,2,쌀밥,호박새우젓국,두부찜,닭무침,0.9697676874301644
152,164,쌀밥,김치무국,부추잡채,꼬막무침,0.9696877971911854
162,684,쌀밥,당면국(새우),스크램블드에그,닭무침,0.9694973026595496
165,697,쌀밥,당면국(새우),부추강회,홍합무침,0.9694505206558642
168,233,쌀밥,김치국(참치),미나리강회,홍합무침,0.9693711939377524
177,64,쌀밥,복국(복지리),달걀부침(김말이),새우무침,0.9690099393582472
178,156,쌀밥,김치무국,스크램블드에그,닭무침,0.9689819735402432
187,102,쌀밥,복국(복지리),부추강회,골뱅이무침,0.9688141941179541
199,171,쌀밥,김치무국,파강회,오징어포무침,0.9686089190405344
204,5,쌀밥,호박새우젓국,계란후라이,닭무침,0.968508604760065
217,232,쌀밥,김치국(참치),부추강회,닭무침,0.968320822374634
219,188,쌀밥,김치무국,미나리강회,꼬막무침,0.9682421715995784
223,508,쌀밥,게장국,계란후라이,대구포무침,0.9681643704349282
227,632,쌀밥,무국(새우젓),달걀부침,닭무침,0.9680326645888856
229,201,쌀밥,김치국(참치),두부찜,굴무침,0.967973699539344
239,152,쌀밥,김치무국,오믈렛(두부),닭무침,0.9678038009646868
243,709,찰밥,두부계란탕,계란후라이,닭무침,0.9675916387576876
245,8,쌀밥,호박새우젓국,파강회,닭무침,0.9675663817250224
246,984,찰밥,당면국(양배추),스크램블드에그,닭무침,0.9674869332496014
248,630,쌀밥,무국(새우젓),스크램블드에그,닭무침,0.9674508829058264
264,57,쌀밥,복국(복지리),오믈렛,새우무침,0.9671289505128308
281,54,쌀밥,복국(복지리),오믈렛(두부),새우무침,0.9667564163246192
291,581,쌀밥,당면국(양배추),부추잡채,닭무침,0.9665870346072571
304,220,쌀밥,김치국(참치),부추잡채,닭무침,0.9663713705328169
313,162,쌀밥,김치무국,달걀부침,닭무침,0.9662821376062688
366,218,쌀밥,김치국(참치),달걀부침(김말이),닭무침,0.9655383717664708
386,529,쌀밥,게장국,부추강회,꼬막무침,0.9652319685826116
389,686,쌀밥,당면국(새우),달걀부침,닭무침,0.9651763591153134
403,120,쌀밥,김치국(소시지),계란후라이,닭무침,0.9648884157776464
415,153,쌀밥,김치무국,오믈렛,닭무침,0.9647266550074276
429,9,쌀밥,호박새우젓국,부추강회,닭무침,0.9643633675769148
435,703,쌀밥,당면국(새우),미나리강회,홍합무침,0.9642100287625426
438,616,쌀밥,무국(새우젓),계란말이,닭무침,0.9641867115061176
473,518,쌀밥,게장국,달걀부침,닭무침,0.9635775624054984
484,580,쌀밥,당면국(양배추),달걀부침,닭무침,0.963399445585922
486,31,쌀밥,복국(복지리),계란말이,꼬막무침,0.9633782409150656
