,Unnamed: 0,밥,국,메인,서브,유사도
0,665,찰밥,고동국(올갱이국),스크램블드에그,해파리냉채,0.9819180611865584
1,212,쌀밥,김치국(참치),계란후라이,노가리채무침,0.981761333597195
2,637,찰밥,고동국(올갱이국),계란후라이,오징어무침(어묵),0.9814336068522244
3,114,쌀밥,복국(복지리),미나리강회,북어채무침,0.9809134981804518
4,640,찰밥,고동국(올갱이국),오믈렛(두부),홍합무침,0.9806042442401632
5,826,찰밥,게장국,두부찜,홍합무침,0.9803374679907579
6,689,찰밥,고동국(올갱이국),달걀부침(김말이),대구포무침,0.979972235626257
7,244,쌀밥,고동국(올갱이국),두부찜,낙지무침,0.9798719917989421
8,320,쌀밥,게장국,계란후라이,새우무침,0.979646473980823
9,58,쌀밥,복국(복지리),스크램블드에그,꼬막무침,0.9791262375242028
10,178,쌀밥,김치무국,부추강회,오징어포무침,0.978997007887268
11,731,찰밥,고동국(올갱이국),부추잡채,게맛살무침,0.978881263331668
12,486,찰밥,복국(복지리),파강회,해파리냉채,0.9787768017058004
13,511,찰밥,복국(복지리),부추강회,노가리채무침,0.978454502521402
14,262,쌀밥,고동국(올갱이국),파강회,홍합무침,0.9784312517610866
16,968,찰밥,무국(새우젓),파강회,북어채무침,0.9783183792205756
17,69,쌀밥,복국(복지리),잡채,닭무침,0.9781957413203812
18,594,찰밥,고동국(올갱이국),순대,새우무침,0.9779884259275188
19,893,찰밥,당면국(양배추),계란후라이,닭무침,0.9779638625418215
21,120,쌀밥,김치무국,두부찜,대구포무침,0.977662724195456
22,470,찰밥,복국(복지리),달걀부침(김말이),꼬막무침,0.9775275494108744
24,132,쌀밥,김치무국,계란말이,꼬막무침,0.9771928851658536
27,552,찰밥,김치무국,계란후라이,오징어무채,0.9767594670707836
29,559,찰밥,김치무국,미나리강회,홍합무침,0.9764052070400168
31,451,찰밥,복국(복지리),계란후라이,노가리채무침,0.9762265829150386
33,226,쌀밥,김치국(참치),파강회,북어채무침,0.9759068708678236
35,193,쌀밥,김치국(참치),두부찜,홍합무침,0.9755387051892249
36,393,쌀밥,무국(새우젓),부추강회,오징어포무침,0.9754729083668988
37,879,찰밥,당면국(양배추),두부찜,북어채무침,0.9752047913748568
38,363,쌀밥,무국(새우젓),계란후라이,꼬막무침,0.9748746707764764
42,906,찰밥,당면국(양배추),파강회,북어채무침,0.9744221881072126
46,239,쌀밥,김치국(참치),미나리강회,닭무침,0.9742013444878982
50,433,찰밥,복국(복지리),계란말이,새우무침,0.9737674563280312
51,289,쌀밥,고동국(올갱이국),부추강회,오징어포무침,0.9737364361704977
52,150,쌀밥,김치무국,오믈렛,닭무침,0.9736550664229642
54,474,찰밥,복국(복지리),달걀부침,꼬막무침,0.9735796978516932
57,422,찰밥,복국(복지리),두부찜,소라무침,0.9732630283537992
67,344,쌀밥,게장국,미나리강회,꼬막무침,0.972662570245581
73,704,찰밥,고동국(올갱이국),달걀부침,게맛살무침,0.972449826722788
76,480,찰밥,복국(복지리),부추잡채,새우무침,0.9722107609025262
79,919,찰밥,당면국(양배추),미나리강회,골뱅이무침,0.9721297880287044
82,10,쌀밥,호박새우젓국,미나리강회,닭무침,0.9718042025323992
83,404,쌀밥,무국(새우젓),미나리강회,북어채무침,0.9716665883463644
86,853,찰밥,게장국,부추강회,오징어포무침,0.9714464084527448
88,600,찰밥,고동국(올갱이국),계란말이,홍합무침,0.9713834059713438
99,330,쌀밥,게장국,부추잡채,닭무침,0.9707767108622648
101,406,찰밥,호박새우젓국,두부찜,새우무침,0.9707276063659278
103,7,쌀밥,호박새우젓국,파강회,꼬막무침,0.9706981439811418
114,950,찰밥,무국(새우젓),스크램블드에그,새우무침,0.9703232992981724
117,174,쌀밥,김치무국,파강회,닭무침,0.9702830985068346
125,52,쌀밥,복국(복지리),오믈렛(두부),꼬막무침,0.9702039424711206
126,228,쌀밥,김치국(참치),부추강회,홍합무침,0.9701849290434502
137,351,쌀밥,무국(새우젓),두부찜,소라무침,0.9698512496380792
140,5,쌀밥,호박새우젓국,계란후라이,닭무침,0.9697720007087532
142,957,찰밥,무국(새우젓),부추잡채,꼬막무침,0.96976648559533
167,858,찰밥,당면국,두부찜,꼬막무침,0.9689647035417246
169,414,찰밥,두부계란탕,계란후라이,닭무침,0.9689131861319497
173,684,찰밥,고동국(올갱이국),달걀부침(야채),닭무침,0.968736945076388
175,334,쌀밥,게장국,파강회,오징어포무침,0.9686805591562312
177,240,쌀밥,고동국(올갱이국),달걀찜,꼬막무침,0.968506706386144
180,374,쌀밥,무국(새우젓),달걀부침(김말이),닭무침,0.9683789436737464
194,557,찰밥,김치무국,잡채,닭무침,0.9680387420569772
195,862,찰밥,당면국,파강회,오징어포무침,0.9679777384471172
211,999,찰밥,당면국(새우),계란후라이,꼬막무침,0.967697007015198
217,894,찰밥,당면국(양배추),스크램블드에그,닭무침,0.967604980098606
222,996,찰밥,당면국(새우),계란말이,닭무침,0.9674890522019344
224,162,쌀밥,김치무국,부추잡채,닭무침,0.9674413068432538
226,555,찰밥,김치무국,스크램블드에그,새우무침,0.9674241241001204
255,835,찰밥,게장국,계란말이,닭무침,0.9667685966900136
260,54,쌀밥,복국(복지리),오믈렛,새우무침,0.9666763247254141
261,307,쌀밥,고동국(올갱이국),미나리강회,닭무침,0.9666375814777641
262,154,쌀밥,김치무국,달걀부침(김말이),새우무침,0.96660903066337
266,722,찰밥,고동국(올갱이국),잡채,오징어포무침,0.966499380441855
267,912,찰밥,당면국(양배추),부추강회,골뱅이무침,0.9664059124129318
291,159,쌀밥,김치무국,달걀부침,닭무침,0.9659603556240324
297,359,쌀밥,무국(새우젓),계란말이,닭무침,0.9655840772803308
312,215,쌀밥,김치국(참치),스크램블드에그,닭무침,0.9651612969763844
315,869,찰밥,당면국,미나리강회,닭무침,0.9650427844320232
339,658,찰밥,고동국(올갱이국),오믈렛,오징어포무침,0.9646439408991416
353,217,쌀밥,김치국(참치),달걀부침,닭무침,0.964320424822916
395,203,쌀밥,김치국(참치),계란말이,닭무침,0.9634814042373993
402,847,찰밥,게장국,달걀부침(김말이),닭무침,0.963069361895836
405,9,쌀밥,호박새우젓국,부추강회,닭무침,0.962998730606713
424,117,쌀밥,김치국(소시지),계란후라이,닭무침,0.9622591921975574
437,375,쌀밥,무국(새우젓),달걀부침,닭무침,0.962050816285506
442,328,쌀밥,게장국,스크램블드에그,닭무침,0.961996468044266
443,329,쌀밥,게장국,달걀부침,닭무침,0.961996468044266
457,553,찰밥,김치무국,오믈렛(두부),닭무침,0.9615392308334944
472,987,찰밥,당면국(새우),두부찜,대구포무침,0.9610974653255824
