,Unnamed: 0,밥,국,메인,서브,유사도
0,927,찰밥,고동국(올갱이국),미나리강회,노가리채무침,0.9813029422852638
1,379,쌀밥,고동국(올갱이국),달걀부침,게맛살무침,0.9811337474504269
2,704,찰밥,고동국(올갱이국),순대,꼬막무침,0.9804769615880984
3,210,쌀밥,김치국(참치),계란후라이,꼬막무침,0.9803059315474792
4,427,쌀밥,고동국(올갱이국),파강회,홍합무침,0.9792402852324318
5,540,쌀밥,당면국(양배추),파강회,오징어포무침,0.9790523064393244
6,514,쌀밥,게장국,계란후라이,오징어포무침,0.9787032485658812
7,115,쌀밥,복국(복지리),미나리강회,굴무침,0.9784755561707568
8,316,쌀밥,고동국(올갱이국),계란후라이,사태초무침,0.978385588703658
9,393,쌀밥,고동국(올갱이국),잡채,새우무침,0.9781710732952444
10,579,쌀밥,무국(새우젓),파강회,오징어포무침,0.9781619209158228
12,159,쌀밥,김치무국,달걀부침(김말이),닭무침,0.9780199327046144
13,92,쌀밥,복국(복지리),파강회,북어채무침,0.9779806562548791
14,857,찰밥,고동국(올갱이국),짜장볶음,오징어포무침,0.9778425983872746
15,452,쌀밥,고동국(올갱이국),부추강회,홍어회무침,0.9778093940398942
16,524,쌀밥,게장국,파강회,새우무침,0.9777927125012018
19,136,쌀밥,김치무국,계란말이,닭무침,0.9775649066498494
20,805,찰밥,고동국(올갱이국),달걀부침(김말이),굴무침,0.9774526043818256
21,991,찰밥,당면국(양배추),달걀부침(김말이),닭무침,0.9773712153546756
24,52,쌀밥,복국(복지리),계란후라이,오징어무침(파),0.9770958703787336
25,219,쌀밥,김치국(참치),달걀부침(김말이),닭무침,0.9770471914935224
28,648,찰밥,복국(복지리),스크램블드에그,홍합무침,0.9768654301527704
29,566,쌀밥,무국(새우젓),계란후라이,닭무침,0.9768405375119372
31,240,쌀밥,김치국(참치),미나리강회,오징어포무침,0.9765381052154256
33,144,쌀밥,김치무국,계란후라이,굴무생채,0.9761434184600016
35,262,쌀밥,고동국(올갱이국),두부찜,낙지무침,0.975952811690534
36,986,찰밥,당면국(양배추),계란후라이,굴무침,0.975827917553806
37,338,쌀밥,고동국(올갱이국),오믈렛,노가리채무침,0.9756043075696056
38,759,찰밥,고동국(올갱이국),오믈렛(두부),북어채무침,0.9756004932162209
39,774,찰밥,고동국(올갱이국),스크램블드에그,해파리냉채,0.9754706198716988
40,571,쌀밥,무국(새우젓),부추잡채,새우무침,0.9753664583079122
43,130,쌀밥,김치무국,두부찜,굴무침,0.975239427258053
44,942,찰밥,당면국,두부찜,노가리채무침,0.9751564241967394
46,656,찰밥,복국(복지리),달걀부침,닭무침,0.9748562714329332
49,587,쌀밥,무국(새우젓),부추강회,꼬막무침,0.9746860947278796
55,606,찰밥,복국(복지리),두부찜,홍합무침,0.9742570086470324
57,947,찰밥,당면국,계란후라이,꼬막무침,0.9741675665857557
60,849,찰밥,고동국(올갱이국),부추잡채,노가리채무침,0.9739353391789428
61,598,쌀밥,무국(새우젓),미나리강회,노가리채무침,0.973861142080822
87,547,쌀밥,무국(새우젓),두부찜,굴무생채,0.9721177486601752
93,722,찰밥,고동국(올갱이국),계란말이,닭무침,0.9720060731975648
94,75,쌀밥,복국(복지리),부추잡채,꼬막무침,0.9719878826259278
114,674,찰밥,고동국(올갱이국),달걀찜,새우무침,0.9710275001271256
119,185,쌀밥,김치무국,부추강회,북어채무침,0.9708274034467069
122,975,찰밥,당면국(양배추),두부찜,북어채무침,0.9706051191767732
126,2,쌀밥,호박새우젓국,두부찜,닭무침,0.9704775103048422
128,164,쌀밥,김치무국,부추잡채,꼬막무침,0.9704107605560076
129,645,찰밥,복국(복지리),오믈렛,새우무침,0.9703754418940156
132,535,쌀밥,게장국,미나리강회,새우무침,0.9702723742481544
134,221,쌀밥,김치국(참치),부추잡채,닭무침,0.9702347625977722
138,665,찰밥,복국(복지리),부추강회,소라무침,0.9701815791745176
146,231,쌀밥,김치국(참치),부추강회,홍합무침,0.9700461194214528
156,64,쌀밥,복국(복지리),달걀부침(김말이),새우무침,0.9697079655963012
159,156,쌀밥,김치무국,스크램블드에그,닭무침,0.9696629025963308
164,358,쌀밥,고동국(올갱이국),달걀부침(야채),꼬막무침,0.9695697189258112
169,965,찰밥,당면국,미나리강회,닭무침,0.9694948627626409
179,5,쌀밥,호박새우젓국,계란후라이,닭무침,0.9692451294477284
183,171,쌀밥,김치무국,파강회,굴무생채,0.9691920020013542
196,230,쌀밥,김치국(참치),파강회,닭무침,0.9690057134159642
197,188,쌀밥,김치무국,미나리강회,새우무침,0.969001784967898
207,200,쌀밥,김치국(참치),두부찜,오징어포무침,0.968688408691728
215,152,쌀밥,김치무국,오믈렛(두부),닭무침,0.9685423417274496
223,8,쌀밥,호박새우젓국,파강회,닭무침,0.968282320347202
224,955,찰밥,당면국,파강회,꼬막무침,0.9681873408712596
245,622,찰밥,복국(복지리),계란말이,닭무침,0.9677552296728034
259,54,쌀밥,복국(복지리),오믈렛(두부),새우무침,0.9674635200821596
266,570,쌀밥,무국(새우젓),달걀부침,닭무침,0.967314169884482
274,505,쌀밥,게장국,두부찜,굴무침,0.9671949663027374
281,218,쌀밥,김치국(참치),스크램블드에그,닭무침,0.9670726729440566
290,162,쌀밥,김치무국,달걀부침,닭무침,0.9669885613714558
330,206,쌀밥,김치국(참치),계란말이,닭무침,0.9664303481324872
345,993,찰밥,당면국(양배추),부추잡채,닭무침,0.9662463940780106
362,520,쌀밥,게장국,스크램블드에그,닭무침,0.965975651524708
365,673,찰밥,김치국(소시지),계란후라이,닭무침,0.9659358634724732
392,522,쌀밥,게장국,부추잡채,닭무침,0.9654753370423418
393,153,쌀밥,김치무국,오믈렛,닭무침,0.9654634417598196
409,9,쌀밥,호박새우젓국,부추강회,닭무침,0.9650836414604076
416,602,쌀밥,당면국(새우),파강회,닭무침,0.9649262290492434
424,531,쌀밥,게장국,부추강회,새우무침,0.9647437018673768
453,509,쌀밥,게장국,계란말이,닭무침,0.964295907136094
465,569,쌀밥,무국(새우젓),달걀부침(김말이),닭무침,0.9641260135500532
467,220,쌀밥,김치국(참치),달걀부침,닭무침,0.9640709490896272
477,672,찰밥,김치국(소시지),두부찜,닭무침,0.9638536255969914
481,521,쌀밥,게장국,달걀부침,닭무침,0.9638100884898504
