,Unnamed: 0,밥,국,메인,서브,유사도
0,802,찰밥,고동국(올갱이국),달걀부침,오징어무채,0.9816962495067254
1,966,찰밥,당면국(양배추),두부찜,노가리채무침,0.9816946157263368
2,328,쌀밥,고동국(올갱이국),달걀부침(김말이),소라무침,0.9815231860311976
3,929,찰밥,게장국,계란후라이,닭무침,0.9811818031195644
4,181,쌀밥,김치무국,부추강회,오징어포무침,0.9806832601390268
5,933,찰밥,당면국,두부찜,꼬막무침,0.98036063361376
6,994,찰밥,당면국(양배추),파강회,북어채무침,0.9797470172250544
7,370,쌀밥,고동국(올갱이국),파강회,게맛살무침,0.9796321951058224
8,466,쌀밥,게장국,파강회,닭무침,0.9794215226146448
9,444,쌀밥,게장국,두부찜,닭무침,0.9791103484726644
10,978,찰밥,당면국(양배추),계란후라이,굴무침,0.9790790244620304
11,98,쌀밥,복국(복지리),부추강회,꼬막무침,0.9788789281628381
12,272,쌀밥,고동국(올갱이국),계란말이,게맛살무침,0.9787652263890791
13,703,찰밥,고동국(올갱이국),계란후라이,홍어회무침,0.9785421104178916
14,136,쌀밥,김치무국,계란말이,닭무침,0.9784074089758358
15,79,쌀밥,복국(복지리),파강회,피조개무침,0.9783839221107298
17,738,찰밥,고동국(올갱이국),오믈렛(두부),닭무침,0.9782225236435486
18,393,쌀밥,고동국(올갱이국),부추강회,해파리냉채,0.9781953357469156
19,758,찰밥,고동국(올갱이국),스크램블드에그,소라무침,0.9781426901042092
20,456,쌀밥,게장국,스크램블드에그,닭무침,0.978135635664678
21,116,쌀밥,복국(복지리),미나리강회,노가리채무침,0.9779562722759704
22,949,찰밥,당면국,파강회,골뱅이무침,0.977926062995654
25,744,찰밥,고동국(올갱이국),오믈렛,굴무생채,0.9776728493028126
26,49,쌀밥,복국(복지리),계란후라이,북어채무침,0.9774879636615326
27,190,쌀밥,김치무국,미나리강회,오징어포무침,0.9774293019980612
28,681,찰밥,고동국(올갱이국),순대,새우무침,0.9772916379215644
29,557,찰밥,복국(복지리),계란말이,꼬막무침,0.9772371674613286
31,207,쌀밥,김치국(참치),계란후라이,홍합무침,0.9769439348570126
32,123,쌀밥,김치무국,두부찜,대구포무침,0.9765489476001871
33,805,찰밥,고동국(올갱이국),잡채,대구포무침,0.9765320625700974
36,224,쌀밥,김치국(참치),파강회,꼬막무침,0.9763426222046204
38,816,찰밥,고동국(올갱이국),부추잡채,해파리냉채,0.9761468781012704
40,653,찰밥,고동국(올갱이국),달걀찜,꼬막무침,0.9759889704126076
42,205,쌀밥,김치국(참치),두부찜,닭무침,0.9756377107575438
48,504,쌀밥,무국(새우젓),부추잡채,새우무침,0.9750730353514059
49,251,쌀밥,고동국(올갱이국),두부찜,대구포무침,0.9749146342956551
52,519,쌀밥,무국(새우젓),부추강회,새우무침,0.9746403777140052
54,206,쌀밥,김치국(참치),계란말이,닭무침,0.9744849085896036
58,984,찰밥,당면국(양배추),달걀부침,닭무침,0.974104102638412
64,428,쌀밥,고동국(올갱이국),미나리강회,굴무침,0.9734949716428092
66,233,쌀밥,김치국(참치),부추강회,꼬막무침,0.9734184498293464
70,604,찰밥,복국(복지리),부추잡채,꼬막무침,0.973027563794184
74,497,쌀밥,무국(새우젓),계란후라이,노가리채무침,0.9726940616551814
75,219,쌀밥,김치국(참치),달걀부침(김말이),닭무침,0.9726850843653824
84,472,쌀밥,게장국,미나리강회,꼬막무침,0.9724065741695971
86,68,쌀밥,복국(복지리),달걀부침,새우무침,0.9723599222483944
88,942,찰밥,당면국,계란후라이,골뱅이무침,0.9723239413383508
89,320,쌀밥,고동국(올갱이국),달걀부침(야채),닭무침,0.9722706096378424
90,954,찰밥,당면국,부추강회,닭무침,0.9722128385726384
103,23,쌀밥,복국(복지리),두부찜,굴무침,0.9715712130765058
105,582,찰밥,복국(복지리),오믈렛(두부),닭무침,0.9714237877845564
111,515,쌀밥,무국(새우젓),파강회,노가리채무침,0.9709821543958048
122,480,쌀밥,무국(새우젓),두부찜,굴무생채,0.9705536563218096
125,585,찰밥,복국(복지리),오믈렛,닭무침,0.9705012694503976
127,154,쌀밥,김치무국,스크램블드에그,새우무침,0.9704799026473072
161,4,쌀밥,호박새우젓국,계란후라이,꼬막무침,0.9696507030172341
176,161,쌀밥,김치무국,달걀부침,꼬막무침,0.969421346776798
182,60,쌀밥,복국(복지리),스크램블드에그,새우무침,0.9692168190431312
184,530,쌀밥,무국(새우젓),미나리강회,골뱅이무침,0.9691505744938128
185,142,쌀밥,김치무국,계란후라이,꼬막무침,0.9691430372666306
187,171,쌀밥,김치무국,파강회,굴무생채,0.9690807980835652
191,999,찰밥,당면국(양배추),부추강회,오징어포무침,0.9690171450166812
193,64,쌀밥,복국(복지리),달걀부침(김말이),새우무침,0.9689964641720872
204,7,쌀밥,호박새우젓국,파강회,꼬막무침,0.9686754709676092
206,2,쌀밥,호박새우젓국,두부찜,닭무침,0.9685524398014482
207,537,찰밥,두부계란탕,계란후라이,닭무침,0.9685405121499652
254,468,쌀밥,게장국,부추강회,꼬막무침,0.9674796142108134
255,165,쌀밥,김치무국,부추잡채,닭무침,0.967473752862083
259,834,찰밥,고동국(올갱이국),짜장볶음,꼬막무침,0.967411146143673
276,651,찰밥,김치무국,잡채,닭무침,0.967191601775652
279,643,찰밥,김치국(소시지),계란후라이,닭무침,0.9671627243615064
294,119,쌀밥,김치국(소시지),두부찜,닭무침,0.9668738315721952
300,157,쌀밥,김치무국,달걀부침(김말이),새우무침,0.9668407377531922
330,220,쌀밥,김치국(참치),달걀부침,닭무침,0.966406805923548
333,239,쌀밥,김치국(참치),미나리강회,꼬막무침,0.9663735174500896
355,221,쌀밥,김치국(참치),부추잡채,닭무침,0.9659134354573758
394,458,쌀밥,게장국,부추잡채,닭무침,0.9650683980774956
398,152,쌀밥,김치무국,오믈렛(두부),닭무침,0.9649945532605788
463,72,쌀밥,복국(복지리),잡채,닭무침,0.963916939455568
497,10,쌀밥,호박새우젓국,미나리강회,닭무침,0.9633392584404314
