,Unnamed: 0,밥,국,메인,서브,유사도
0,872,찰밥,무국(새우젓),계란후라이,굴무침,0.9969065215878012
1,581,찰밥,고동국(올갱이국),계란후라이,멸치무침,0.996609337072564
2,995,현미밥,복국(복지리),달걀부침,닭무침,0.9961034724438498
4,608,찰밥,고동국(올갱이국),오믈렛(두부),골뱅이무침,0.9959705967280066
6,890,찰밥,무국(새우젓),파강회,꼬막무침,0.9947721084015576
7,625,찰밥,고동국(올갱이국),스크램블드에그,피조개무침,0.9946789007892668
8,720,찰밥,고동국(올갱이국),파강회,소라무침,0.9942307987192668
10,967,현미밥,복국(복지리),계란후라이,게맛살무침,0.991028000704664
11,474,찰밥,김치무국,스크램블드에그,꼬막무침,0.9895648477549426
12,910,찰밥,무국(새우젓),미나리강회,오징어포무침,0.9888389165300716
13,778,찰밥,고동국(올갱이국),미나리강회,낙지무침,0.9878596293187348
16,370,찰밥,복국(복지리),오믈렛,꼬막무침,0.9865294097883898
17,451,찰밥,김치무국,두부찜,닭무침,0.9862190875182169
18,929,찰밥,당면국(새우),부추강회,오징어포무침,0.9857072733373404
19,955,현미밥,복국(복지리),두부찜,노가리채무침,0.9854989727334796
20,561,찰밥,고동국(올갱이국),계란말이,홍합무침,0.9851747054415608
23,174,쌀밥,김치국(참치),두부찜,오징어포무침,0.9821523119061596
24,54,쌀밥,복국(복지리),부추잡채,닭무침,0.9820120278964516
25,881,찰밥,무국(새우젓),달걀부침(김말이),닭무침,0.9819945695111107
26,941,현미밥,호박새우젓국,부추강회,닭무침,0.9818842557795486
29,618,찰밥,고동국(올갱이국),오믈렛,굴무생채,0.9815279215727084
30,986,현미밥,복국(복지리),스크램블드에그,새우무침,0.981260927553006
31,743,찰밥,고동국(올갱이국),부추강회,멸치무침,0.9812318374924184
32,650,찰밥,고동국(올갱이국),달걀부침(김말이),대구포무침,0.9810730552237056
33,961,현미밥,복국(복지리),계란말이,새우무침,0.9809703067913198
35,677,찰밥,고동국(올갱이국),달걀부침,닭무침,0.9807010065826154
36,235,쌀밥,게장국,계란후라이,새우무침,0.9805941929307596
38,846,찰밥,당면국(양배추),미나리강회,새우무침,0.9801866626003624
39,927,찰밥,당면국(새우),파강회,닭무침,0.9801249138179876
40,791,찰밥,게장국,두부찜,골뱅이무침,0.9799395562248242
41,477,찰밥,김치무국,달걀부침(김말이),닭무침,0.9795613593132404
43,645,찰밥,고동국(올갱이국),달걀부침(야채),닭무침,0.9794644957836643
44,323,찰밥,두부계란탕,계란후라이,닭무침,0.9794244729873663
52,935,현미밥,호박새우젓국,두부찜,꼬막무침,0.9784181182911916
54,480,찰밥,김치무국,달걀부침,닭무침,0.9783814621772072
57,123,쌀밥,김치무국,계란후라이,북어채무침,0.9781834022151428
58,423,찰밥,복국(복지리),부추강회,닭무침,0.9781259421091352
59,696,찰밥,고동국(올갱이국),부추잡채,소라무침,0.9779877895832992
60,855,찰밥,무국(새우젓),두부찜,굴무생채,0.9776753034550799
63,405,찰밥,복국(복지리),파강회,굴무침,0.9774952527467408
67,877,찰밥,무국(새우젓),오믈렛,닭무침,0.9773461371291576
74,915,찰밥,당면국(새우),두부찜,꼬막무침,0.9765368910896844
75,883,찰밥,무국(새우젓),달걀부침,닭무침,0.9763790126192636
78,880,찰밥,무국(새우젓),스크램블드에그,닭무침,0.9762714993334108
82,821,찰밥,게장국,미나리강회,새우무침,0.976109516520135
83,424,찰밥,복국(복지리),미나리강회,홍합무침,0.976072956956013
84,554,찰밥,고동국(올갱이국),두부찜,사태초무침,0.9758811870299472
87,834,찰밥,당면국(양배추),파강회,새우무침,0.9756357366468206
94,876,찰밥,무국(새우젓),오믈렛(두부),닭무침,0.9752703326561896
103,884,찰밥,무국(새우젓),부추잡채,새우무침,0.9746069321594191
104,300,쌀밥,무국(새우젓),부추강회,꼬막무침,0.974601708400008
109,180,쌀밥,김치국(참치),계란말이,닭무침,0.9743158706653801
111,863,찰밥,무국(새우젓),계란말이,닭무침,0.9742956182325492
113,10,쌀밥,호박새우젓국,미나리강회,닭무침,0.9737793785581488
114,709,찰밥,고동국(올갱이국),짜장볶음,오징어포무침,0.9737498183487092
116,831,찰밥,당면국(양배추),부추잡채,닭무침,0.9736800881583616
130,842,찰밥,당면국(양배추),부추강회,새우무침,0.9729947481962804
131,320,찰밥,호박새우젓국,파강회,새우무침,0.9729916618521959
132,812,찰밥,게장국,파강회,새우무침,0.9729568106332744
140,108,쌀밥,김치무국,계란말이,새우무침,0.9724596134818504
141,494,찰밥,김치무국,미나리강회,새우무침,0.97241729328681
145,318,찰밥,호박새우젓국,계란후라이,꼬막무침,0.9723455089174998
146,518,찰밥,김치국(참치),계란후라이,북어채무침,0.9722443970220472
155,204,쌀밥,김치국(참치),파강회,닭무침,0.9717635715884749
158,150,쌀밥,김치무국,파강회,북어채무침,0.9716415108936076
160,483,찰밥,김치무국,부추잡채,닭무침,0.9714877970020416
166,680,찰밥,고동국(올갱이국),잡채,새우무침,0.9714024745950918
173,991,현미밥,복국(복지리),달걀부침(김말이),꼬막무침,0.9710113297333344
179,489,찰밥,김치무국,부추강회,골뱅이무침,0.9708968520542566
192,933,찰밥,당면국(새우),미나리강회,닭무침,0.9702463893263372
213,819,찰밥,게장국,부추강회,오징어포무침,0.9695195507361031
216,523,찰밥,김치국(참치),부추강회,북어채무침,0.9693940537676548
221,471,찰밥,김치무국,오믈렛(두부),닭무침,0.9692344143327056
234,983,현미밥,복국(복지리),오믈렛(두부),닭무침,0.9689374440287879
239,829,찰밥,당면국(양배추),계란후라이,꼬막무침,0.9687294516348688
246,825,찰밥,당면국,파강회,꼬막무침,0.9685230929099496
297,387,찰밥,복국(복지리),잡채,닭무침,0.9668468042210788
300,194,쌀밥,김치국(참치),달걀부침,닭무침,0.9667725983140152
307,556,찰밥,고동국(올갱이국),순대,꼬막무침,0.9665657436138552
315,214,쌀밥,김치국(참치),미나리강회,오징어포무침,0.9662465328794476
329,830,찰밥,당면국(양배추),달걀부침(김말이),닭무침,0.9655640916232776
343,917,찰밥,당면국(새우),달걀부침(김말이),닭무침,0.9649300155993041
367,437,찰밥,김치국(소시지),계란후라이,닭무침,0.9640313165220727
390,245,쌀밥,게장국,부추잡채,닭무침,0.9633362334057456
397,918,찰밥,당면국(새우),부추잡채,닭무침,0.9625815081775764
405,195,쌀밥,김치국(참치),부추잡채,닭무침,0.9623522769922668
