,Unnamed: 0,밥,국,메인,서브,유사도
0,961,현미밥,고동국(올갱이국),계란후라이,노가리채무침,0.9938415028006063
1,569,찰밥,고동국(올갱이국),미나리강회,오징어무침(파),0.9895642803043464
2,305,찰밥,김치무국,미나리강회,북어채무침,0.989259752634176
3,222,찰밥,복국(복지리),미나리강회,골뱅이무침,0.9883127403875274
4,804,현미밥,김치무국,계란후라이,새우무침,0.9879654398291404
5,40,쌀밥,김치무국,부추강회,북어채무침,0.9879627433032604
6,397,찰밥,고동국(올갱이국),계란말이,북어채무침,0.987857845595438
10,73,쌀밥,김치국(참치),파강회,새우무침,0.9866708070522784
11,106,찰밥,호박새우젓국,계란후라이,새우무침,0.9856080914378946
12,709,현미밥,복국(복지리),계란후라이,해파리냉채,0.9851297961252672
15,452,찰밥,고동국(올갱이국),달걀부침(김말이),새우무침,0.9848116788768578
18,975,현미밥,고동국(올갱이국),스크램블드에그,홍합무침,0.98459002917629
19,489,찰밥,고동국(올갱이국),부추잡채,골뱅이무침,0.984139094183118
20,464,찰밥,고동국(올갱이국),달걀부침,해파리냉채,0.9836440709602844
22,706,현미밥,복국(복지리),계란말이,꼬막무침,0.9835203776325862
26,757,현미밥,복국(복지리),파강회,노가리채무침,0.9830396613031138
27,181,찰밥,복국(복지리),부추잡채,꼬막무침,0.9830052515627986
29,503,찰밥,고동국(올갱이국),파강회,멸치무침,0.98242043152695
30,287,찰밥,김치무국,파강회,북어채무침,0.9824090558822806
31,666,찰밥,무국(새우젓),부추강회,북어채무침,0.9823677602459489
32,326,찰밥,김치국(참치),계란후라이,굴무침,0.982323416121022
35,177,찰밥,복국(복지리),잡채,꼬막무침,0.9821008424225721
38,131,찰밥,복국(복지리),두부찜,오징어무침(파),0.9819576656767957
40,361,찰밥,고동국(올갱이국),두부찜,게맛살무침,0.9817124122686641
42,891,현미밥,김치국(참치),부추강회,북어채무침,0.9815611058045732
44,205,찰밥,복국(복지리),부추강회,새우무침,0.9813305625365598
45,14,쌀밥,김치무국,달걀부침(김말이),새우무침,0.981035768993395
46,576,찰밥,게장국,두부찜,굴무침,0.9810342925973592
47,159,찰밥,복국(복지리),오믈렛(두부),닭무침,0.9810174848238457
50,264,찰밥,김치무국,스크램블드에그,새우무침,0.9806243920251057
51,317,찰밥,김치국(참치),두부찜,닭무침,0.9805995686418344
53,231,찰밥,김치무국,두부찜,대구포무침,0.9803768342454432
59,330,찰밥,김치국(참치),스크램블드에그,닭무침,0.9797905524543478
65,356,찰밥,고동국(올갱이국),달걀찜,닭무침,0.9793785449327538
66,598,찰밥,게장국,파강회,오징어포무침,0.9793743194181186
67,673,찰밥,무국(새우젓),미나리강회,노가리채무침,0.9793665870429088
72,659,찰밥,무국(새우젓),파강회,닭무침,0.9792747398703172
73,591,찰밥,게장국,스크램블드에그,닭무침,0.9791747278120438
74,592,찰밥,게장국,달걀부침(김말이),닭무침,0.9791747278120438
87,168,찰밥,복국(복지리),스크램블드에그,닭무침,0.9784431652765332
96,270,찰밥,김치무국,달걀부침,새우무침,0.9781149058642288
99,729,현미밥,복국(복지리),오믈렛,닭무침,0.9779923026301028
110,625,찰밥,무국(새우젓),계란후라이,홍합무침,0.9776021982432882
112,539,찰밥,고동국(올갱이국),부추강회,낙지무침,0.9775576672762408
122,604,찰밥,게장국,부추강회,꼬막무침,0.977114015154252
125,612,찰밥,무국(새우젓),두부찜,대구포무침,0.9769533681200788
127,676,현미밥,호박새우젓국,두부찜,새우무침,0.9769207825774808
130,69,쌀밥,김치국(참치),달걀부침(김말이),닭무침,0.9767456999192421
140,584,찰밥,게장국,계란후라이,꼬막무침,0.976470640702547
152,175,찰밥,복국(복지리),달걀부침,오징어포무침,0.975944161719692
156,380,찰밥,고동국(올갱이국),순대,새우무침,0.9759139407369226
168,799,현미밥,김치무국,계란말이,꼬막무침,0.9756642801812172
172,991,현미밥,고동국(올갱이국),달걀부침(야채),닭무침,0.9756193498844644
176,894,현미밥,김치국(참치),미나리강회,새우무침,0.9754741593525432
185,274,찰밥,김치무국,부추잡채,새우무침,0.9751031429384588
203,640,찰밥,무국(새우젓),스크램블드에그,꼬막무침,0.9743133420603436
205,971,현미밥,고동국(올갱이국),오믈렛,오징어포무침,0.9741775773469272
213,111,찰밥,호박새우젓국,파강회,닭무침,0.9739047132444159
253,623,찰밥,무국(새우젓),계란말이,꼬막무침,0.9730695980352071
263,685,현미밥,호박새우젓국,부추강회,닭무침,0.9728265317736076
282,878,현미밥,김치국(참치),달걀부침,닭무침,0.9724943104559652
310,170,찰밥,복국(복지리),달걀부침(김말이),꼬막무침,0.9718156432592644
338,263,찰밥,김치무국,오믈렛,닭무침,0.9707591150287566
352,333,찰밥,김치국(참치),부추잡채,닭무침,0.9702789246453404
368,643,찰밥,무국(새우젓),달걀부침,꼬막무침,0.9698981313269842
376,228,찰밥,김치국(소시지),계란후라이,닭무침,0.9696923003203599
453,273,찰밥,김치무국,잡채,닭무침,0.968131425872377
481,59,쌀밥,김치국(참치),계란말이,닭무침,0.9672642438494236
482,968,현미밥,고동국(올갱이국),오믈렛(두부),오징어포무침,0.9672495013255008
