,Unnamed: 0,밥,국,메인,서브,유사도
0,535,현미밥,복국(복지리),오믈렛,닭무침,0.9897730651144035
1,282,찰밥,고동국(올갱이국),두부찜,닭무침,0.9894650353202816
2,207,찰밥,김치무국,부추강회,오징어포무침,0.9885357351490665
3,757,현미밥,고동국(올갱이국),파강회,홍합무침,0.9882023216291372
4,39,찰밥,복국(복지리),두부찜,오징어포무침,0.9881826146556042
5,370,찰밥,고동국(올갱이국),미나리강회,꼴뚜기무침,0.9880656640972836
6,891,현미밥,무국(새우젓),부추강회,꼬막무침,0.9871964897871928
8,71,찰밥,복국(복지리),계란후라이,닭무침,0.9868930812794168
9,99,찰밥,복국(복지리),부추잡채,닭무침,0.9858203454785964
10,880,현미밥,무국(새우젓),파강회,새우무침,0.9852766094415876
12,422,찰밥,무국(새우젓),두부찜,굴무생채,0.9850047621691382
14,663,현미밥,김치국(참치),두부찜,새우무침,0.9848029825498252
15,925,콩밥(대두),김치무국,파강회,굴무침,0.9848027846441236
17,434,찰밥,무국(새우젓),계란후라이,꼬막무침,0.9838389658417264
20,731,현미밥,고동국(올갱이국),달걀부침(야채),새우무침,0.983579322084615
21,387,찰밥,게장국,계란후라이,홍합무침,0.9835732712902938
24,168,찰밥,김치무국,계란후라이,소라무침,0.9832164467761824
26,266,찰밥,김치국(참치),미나리강회,새우무침,0.9826110342449556
28,949,팥밥,김치국(참치),부추강회,꼬막무침,0.9823324878644684
29,779,현미밥,고동국(올갱이국),부추강회,게맛살무침,0.9823178929484468
32,124,찰밥,복국(복지리),부추강회,오징어포무침,0.9821896471240592
35,180,찰밥,김치무국,스크램블드에그,꼬막무침,0.981879909601187
36,843,현미밥,게장국,부추강회,꼬막무침,0.9817809243524572
37,191,찰밥,김치무국,부추잡채,닭무침,0.9815434045598644
38,542,현미밥,복국(복지리),달걀부침(김말이),닭무침,0.9812563457737814
39,13,쌀밥,김치국(참치),파강회,닭무침,0.9812526286441492
40,146,찰밥,김치무국,두부찜,대구포무침,0.9811657869679902
42,137,찰밥,복국(복지리),미나리강회,골뱅이무침,0.9810037547056324
43,243,찰밥,김치국(참치),계란후라이,북어채무침,0.9808391541256593
45,902,현미밥,무국(새우젓),미나리강회,닭무침,0.9805941173861088
46,216,찰밥,김치무국,미나리강회,오징어포무침,0.9805913553045441
47,81,찰밥,복국(복지리),스크램블드에그,오징어포무침,0.9802707183412959
52,111,찰밥,복국(복지리),파강회,굴무침,0.979850199912184
62,621,현미밥,김치무국,오믈렛,닭무침,0.9794828470693556
67,377,찰밥,게장국,두부찜,홍합무침,0.9791545436724384
69,746,현미밥,고동국(올갱이국),부추잡채,대구포무침,0.9790792268959706
70,299,찰밥,고동국(올갱이국),달걀부침(김말이),꼬막무침,0.979065889437433
82,405,찰밥,게장국,파강회,골뱅이무침,0.9784353280453908
86,685,현미밥,김치국(참치),부추잡채,닭무침,0.9783243676421399
89,683,현미밥,김치국(참치),달걀부침(김말이),닭무침,0.9782099009569621
107,961,완두콩밥,호박새우젓국,미나리강회,닭무침,0.9775337588667712
120,953,완두콩밥,호박새우젓국,두부찜,닭무침,0.9768521858900387
134,89,찰밥,복국(복지리),달걀부침,꼬막무침,0.9763359239940156
138,626,현미밥,김치무국,달걀부침(김말이),닭무침,0.9761460337933014
140,962,완두콩밥,두부계란탕,계란후라이,닭무침,0.9760960650742035
141,727,현미밥,고동국(올갱이국),계란후라이,닭무침,0.9760948331007984
162,846,현미밥,게장국,미나리강회,꼬막무침,0.9756893490153834
172,26,찰밥,호박새우젓국,파강회,닭무침,0.9752742385400074
182,272,찰밥,고동국(올갱이국),달걀찜,꼬막무침,0.9748800340887274
185,444,찰밥,무국(새우젓),오믈렛,닭무침,0.974758641989428
192,443,찰밥,무국(새우젓),오믈렛(두부),닭무침,0.9743350310277904
198,512,현미밥,복국(복지리),계란말이,꼬막무침,0.9740871630640208
200,73,찰밥,복국(복지리),오믈렛(두부),꼬막무침,0.9739827735450396
230,832,현미밥,게장국,스크램블드에그,닭무침,0.9734773036874362
237,160,찰밥,김치무국,계란말이,닭무침,0.9732855861075048
246,21,찰밥,호박새우젓국,계란후라이,새우무침,0.9730679269634456
252,429,찰밥,무국(새우젓),계란말이,꼬막무침,0.9729491630640092
268,449,찰밥,무국(새우젓),달걀부침,꼬막무침,0.9726728147228862
302,398,찰밥,게장국,달걀부침(김말이),닭무침,0.9717145618992288
308,304,찰밥,고동국(올갱이국),달걀부침,꼬막무침,0.9715803224320668
336,187,찰밥,김치무국,달걀부침,닭무침,0.9706541820766678
349,93,찰밥,복국(복지리),잡채,닭무침,0.9703588567526436
369,720,현미밥,고동국(올갱이국),계란말이,닭무침,0.969870444266588
394,233,찰밥,김치국(참치),계란말이,닭무침,0.9693632414784162
453,27,찰밥,호박새우젓국,부추강회,닭무침,0.9680565112884092
454,142,찰밥,김치국(소시지),두부찜,닭무침,0.9680538242012254
472,143,찰밥,김치국(소시지),계란후라이,닭무침,0.9674146336052382
485,245,찰밥,김치국(참치),스크램블드에그,닭무침,0.967101923846394
494,177,찰밥,김치무국,오믈렛(두부),닭무침,0.96666570562471
