,Unnamed: 0,밥,국,메인,서브,유사도
0,891,찰밥,당면국(양배추),미나리강회,홍합무침,0.9951008570215542
1,935,찰밥,무국(새우젓),파강회,홍합무침,0.9894144922670394
2,759,찰밥,고동국(올갱이국),파강회,오징어무침(어묵),0.9873648818529576
3,786,찰밥,고동국(올갱이국),부추강회,닭무침,0.9863845399614904
4,908,찰밥,무국(새우젓),두부찜,북어채무침,0.9860672998263694
5,442,찰밥,복국(복지리),부추잡채,꼬막무침,0.9820169157078186
6,134,쌀밥,김치무국,계란후라이,꼬막무침,0.9818669866258676
7,421,찰밥,복국(복지리),오믈렛,새우무침,0.981545575555303
8,79,쌀밥,복국(복지리),파강회,굴무생채,0.981015497942145
9,565,찰밥,고동국(올갱이국),두부찜,쥐포무침,0.9804456115711024
11,157,쌀밥,김치무국,부추잡채,닭무침,0.9799784159136616
12,211,쌀밥,김치국(참치),달걀부침(김말이),닭무침,0.9797460351032168
14,713,찰밥,고동국(올갱이국),잡채,닭무침,0.97928153808555
15,44,쌀밥,복국(복지리),계란후라이,꼴뚜기무침,0.9792361386497024
17,496,찰밥,김치무국,두부찜,오징어포무침,0.9789972936957344
19,337,쌀밥,무국(새우젓),부추잡채,꼬막무침,0.9785573183599344
20,171,쌀밥,김치무국,부추강회,새우무침,0.9785358881143692
21,681,찰밥,고동국(올갱이국),달걀부침(김말이),골뱅이무침,0.9784267500873006
23,393,찰밥,복국(복지리),두부찜,닭무침,0.9780922165296708
25,867,찰밥,당면국(양배추),계란후라이,오징어포무침,0.9779675132205858
27,840,찰밥,게장국,부추강회,새우무침,0.9773369529194106
28,88,쌀밥,복국(복지리),부추강회,대구포무침,0.9773035537952748
31,847,찰밥,게장국,미나리강회,닭무침,0.9771204948196855
32,832,찰밥,게장국,스크램블드에그,닭무침,0.976944791293564
36,366,찰밥,호박새우젓국,두부찜,새우무침,0.9765202156331556
39,503,찰밥,김치무국,계란말이,닭무침,0.9760618156380256
44,968,찰밥,당면국(새우),계란말이,닭무침,0.9755581356646668
45,606,찰밥,고동국(올갱이국),계란후라이,멸치무침,0.9753157315949942
48,811,찰밥,고동국(올갱이국),미나리강회,닭무침,0.9749657504915388
50,331,쌀밥,무국(새우젓),계란후라이,닭무침,0.9746868897364416
57,292,쌀밥,게장국,파강회,새우무침,0.9738622880164648
58,188,쌀밥,김치국(참치),두부찜,홍합무침,0.9738436593065508
60,283,쌀밥,게장국,계란후라이,골뱅이무침,0.9733674794417126
63,180,쌀밥,김치무국,미나리강회,새우무침,0.9731387236484136
66,10,쌀밥,호박새우젓국,미나리강회,닭무침,0.972913455771622
68,144,쌀밥,김치무국,오믈렛(두부),닭무침,0.972843150901646
69,226,쌀밥,김치국(참치),부추강회,오징어포무침,0.9727629303373722
70,169,쌀밥,김치무국,파강회,닭무침,0.972689780426082
71,658,찰밥,고동국(올갱이국),스크램블드에그,굴무생채,0.9726885217303359
72,27,쌀밥,복국(복지리),계란말이,새우무침,0.9726873438081592
74,476,찰밥,복국(복지리),미나리강회,홍합무침,0.9725559868427692
80,955,찰밥,무국(새우젓),미나리강회,홍합무침,0.972265269200958
81,636,찰밥,고동국(올갱이국),오믈렛(두부),북어채무침,0.972240245418181
84,988,찰밥,당면국(새우),부추강회,오징어포무침,0.97209711100438
86,271,쌀밥,게장국,두부찜,오징어포무침,0.9717744386238432
96,153,쌀밥,김치무국,달걀부침,꼬막무침,0.9710460744367024
97,207,쌀밥,김치국(참치),계란후라이,노가리채무침,0.9709982029152824
102,5,쌀밥,호박새우젓국,계란후라이,닭무침,0.9708066529796846
104,145,쌀밥,김치무국,오믈렛,닭무침,0.9707692346655278
107,950,찰밥,무국(새우젓),부추강회,오징어포무침,0.9707571653955402
113,687,찰밥,고동국(올갱이국),달걀부침,피조개무침,0.9704182575441188
120,147,쌀밥,김치무국,스크램블드에그,꼬막무침,0.9702954984822424
126,232,쌀밥,김치국(참치),미나리강회,오징어포무침,0.9699566049995451
145,586,찰밥,고동국(올갱이국),계란말이,홍합무침,0.9693143265556641
147,993,찰밥,당면국(새우),미나리강회,꼬막무침,0.9692353812098736
161,219,쌀밥,김치국(참치),파강회,굴무침,0.9687882041996072
165,965,찰밥,당면국(새우),두부찜,오징어포무침,0.9685159951036504
180,58,쌀밥,복국(복지리),달걀부침(김말이),꼬막무침,0.9680598829054544
182,419,찰밥,복국(복지리),오믈렛(두부),꼬막무침,0.9680508816432076
184,111,쌀밥,김치국(소시지),두부찜,닭무침,0.968013415980264
188,875,찰밥,당면국(양배추),파강회,대구포무침,0.9679221740362738
192,212,쌀밥,김치국(참치),달걀부침,닭무침,0.9678210267299899
195,63,쌀밥,복국(복지리),달걀부침,오징어포무침,0.9677183131692036
206,976,찰밥,당면국(새우),파강회,홍합무침,0.9675058371647404
213,56,쌀밥,복국(복지리),스크램블드에그,닭무침,0.967357602014302
224,911,찰밥,무국(새우젓),계란말이,닭무침,0.9671804019989582
226,9,쌀밥,호박새우젓국,부추강회,닭무침,0.9670801009951959
228,6,쌀밥,호박새우젓국,파강회,새우무침,0.9669272468533944
240,724,찰밥,고동국(올갱이국),부추잡채,골뱅이무침,0.9666553966801268
241,489,찰밥,김치국(소시지),계란후라이,닭무침,0.9666143150642584
242,858,찰밥,당면국(양배추),두부찜,굴무생채,0.9665225501232512
246,523,찰밥,김치무국,달걀부침(김말이),새우무침,0.966303494440698
256,213,쌀밥,김치국(참치),부추잡채,닭무침,0.9660730626107022
280,552,찰밥,고동국(올갱이국),달걀찜,꼬막무침,0.9650435524544542
283,289,쌀밥,게장국,달걀부침,닭무침,0.9649858075344546
284,290,쌀밥,게장국,부추잡채,닭무침,0.9649858075344546
292,833,찰밥,게장국,달걀부침(김말이),닭무침,0.9647861074536628
326,332,쌀밥,무국(새우젓),스크램블드에그,꼬막무침,0.9640488940764363
329,888,찰밥,당면국(양배추),부추강회,골뱅이무침,0.9638766424888456
346,582,찰밥,고동국(올갱이국),순대,오징어포무침,0.9631816655390844
363,871,찰밥,당면국(양배추),달걀부침(김말이),닭무침,0.9623364389273348
366,439,찰밥,복국(복지리),잡채,닭무침,0.9622785750729372
403,975,찰밥,당면국(새우),부추잡채,닭무침,0.9613233490622658
410,647,찰밥,고동국(올갱이국),오믈렛,노가리채무침,0.9611985932417269
424,925,찰밥,무국(새우젓),오믈렛,닭무침,0.9604284436621988
425,852,찰밥,당면국,파강회,닭무침,0.9604153111459351
427,732,찰밥,고동국(올갱이국),짜장볶음,새우무침,0.9604019037728154
450,670,찰밥,고동국(올갱이국),달걀부침(야채),닭무침,0.9593443009282576
