,Unnamed: 0,밥,국,메인,서브,유사도
0,748,찰밥,무국(새우젓),달걀부침,꼬막무침,0.9980079433959193
1,622,찰밥,고동국(올갱이국),파강회,닭무침,0.9978033133302644
2,939,현미밥,김치무국,파강회,굴무침,0.9976478004253044
3,904,현미밥,김치무국,계란말이,새우무침,0.9973031813273276
4,974,현미밥,김치국(참치),계란후라이,골뱅이무침,0.9966518762414776
5,729,찰밥,무국(새우젓),계란말이,닭무침,0.9949785646521672
6,457,찰밥,고동국(올갱이국),계란말이,게맛살무침,0.9944058964022332
7,951,현미밥,김치무국,미나리강회,새우무침,0.9920050525771238
9,783,현미밥,호박새우젓국,두부찜,꼬막무침,0.9898527276084071
11,344,찰밥,김치무국,달걀부침,새우무침,0.9891064303279888
12,256,찰밥,복국(복지리),부추잡채,오징어포무침,0.9881471121631378
13,58,쌀밥,김치무국,달걀부침(김말이),닭무침,0.9877992906763908
14,853,현미밥,복국(복지리),파강회,홍합무침,0.987790159002586
15,439,찰밥,고동국(올갱이국),두부찜,꼴뚜기무침,0.9877027750088521
16,252,찰밥,복국(복지리),잡채,닭무침,0.9871457981474048
17,64,쌀밥,김치무국,부추잡채,닭무침,0.9868021717820812
18,998,현미밥,고동국(올갱이국),달걀찜,닭무침,0.9868017114951371
20,131,쌀밥,김치국(참치),부추강회,새우무침,0.9854499606705476
21,756,찰밥,무국(새우젓),파강회,꼬막무침,0.9849831213932
22,984,현미밥,김치국(참치),파강회,노가리채무침,0.9849266908763032
23,894,현미밥,김치무국,두부찜,새우무침,0.9848748171805666
24,495,찰밥,고동국(올갱이국),계란후라이,사태초무침,0.9846668869570572
27,532,찰밥,고동국(올갱이국),스크램블드에그,오징어무채,0.9839848032470402
28,507,찰밥,고동국(올갱이국),오믈렛,대구포무침,0.983498031843482
32,826,현미밥,복국(복지리),계란후라이,노가리채무침,0.9832219780496124
34,806,현미밥,복국(복지리),두부찜,북어채무침,0.9828777362386976
35,210,찰밥,복국(복지리),계란말이,닭무침,0.9828478848840534
37,546,찰밥,고동국(올갱이국),달걀부침(김말이),소라무침,0.9823227955177406
38,325,찰밥,김치무국,계란후라이,새우무침,0.9822581044928173
39,711,찰밥,게장국,미나리강회,꼬막무침,0.9822139944859865
40,365,찰밥,김치무국,부추강회,골뱅이무침,0.9821630614963612
42,876,현미밥,복국(복지리),부추강회,노가리채무침,0.9819532148825784
44,160,쌀밥,게장국,부추강회,꼬막무침,0.9818183440597614
45,157,쌀밥,게장국,파강회,북어채무침,0.9818008967360116
47,402,찰밥,김치국(참치),스크램블드에그,닭무침,0.9815473567842752
51,237,찰밥,복국(복지리),스크램블드에그,홍합무침,0.9811720686625516
52,187,찰밥,호박새우젓국,미나리강회,닭무침,0.980903871936312
57,302,찰밥,김치국(소시지),계란후라이,닭무침,0.9804645705823968
63,724,찰밥,무국(새우젓),두부찜,굴무침,0.9797859419851936
68,144,쌀밥,게장국,두부찜,닭무침,0.979441698820364
71,964,현미밥,김치국(참치),두부찜,굴무침,0.9792498981549128
75,643,찰밥,고동국(올갱이국),부추강회,북어채무침,0.9792099403733164
85,841,현미밥,복국(복지리),달걀부침(김말이),꼬막무침,0.9787187368232044
90,6,쌀밥,호박새우젓국,파강회,닭무침,0.9784701535690148
99,880,현미밥,복국(복지리),미나리강회,대구포무침,0.9780578600155874
100,778,찰밥,무국(새우젓),미나리강회,노가리채무침,0.9779563699235786
113,670,찰밥,고동국(올갱이국),미나리강회,오징어무침,0.9774477497383292
115,582,찰밥,고동국(올갱이국),부추잡채,새우무침,0.9774042497654952
117,452,찰밥,고동국(올갱이국),순대,오징어포무침,0.9773766511463852
134,186,찰밥,호박새우젓국,부추강회,닭무침,0.9765525403005514
137,105,쌀밥,김치국(참치),계란말이,닭무침,0.9764579621312178
145,573,찰밥,고동국(올갱이국),잡채,굴무생채,0.9762310906421658
152,404,찰밥,김치국(참치),달걀부침,닭무침,0.9758146426592278
155,147,쌀밥,게장국,계란후라이,닭무침,0.9757891706086891
160,568,찰밥,고동국(올갱이국),달걀부침,북어채무침,0.9757040692639556
192,715,찰밥,당면국(양배추),파강회,닭무침,0.9746690921055606
198,733,찰밥,무국(새우젓),계란후라이,꼬막무침,0.9744354837670588
204,786,현미밥,호박새우젓국,계란후라이,꼬막무침,0.9739694257417868
212,136,쌀밥,김치국(참치),미나리강회,홍합무침,0.9737375496903804
224,833,현미밥,복국(복지리),오믈렛(두부),닭무침,0.9734722179551534
263,502,찰밥,고동국(올갱이국),오믈렛(두부),굴무침,0.9725749024349878
268,771,찰밥,무국(새우젓),부추강회,북어채무침,0.9724705838283548
276,336,찰밥,김치무국,오믈렛(두부),닭무침,0.9723402636105082
285,743,찰밥,무국(새우젓),오믈렛,닭무침,0.9721103914785868
290,595,찰밥,고동국(올갱이국),짜장볶음,꼬막무침,0.9719586793515465
315,982,현미밥,김치국(참치),부추잡채,닭무침,0.9711235120087643
327,301,찰밥,김치국(소시지),두부찜,닭무침,0.970603306389762
333,403,찰밥,김치국(참치),달걀부침(김말이),닭무침,0.970321123976977
342,751,찰밥,무국(새우젓),부추잡채,꼬막무침,0.9700911251990976
353,148,쌀밥,게장국,스크램블드에그,닭무침,0.9698532640063444
367,248,찰밥,복국(복지리),달걀부침,꼬막무침,0.96949879816325
379,697,찰밥,게장국,부추잡채,닭무침,0.9693731440298441
384,347,찰밥,김치무국,잡채,닭무침,0.9692595682804219
415,337,찰밥,김치무국,오믈렛,닭무침,0.9686913971759378
419,188,찰밥,두부계란탕,계란후라이,닭무침,0.9686074835271856
427,747,찰밥,무국(새우젓),달걀부침(김말이),닭무침,0.9683027380137494
435,53,쌀밥,김치무국,스크램블드에그,새우무침,0.9681573203011851
438,235,찰밥,복국(복지리),오믈렛,꼬막무침,0.968014399827131
453,536,찰밥,고동국(올갱이국),달걀부침(야채),새우무침,0.9677726240159152
