,Unnamed: 0,밥,국,메인,서브,유사도
0,591,쌀밥,무국(새우젓),계란후라이,골뱅이무침,0.9973407212085956
1,769,찰밥,당면국,계란후라이,골뱅이무침,0.9972151628374644
2,736,찰밥,고동국(올갱이국),잡채,새우무침,0.9971613095207006
4,279,쌀밥,고동국(올갱이국),오믈렛(두부),굴무침,0.9970535321055434
5,981,현미밥,당면국(양배추),두부찜,새우무침,0.9970211330427796
6,638,쌀밥,당면국(새우),두부찜,북어채무침,0.9969172406348548
8,781,찰밥,당면국,부추강회,꼬막무침,0.9967930490738452
9,997,현미밥,당면국(양배추),계란후라이,굴무침,0.9967159157063517
11,262,쌀밥,고동국(올갱이국),계란후라이,노가리채무침,0.9963647300535629
13,675,쌀밥,당면국(새우),미나리강회,닭무침,0.9960322435579448
14,613,쌀밥,무국(새우젓),파강회,닭무침,0.9959793256662764
15,857,찰밥,당면국(새우),계란후라이,북어채무침,0.9955276385817641
16,546,쌀밥,당면국(양배추),달걀부침(김말이),닭무침,0.9954302497223212
20,663,쌀밥,당면국(새우),파강회,닭무침,0.9948718134092128
23,950,현미밥,고동국(올갱이국),미나리강회,오징어무침(파),0.9941020741555524
24,225,쌀밥,고동국(올갱이국),두부찜,사태초무침,0.9933601639490264
25,323,쌀밥,고동국(올갱이국),달걀부침(김말이),오징어포무침,0.9924577832884436
29,495,쌀밥,당면국,두부찜,오징어포무침,0.9906919033451812
30,894,현미밥,고동국(올갱이국),계란말이,노가리채무침,0.9905086021441222
31,826,찰밥,당면국(양배추),부추강회,꼬막무침,0.9900753177262815
32,927,현미밥,고동국(올갱이국),달걀부침,피조개무침,0.9899395545702774
33,836,찰밥,당면국(양배추),미나리강회,북어채무침,0.9898388715493543
34,619,쌀밥,무국(새우젓),부추강회,노가리채무침,0.9898358731987058
35,550,쌀밥,당면국(양배추),파강회,대구포무침,0.989667914276166
36,626,쌀밥,무국(새우젓),미나리강회,골뱅이무침,0.989493962542792
42,228,쌀밥,고동국(올갱이국),순대,닭무침,0.9887982650429976
51,365,쌀밥,고동국(올갱이국),부추잡채,굴무생채,0.9882783926135514
53,415,쌀밥,고동국(올갱이국),부추강회,굴무생채,0.988215140463571
54,283,쌀밥,고동국(올갱이국),오믈렛,홍합무침,0.9881563730449378
61,404,쌀밥,고동국(올갱이국),파강회,사태초무침,0.9879261599935928
63,971,현미밥,당면국,파강회,북어채무침,0.9878981816321534
69,98,쌀밥,복국(복지리),부추강회,굴무생채,0.9877025869241672
73,943,현미밥,고동국(올갱이국),짜장볶음,새우무침,0.9876018876319734
74,62,쌀밥,복국(복지리),달걀부침(김말이),새우무침,0.9875903049546378
75,519,쌀밥,당면국,미나리강회,꼬막무침,0.9875757013143276
78,54,쌀밥,복국(복지리),오믈렛(두부),닭무침,0.9875625833118444
80,118,쌀밥,김치국(소시지),계란후라이,닭무침,0.9875431779915712
86,136,쌀밥,김치무국,계란후라이,해파리냉채,0.9874461321816516
87,640,쌀밥,당면국(새우),계란말이,닭무침,0.9874335244954928
89,182,쌀밥,김치국(참치),계란후라이,홍합무침,0.987428223517686
93,70,쌀밥,복국(복지리),잡채,닭무침,0.9873295661375991
101,464,쌀밥,게장국,계란말이,닭무침,0.9869894144840392
103,571,쌀밥,무국(새우젓),두부찜,홍합무침,0.9869538296681084
111,309,쌀밥,고동국(올갱이국),스크램블드에그,오징어무채,0.9866340372958692
119,150,쌀밥,김치무국,오믈렛(두부),닭무침,0.9863760176561728
121,487,쌀밥,게장국,부추강회,닭무침,0.9862906159036682
122,488,쌀밥,게장국,미나리강회,새우무침,0.9862906159036682
125,117,쌀밥,김치국(소시지),두부찜,닭무침,0.9862371102895154
130,158,쌀밥,김치무국,달걀부침,꼬막무침,0.9861745619263232
143,45,쌀밥,복국(복지리),계란후라이,꼴뚜기무침,0.9855531804737934
144,473,쌀밥,게장국,계란후라이,북어채무침,0.9855508551357928
150,133,쌀밥,김치무국,계란말이,꼬막무침,0.9852289540245849
151,2,쌀밥,호박새우젓국,두부찜,닭무침,0.985214589225134
172,193,쌀밥,김치국(참치),부추강회,홍합무침,0.9846955783686221
176,873,찰밥,당면국(새우),부추강회,새우무침,0.9845683153551624
178,122,쌀밥,김치무국,두부찜,새우무침,0.9845170658929876
181,653,쌀밥,당면국(새우),달걀부침,닭무침,0.984470281268618
187,177,쌀밥,김치국(참치),두부찜,골뱅이무침,0.984366585220118
194,26,쌀밥,복국(복지리),두부찜,오징어무침(파),0.9841864656318968
198,651,쌀밥,당면국(새우),스크램블드에그,닭무침,0.9841068829519326
219,198,쌀밥,고동국(올갱이국),달걀찜,꼬막무침,0.9837665476398304
223,105,쌀밥,복국(복지리),미나리강회,홍합무침,0.9836913188324372
224,168,쌀밥,김치무국,미나리강회,새우무침,0.983669697998688
227,810,찰밥,당면국(양배추),스크램블드에그,닭무침,0.9836467037408274
231,191,쌀밥,김치국(참치),스크램블드에그,닭무침,0.9836139487977358
234,4,쌀밥,호박새우젓국,계란후라이,꼬막무침,0.9835727008676516
238,482,쌀밥,게장국,파강회,노가리채무침,0.9835215928045872
241,654,쌀밥,당면국(새우),부추잡채,닭무침,0.9834830872725068
252,475,쌀밥,게장국,스크램블드에그,닭무침,0.9834425384898692
306,73,쌀밥,복국(복지리),부추잡채,꼬막무침,0.9828790475494968
318,598,쌀밥,무국(새우젓),달걀부침(김말이),닭무침,0.982806305296268
320,547,쌀밥,당면국(양배추),달걀부침,닭무침,0.9827725111493986
328,860,찰밥,당면국(새우),달걀부침(김말이),닭무침,0.9826993684721256
331,532,쌀밥,당면국(양배추),계란말이,닭무침,0.9826557775501998
334,78,쌀밥,복국(복지리),파강회,해파리냉채,0.9826331364470792
345,59,쌀밥,복국(복지리),스크램블드에그,꼬막무침,0.9825570763606376
347,29,쌀밥,복국(복지리),계란말이,꼬막무침,0.9825116392418384
348,163,쌀밥,김치무국,부추강회,골뱅이무침,0.9825016675416496
377,152,쌀밥,김치무국,스크램블드에그,새우무침,0.9822060988244384
387,195,쌀밥,김치국(참치),미나리강회,홍합무침,0.9821510808106988
405,151,쌀밥,김치무국,오믈렛,닭무침,0.9819554281988666
406,181,쌀밥,김치국(참치),계란말이,닭무침,0.9819523299191656
447,67,쌀밥,복국(복지리),달걀부침,꼬막무침,0.981767467056596
456,463,쌀밥,게장국,두부찜,닭무침,0.9816673349163249
460,548,쌀밥,당면국(양배추),부추잡채,닭무침,0.9816354492165572
469,601,쌀밥,무국(새우젓),부추잡채,꼬막무침,0.9815228122367348
