,Unnamed: 0,밥,국,메인,서브,유사도
0,587,찰밥,당면국(양배추),미나리강회,새우무침,0.9966929060512408
1,763,조밥,복국(복지리),계란말이,닭무침,0.9965714397121284
2,730,현미밥,당면국(새우),파강회,새우무침,0.9965313102794672
3,502,쌀밥,당면국(새우),부추강회,홍합무침,0.9964502933335492
4,278,쌀밥,고동국(올갱이국),파강회,오징어포무침,0.9964095633803324
5,967,조밥,고동국(올갱이국),달걀부침,골뱅이무침,0.9963954915774504
6,632,찰밥,당면국(새우),미나리강회,꼬막무침,0.9962748340928914
7,766,조밥,복국(복지리),계란후라이,홍합무침,0.9962714424122472
9,982,조밥,고동국(올갱이국),잡채,북어채무침,0.9960745772920256
11,261,쌀밥,고동국(올갱이국),부추잡채,닭무침,0.9957247805387232
12,690,현미밥,당면국(양배추),파강회,홍합무침,0.9957018907558142
13,669,현미밥,당면국(양배추),두부찜,골뱅이무침,0.9953958302876176
14,609,찰밥,당면국(새우),계란후라이,골뱅이무침,0.995341418545488
15,850,조밥,고동국(올갱이국),두부찜,오징어무침(어묵),0.994893595647828
16,543,찰밥,당면국,미나리강회,닭무침,0.9948010556116654
18,686,현미밥,당면국(양배추),스크램블드에그,닭무침,0.9944158842756896
20,657,현미밥,당면국,파강회,닭무침,0.9942548276193368
21,898,조밥,고동국(올갱이국),오믈렛(두부),홍합무침,0.9940055589629198
23,936,조밥,고동국(올갱이국),스크램블드에그,오징어무채,0.9934594593782442
26,322,쌀밥,고동국(올갱이국),미나리강회,대구포무침,0.9918120938230788
27,445,쌀밥,무국(새우젓),계란후라이,소라무침,0.9914573417312612
29,870,조밥,고동국(올갱이국),계란말이,오징어무채,0.9902383862214502
31,884,조밥,고동국(올갱이국),계란후라이,오징어포무침,0.9898737799695868
32,820,조밥,복국(복지리),미나리강회,노가리채무침,0.9894401875565246
33,913,조밥,고동국(올갱이국),오믈렛,꼬막무침,0.989328400649756
35,614,찰밥,당면국(새우),스크램블드에그,닭무침,0.9892199106101226
41,943,조밥,고동국(올갱이국),달걀부침(김말이),홍합무침,0.9882215470528072
42,756,조밥,복국(복지리),두부찜,오징어무채,0.9881894722995448
44,793,조밥,복국(복지리),스크램블드에그,닭무침,0.9881373956658474
50,580,찰밥,당면국(양배추),부추강회,새우무침,0.9879771760009204
51,342,쌀밥,게장국,두부찜,홍합무침,0.98797652600528
53,364,쌀밥,당면국,계란후라이,북어채무침,0.9876247544006728
58,795,조밥,복국(복지리),달걀부침,새우무침,0.9874649184290364
60,809,조밥,복국(복지리),부추강회,골뱅이무침,0.98740128444187
62,728,현미밥,당면국(새우),부추잡채,닭무침,0.9873345812118199
63,402,쌀밥,당면국(양배추),계란후라이,닭무침,0.9872900251846742
67,794,조밥,복국(복지리),달걀부침(김말이),새우무침,0.9871778860310504
68,313,쌀밥,고동국(올갱이국),부추강회,오징어무침,0.9871361857745452
70,405,쌀밥,당면국(양배추),달걀부침,닭무침,0.9870452808108472
76,62,쌀밥,복국(복지리),부추잡채,오징어포무침,0.9869414113964462
81,517,찰밥,당면국,두부찜,꼬막무침,0.9869105749020284
94,938,조밥,고동국(올갱이국),달걀부침(야채),새우무침,0.9867202716198136
101,404,쌀밥,당면국(양배추),달걀부침(김말이),닭무침,0.9863842072041498
102,462,쌀밥,무국(새우젓),부추강회,북어채무침,0.9863564838621192
111,710,현미밥,당면국(새우),두부찜,골뱅이무침,0.9861540881544852
113,430,쌀밥,무국(새우젓),두부찜,대구포무침,0.9860589878633078
130,571,찰밥,당면국(양배추),부추잡채,닭무침,0.9855477001455653
147,45,쌀밥,복국(복지리),오믈렛,새우무침,0.9849004159145541
188,42,쌀밥,복국(복지리),오믈렛(두부),새우무침,0.9838048420198541
199,824,조밥,고동국(올갱이국),달걀찜,새우무침,0.9835436991575623
240,490,쌀밥,당면국(새우),달걀부침(김말이),닭무침,0.9829485087930144
241,555,찰밥,당면국(양배추),계란말이,닭무침,0.982911679967554
251,727,현미밥,당면국(새우),달걀부침,닭무침,0.982827241493102
279,345,쌀밥,게장국,계란후라이,홍합무침,0.9826175003827192
314,463,쌀밥,무국(새우젓),미나리강회,홍합무침,0.9822450221397859
322,853,조밥,고동국(올갱이국),순대,새우무침,0.982176827757364
350,59,쌀밥,복국(복지리),잡채,닭무침,0.981895863017514
404,264,쌀밥,고동국(올갱이국),짜장볶음,오징어포무침,0.9813439072395962
409,660,현미밥,당면국,부추강회,닭무침,0.9813085299031644
