,Unnamed: 0,밥,국,메인,서브,유사도
0,750,찰밥,고동국(올갱이국),계란후라이,닭무침,0.9977847452839104
1,959,찰밥,당면국(양배추),두부찜,대구포무침,0.9975725784844583
2,928,찰밥,고동국(올갱이국),미나리강회,닭무침,0.9946707832067456
3,995,찰밥,당면국(양배추),파강회,닭무침,0.9916474172223044
4,449,쌀밥,고동국(올갱이국),파강회,닭무침,0.9915048890385167
5,858,찰밥,고동국(올갱이국),짜장볶음,새우무침,0.9914286321064698
8,805,찰밥,고동국(올갱이국),달걀부침(김말이),굴무생채,0.9906368225682366
10,608,쌀밥,무국(새우젓),파강회,꼬막무침,0.990378154385722
11,816,찰밥,고동국(올갱이국),달걀부침,게맛살무침,0.9903759692872309
12,542,쌀밥,당면국,파강회,닭무침,0.9902082325354844
13,584,쌀밥,무국(새우젓),두부찜,닭무침,0.9899525268286312
16,890,찰밥,고동국(올갱이국),부추강회,쥐포무침,0.989450728882263
18,935,찰밥,당면국,두부찜,북어채무침,0.9893768266985404
19,227,쌀밥,김치국(참치),파강회,굴무침,0.98935289232065
20,778,찰밥,고동국(올갱이국),스크램블드에그,홍합무침,0.9893387243993268
21,657,찰밥,복국(복지리),두부찜,홍합무침,0.9893036134494054
22,248,쌀밥,고동국(올갱이국),두부찜,홍어회무침,0.9892876250826956
23,979,찰밥,당면국(양배추),계란후라이,노가리채무침,0.9892685002170948
25,339,쌀밥,고동국(올갱이국),오믈렛,북어채무침,0.9891680761944766
30,411,쌀밥,고동국(올갱이국),부추잡채,굴무생채,0.9887989479424544
31,830,찰밥,고동국(올갱이국),잡채,대구포무침,0.9887901882511484
32,280,쌀밥,고동국(올갱이국),계란말이,새우무침,0.9887208771152962
36,794,찰밥,고동국(올갱이국),달걀부침(야채),새우무침,0.9885646866329892
37,219,쌀밥,김치국(참치),달걀부침(김말이),닭무침,0.9885272788379758
40,957,찰밥,당면국,미나리강회,닭무침,0.9884812429982628
47,98,쌀밥,복국(복지리),부추강회,꼬막무침,0.9882889804586764
48,235,쌀밥,김치국(참치),부추강회,북어채무침,0.9882249902599066
50,322,쌀밥,고동국(올갱이국),오믈렛(두부),굴무생채,0.9882170824068316
51,513,쌀밥,게장국,계란후라이,새우무침,0.9881675110609016
52,62,쌀밥,복국(복지리),스크램블드에그,오징어포무침,0.988165817651246
55,54,쌀밥,복국(복지리),오믈렛(두부),새우무침,0.9881320094770936
56,118,쌀밥,복국(복지리),미나리강회,닭무침,0.9881292882197564
62,521,쌀밥,게장국,스크램블드에그,닭무침,0.9880539229424846
63,623,쌀밥,무국(새우젓),부추강회,닭무침,0.9880393943914272
64,136,쌀밥,김치무국,계란말이,닭무침,0.988014015248526
65,182,쌀밥,김치무국,부추강회,골뱅이무침,0.9879949962496224
66,625,쌀밥,무국(새우젓),미나리강회,새우무침,0.9879911919129429
71,70,쌀밥,복국(복지리),달걀부침,오징어포무침,0.9879077786177252
73,522,쌀밥,게장국,달걀부침,닭무침,0.9877353491003488
82,563,쌀밥,당면국(양배추),부추강회,새우무침,0.987542041017235
84,148,쌀밥,김치무국,계란후라이,노가리채무침,0.9874694103818964
87,643,쌀밥,당면국(새우),파강회,굴무침,0.9873298271498708
89,206,쌀밥,김치국(참치),계란말이,닭무침,0.98729583475214
98,549,쌀밥,당면국(양배추),스크램블드에그,닭무침,0.9869579925617726
107,648,쌀밥,당면국(새우),부추강회,꼬막무침,0.9867691783639584
109,158,쌀밥,김치무국,달걀부침(김말이),꼬막무침,0.9867559449210208
113,532,쌀밥,게장국,부추강회,새우무침,0.9863423821572675
117,943,찰밥,당면국,계란후라이,북어채무침,0.9862782947093824
124,45,쌀밥,복국(복지리),계란후라이,골뱅이무침,0.9861327357774841
126,242,쌀밥,김치국(참치),미나리강회,닭무침,0.9859255773275428
127,675,찰밥,복국(복지리),잡채,닭무침,0.9858960906940816
131,2,쌀밥,호박새우젓국,두부찜,닭무침,0.9857828419135932
132,133,쌀밥,김치무국,두부찜,닭무침,0.9857769715965404
136,243,쌀밥,고동국(올갱이국),달걀찜,새우무침,0.9856902690238698
141,655,찰밥,두부계란탕,계란후라이,닭무침,0.9855438569991036
151,193,쌀밥,김치무국,미나리강회,노가리채무침,0.9852591504075044
152,209,쌀밥,김치국(참치),계란후라이,새우무침,0.985226960867272
166,509,쌀밥,게장국,두부찜,닭무침,0.984997830839718
168,177,쌀밥,김치무국,파강회,닭무침,0.9849254120580886
178,637,쌀밥,당면국(새우),부추잡채,닭무침,0.9846535697496268
179,676,찰밥,김치국(소시지),계란후라이,닭무침,0.9846353525272176
187,274,쌀밥,고동국(올갱이국),순대,닭무침,0.9844691670464604
199,198,쌀밥,김치국(참치),두부찜,새우무침,0.984343717746913
201,603,쌀밥,무국(새우젓),부추잡채,꼬막무침,0.9843188108512099
213,4,쌀밥,호박새우젓국,계란후라이,꼬막무침,0.9841650162968428
218,550,쌀밥,당면국(양배추),달걀부침(김말이),닭무침,0.9840904986289007
229,654,쌀밥,당면국(새우),미나리강회,닭무침,0.9840192384875404
253,537,쌀밥,게장국,미나리강회,꼬막무침,0.9838045520176943
255,985,찰밥,당면국(양배추),부추잡채,닭무침,0.983803860480974
257,969,찰밥,당면국(양배추),계란말이,닭무침,0.9837902010173152
259,551,쌀밥,당면국(양배추),달걀부침,닭무침,0.9837839415438371
265,523,쌀밥,게장국,부추잡채,닭무침,0.9837173344759594
274,572,쌀밥,당면국(양배추),미나리강회,닭무침,0.9836097994857952
275,594,쌀밥,무국(새우젓),계란후라이,굴무침,0.9836090965236456
287,73,쌀밥,복국(복지리),부추잡채,홍합무침,0.983456498430364
296,10,쌀밥,호박새우젓국,미나리강회,닭무침,0.9833930487356932
300,953,찰밥,당면국,부추강회,꼬막무침,0.9833482798825904
325,59,쌀밥,복국(복지리),오믈렛,닭무침,0.9831453435446944
326,525,쌀밥,게장국,파강회,새우무침,0.9831360071791152
334,163,쌀밥,김치무국,부추잡채,새우무침,0.9830676106626256
339,94,쌀밥,복국(복지리),파강회,닭무침,0.9829903842839304
355,152,쌀밥,김치무국,오믈렛(두부),닭무침,0.9828185388552718
375,30,쌀밥,복국(복지리),계란말이,새우무침,0.9826365228481396
408,600,쌀밥,무국(새우젓),달걀부침(김말이),닭무침,0.9824621266439268
421,67,쌀밥,복국(복지리),달걀부침(김말이),닭무침,0.9823796581753372
463,599,쌀밥,무국(새우젓),스크램블드에그,닭무침,0.9820865314035694
474,632,쌀밥,당면국(새우),두부찜,꼬막무침,0.9819949708305099
