,Unnamed: 0,밥,국,메인,서브,유사도
0,927,찰밥,당면국,두부찜,홍합무침,0.9947170480485314
1,992,찰밥,당면국(양배추),파강회,북어채무침,0.9916927072479864
2,449,쌀밥,고동국(올갱이국),파강회,닭무침,0.9915512431086418
4,490,쌀밥,고동국(올갱이국),미나리강회,굴무침,0.9912973339480108
6,804,찰밥,고동국(올갱이국),달걀부침(김말이),노가리채무침,0.9906824698498928
8,608,쌀밥,무국(새우젓),부추강회,홍합무침,0.9904221151517992
9,815,찰밥,고동국(올갱이국),달걀부침,소라무침,0.9904194750543664
10,542,쌀밥,당면국(양배추),두부찜,꼬막무침,0.9902520216190346
11,584,쌀밥,무국(새우젓),계란후라이,오징어포무침,0.9899984154319946
14,889,찰밥,고동국(올갱이국),부추강회,오징어포무침,0.9894954333373392
15,743,찰밥,고동국(올갱이국),계란후라이,오징어무침(파),0.9894280432662388
17,227,쌀밥,김치국(참치),파강회,굴무침,0.9893979406049612
18,777,찰밥,고동국(올갱이국),스크램블드에그,꼬막무침,0.9893845872403844
19,657,찰밥,복국(복지리),계란후라이,오징어무침,0.989348882223089
20,248,쌀밥,고동국(올갱이국),두부찜,홍어회무침,0.9893330652643132
21,976,찰밥,당면국(양배추),계란후라이,굴무침,0.9893123093243712
23,339,쌀밥,고동국(올갱이국),오믈렛,북어채무침,0.9892135102048708
25,576,쌀밥,무국(새우젓),두부찜,닭무침,0.9891818614421496
28,411,쌀밥,고동국(올갱이국),부추잡채,굴무생채,0.9888465597228244
29,829,찰밥,고동국(올갱이국),잡채,오징어포무침,0.9888365031127432
30,280,쌀밥,고동국(올갱이국),계란말이,새우무침,0.988766794715302
35,219,쌀밥,김치국(참치),달걀부침(김말이),닭무침,0.988571426319008
38,955,찰밥,당면국,미나리강회,닭무침,0.9885282097596508
39,947,찰밥,당면국,파강회,골뱅이무침,0.988513059959047
41,357,쌀밥,고동국(올갱이국),달걀부침(야채),새우무침,0.9884520345286713
45,98,쌀밥,복국(복지리),부추강회,꼬막무침,0.9883368211197796
46,235,쌀밥,김치국(참치),부추강회,북어채무침,0.9882718010148336
47,322,쌀밥,고동국(올갱이국),오믈렛(두부),굴무생채,0.9882643759789692
49,513,쌀밥,게장국,계란후라이,새우무침,0.9882158276076564
50,62,쌀밥,복국(복지리),스크램블드에그,오징어포무침,0.9882127036372028
53,54,쌀밥,복국(복지리),오믈렛(두부),새우무침,0.9881783613071486
54,118,쌀밥,복국(복지리),미나리강회,닭무침,0.9881771045991228
60,521,쌀밥,게장국,스크램블드에그,닭무침,0.9881006348168624
61,623,쌀밥,무국(새우젓),미나리강회,닭무침,0.988085977433058
62,136,쌀밥,김치무국,계란말이,닭무침,0.9880602320580713
63,182,쌀밥,김치무국,부추강회,골뱅이무침,0.9880411156630732
65,625,쌀밥,당면국(새우),계란후라이,꼬막무침,0.9880365120691824
66,626,쌀밥,당면국(새우),달걀부침(김말이),닭무침,0.9880365120691824
69,70,쌀밥,복국(복지리),달걀부침,오징어포무침,0.9879549025413309
71,522,쌀밥,게장국,달걀부침,닭무침,0.9877857566504932
72,421,쌀밥,고동국(올갱이국),짜장볶음,새우무침,0.9877726793593248
80,563,쌀밥,당면국(양배추),미나리강회,오징어포무침,0.9875900439935266
81,994,찰밥,당면국(양배추),부추강회,홍합무침,0.9875800925306509
82,148,쌀밥,김치무국,계란후라이,노가리채무침,0.987518218024466
85,643,찰밥,두부계란탕,계란후라이,닭무침,0.9873745542339276
87,206,쌀밥,김치국(참치),계란말이,닭무침,0.987343263233724
106,648,찰밥,복국(복지리),두부찜,오징어무침,0.9868155218561696
107,158,쌀밥,김치무국,달걀부침(김말이),꼬막무침,0.9868033513893838
111,532,쌀밥,게장국,부추강회,새우무침,0.9863881505285632
115,941,찰밥,당면국,계란후라이,북어채무침,0.9863254724998692
123,242,쌀밥,김치국(참치),미나리강회,닭무침,0.985969867622309
129,2,쌀밥,호박새우젓국,두부찜,닭무침,0.9858290993715884
130,133,쌀밥,김치무국,두부찜,닭무침,0.9858214528227188
134,243,쌀밥,고동국(올갱이국),달걀찜,새우무침,0.9857336481995792
140,624,쌀밥,당면국(새우),두부찜,꼬막무침,0.9855669878725882
149,193,쌀밥,김치무국,미나리강회,노가리채무침,0.985304998919965
150,209,쌀밥,김치국(참치),계란후라이,새우무침,0.9852735109958382
158,663,찰밥,복국(복지리),오믈렛,꼬막무침,0.9851164202957804
160,639,쌀밥,당면국(새우),부추강회,닭무침,0.9850871433526516
164,509,쌀밥,게장국,두부찜,닭무침,0.9850435891621184
166,177,쌀밥,김치무국,파강회,닭무침,0.9849708452602975
186,274,쌀밥,고동국(올갱이국),순대,닭무침,0.9845125992152808
196,198,쌀밥,김치국(참치),두부찜,새우무침,0.984390763273336
199,603,쌀밥,무국(새우젓),파강회,골뱅이무침,0.9843644980682912
211,4,쌀밥,호박새우젓국,계란후라이,꼬막무침,0.9842133919477588
219,640,쌀밥,당면국(새우),미나리강회,꼬막무침,0.9841127615558548
231,631,쌀밥,당면국(새우),파강회,오징어포무침,0.9840396978606089
252,982,찰밥,당면국(양배추),달걀부침,닭무침,0.9838506318838643
254,537,쌀밥,게장국,미나리강회,꼬막무침,0.9838412888737236
262,523,쌀밥,게장국,부추잡채,닭무침,0.9837666003927684
272,594,쌀밥,무국(새우젓),부추잡채,새우무침,0.9836569284220282
285,73,쌀밥,복국(복지리),부추잡채,홍합무침,0.9835035718651328
292,10,쌀밥,호박새우젓국,미나리강회,닭무침,0.9834404104270402
298,951,찰밥,당면국,부추강회,꼬막무침,0.9833904666769404
324,525,쌀밥,게장국,파강회,새우무침,0.9831745476392038
331,163,쌀밥,김치무국,부추잡채,새우무침,0.9831136753675
337,94,쌀밥,복국(복지리),파강회,닭무침,0.9830375436390092
352,152,쌀밥,김치무국,오믈렛(두부),닭무침,0.9828686860087666
372,30,쌀밥,복국(복지리),계란말이,새우무침,0.982683840338833
403,120,쌀밥,김치국(소시지),계란후라이,닭무침,0.982517189283205
420,67,쌀밥,복국(복지리),달걀부침(김말이),닭무침,0.9824297850926684
458,668,찰밥,복국(복지리),잡채,닭무침,0.9821504473420324
459,592,쌀밥,무국(새우젓),달걀부침(김말이),닭무침,0.982146341051385
499,8,쌀밥,호박새우젓국,파강회,닭무침,0.9816439762836868
