,Unnamed: 0,밥,국,메인,서브,유사도
0,957,찰밥,당면국,미나리강회,닭무침,0.9936483750159038
1,974,찰밥,당면국(양배추),계란후라이,소라무침,0.9924017539793272
2,840,찰밥,고동국(올갱이국),파강회,홍어회무침,0.9921134598787446
3,718,찰밥,고동국(올갱이국),계란후라이,낙지무침,0.9918954600357058
4,996,찰밥,당면국(양배추),부추강회,홍합무침,0.9917922162360124
5,413,쌀밥,고동국(올갱이국),미나리강회,홍합무침,0.9917202632452856
6,732,찰밥,고동국(올갱이국),오믈렛(두부),소라무침,0.9915394094078116
8,674,찰밥,고동국(올갱이국),두부찜,문어무침,0.9911068300149536
9,760,찰밥,고동국(올갱이국),스크램블드에그,굴무생채,0.9909237769267604
10,932,찰밥,게장국,달걀부침,닭무침,0.9908552481192404
11,509,쌀밥,무국(새우젓),파강회,골뱅이무침,0.9908296093610008
12,683,찰밥,고동국(올갱이국),순대,꼬막무침,0.990822416849882
14,488,쌀밥,무국(새우젓),계란후라이,소라무침,0.9904252124929668
17,746,찰밥,고동국(올갱이국),오믈렛,오징어포무침,0.989910398813621
18,785,찰밥,고동국(올갱이국),달걀부침(김말이),노가리채무침,0.9898269573945848
19,190,쌀밥,김치무국,미나리강회,오징어포무침,0.9898163494556964
20,551,찰밥,복국(복지리),두부찜,오징어무침(파),0.9897694987868124
21,207,쌀밥,김치국(참치),계란후라이,홍합무침,0.989755397369866
22,825,찰밥,고동국(올갱이국),부추잡채,오징어포무침,0.989718322364914
26,868,찰밥,고동국(올갱이국),부추강회,게맛살무침,0.9893660203978158
28,345,쌀밥,고동국(올갱이국),달걀부침,닭무침,0.9892906356915941
29,233,쌀밥,김치국(참치),부추강회,꼬막무침,0.9891939221383984
30,240,쌀밥,김치국(참치),미나리강회,오징어포무침,0.9891684273272049
32,964,찰밥,당면국(양배추),두부찜,골뱅이무침,0.9891003661519888
33,182,쌀밥,김치무국,부추강회,골뱅이무침,0.9889808491679706
34,805,찰밥,고동국(올갱이국),잡채,홍합무침,0.9889658423797724
40,79,쌀밥,복국(복지리),파강회,피조개무침,0.9887832038113649
43,432,쌀밥,게장국,두부찜,홍합무침,0.9886669757342494
45,95,쌀밥,복국(복지리),부추강회,홍합무침,0.9886232495571264
46,48,쌀밥,복국(복지리),계란후라이,노가리채무침,0.9886098526501363
50,983,찰밥,당면국(양배추),달걀부침(김말이),닭무침,0.9885231658346774
52,111,쌀밥,복국(복지리),미나리강회,소라무침,0.9884903763101224
54,151,쌀밥,김치무국,계란후라이,닭무침,0.988470286041295
55,523,쌀밥,무국(새우젓),미나리강회,새우무침,0.9884576856156776
66,985,찰밥,당면국(양배추),부추잡채,닭무침,0.9880627928195059
67,472,쌀밥,무국(새우젓),두부찜,대구포무침,0.988038075128984
70,123,쌀밥,김치무국,두부찜,대구포무침,0.987974302609038
71,279,쌀밥,고동국(올갱이국),계란말이,오징어무채,0.9879598343256027
74,170,쌀밥,김치무국,파강회,소라무침,0.9877855543143172
82,448,쌀밥,게장국,계란후라이,굴무침,0.9875887862937309
83,119,쌀밥,김치국(소시지),두부찜,닭무침,0.9874889511730116
85,577,찰밥,복국(복지리),오믈렛(두부),새우무침,0.9874712179090754
86,460,쌀밥,게장국,파강회,노가리채무침,0.9874444505357698
99,220,쌀밥,김치국(참치),달걀부침,닭무침,0.987227772275414
102,988,찰밥,당면국(양배추),파강회,새우무침,0.9869205607250168
111,316,쌀밥,고동국(올갱이국),달걀부침(야채),꼬막무침,0.98675426654461
117,935,찰밥,당면국,두부찜,오징어포무침,0.9865983901725466
118,201,쌀밥,김치국(참치),두부찜,골뱅이무침,0.9863808043866944
120,583,찰밥,복국(복지리),스크램블드에그,홍합무침,0.9862956803598968
127,643,찰밥,김치국(소시지),계란후라이,닭무침,0.9861370680816908
136,159,쌀밥,김치무국,달걀부침(김말이),닭무침,0.985731548179505
139,582,찰밥,복국(복지리),오믈렛,닭무침,0.9856341457499932
165,465,쌀밥,게장국,부추강회,오징어포무침,0.9849946723050094
170,228,쌀밥,김치국(참치),파강회,노가리채무침,0.984914997592754
179,602,찰밥,복국(복지리),부추잡채,오징어포무침,0.984744125337474
185,3,쌀밥,호박새우젓국,계란후라이,새우무침,0.9846652621972868
199,554,찰밥,복국(복지리),계란말이,꼬막무침,0.9844796520669998
206,514,쌀밥,무국(새우젓),부추강회,홍합무침,0.9844533243027318
216,2,쌀밥,호박새우젓국,두부찜,닭무침,0.9842892037355888
232,835,찰밥,고동국(올갱이국),짜장볶음,꼬막무침,0.9841070545572838
234,497,쌀밥,무국(새우젓),스크램블드에그,닭무침,0.9841033763250508
236,948,찰밥,당면국,파강회,오징어포무침,0.9840782181757554
240,498,쌀밥,무국(새우젓),달걀부침(김말이),닭무침,0.9840370467358456
255,943,찰밥,당면국,계란후라이,골뱅이무침,0.9838125386988512
264,243,쌀밥,고동국(올갱이국),달걀찜,새우무침,0.983760271303918
283,65,쌀밥,복국(복지리),달걀부침(김말이),꼬막무침,0.9836197821839878
287,134,쌀밥,김치무국,계란말이,새우무침,0.9835424593321984
308,954,찰밥,당면국,부추강회,닭무침,0.9833339846723392
321,161,쌀밥,김치무국,달걀부침,꼬막무침,0.9832149771518828
328,219,쌀밥,김치국(참치),달걀부침(김말이),닭무침,0.9831003379912444
373,595,찰밥,복국(복지리),달걀부침,오징어포무침,0.9828723054707048
375,156,쌀밥,김치무국,스크램블드에그,닭무침,0.9828656551227298
379,206,쌀밥,김치국(참치),계란말이,닭무침,0.9828407429511578
395,454,쌀밥,게장국,부추잡채,닭무침,0.9826980472209782
400,500,쌀밥,무국(새우젓),부추잡채,새우무침,0.9826681495857572
429,9,쌀밥,호박새우젓국,부추강회,닭무침,0.9825045176083342
437,221,쌀밥,김치국(참치),부추잡채,닭무침,0.9823568350106172
453,218,쌀밥,김치국(참치),스크램블드에그,닭무침,0.9821317362349652
457,7,쌀밥,호박새우젓국,파강회,꼬막무침,0.98207907598225
