,Unnamed: 0,밥,국,메인,서브,유사도
0,591,쌀밥,무국(새우젓),두부찜,홍합무침,0.9974678151447579
1,769,찰밥,고동국(올갱이국),스크램블드에그,홍합무침,0.9973413936093822
2,736,찰밥,고동국(올갱이국),계란후라이,노가리채무침,0.99728464181681
3,504,쌀밥,게장국,부추강회,새우무침,0.9972429005370452
5,981,현미밥,고동국(올갱이국),계란말이,오징어무채,0.9971435461824004
6,638,쌀밥,무국(새우젓),부추강회,골뱅이무침,0.997043196206889
9,997,현미밥,고동국(올갱이국),오믈렛(두부),대구포무침,0.9968416476174854
12,696,찰밥,고동국(올갱이국),두부찜,피조개무침,0.9964469035400496
13,675,쌀밥,당면국(새우),파강회,홍합무침,0.9961569417757437
14,613,쌀밥,무국(새우젓),계란후라이,노가리채무침,0.9961043399589428
15,857,찰밥,당면국(양배추),두부찜,홍합무침,0.9956518410276136
18,692,쌀밥,당면국(새우),미나리강회,꼬막무침,0.9951872634740112
20,663,쌀밥,당면국(새우),계란후라이,새우무침,0.9949924191532766
21,909,찰밥,당면국(새우),두부찜,홍합무침,0.9947539597986276
26,447,쌀밥,고동국(올갱이국),부추강회,오징어무침(어묵),0.9922071703802626
27,454,쌀밥,고동국(올갱이국),미나리강회,대구포무침,0.9910614889002626
28,879,찰밥,당면국(양배추),계란후라이,북어채무침,0.9909941690883116
29,495,쌀밥,게장국,달걀부침,닭무침,0.9908160601239988
30,894,찰밥,당면국(양배추),파강회,닭무침,0.9906330182564086
33,836,찰밥,당면국,계란후라이,홍합무침,0.9899582196984268
34,619,쌀밥,무국(새우젓),달걀부침,닭무침,0.9899563120306948
36,626,쌀밥,무국(새우젓),파강회,꼬막무침,0.9896115274127188
38,834,찰밥,당면국,두부찜,북어채무침,0.9894581508824108
41,762,찰밥,고동국(올갱이국),오믈렛,골뱅이무침,0.9889468880255684
43,799,찰밥,고동국(올갱이국),달걀부침,북어채무침,0.9888998006357024
44,672,쌀밥,당면국(새우),달걀부침(김말이),닭무침,0.9888700342484704
46,897,찰밥,당면국(양배추),부추강회,꼬막무침,0.9887786078244256
47,673,쌀밥,당면국(새우),달걀부침,닭무침,0.9887339303185864
48,343,쌀밥,고동국(올갱이국),달걀부침(김말이),골뱅이무침,0.9887330143071988
50,930,찰밥,당면국(새우),스크램블드에그,닭무침,0.9884738621941777
51,365,쌀밥,고동국(올갱이국),잡채,홍합무침,0.9884068051836542
52,850,찰밥,당면국,파강회,닭무침,0.9883472132011883
53,415,쌀밥,고동국(올갱이국),파강회,노가리채무침,0.9883443068959608
56,906,찰밥,당면국(양배추),미나리강회,골뱅이무침,0.9882427993272972
58,815,찰밥,고동국(올갱이국),부추잡채,오징어무침,0.9881407372232094
69,98,쌀밥,복국(복지리),부추강회,꼬막무침,0.9878322942359572
73,943,찰밥,당면국(새우),부추강회,홍합무침,0.98772614895591
74,62,쌀밥,복국(복지리),스크램블드에그,오징어포무침,0.9877177220007219
78,54,쌀밥,복국(복지리),오믈렛(두부),새우무침,0.987688719451809
80,118,쌀밥,복국(복지리),미나리강회,닭무침,0.9876728246702706
86,136,쌀밥,김치무국,계란말이,닭무침,0.9875719428777052
89,182,쌀밥,김치무국,미나리강회,굴무침,0.9875538004623444
93,70,쌀밥,복국(복지리),달걀부침,오징어포무침,0.987457549604573
105,148,쌀밥,김치무국,계란후라이,노가리채무침,0.9870040480370016
109,206,쌀밥,김치국(참치),계란후라이,닭무침,0.986842882567174
115,496,쌀밥,게장국,부추잡채,닭무침,0.9866854526640356
121,487,쌀밥,게장국,계란후라이,꼬막무침,0.9864179164150471
130,158,쌀밥,김치무국,달걀부침(김말이),꼬막무침,0.9863032051448942
133,539,쌀밥,당면국,미나리강회,꼬막무침,0.9859043880679259
134,868,찰밥,당면국(양배추),계란말이,닭무침,0.9858693493363891
143,45,쌀밥,복국(복지리),계란후라이,골뱅이무침,0.9856814351344084
148,503,쌀밥,게장국,파강회,닭무침,0.9853821621997726
150,133,쌀밥,김치무국,두부찜,닭무침,0.9853505704371855
151,2,쌀밥,호박새우젓국,두부찜,닭무침,0.9853404634219046
157,882,찰밥,당면국(양배추),달걀부침(김말이),닭무침,0.9852375562628876
163,818,찰밥,고동국(올갱이국),짜장볶음,꼬막무침,0.9849942665714831
170,712,찰밥,고동국(올갱이국),순대,닭무침,0.9848549012568184
171,193,쌀밥,김치국(참치),두부찜,북어채무침,0.9848204643423544
173,209,쌀밥,김치국(참치),달걀부침,닭무침,0.9847819646354612
186,177,쌀밥,김치무국,부추강회,닭무침,0.9844904706034486
195,26,쌀밥,복국(복지리),두부찜,오징어무채,0.9843094325676888
225,168,쌀밥,김치무국,파강회,노가리채무침,0.9837956450974094
229,215,쌀밥,김치국(참치),미나리강회,북어채무침,0.9837431710947808
234,4,쌀밥,호박새우젓국,계란후라이,꼬막무침,0.9837036278466048
236,482,쌀밥,게장국,두부찜,닭무침,0.9836500564186544
254,645,쌀밥,무국(새우젓),미나리강회,오징어포무침,0.9835569420141428
289,674,쌀밥,당면국(새우),부추잡채,닭무침,0.9832174587457202
292,603,쌀밥,무국(새우젓),계란말이,닭무침,0.983152613946279
307,73,쌀밥,복국(복지리),부추잡채,홍합무침,0.9830068422908228
310,508,쌀밥,게장국,미나리강회,새우무침,0.982978284092244
314,10,쌀밥,호박새우젓국,미나리강회,닭무침,0.9829408014253802
344,59,쌀밥,복국(복지리),오믈렛,닭무침,0.9826871450103628
349,163,쌀밥,김치무국,부추잡채,새우무침,0.9826270384044326
355,94,쌀밥,복국(복지리),파강회,닭무침,0.9825399677251184
377,152,쌀밥,김치무국,오믈렛(두부),닭무침,0.9823412516827909
386,195,쌀밥,김치국(참치),계란말이,닭무침,0.9822789195613986
392,30,쌀밥,복국(복지리),계란말이,새우무침,0.9821846933005108
411,210,쌀밥,김치국(참치),부추강회,홍합무침,0.9820415109549288
422,120,쌀밥,김치국(소시지),계란후라이,닭무침,0.982017298857304
446,67,쌀밥,복국(복지리),달걀부침(김말이),닭무침,0.9819025647329174
453,483,쌀밥,게장국,계란말이,닭무침,0.9818301965003571
454,883,찰밥,당면국(양배추),달걀부침,닭무침,0.981824435585726
497,851,찰밥,당면국,부추강회,새우무침,0.9813559161427884
