,Unnamed: 0,밥,국,메인,서브,유사도
0,986,찰밥,당면국(양배추),계란후라이,북어채무침,0.9918594835121786
1,852,찰밥,고동국(올갱이국),부추잡채,닭무침,0.9916410390238264
2,486,쌀밥,고동국(올갱이국),미나리강회,쥐포무침,0.9914649343293368
3,867,찰밥,고동국(올갱이국),파강회,굴무생채,0.9912833970980149
4,799,찰밥,고동국(올갱이국),달걀부침(김말이),소라무침,0.9908506094947314
5,899,찰밥,고동국(올갱이국),부추강회,낙지무침,0.9906806518678885
6,603,찰밥,두부계란탕,계란후라이,닭무침,0.9905838458476915
7,810,찰밥,고동국(올갱이국),달걀부침,홍합무침,0.9905794763371186
8,538,쌀밥,게장국,미나리강회,닭무침,0.9904131006793704
9,579,쌀밥,무국(새우젓),파강회,오징어포무침,0.9901674760314574
13,738,찰밥,고동국(올갱이국),계란후라이,노가리채무침,0.9895956276324605
15,225,쌀밥,김치국(참치),파강회,오징어포무침,0.9895638104460134
16,772,찰밥,고동국(올갱이국),스크램블드에그,해파리냉채,0.9895535532417724
17,652,찰밥,복국(복지리),달걀부침,새우무침,0.989515590398426
18,246,쌀밥,고동국(올갱이국),두부찜,피조개무침,0.9895004250379672
19,970,찰밥,당면국(양배추),두부찜,골뱅이무침,0.9894734695812244
21,337,쌀밥,고동국(올갱이국),오믈렛,굴무침,0.9893808471692672
23,572,쌀밥,무국(새우젓),부추잡채,꼬막무침,0.9893440278853388
25,358,쌀밥,고동국(올갱이국),달걀부침(야채),꼬막무침,0.989080331814194
27,824,찰밥,고동국(올갱이국),잡채,홍합무침,0.9890071901879935
29,278,쌀밥,고동국(올갱이국),계란말이,게맛살무침,0.9889359721971936
32,217,쌀밥,김치국(참치),계란후라이,닭무침,0.9887338767279548
35,949,찰밥,당면국,계란후라이,북어채무침,0.9887013763413068
36,941,찰밥,당면국,두부찜,북어채무침,0.9886836090487504
39,999,찰밥,당면국(양배추),파강회,노가리채무침,0.9885825732359964
43,98,쌀밥,복국(복지리),부추강회,꼬막무침,0.9885133103851602
44,233,쌀밥,김치국(참치),부추강회,꼬막무침,0.9884443760121352
45,320,쌀밥,고동국(올갱이국),오믈렛(두부),꼬막무침,0.9884387861797012
47,509,쌀밥,게장국,계란말이,닭무침,0.9883941263448032
48,62,쌀밥,복국(복지리),스크램블드에그,오징어포무침,0.988385564903696
50,273,쌀밥,고동국(올갱이국),순대,꼬막무침,0.9883667421892658
51,118,쌀밥,복국(복지리),미나리강회,닭무침,0.9883535024355441
52,54,쌀밥,복국(복지리),오믈렛(두부),새우무침,0.98834919246062
58,517,쌀밥,게장국,계란후라이,노가리채무침,0.9882728349009648
59,618,찰밥,복국(복지리),두부찜,오징어무침,0.988257687909908
60,136,쌀밥,김치무국,계란말이,닭무침,0.9882305506450948
62,182,쌀밥,김치무국,부추강회,골뱅이무침,0.9882110641560728
64,620,찰밥,복국(복지리),계란말이,새우무침,0.9882034226518042
72,552,쌀밥,무국(새우젓),두부찜,북어채무침,0.9878276421634696
76,559,쌀밥,무국(새우젓),계란후라이,소라무침,0.987767154253405
78,988,찰밥,당면국(양배추),스크램블드에그,닭무침,0.987754384218487
79,148,쌀밥,김치무국,계란후라이,노가리채무침,0.987698387168078
82,638,찰밥,복국(복지리),계란후라이,오징어무침,0.9875392141635482
84,205,쌀밥,김치국(참치),두부찜,닭무침,0.9875181912049596
105,643,찰밥,복국(복지리),오믈렛,새우무침,0.9869863286960052
106,158,쌀밥,김치무국,달걀부침(김말이),꼬막무침,0.9869781986124558
110,528,쌀밥,게장국,파강회,노가리채무침,0.986556773677242
122,240,쌀밥,김치국(참치),미나리강회,오징어포무침,0.9861328749430668
123,670,찰밥,김치국(소시지),두부찜,닭무침,0.9861071452307104
127,2,쌀밥,호박새우젓국,두부찜,닭무침,0.9859995845400692
129,133,쌀밥,김치무국,두부찜,닭무침,0.9859851866673752
133,855,찰밥,고동국(올갱이국),짜장볶음,오징어포무침,0.9858955462401322
148,193,쌀밥,김치무국,미나리강회,노가리채무침,0.9854739325449812
155,655,찰밥,복국(복지리),잡채,꼬막무침,0.985303465184534
157,658,찰밥,복국(복지리),부추잡채,새우무침,0.9852938088474409
163,505,쌀밥,게장국,두부찜,굴무침,0.9852121813945908
165,177,쌀밥,김치무국,파강회,닭무침,0.985138202121564
176,671,찰밥,김치국(소시지),계란후라이,닭무침,0.9848537534176068
183,570,쌀밥,무국(새우젓),달걀부침,닭무침,0.9846937768471572
186,955,찰밥,당면국,파강회,골뱅이무침,0.9846628985982704
196,598,쌀밥,무국(새우젓),미나리강회,노가리채무침,0.9845328237095556
206,4,쌀밥,호박새우젓국,계란후라이,꼬막무침,0.9843919370049624
234,221,쌀밥,김치국(참치),부추잡채,닭무침,0.98417535757933
252,960,찰밥,당면국,부추강회,닭무침,0.9840034024165646
255,533,쌀밥,게장국,부추강회,오징어포무침,0.9839755974883104
270,589,쌀밥,무국(새우젓),부추강회,골뱅이무침,0.983833409716546
277,568,쌀밥,무국(새우젓),스크램블드에그,닭무침,0.9837592139760588
278,674,찰밥,고동국(올갱이국),달걀찜,닭무침,0.983748731421398
290,10,쌀밥,호박새우젓국,미나리강회,닭무침,0.983615105661124
324,521,쌀밥,게장국,달걀부침,닭무침,0.9833157152690606
330,163,쌀밥,김치무국,부추잡채,새우무침,0.983283442591978
334,94,쌀밥,복국(복지리),파강회,닭무침,0.9832114719844284
350,152,쌀밥,김치무국,오믈렛(두부),닭무침,0.98305397173551
399,991,찰밥,당면국(양배추),부추잡채,닭무침,0.9826925419499624
416,67,쌀밥,복국(복지리),달걀부침(김말이),닭무침,0.9826149962789014
452,220,쌀밥,김치국(참치),달걀부침,닭무침,0.9823484889233204
