,Unnamed: 0,밥,국,메인,서브,유사도
0,848,현미밥,복국(복지리),두부찜,북어채무침,0.998744921478738
1,790,찰밥,무국(새우젓),부추잡채,새우무침,0.9987070650944334
2,877,현미밥,복국(복지리),오믈렛,닭무침,0.9984926326442408
3,909,현미밥,복국(복지리),부추강회,홍합무침,0.9981720317325932
4,853,현미밥,복국(복지리),계란말이,새우무침,0.9979654262836538
5,426,찰밥,김치국(참치),두부찜,닭무침,0.9973858284312732
6,575,찰밥,고동국(올갱이국),달걀부침(김말이),게맛살무침,0.9969736689725396
7,863,현미밥,복국(복지리),계란후라이,소라무침,0.9967541127693572
8,926,현미밥,복국(복지리),미나리강회,굴무생채,0.9962906304028856
10,602,찰밥,고동국(올갱이국),달걀부침,오징어무채,0.9959598778578584
11,341,찰밥,김치무국,두부찜,해파리냉채,0.9953896839978841
12,609,찰밥,고동국(올갱이국),잡채,골뱅이무침,0.9953493937444996
13,714,찰밥,게장국,두부찜,꼬막무침,0.9953357514938828
15,95,쌀밥,김치무국,부추강회,홍합무침,0.9952459336567496
17,816,찰밥,무국(새우젓),미나리강회,오징어포무침,0.995032858976798
19,745,찰밥,게장국,부추강회,꼬막무침,0.9949184823616368
20,562,찰밥,고동국(올갱이국),스크램블드에그,굴무침,0.9948969263286922
21,536,찰밥,고동국(올갱이국),오믈렛(두부),노가리채무침,0.9948814142356456
23,294,찰밥,복국(복지리),부추잡채,오징어포무침,0.9947315361318406
26,462,찰밥,고동국(올갱이국),두부찜,새우무침,0.9945835612756478
27,142,쌀밥,김치국(참치),파강회,오징어포무침,0.9945777321563872
30,823,찰밥,당면국(새우),파강회,닭무침,0.9942878553447038
34,311,찰밥,복국(복지리),파강회,오징어무채,0.9939699965147332
37,340,찰밥,김치국(소시지),계란후라이,닭무침,0.9936616970475104
39,380,찰밥,김치무국,달걀부침(김말이),꼬막무침,0.9936390251517276
44,834,현미밥,호박새우젓국,미나리강회,닭무침,0.9931744657614994
45,356,찰밥,김치무국,계란말이,꼬막무침,0.9930526476350354
47,741,찰밥,게장국,파강회,노가리채무침,0.9928797380316468
49,391,찰밥,김치무국,파강회,새우무침,0.9928725198234216
51,827,현미밥,호박새우젓국,계란후라이,새우무침,0.9927898340181144
56,441,찰밥,김치국(참치),달걀부침,닭무침,0.9927158298678784
57,831,현미밥,호박새우젓국,파강회,꼬막무침,0.992651924810706
60,194,쌀밥,무국(새우젓),두부찜,꼬막무침,0.992538732655838
61,483,찰밥,고동국(올갱이국),순대,오징어포무침,0.99251742935234
63,703,찰밥,고동국(올갱이국),미나리강회,낙지무침,0.9924879527623682
66,888,현미밥,복국(복지리),잡채,닭무침,0.9922865911786783
68,951,현미밥,김치무국,계란후라이,대구포무침,0.9922555004117556
72,773,찰밥,무국(새우젓),계란후라이,꼬막무침,0.9921120012442359
79,269,찰밥,복국(복지리),오믈렛(두부),새우무침,0.9919391161606348
80,448,찰밥,김치국(참치),미나리강회,홍합무침,0.9919227410828814
82,542,찰밥,고동국(올갱이국),오믈렛,꼬막무침,0.9919036623841756
88,280,찰밥,복국(복지리),스크램블드에그,닭무침,0.9917681783867216
91,995,현미밥,김치무국,미나리강회,북어채무침,0.9917370552300516
93,13,쌀밥,복국(복지리),달걀부침(김말이),닭무침,0.9917098689718404
95,731,찰밥,게장국,계란후라이,닭무침,0.9916234996027662
100,788,찰밥,무국(새우젓),달걀부침,꼬막무침,0.9915078454239391
111,678,찰밥,고동국(올갱이국),부추강회,낙지무침,0.991319819095172
112,798,찰밥,무국(새우젓),파강회,굴무생채,0.9913027749930928
115,768,찰밥,무국(새우젓),계란말이,꼬막무침,0.9912415651562246
116,73,쌀밥,김치무국,스크램블드에그,닭무침,0.9912309979335644
124,658,찰밥,고동국(올갱이국),파강회,오징어무침(파),0.9911046943251496
129,753,찰밥,당면국(양배추),파강회,오징어포무침,0.991036760329548
130,963,현미밥,김치무국,오믈렛,닭무침,0.991028879974412
131,962,현미밥,김치무국,오믈렛(두부),닭무침,0.991028879974412
135,446,찰밥,김치국(참치),부추강회,오징어포무침,0.99096540924271
138,383,찰밥,김치무국,달걀부침,꼬막무침,0.9909022703849212
140,515,찰밥,고동국(올갱이국),계란후라이,굴무침,0.9908553786533754
142,9,쌀밥,호박새우젓국,부추강회,닭무침,0.990782368052648
145,631,찰밥,고동국(올갱이국),부추잡채,닭무침,0.9907057291152864
146,751,찰밥,게장국,미나리강회,닭무침,0.9906992089536302
147,175,쌀밥,게장국,스크램블드에그,닭무침,0.9906894291056191
172,786,찰밥,무국(새우젓),스크램블드에그,닭무침,0.9903369671512992
175,133,쌀밥,김치국(참치),계란후라이,북어채무침,0.9903204040938494
183,452,찰밥,고동국(올갱이국),달걀찜,새우무침,0.9902175904382696
189,339,찰밥,김치국(소시지),두부찜,닭무침,0.9900529853659958
190,123,쌀밥,김치국(참치),계란말이,닭무침,0.9900481120492864
214,81,쌀밥,김치무국,부추잡채,꼬막무침,0.9896446315469686
224,491,찰밥,고동국(올갱이국),계란말이,꼬막무침,0.9895121894963886
244,442,찰밥,김치국(참치),부추잡채,닭무침,0.9892203292421488
267,571,찰밥,고동국(올갱이국),달걀부침(야채),닭무침,0.9888889653482476
292,177,쌀밥,게장국,부추잡채,닭무침,0.9884747434595188
298,286,찰밥,복국(복지리),달걀부침,꼬막무침,0.9883917329058902
324,733,찰밥,게장국,달걀부침(김말이),닭무침,0.987946622416762
349,811,찰밥,무국(새우젓),부추강회,북어채무침,0.9876390235194288
435,787,찰밥,무국(새우젓),달걀부침(김말이),닭무침,0.9864156343275424
460,824,현미밥,호박새우젓국,두부찜,새우무침,0.9860253239500004
465,385,찰밥,김치무국,잡채,닭무침,0.9858936787603501
