,Unnamed: 0,밥,국,메인,서브,유사도
0,775,찰밥,고동국(올갱이국),짜장볶음,새우무침,0.9937348992349594
1,789,찰밥,고동국(올갱이국),파강회,굴무생채,0.9924893047554216
2,681,찰밥,고동국(올갱이국),오믈렛,홍합무침,0.9922057265312448
3,585,찰밥,김치무국,오믈렛(두부),닭무침,0.9919879002176594
4,809,찰밥,고동국(올갱이국),부추강회,게맛살무침,0.991875719366584
5,338,쌀밥,고동국(올갱이국),미나리강회,오징어포무침,0.9918130560940978
6,597,찰밥,고동국(올갱이국),두부찜,피조개무침,0.9916324680151156
7,583,찰밥,김치무국,계란후라이,북어채무침,0.9913814569734972
8,932,찰밥,당면국(양배추),파강회,꼬막무침,0.991235973061625
9,547,찰밥,복국(복지리),부추강회,굴무침,0.99119997190734
11,752,찰밥,고동국(올갱이국),잡채,골뱅이무침,0.9909507197911664
12,418,쌀밥,무국(새우젓),부추잡채,닭무침,0.9909187034088616
13,556,찰밥,복국(복지리),미나리강회,굴무생채,0.9909104177161336
15,773,찰밥,고동국(올갱이국),부추잡채,오징어무침(파),0.9908183615163854
19,637,찰밥,고동국(올갱이국),계란말이,골뱅이무침,0.989915771900822
21,450,찰밥,호박새우젓국,계란후라이,꼬막무침,0.989861753496328
22,162,쌀밥,김치무국,달걀부침,닭무침,0.9898480641851076
27,905,찰밥,당면국(양배추),두부찜,굴무생채,0.9895212864834784
28,240,쌀밥,김치국(참치),미나리강회,오징어포무침,0.9894439710440872
30,184,쌀밥,김치무국,부추강회,노가리채무침,0.9892877454977372
31,191,쌀밥,김치무국,미나리강회,골뱅이무침,0.989266389283474
33,953,찰밥,무국(새우젓),두부찜,홍합무침,0.9892167777928764
36,869,찰밥,게장국,계란후라이,오징어포무침,0.9890599924470564
37,269,쌀밥,고동국(올갱이국),달걀부침(김말이),새우무침,0.9890535812409
38,976,찰밥,무국(새우젓),계란후라이,노가리채무침,0.9889887120904984
41,62,쌀밥,복국(복지리),스크램블드에그,오징어포무침,0.9888816548847962
42,153,쌀밥,김치무국,오믈렛,닭무침,0.9888038586898568
45,75,쌀밥,복국(복지리),부추잡채,꼬막무침,0.9887216449545624
47,258,쌀밥,고동국(올갱이국),계란후라이,오징어포무침,0.9886842589411272
50,87,쌀밥,복국(복지리),파강회,굴무생채,0.988584930372788
51,164,쌀밥,김치무국,부추잡채,꼬막무침,0.9885678552282838
52,430,쌀밥,무국(새우젓),부추강회,홍합무침,0.9885500856858994
53,429,쌀밥,무국(새우젓),파강회,닭무침,0.9885500856858994
56,733,찰밥,고동국(올갱이국),달걀부침,게맛살무침,0.9884392134160348
70,223,쌀밥,김치국(참치),파강회,새우무침,0.98805868251721
73,135,쌀밥,김치무국,계란말이,꼬막무침,0.9878830316270698
74,442,쌀밥,무국(새우젓),미나리강회,골뱅이무침,0.9878808015560234
75,940,찰밥,당면국(양배추),부추강회,새우무침,0.9878752340041088
76,496,찰밥,복국(복지리),오믈렛(두부),꼬막무침,0.987839576243996
77,921,찰밥,당면국(양배추),계란후라이,굴무침,0.9877728892422318
80,204,쌀밥,김치국(참치),두부찜,북어채무침,0.9877305413869608
81,879,찰밥,게장국,파강회,홍합무침,0.9877286481699388
88,469,찰밥,복국(복지리),두부찜,오징어무침(파),0.9875682465546854
93,471,찰밥,복국(복지리),계란말이,새우무침,0.9874089392232172
98,885,찰밥,당면국,두부찜,닭무침,0.987352971812757
100,207,쌀밥,김치국(참치),계란후라이,홍합무침,0.987201129693428
104,693,찰밥,고동국(올갱이국),스크램블드에그,피조개무침,0.9870147806356729
120,157,쌀밥,김치무국,달걀부침(김말이),새우무침,0.9864707645023456
125,515,찰밥,복국(복지리),잡채,꼬막무침,0.9862764814560738
126,514,찰밥,복국(복지리),달걀부침,닭무침,0.9862764814560738
127,982,찰밥,무국(새우젓),스크램블드에그,꼬막무침,0.9862530950460568
129,950,찰밥,당면국(양배추),미나리강회,골뱅이무침,0.9862125669278968
136,476,찰밥,복국(복지리),계란후라이,해파리냉채,0.9860325711058676
143,127,쌀밥,김치무국,두부찜,굴무생채,0.9858252633207052
144,860,찰밥,게장국,두부찜,굴무침,0.985733419469222
157,119,쌀밥,김치국(소시지),두부찜,닭무침,0.9854859728948764
166,381,쌀밥,게장국,부추강회,오징어포무침,0.985093653128714
172,174,쌀밥,김치무국,파강회,굴무침,0.984977766299596
182,66,쌀밥,복국(복지리),달걀부침(김말이),오징어포무침,0.9847899209466924
184,1,쌀밥,호박새우젓국,두부찜,꼬막무침,0.9847650675117392
187,985,찰밥,무국(새우젓),달걀부침,꼬막무침,0.9847069045275876
200,9,쌀밥,호박새우젓국,부추강회,닭무침,0.9845029862622886
203,672,찰밥,고동국(올갱이국),오믈렛(두부),꼬막무침,0.9843824194957672
213,452,찰밥,두부계란탕,계란후라이,닭무침,0.9842406797816424
245,623,찰밥,고동국(올갱이국),순대,새우무침,0.9837998639188759
270,235,쌀밥,김치국(참치),부추강회,북어채무침,0.9834581301760128
277,564,찰밥,김치국(소시지),계란후라이,닭무침,0.98342565111558
281,8,쌀밥,호박새우젓국,파강회,닭무침,0.9833771826377224
290,711,찰밥,고동국(올갱이국),달걀부침(야채),새우무침,0.983197542258928
327,893,찰밥,당면국,파강회,북어채무침,0.98303039924442
332,979,찰밥,무국(새우젓),오믈렛(두부),닭무침,0.9829926901365168
355,589,찰밥,김치무국,잡채,닭무침,0.9828508334724256
357,399,쌀밥,무국(새우젓),계란말이,닭무침,0.9828310241414258
359,370,쌀밥,게장국,부추잡채,닭무침,0.9827946727515592
409,877,찰밥,게장국,달걀부침,닭무침,0.982312449525138
427,219,쌀밥,김치국(참치),달걀부침(김말이),닭무침,0.9820683407219288
430,59,쌀밥,복국(복지리),오믈렛,닭무침,0.9820409133169894
439,895,찰밥,당면국,부추강회,새우무침,0.982020589742794
451,218,쌀밥,김치국(참치),스크램블드에그,닭무침,0.9819794396934084
452,156,쌀밥,김치무국,스크램블드에그,닭무침,0.9819779409149544
470,221,쌀밥,김치국(참치),부추잡채,닭무침,0.9816665170752892
492,883,찰밥,게장국,미나리강회,오징어포무침,0.98153151099421
