,Unnamed: 0,밥,국,메인,서브,유사도
0,937,완두콩밥,김치무국,파강회,홍합무침,0.9971825560587732
1,612,현미밥,김치국(참치),부추강회,새우무침,0.9970686347587836
2,670,현미밥,고동국(올갱이국),미나리강회,꼬막무침,0.996610753216802
3,398,찰밥,무국(새우젓),미나리강회,오징어포무침,0.9962562381797544
4,754,현미밥,무국(새우젓),부추강회,골뱅이무침,0.9957626883080212
5,196,찰밥,김치무국,미나리강회,골뱅이무침,0.995743666469707
6,405,현미밥,호박새우젓국,두부찜,닭무침,0.9956497022620556
7,495,현미밥,복국(복지리),미나리강회,홍합무침,0.995636031635162
8,40,찰밥,복국(복지리),계란후라이,새우무침,0.9955938083177184
10,688,현미밥,게장국,계란후라이,골뱅이무침,0.9952597906362798
11,345,찰밥,무국(새우젓),두부찜,골뱅이무침,0.9951993756916088
12,802,완두콩밥,복국(복지리),두부찜,노가리채무침,0.995180295937052
13,164,찰밥,김치무국,달걀부침,새우무침,0.9950644005452732
14,190,찰밥,김치무국,부추강회,북어채무침,0.9950156703492571
16,65,찰밥,복국(복지리),달걀부침(김말이),꼬막무침,0.9949307723890292
17,977,완두콩밥,김치국(참치),계란말이,닭무침,0.9949250619179266
18,94,찰밥,복국(복지리),파강회,오징어무침,0.994767803595718
20,582,현미밥,김치국(참치),두부찜,골뱅이무침,0.9946162590172876
23,369,찰밥,무국(새우젓),달걀부침(김말이),닭무침,0.994452300377817
24,743,현미밥,무국(새우젓),파강회,굴무생채,0.9944477376883936
27,844,완두콩밥,복국(복지리),부추잡채,홍합무침,0.9940596121882552
28,126,찰밥,김치무국,두부찜,새우무침,0.9940000040430552
29,221,찰밥,김치국(참치),계란후라이,노가리채무침,0.9939797491320388
31,634,현미밥,고동국(올갱이국),부추잡채,닭무침,0.9939672464292312
32,251,찰밥,고동국(올갱이국),달걀찜,닭무침,0.9937915928464276
33,840,완두콩밥,복국(복지리),달걀부침,새우무침,0.9935008464147156
34,874,완두콩밥,복국(복지리),부추강회,굴무침,0.9934442379690432
35,142,찰밥,김치무국,계란후라이,홍합무침,0.9932750989201776
37,53,찰밥,복국(복지리),오믈렛(두부),꼬막무침,0.9932300739731978
38,228,찰밥,김치국(참치),파강회,홍합무침,0.9932163660901758
42,834,완두콩밥,복국(복지리),스크램블드에그,꼬막무침,0.9930814447060756
43,279,찰밥,고동국(올갱이국),파강회,오징어무채,0.9930587914067354
50,163,찰밥,김치무국,달걀부침(김말이),닭무침,0.9927022773937344
59,662,현미밥,고동국(올갱이국),부추강회,오징어포무침,0.9923333035262372
60,351,찰밥,무국(새우젓),계란말이,닭무침,0.9922452547916084
64,727,현미밥,무국(새우젓),계란후라이,굴무생채,0.9921842260564534
74,734,현미밥,무국(새우젓),스크램블드에그,닭무침,0.9920629569108008
75,507,현미밥,김치국(소시지),계란후라이,닭무침,0.9919834451134472
77,697,현미밥,게장국,파강회,꼬막무침,0.9919044752239016
78,12,찰밥,호박새우젓국,파강회,닭무침,0.9918982072888972
92,989,완두콩밥,김치국(참치),스크램블드에그,닭무침,0.991644622712142
95,8,찰밥,호박새우젓국,계란후라이,꼬막무침,0.9916038150638752
99,678,현미밥,게장국,두부찜,꼬막무침,0.9915161681147884
101,336,찰밥,게장국,미나리강회,오징어포무침,0.9914940674598836
106,704,현미밥,게장국,부추강회,꼬막무침,0.9914084176572324
111,522,현미밥,김치무국,계란말이,닭무침,0.9913588546947268
112,249,찰밥,김치국(참치),미나리강회,닭무침,0.9913356144126629
132,926,완두콩밥,김치무국,스크램블드에그,꼬막무침,0.9909698661562604
154,227,찰밥,김치국(참치),부추잡채,닭무침,0.9906606788305742
156,252,찰밥,고동국(올갱이국),두부찜,꼬막무침,0.9906490128818968
172,13,찰밥,호박새우젓국,부추강회,닭무침,0.9904157828999748
175,55,찰밥,복국(복지리),오믈렛,새우무침,0.990331835720884
189,34,찰밥,복국(복지리),계란말이,닭무침,0.990003977170904
211,370,찰밥,무국(새우젓),달걀부침,꼬막무침,0.9896837320743624
219,924,완두콩밥,김치무국,오믈렛,닭무침,0.9895328747660554
226,934,완두콩밥,김치무국,부추잡채,새우무침,0.9893697688673554
270,536,현미밥,김치무국,오믈렛(두부),닭무침,0.9888619493628028
292,599,현미밥,김치국(참치),달걀부침(김말이),닭무침,0.988579137790154
296,121,찰밥,김치국(소시지),두부찜,닭무침,0.9885335931153374
428,600,현미밥,김치국(참치),달걀부침,닭무침,0.9867765510380636
439,321,찰밥,게장국,부추잡채,닭무침,0.9866612819677668
446,738,현미밥,무국(새우젓),부추잡채,닭무침,0.9865620488158924
