,Unnamed: 0,밥,국,메인,서브,유사도
0,890,찰밥,무국(새우젓),부추잡채,닭무침,0.9979947401078952
1,733,찰밥,고동국(올갱이국),파강회,문어무침,0.9976516086714452
2,493,찰밥,김치무국,부추강회,골뱅이무침,0.9974816828513546
3,902,찰밥,무국(새우젓),파강회,닭무침,0.9972791737188432
4,644,찰밥,고동국(올갱이국),스크램블드에그,오징어무침,0.9972384615405262
5,915,찰밥,무국(새우젓),미나리강회,골뱅이무침,0.9961463184059598
6,793,찰밥,게장국,두부찜,꼬막무침,0.9952658126408428
7,784,찰밥,고동국(올갱이국),미나리강회,문어무침,0.9951888289842364
8,365,찰밥,복국(복지리),계란후라이,북어채무침,0.9951239512296196
9,377,찰밥,복국(복지리),스크램블드에그,새우무침,0.9950493994669624
12,950,현미밥,복국(복지리),두부찜,게맛살무침,0.9944634861900384
13,456,찰밥,김치무국,계란말이,새우무침,0.9944541637201628
14,551,찰밥,고동국(올갱이국),두부찜,문어무침,0.9943167144086388
18,182,쌀밥,김치국(참치),두부찜,닭무침,0.9939107471110604
19,759,찰밥,고동국(올갱이국),부추강회,문어무침,0.9938513357004356
22,652,찰밥,고동국(올갱이국),달걀부침(김말이),홍합무침,0.9935406158595844
23,846,찰밥,당면국(양배추),부추강회,새우무침,0.9935192751606772
25,816,찰밥,게장국,파강회,새우무침,0.9929252789219316
26,692,찰밥,고동국(올갱이국),잡채,닭무침,0.9928507535311429
27,858,찰밥,무국(새우젓),두부찜,소라무침,0.9927518164715586
28,413,찰밥,복국(복지리),파강회,오징어무침,0.9927433961746696
29,874,찰밥,무국(새우젓),계란후라이,오징어포무침,0.9926747923607728
33,923,찰밥,당면국(새우),파강회,홍합무침,0.9925935099807576
34,571,찰밥,고동국(올갱이국),계란말이,굴무생채,0.9924178289249828
37,672,찰밥,고동국(올갱이국),달걀부침,꼬막무침,0.9923470486024434
41,703,찰밥,고동국(올갱이국),부추잡채,골뱅이무침,0.9918605849595752
42,129,쌀밥,김치무국,오믈렛(두부),닭무침,0.9918225032577972
43,933,찰밥,당면국(새우),부추강회,오징어포무침,0.9918166446997893
47,125,쌀밥,김치무국,계란후라이,노가리채무침,0.9915852213138469
48,605,찰밥,고동국(올갱이국),오믈렛(두부),홍합무침,0.9915231809242236
50,239,쌀밥,게장국,계란후라이,꼬막무침,0.9914336760530422
53,935,찰밥,당면국(새우),미나리강회,꼬막무침,0.9913437111117418
55,836,찰밥,당면국(양배추),파강회,홍합무침,0.9912895876167314
57,881,찰밥,무국(새우젓),오믈렛,닭무침,0.9912612145396676
59,321,찰밥,호박새우젓국,계란후라이,새우무침,0.99111629980757
60,967,현미밥,복국(복지리),계란말이,닭무침,0.9910357247189788
68,589,찰밥,고동국(올갱이국),계란후라이,굴무생채,0.9906615154734884
73,519,찰밥,김치국(참치),계란후라이,골뱅이무침,0.9905733488651918
76,383,찰밥,복국(복지리),달걀부침(김말이),꼬막무침,0.9904788122306524
83,833,찰밥,당면국(양배추),계란후라이,꼬막무침,0.990247237553726
87,437,찰밥,복국(복지리),미나리강회,노가리채무침,0.9901887014444422
88,712,찰밥,고동국(올갱이국),짜장볶음,꼬막무침,0.990188425717821
90,485,찰밥,김치무국,잡채,닭무침,0.9901034671431042
91,484,찰밥,김치무국,달걀부침,닭무침,0.9901034671431042
94,275,쌀밥,무국(새우젓),계란말이,닭무침,0.9900045224877924
98,418,찰밥,복국(복지리),부추강회,새우무침,0.989916553760816
104,135,쌀밥,김치무국,달걀부침(김말이),꼬막무침,0.9898400729039412
108,887,찰밥,무국(새우젓),달걀부침,닭무침,0.9897251961273236
114,885,찰밥,무국(새우젓),달걀부침(김말이),닭무침,0.9895506470529396
125,986,현미밥,복국(복지리),오믈렛(두부),꼬막무침,0.9893855163264706
129,825,찰밥,게장국,미나리강회,새우무침,0.989302484816486
133,260,쌀밥,게장국,부추강회,닭무침,0.9891931853799872
145,619,찰밥,고동국(올갱이국),오믈렛,새우무침,0.9888853077037476
148,834,찰밥,당면국(양배추),달걀부침(김말이),닭무침,0.9888315030282872
155,306,쌀밥,무국(새우젓),부추강회,골뱅이무침,0.9886980593415148
161,208,쌀밥,김치국(참치),부추강회,홍합무침,0.9885934686185178
166,829,찰밥,당면국,파강회,꼬막무침,0.9884241222828472
170,530,찰밥,고동국(올갱이국),달걀찜,새우무침,0.9883549681226044
175,850,찰밥,당면국(양배추),미나리강회,새우무침,0.9882155240487536
185,106,쌀밥,김치무국,두부찜,골뱅이무침,0.9880127267051124
186,324,찰밥,호박새우젓국,파강회,새우무침,0.9879462672431925
194,168,쌀밥,김치무국,미나리강회,골뱅이무침,0.9877942368661726
198,998,현미밥,복국(복지리),달걀부침,꼬막무침,0.9877179513554822
213,154,쌀밥,김치무국,파강회,닭무침,0.9872154238833968
218,53,쌀밥,복국(복지리),부추잡채,새우무침,0.9870496021331744
229,919,찰밥,당면국(새우),두부찜,꼬막무침,0.9868339617337074
230,920,찰밥,당면국(새우),계란후라이,꼬막무침,0.9868339617337074
242,882,찰밥,무국(새우젓),스크램블드에그,새우무침,0.9865590454264012
271,132,쌀밥,김치무국,스크램블드에그,꼬막무침,0.9856465434178159
273,487,찰밥,김치무국,부추잡채,닭무침,0.9856179357240308
283,195,쌀밥,김치국(참치),스크램블드에그,닭무침,0.9854280952868638
287,513,찰밥,김치국(참치),계란말이,닭무침,0.9852438805614026
302,921,찰밥,당면국(새우),달걀부침(김말이),닭무침,0.9851052112359968
325,812,찰밥,게장국,달걀부침(김말이),닭무침,0.98460911499352
343,130,쌀밥,김치무국,오믈렛,닭무침,0.9841967417161598
364,375,찰밥,복국(복지리),오믈렛,닭무침,0.9838282741920754
368,562,찰밥,고동국(올갱이국),순대,닭무침,0.9836825278825284
369,938,현미밥,호박새우젓국,두부찜,새우무침,0.9836411022152504
377,832,찰밥,당면국(양배추),두부찜,닭무침,0.9835044756093984
384,202,쌀밥,김치국(참치),파강회,오징어포무침,0.9833338470843961
398,391,찰밥,복국(복지리),잡채,닭무침,0.983166569564072
422,10,쌀밥,호박새우젓국,미나리강회,닭무침,0.9829307636431066
446,800,찰밥,게장국,계란말이,닭무침,0.9824726171775856
447,922,찰밥,당면국(새우),부추잡채,닭무침,0.9824551962901222
452,9,쌀밥,호박새우젓국,부추강회,닭무침,0.982350725780552
482,218,쌀밥,김치국(참치),미나리강회,북어채무침,0.9815738197241668
492,196,쌀밥,김치국(참치),달걀부침(김말이),닭무침,0.9813004255771438
496,198,쌀밥,김치국(참치),부추잡채,닭무침,0.9812077825656044
