,Unnamed: 0,밥,국,메인,서브,유사도
0,988,현미밥,고동국(올갱이국),계란후라이,오징어포무침,0.9988076346125568
1,755,현미밥,복국(복지리),계란후라이,오징어무침,0.9982914514827679
2,711,현미밥,호박새우젓국,계란후라이,새우무침,0.9968708667704076
3,772,현미밥,복국(복지리),잡채,닭무침,0.9964093149533144
4,720,현미밥,복국(복지리),두부찜,해파리냉채,0.9962079606349395
5,460,찰밥,고동국(올갱이국),스크램블드에그,게맛살무침,0.9960703529752842
6,863,현미밥,김치무국,파강회,굴무생채,0.9955709346511972
7,228,찰밥,복국(복지리),부추강회,대구포무침,0.9955200551448776
9,569,찰밥,고동국(올갱이국),부추강회,낙지무침,0.9954475752900426
10,221,찰밥,복국(복지리),파강회,노가리채무침,0.9954304634647414
12,47,쌀밥,김치무국,부추강회,홍합무침,0.9952870811373999
13,668,찰밥,무국(새우젓),계란후라이,닭무침,0.9951525291050362
14,446,찰밥,고동국(올갱이국),오믈렛(두부),꼬막무침,0.9950629251909776
17,398,찰밥,고동국(올갱이국),두부찜,북어채무침,0.994999340835522
18,915,현미밥,김치국(참치),파강회,노가리채무침,0.994951642668932
19,190,찰밥,복국(복지리),스크램블드에그,오징어포무침,0.9948546084708376
21,450,찰밥,고동국(올갱이국),오믈렛,새우무침,0.9947748259921696
22,328,찰밥,김치무국,미나리강회,북어채무침,0.9947096948721004
23,72,쌀밥,김치국(참치),두부찜,노가리채무침,0.9947077712649316
24,109,쌀밥,김치국(참치),미나리강회,북어채무침,0.994557563392468
27,675,찰밥,무국(새우젓),달걀부침,꼬막무침,0.9944093834810104
31,852,현미밥,김치무국,달걀부침(김말이),닭무침,0.9942274899500916
32,204,찰밥,복국(복지리),부추잡채,새우무침,0.9940945539980884
33,957,현미밥,고동국(올갱이국),순대,새우무침,0.9939661611733516
38,259,찰밥,김치무국,두부찜,굴무생채,0.993764803000827
40,694,찰밥,무국(새우젓),부추강회,꼬막무침,0.9935895308810136
41,294,찰밥,김치무국,달걀부침,새우무침,0.993585358784286
44,686,찰밥,무국(새우젓),파강회,오징어포무침,0.9932438306624451
45,240,찰밥,복국(복지리),미나리강회,대구포무침,0.9931869477737963
47,971,현미밥,고동국(올갱이국),계란말이,굴무침,0.993059151038174
48,596,찰밥,고동국(올갱이국),미나리강회,문어무침,0.9930061255101452
51,268,찰밥,김치무국,계란말이,꼬막무침,0.9929993697500288
52,858,현미밥,김치무국,부추잡채,닭무침,0.9929591580461212
53,679,찰밥,무국(새우젓),부추잡채,닭무침,0.9929049018165044
62,114,쌀밥,게장국,파강회,오징어포무침,0.9926658093210446
63,347,찰밥,김치국(참치),계란후라이,오징어포무침,0.9926265536123204
66,931,현미밥,고동국(올갱이국),달걀찜,닭무침,0.9925701387980482
71,715,현미밥,호박새우젓국,파강회,꼬막무침,0.9924005572716924
73,548,찰밥,고동국(올갱이국),파강회,오징어무침,0.9922812245143368
74,626,찰밥,게장국,부추잡채,닭무침,0.9922309372608316
75,103,쌀밥,김치국(참치),부추강회,북어채무침,0.9922149717677508
77,157,찰밥,복국(복지리),계란말이,새우무침,0.9922013416287416
88,833,현미밥,김치무국,계란후라이,해파리냉채,0.9919778652937408
91,615,찰밥,게장국,계란후라이,새우무침,0.991884370115798
96,4,쌀밥,호박새우젓국,미나리강회,닭무침,0.991841137994984
102,641,찰밥,게장국,미나리강회,오징어포무침,0.9916285433995372
116,650,찰밥,무국(새우젓),두부찜,골뱅이무침,0.9914283685416488
128,515,찰밥,고동국(올갱이국),부추잡채,꼬막무침,0.9912268667495008
131,89,쌀밥,김치국(참치),부추잡채,닭무침,0.9911748717207758
135,504,찰밥,고동국(올갱이국),달걀부침,노가리채무침,0.9911634100918074
136,606,찰밥,게장국,두부찜,오징어포무침,0.9911560829367662
139,341,찰밥,김치국(참치),계란말이,닭무침,0.9910987239238891
147,120,쌀밥,게장국,부추강회,오징어포무침,0.9909326471593672
148,3,쌀밥,호박새우젓국,부추강회,닭무침,0.9909110000574696
152,488,찰밥,고동국(올갱이국),달걀부침(김말이),노가리채무침,0.9908325600534834
170,848,현미밥,김치무국,스크램블드에그,새우무침,0.990522185466503
172,673,찰밥,무국(새우젓),스크램블드에그,닭무침,0.9905113666202912
173,252,찰밥,김치국(소시지),계란후라이,닭무침,0.9905048957482798
175,473,찰밥,고동국(올갱이국),달걀부침(야채),새우무침,0.9904890166844542
211,197,찰밥,복국(복지리),달걀부침,새우무침,0.9899135221476536
214,287,찰밥,김치무국,오믈렛,닭무침,0.9898080356591352
231,353,찰밥,김치국(참치),스크램블드에그,닭무침,0.9896457408963792
260,708,현미밥,호박새우젓국,두부찜,새우무침,0.9891597738095176
262,670,찰밥,무국(새우젓),오믈렛,닭무침,0.989132484795932
270,193,찰밥,복국(복지리),달걀부침(김말이),새우무침,0.9890796803937462
289,703,찰밥,무국(새우젓),미나리강회,오징어포무침,0.9888229089353204
302,623,찰밥,게장국,스크램블드에그,닭무침,0.9886706398516332
316,183,찰밥,복국(복지리),오믈렛(두부),닭무침,0.9885143439187684
356,846,현미밥,김치무국,오믈렛(두부),닭무침,0.9879246721918212
371,625,찰밥,게장국,달걀부침,닭무침,0.9877215949041482
375,138,찰밥,두부계란탕,계란후라이,닭무침,0.9876570830804778
406,760,현미밥,복국(복지리),오믈렛,꼬막무침,0.9871694391576648
