,Unnamed: 0,밥,국,메인,서브,유사도
0,745,찰밥,무국(새우젓),오믈렛(두부),닭무침,0.998795322271348
1,978,현미밥,김치국(참치),계란후라이,굴무침,0.9987291326637496
3,803,현미밥,복국(복지리),두부찜,소라무침,0.9982224531017382
4,990,현미밥,김치국(참치),부추강회,새우무침,0.9971477079938904
5,477,찰밥,고동국(올갱이국),계란후라이,대구포무침,0.9970225229019812
6,758,찰밥,무국(새우젓),파강회,새우무침,0.9968034303767744
7,820,현미밥,복국(복지리),계란후라이,게맛살무침,0.9963407458052048
9,503,찰밥,고동국(올갱이국),오믈렛(두부),오징어포무침,0.99600659833004
10,911,현미밥,김치무국,계란후라이,홍합무침,0.995505367335376
11,261,찰밥,복국(복지리),파강회,피조개무침,0.9954446308456985
12,510,찰밥,고동국(올갱이국),오믈렛,대구포무침,0.995396675354146
13,959,현미밥,김치무국,미나리강회,북어채무침,0.9953864678463964
14,613,찰밥,고동국(올갱이국),파강회,오징어포무침,0.9953830289909344
15,254,찰밥,복국(복지리),잡채,닭무침,0.99535894214706
16,63,쌀밥,김치무국,부추잡채,새우무침,0.9953000076266628
17,67,쌀밥,김치무국,파강회,대구포무침,0.9952167830841481
18,713,찰밥,게장국,미나리강회,새우무침,0.9950833806012738
20,643,찰밥,고동국(올갱이국),부추강회,낙지무침,0.9949638220618008
21,465,찰밥,고동국(올갱이국),계란말이,오징어포무침,0.994949622344924
22,839,현미밥,복국(복지리),스크램블드에그,새우무침,0.9949370573665918
23,439,찰밥,고동국(올갱이국),두부찜,골뱅이무침,0.9949312147564188
24,966,현미밥,김치국(참치),두부찜,골뱅이무침,0.9948746618672036
26,252,찰밥,복국(복지리),달걀부침,닭무침,0.9947312174303792
28,368,찰밥,김치무국,부추강회,굴무침,0.9946367550631914
32,720,찰밥,무국(새우젓),두부찜,대구포무침,0.994339144474638
36,900,현미밥,김치무국,두부찜,굴무생채,0.9941531144971792
37,234,찰밥,복국(복지리),오믈렛(두부),꼬막무침,0.9940225379422768
41,260,찰밥,복국(복지리),부추잡채,닭무침,0.9937103093788876
42,297,찰밥,복국(복지리),미나리강회,오징어포무침,0.9936920708528508
43,783,찰밥,무국(새우젓),미나리강회,닭무침,0.9936850980444376
44,739,찰밥,무국(새우젓),계란후라이,오징어포무침,0.9935251707269612
46,731,찰밥,무국(새우젓),계란말이,꼬막무침,0.993204184330528
62,138,쌀밥,김치국(참치),미나리강회,새우무침,0.9925923142668804
64,984,현미밥,김치국(참치),달걀부침,닭무침,0.9925286236428325
66,183,찰밥,호박새우젓국,계란후라이,꼬막무침,0.9925161558519005
70,845,현미밥,복국(복지리),달걀부침(김말이),닭무침,0.9923085993534948
71,751,찰밥,무국(새우젓),달걀부침,꼬막무침,0.9922398551962224
72,591,찰밥,고동국(올갱이국),부추잡채,굴무침,0.9922120067831623
73,671,찰밥,고동국(올갱이국),미나리강회,북어채무침,0.9921622162672088
75,127,쌀밥,김치국(참치),파강회,굴무침,0.9921373937332264
87,881,현미밥,복국(복지리),부추강회,닭무침,0.9919078007961782
88,454,찰밥,고동국(올갱이국),순대,오징어포무침,0.991839723707416
93,236,찰밥,복국(복지리),오믈렛,새우무침,0.9917902935883464
95,7,쌀밥,호박새우젓국,부추강회,닭무침,0.991765183250094
96,151,쌀밥,게장국,달걀부침,닭무침,0.991692851097462
101,177,쌀밥,무국(새우젓),부추강회,꼬막무침,0.9915783831936632
102,686,찰밥,게장국,계란말이,닭무침,0.9915587883832292
114,578,찰밥,고동국(올갱이국),잡채,굴무침,0.9913702354548979
115,695,찰밥,게장국,계란후라이,북어채무침,0.9913557420485632
127,558,찰밥,고동국(올갱이국),달걀부침,피조개무침,0.991156246545548
128,923,현미밥,김치무국,오믈렛(두부),닭무침,0.991133163440742
132,547,찰밥,고동국(올갱이국),달걀부침(김말이),새우무침,0.9910944697240626
146,145,쌀밥,게장국,두부찜,닭무침,0.9908519790518296
147,5,쌀밥,호박새우젓국,파강회,꼬막무침,0.9908365909610256
150,531,찰밥,고동국(올갱이국),스크램블드에그,골뱅이무침,0.990759207206054
151,907,현미밥,김치무국,계란말이,새우무침,0.9907589342413372
165,424,찰밥,고동국(올갱이국),달걀찜,꼬막무침,0.9905076545800372
171,718,찰밥,당면국(양배추),파강회,닭무침,0.9904419099566668
220,106,쌀밥,김치국(참치),계란말이,닭무침,0.9897072592181656
221,55,쌀밥,김치무국,스크램블드에그,꼬막무침,0.9897003189261628
223,179,찰밥,호박새우젓국,두부찜,새우무침,0.9896465817733378
254,53,쌀밥,김치무국,오믈렛,닭무침,0.9891720849117216
258,755,찰밥,무국(새우젓),부추잡채,닭무침,0.989087349483175
260,343,찰밥,김치무국,달걀부침(김말이),새우무침,0.9890576333133324
262,156,쌀밥,게장국,파강회,오징어포무침,0.9890528868864044
286,749,찰밥,무국(새우젓),스크램블드에그,닭무침,0.9887711518405312
287,784,찰밥,당면국(새우),파강회,꼬막무침,0.988706023065744
289,932,현미밥,김치무국,달걀부침,닭무침,0.9886706431780812
310,212,찰밥,복국(복지리),계란말이,닭무침,0.988443463651014
314,162,쌀밥,게장국,부추강회,꼬막무침,0.9883702110997458
319,982,현미밥,김치국(참치),스크램블드에그,닭무침,0.9883292643792088
351,894,현미밥,김치국(소시지),계란후라이,닭무침,0.9878527439038156
394,189,찰밥,호박새우젓국,미나리강회,닭무침,0.9871307718391396
408,121,쌀밥,김치국(참치),부추잡채,닭무침,0.9870557781338588
422,150,쌀밥,게장국,스크램블드에그,닭무침,0.9869074548450176
430,540,찰밥,고동국(올갱이국),달걀부침(야채),꼬막무침,0.9868107751622518
