,Unnamed: 0,밥,국,메인,서브,유사도
0,685,현미밥,김치무국,파강회,북어채무침,0.9969969173996029
1,744,현미밥,김치국(참치),미나리강회,새우무침,0.9965376357589693
2,441,찰밥,게장국,달걀부침,닭무침,0.99618904537567
3,833,현미밥,고동국(올갱이국),파강회,꼬막무침,0.9956932577370968
4,217,찰밥,김치무국,부추강회,꼬막무침,0.995662097585215
5,448,찰밥,게장국,파강회,노가리채무침,0.995581520568506
6,550,현미밥,복국(복지리),두부찜,오징어무침,0.9955678569271494
10,646,현미밥,김치무국,계란말이,새우무침,0.9952820200770384
11,427,찰밥,게장국,두부찜,닭무침,0.9951998818943548
12,762,현미밥,고동국(올갱이국),두부찜,골뱅이무침,0.99517132351923
13,404,찰밥,고동국(올갱이국),미나리강회,새우무침,0.9951575179665612
14,379,찰밥,고동국(올갱이국),부추강회,게맛살무침,0.995126787807126
16,179,찰밥,김치무국,계란후라이,소라무침,0.9949880945237198
18,431,찰밥,게장국,계란후라이,새우무침,0.9948966381718448
19,69,찰밥,복국(복지리),계란후라이,꼬막무침,0.9948494330363672
20,101,찰밥,복국(복지리),달걀부침,오징어포무침,0.994691325749084
21,131,찰밥,복국(복지리),부추강회,새우무침,0.994682057997912
22,946,현미밥,무국(새우젓),계란후라이,오징어포무침,0.9945643028022529
27,822,현미밥,고동국(올갱이국),부추잡채,북어채무침,0.9943674456554948
28,193,찰밥,김치무국,달걀부침(김말이),새우무침,0.994229790908827
30,925,현미밥,게장국,미나리강회,꼬막무침,0.9940276301733362
32,246,찰밥,김치국(참치),계란후라이,대구포무침,0.9939014753838832
34,708,현미밥,김치국(참치),두부찜,골뱅이무침,0.9938905817120216
36,921,현미밥,게장국,부추강회,새우무침,0.9934304194121968
37,956,현미밥,무국(새우젓),부추잡채,닭무침,0.9934123910355488
38,229,찰밥,김치무국,미나리강회,굴무침,0.9933336256952086
39,155,찰밥,김치무국,두부찜,해파리냉채,0.993203703212428
40,939,현미밥,무국(새우젓),계란말이,닭무침,0.9931874841498092
42,575,현미밥,복국(복지리),오믈렛(두부),닭무침,0.993143521494642
50,312,찰밥,고동국(올갱이국),계란후라이,낙지무침,0.992981198987769
54,105,찰밥,복국(복지리),부추잡채,홍합무침,0.9928040176616468
56,330,찰밥,고동국(올갱이국),달걀부침(김말이),굴무침,0.9927436988346006
57,146,찰밥,복국(복지리),미나리강회,굴무생채,0.9927206251263674
60,960,현미밥,무국(새우젓),파강회,꼬막무침,0.9926439434848886
61,953,현미밥,무국(새우젓),달걀부침(김말이),닭무침,0.9926274254084372
62,978,현미밥,무국(새우젓),미나리강회,오징어포무침,0.9925946773657529
66,529,현미밥,호박새우젓국,계란후라이,닭무침,0.9924108794837052
67,95,찰밥,복국(복지리),달걀부침(김말이),새우무침,0.9923613521186744
72,736,현미밥,김치국(참치),파강회,닭무침,0.9922540039863508
75,302,찰밥,고동국(올갱이국),계란말이,닭무침,0.9921520667376732
76,202,찰밥,김치무국,부추잡채,닭무침,0.9921302661084319
82,533,현미밥,호박새우젓국,부추강회,닭무침,0.9920262986326208
86,811,현미밥,고동국(올갱이국),달걀부침,닭무침,0.9919883673252132
88,594,현미밥,복국(복지리),파강회,해파리냉채,0.9919655218290084
101,271,찰밥,김치국(참치),부추강회,새우무침,0.9916637686668236
111,662,현미밥,김치무국,오믈렛(두부),닭무침,0.9914686429955224
125,485,찰밥,무국(새우젓),오믈렛(두부),닭무침,0.9912925201257864
129,534,현미밥,호박새우젓국,미나리강회,닭무침,0.9912481625383806
137,487,찰밥,무국(새우젓),스크램블드에그,새우무침,0.9911059742094688
144,469,찰밥,무국(새우젓),두부찜,북어채무침,0.9909705001954888
147,92,찰밥,복국(복지리),스크램블드에그,오징어포무침,0.9909430476527668
151,524,현미밥,호박새우젓국,두부찜,새우무침,0.9907866383190764
153,491,찰밥,무국(새우젓),달걀부침,꼬막무침,0.9907603441292356
158,666,현미밥,김치무국,스크램블드에그,닭무침,0.9906891130239334
178,258,찰밥,김치국(참치),달걀부침,닭무침,0.9904745679231056
188,244,찰밥,김치국(참치),계란말이,닭무침,0.9903383502115904
191,61,찰밥,복국(복지리),계란말이,오징어포무침,0.9903246480894136
202,320,찰밥,고동국(올갱이국),달걀부침(야채),꼬막무침,0.99003114116793
211,36,찰밥,호박새우젓국,파강회,꼬막무침,0.9899210318006912
239,511,찰밥,무국(새우젓),부추강회,오징어포무침,0.9895258231242404
243,196,찰밥,김치무국,달걀부침,새우무침,0.9894615395308732
253,199,찰밥,김치무국,잡채,닭무침,0.9892736513397474
255,317,찰밥,고동국(올갱이국),스크램블드에그,오징어포무침,0.9892616851827442
262,87,찰밥,복국(복지리),오믈렛,꼬막무침,0.9892155828297672
263,442,찰밥,게장국,부추잡채,닭무침,0.9892027214255029
277,12,쌀밥,김치국(참치),부추잡채,닭무침,0.9889965055315428
348,154,찰밥,김치국(소시지),계란후라이,닭무침,0.9880692475433812
430,153,찰밥,김치국(소시지),두부찜,닭무침,0.9869973805483984
479,994,조밥,김치국(참치),달걀부침(김말이),닭무침,0.9863262492048748
