,Unnamed: 0,밥,국,메인,서브,유사도
0,401,현미밥,김치무국,두부찜,소라무침,0.9971639083887268
1,455,현미밥,김치무국,부추강회,노가리채무침,0.9967080435406844
2,307,찰밥,무국(새우젓),미나리강회,새우무침,0.9957262228337086
3,34,찰밥,복국(복지리),스크램블드에그,오징어포무침,0.9957010692717304
4,470,현미밥,김치국(참치),두부찜,오징어포무침,0.9953791616594112
5,105,찰밥,김치무국,계란말이,꼬막무침,0.9951662876190176
6,245,찰밥,게장국,부추잡채,닭무침,0.9950573157002828
7,48,찰밥,복국(복지리),파강회,피조개무침,0.9950398975463473
8,518,현미밥,게장국,두부찜,새우무침,0.994555360786332
9,233,찰밥,게장국,계란후라이,대구포무침,0.9945509483857938
10,110,찰밥,김치무국,계란후라이,게맛살무침,0.9944106281625364
17,604,완두콩밥,호박새우젓국,부추강회,닭무침,0.9933579848548076
18,377,현미밥,복국(복지리),부추강회,소라무침,0.993193193221684
21,619,완두콩밥,복국(복지리),계란후라이,해파리냉채,0.9928230181742096
22,634,완두콩밥,복국(복지리),달걀부침,꼬막무침,0.992768060719384
24,574,현미밥,무국(새우젓),파강회,굴무생채,0.9927337038892158
27,447,현미밥,김치무국,파강회,노가리채무침,0.9924395162287998
28,219,찰밥,고동국(올갱이국),파강회,꼴뚜기무침,0.9923503215706162
32,504,현미밥,김치국(참치),부추강회,북어채무침,0.9922842711041612
34,543,현미밥,게장국,파강회,닭무침,0.9922122266744828
36,3,찰밥,호박새우젓국,계란후라이,새우무침,0.9921770150832252
37,510,현미밥,김치국(참치),미나리강회,북어채무침,0.9921623996657136
41,478,현미밥,김치국(참치),계란후라이,대구포무침,0.9920126079174342
42,10,찰밥,호박새우젓국,미나리강회,닭무침,0.9920040887094476
46,353,현미밥,복국(복지리),부추잡채,새우무침,0.9919334165935586
49,499,현미밥,김치국(참치),파강회,닭무침,0.9918614428567379
58,461,현미밥,김치무국,미나리강회,오징어포무침,0.991624334298566
60,300,찰밥,무국(새우젓),부추강회,꼬막무침,0.9916042511127202
63,534,현미밥,게장국,스크램블드에그,닭무침,0.9915360326614996
66,903,녹두밥,호박새우젓국,파강회,꼬막무침,0.9914846301824431
72,179,찰밥,김치국(참치),계란말이,닭무침,0.9913999160444212
74,135,찰밥,김치무국,부추잡채,새우무침,0.9913253968438202
79,259,찰밥,게장국,미나리강회,꼬막무침,0.9911477249734252
80,330,현미밥,복국(복지리),두부찜,굴무생채,0.9911335658645058
98,348,현미밥,복국(복지리),달걀부침(김말이),새우무침,0.9907622624467358
99,85,찰밥,복국(복지리),미나리강회,골뱅이무침,0.9907574555801336
112,133,찰밥,김치무국,달걀부침,닭무침,0.990544951081072
113,565,현미밥,무국(새우젓),스크램블드에그,닭무침,0.9905402447966573
117,263,찰밥,무국(새우젓),두부찜,새우무침,0.9905298687424212
133,597,완두콩밥,호박새우젓국,두부찜,닭무침,0.9900006150090666
140,867,완두콩밥,무국(새우젓),부추잡채,꼬막무침,0.9898273351063186
143,125,찰밥,김치무국,스크램블드에그,새우무침,0.9897978258727418
163,254,찰밥,게장국,부추강회,새우무침,0.9893893503895654
167,23,찰밥,복국(복지리),계란말이,닭무침,0.9892909437601072
191,134,찰밥,김치무국,잡채,닭무침,0.9888674286744272
205,864,완두콩밥,무국(새우젓),달걀부침(김말이),닭무침,0.9886717071471944
222,194,찰밥,김치국(참치),부추잡채,닭무침,0.9882642401451252
232,563,현미밥,무국(새우젓),계란후라이,굴무침,0.9880389325654949
244,425,현미밥,김치무국,오믈렛(두부),닭무침,0.987767458785396
245,281,찰밥,무국(새우젓),달걀부침,꼬막무침,0.9877640900731516
283,426,현미밥,김치무국,오믈렛,닭무침,0.9872060723737132
292,488,현미밥,김치국(참치),달걀부침(김말이),닭무침,0.9869437225726044
305,720,완두콩밥,김치무국,달걀부침(김말이),닭무침,0.9868767371406044
437,193,찰밥,김치국(참치),달걀부침,닭무침,0.9852498094152996
