,Unnamed: 0,밥,국,메인,서브,유사도
0,783,찰밥,고동국(올갱이국),달걀부침(김말이),소라무침,0.9875122250767008
1,902,찰밥,고동국(올갱이국),미나리강회,굴무생채,0.98724866475295
2,870,찰밥,고동국(올갱이국),부추강회,홍합무침,0.9871350536765152
3,377,쌀밥,고동국(올갱이국),파강회,해파리냉채,0.9871071568381096
4,761,찰밥,고동국(올갱이국),스크램블드에그,꼬막무침,0.9868026240923022
5,821,찰밥,고동국(올갱이국),부추잡채,홍합무침,0.986782219333958
6,648,찰밥,김치국(소시지),두부찜,닭무침,0.9867815304052316
7,200,쌀밥,김치국(참치),두부찜,오징어포무침,0.9867503545990148
8,450,쌀밥,게장국,두부찜,골뱅이무침,0.9866890093148112
9,727,찰밥,고동국(올갱이국),계란후라이,오징어무침(파),0.9865910879646456
10,733,찰밥,고동국(올갱이국),오믈렛(두부),새우무침,0.98649866369034
11,982,찰밥,당면국(양배추),계란후라이,굴무침,0.986495357565032
12,817,찰밥,고동국(올갱이국),잡채,북어채무침,0.9862292501307318
14,470,쌀밥,게장국,파강회,새우무침,0.9858706816393498
15,207,쌀밥,김치국(참치),계란후라이,홍합무침,0.9858307596515328
16,106,쌀밥,복국(복지리),부추강회,닭무침,0.9857821130749872
17,89,쌀밥,복국(복지리),파강회,골뱅이무침,0.98564542684684
21,123,쌀밥,김치무국,두부찜,대구포무침,0.9853021591507236
23,796,찰밥,고동국(올갱이국),달걀부침,대구포무침,0.9852130022084412
25,477,쌀밥,게장국,부추강회,새우무침,0.9851633662190192
26,53,쌀밥,복국(복지리),계란후라이,닭무침,0.9851545912112666
28,534,쌀밥,무국(새우젓),부추강회,북어채무침,0.9850827126233628
29,228,쌀밥,김치국(참치),파강회,노가리채무침,0.9850277031214671
32,746,찰밥,고동국(올갱이국),오믈렛,꼬막무침,0.9847369137332856
33,507,쌀밥,무국(새우젓),계란후라이,노가리채무침,0.9846897395587556
39,555,찰밥,복국(복지리),두부찜,굴무생채,0.9842077294995348
46,566,찰밥,복국(복지리),계란말이,꼬막무침,0.9838753361655804
49,261,쌀밥,고동국(올갱이국),두부찜,꼴뚜기무침,0.9837539655493568
50,61,쌀밥,복국(복지리),스크램블드에그,꼬막무침,0.9837405952873248
54,117,쌀밥,복국(복지리),미나리강회,북어채무침,0.9835735742754916
59,68,쌀밥,복국(복지리),달걀부침,새우무침,0.9828625165401396
62,973,찰밥,당면국(양배추),계란말이,닭무침,0.982741101834022
73,151,쌀밥,김치무국,계란후라이,닭무침,0.9823437136844854
74,654,찰밥,김치무국,오믈렛,닭무침,0.9823115834752896
76,932,찰밥,게장국,스크램블드에그,닭무침,0.9822696212519628
77,931,찰밥,게장국,계란후라이,북어채무침,0.9822647309582307
78,527,쌀밥,무국(새우젓),파강회,닭무침,0.982256696617718
79,997,찰밥,당면국(양배추),파강회,노가리채무침,0.9822281833634422
84,134,쌀밥,김치무국,계란말이,새우무침,0.9821061141465444
88,269,쌀밥,고동국(올갱이국),순대,꼬막무침,0.9820283343438688
92,184,쌀밥,김치무국,부추강회,노가리채무침,0.9816928460711324
94,988,찰밥,당면국(양배추),달걀부침,닭무침,0.981588153081517
97,961,찰밥,당면국,미나리강회,닭무침,0.9814839345389432
103,488,쌀밥,무국(새우젓),두부찜,꼬막무침,0.981183532913942
105,168,쌀밥,김치무국,파강회,새우무침,0.9810801907232838
107,511,쌀밥,무국(새우젓),스크램블드에그,닭무침,0.9810701009056711
110,2,쌀밥,호박새우젓국,두부찜,닭무침,0.98093563979646
111,455,쌀밥,게장국,계란말이,닭무침,0.9809258402827769
125,277,쌀밥,고동국(올갱이국),계란말이,굴무생채,0.9805982811129555
127,512,쌀밥,무국(새우젓),달걀부침(김말이),닭무침,0.9805612559252218
128,235,쌀밥,김치국(참치),부추강회,북어채무침,0.9805543812379602
130,120,쌀밥,김치국(소시지),계란후라이,닭무침,0.9804842066175948
133,219,쌀밥,김치국(참치),달걀부침(김말이),닭무침,0.9803959521262436
134,986,찰밥,당면국(양배추),스크램블드에그,닭무침,0.9803587962388028
135,964,찰밥,당면국(양배추),두부찜,새우무침,0.9803375365801618
138,482,쌀밥,게장국,미나리강회,꼬막무침,0.9802814507468603
146,955,찰밥,당면국,파강회,닭무침,0.9800078866831634
147,75,쌀밥,복국(복지리),부추잡채,꼬막무침,0.9800015358966088
154,933,찰밥,게장국,달걀부침,닭무침,0.9797580673618108
155,165,쌀밥,김치무국,부추잡채,닭무침,0.979720681380476
160,242,쌀밥,김치국(참치),미나리강회,닭무침,0.9796340954853154
163,657,찰밥,고동국(올갱이국),달걀찜,꼬막무침,0.9795363152838654
167,4,쌀밥,호박새우젓국,계란후라이,꼬막무침,0.9794593997190202
180,191,쌀밥,김치무국,미나리강회,골뱅이무침,0.9791538009353172
182,513,쌀밥,무국(새우젓),달걀부침,닭무침,0.9791307136365384
186,838,찰밥,고동국(올갱이국),짜장볶음,꼬막무침,0.9790230925020696
193,593,찰밥,복국(복지리),오믈렛,꼬막무침,0.9788646477643184
215,206,쌀밥,김치국(참치),계란말이,닭무침,0.9784828248833872
228,66,쌀밥,복국(복지리),달걀부침(김말이),오징어포무침,0.9783148019619716
269,497,쌀밥,무국(새우젓),계란말이,닭무침,0.9777325167575668
272,72,쌀밥,복국(복지리),잡채,닭무침,0.9776597779292956
273,220,쌀밥,김치국(참치),달걀부침,닭무침,0.9776597397748606
275,947,찰밥,당면국,계란후라이,북어채무침,0.9776585752639242
278,8,쌀밥,호박새우젓국,파강회,닭무침,0.9776432404851948
281,934,찰밥,당면국,두부찜,홍합무침,0.9776143521176146
294,538,쌀밥,무국(새우젓),미나리강회,꼬막무침,0.9774775167230034
308,10,쌀밥,호박새우젓국,미나리강회,닭무침,0.9772727107061904
312,156,쌀밥,김치무국,스크램블드에그,닭무침,0.977222873557934
314,218,쌀밥,김치국(참치),스크램블드에그,닭무침,0.9772180620095172
397,157,쌀밥,김치무국,달걀부침(김말이),새우무침,0.9763513311915436
408,591,찰밥,복국(복지리),오믈렛(두부),닭무침,0.9762546974040054
434,773,찰밥,고동국(올갱이국),달걀부침(야채),새우무침,0.97589252009918
499,162,쌀밥,김치무국,달걀부침,닭무침,0.9753650430847496
