,Unnamed: 0,밥,국,메인,서브,유사도
0,693,찰밥,고동국(올갱이국),순대,새우무침,0.9970593804124892
1,772,찰밥,고동국(올갱이국),부추잡채,오징어무침,0.9969967601514754
2,735,찰밥,고동국(올갱이국),오믈렛,노가리채무침,0.9968847869975804
3,783,찰밥,고동국(올갱이국),미나리강회,오징어무침(파),0.9968754106168524
4,609,쌀밥,무국(새우젓),부추잡채,새우무침,0.9968625642065996
5,980,현미밥,고동국(올갱이국),잡채,대구포무침,0.9968318883440208
6,630,쌀밥,무국(새우젓),부추강회,닭무침,0.996808907584372
7,857,찰밥,당면국(양배추),부추강회,북어채무침,0.99679571853905
8,683,쌀밥,당면국(새우),미나리강회,북어채무침,0.9967877290781176
9,258,쌀밥,고동국(올갱이국),계란후라이,대구포무침,0.9967677905456612
10,659,쌀밥,당면국(새우),계란후라이,닭무침,0.996678698925228
11,279,쌀밥,고동국(올갱이국),오믈렛(두부),홍합무침,0.9965477231469264
12,991,현미밥,고동국(올갱이국),짜장볶음,닭무침,0.9964352573147056
14,501,쌀밥,당면국,두부찜,홍합무침,0.9963980706755564
15,585,쌀밥,무국(새우젓),두부찜,굴무생채,0.9962930198355671
17,226,쌀밥,고동국(올갱이국),두부찜,문어무침,0.9958129323490174
18,327,쌀밥,고동국(올갱이국),달걀부침(김말이),새우무침,0.9953062913809412
21,547,쌀밥,당면국(양배추),계란후라이,굴무생채,0.9941585405705942
23,900,찰밥,당면국(새우),부추강회,홍합무침,0.9937848251090379
26,820,찰밥,당면국(양배추),두부찜,골뱅이무침,0.9927324684504296
27,607,쌀밥,무국(새우젓),달걀부침(김말이),닭무침,0.9924586458720628
28,635,쌀밥,무국(새우젓),미나리강회,골뱅이무침,0.9912617026131568
29,992,현미밥,고동국(올갱이국),파강회,오징어무침(어묵),0.9902153183117004
30,524,쌀밥,당면국,부추강회,새우무침,0.9892147057208815
32,889,찰밥,당면국(새우),달걀부침,닭무침,0.986394902880032
34,416,쌀밥,고동국(올갱이국),부추강회,홍합무침,0.9859781110668429
36,738,찰밥,고동국(올갱이국),스크램블드에그,피조개무침,0.985677183182132
38,498,쌀밥,게장국,미나리강회,꼬막무침,0.9855693249222788
41,555,쌀밥,당면국(양배추),달걀부침(김말이),닭무침,0.9851742759762822
42,926,현미밥,고동국(올갱이국),계란말이,노가리채무침,0.9851257850665318
45,523,쌀밥,당면국,파강회,닭무침,0.9846862567954698
46,117,쌀밥,복국(복지리),미나리강회,닭무침,0.9846088240404364
48,99,쌀밥,복국(복지리),부추강회,굴무생채,0.9844719651755662
52,136,쌀밥,김치무국,계란후라이,피조개무침,0.9841647460643598
56,54,쌀밥,복국(복지리),오믈렛(두부),꼬막무침,0.9840145205260749
58,600,쌀밥,무국(새우젓),계란후라이,골뱅이무침,0.9839551226409526
62,666,쌀밥,당면국(새우),파강회,꼬막무침,0.9837632705129304
63,851,찰밥,당면국(양배추),파강회,닭무침,0.983626683581713
65,348,쌀밥,고동국(올갱이국),달걀부침,골뱅이무침,0.9835021407672104
79,641,쌀밥,당면국(새우),두부찜,새우무침,0.9827595817608868
85,62,쌀밥,복국(복지리),스크램블드에그,닭무침,0.9825905770087592
89,128,쌀밥,김치무국,두부찜,골뱅이무침,0.9824265543230212
98,69,쌀밥,복국(복지리),달걀부침,오징어포무침,0.9817080676590144
104,466,쌀밥,게장국,두부찜,오징어포무침,0.9815072943859324
105,863,찰밥,당면국(양배추),미나리강회,골뱅이무침,0.9814310793657588
111,165,쌀밥,김치무국,파강회,소라무침,0.9812225700338016
112,616,쌀밥,무국(새우젓),파강회,굴무생채,0.9812183735772284
114,153,쌀밥,김치무국,스크램블드에그,새우무침,0.9811350401645358
118,812,찰밥,당면국,미나리강회,꼬막무침,0.9809509102680392
119,484,쌀밥,게장국,달걀부침,닭무침,0.980946823491266
120,483,쌀밥,게장국,스크램블드에그,닭무침,0.980946823491266
126,202,쌀밥,김치국(참치),부추강회,북어채무침,0.9805324543638546
129,160,쌀밥,김치무국,달걀부침,꼬막무침,0.9803225398773312
133,43,쌀밥,복국(복지리),계란후라이,오징어포무침,0.980109699634874
139,183,쌀밥,김치국(참치),두부찜,오징어포무침,0.9799503763816636
144,2,쌀밥,호박새우젓국,두부찜,닭무침,0.9798003593905931
155,27,쌀밥,복국(복지리),두부찜,오징어무침(파),0.9795395416500152
156,320,쌀밥,고동국(올갱이국),달걀부침(야채),꼬막무침,0.9795057509022828
169,158,쌀밥,김치무국,달걀부침(김말이),닭무침,0.9791681192024596
171,479,쌀밥,게장국,계란후라이,굴무침,0.9791353359326764
173,793,찰밥,당면국,계란후라이,홍합무침,0.9790746386275876
174,193,쌀밥,김치국(참치),계란후라이,오징어포무침,0.9790415729911957
177,493,쌀밥,게장국,부추강회,새우무침,0.9789975569782512
180,78,쌀밥,복국(복지리),파강회,피조개무침,0.9789221489693072
192,179,쌀밥,김치무국,미나리강회,북어채무침,0.9786042030148699
202,663,쌀밥,당면국(새우),부추잡채,닭무침,0.97837125307946
205,4,쌀밥,호박새우젓국,계란후라이,꼬막무침,0.9782772655102936
232,488,쌀밥,게장국,파강회,오징어포무침,0.9777582836877784
245,152,쌀밥,김치무국,오믈렛,닭무침,0.9774913416607374
249,541,쌀밥,당면국(양배추),계란말이,닭무침,0.9774296891434662
263,119,쌀밥,김치국(소시지),계란후라이,닭무침,0.9772751164236424
278,135,쌀밥,김치무국,계란말이,닭무침,0.9770725355773632
305,188,쌀밥,김치국(참치),계란말이,닭무침,0.9767814823187376
307,876,찰밥,당면국(새우),계란말이,닭무침,0.9767431251532231
311,163,쌀밥,김치무국,부추잡채,닭무침,0.9767082665673996
313,557,쌀밥,당면국(양배추),부추잡채,닭무침,0.9766292099768624
320,73,쌀밥,복국(복지리),부추잡채,새우무침,0.976516462303314
324,8,쌀밥,호박새우젓국,부추강회,닭무침,0.9764977103603284
343,203,쌀밥,김치국(참치),미나리강회,홍합무침,0.9762932202105312
353,10,쌀밥,두부계란탕,계란후라이,닭무침,0.9761149341934025
354,207,쌀밥,고동국(올갱이국),달걀찜,닭무침,0.9761075425882612
355,170,쌀밥,김치무국,부추강회,굴무침,0.976089142585481
358,118,쌀밥,김치국(소시지),두부찜,닭무침,0.9760787360586912
376,29,쌀밥,복국(복지리),계란말이,새우무침,0.975846902601804
411,71,쌀밥,복국(복지리),잡채,닭무침,0.9755279482281836
435,58,쌀밥,복국(복지리),오믈렛,닭무침,0.9752362758742606
477,485,쌀밥,게장국,부추잡채,닭무침,0.9747519952284648
491,608,쌀밥,무국(새우젓),달걀부침,닭무침,0.9746695776251556
