,Unnamed: 0,밥,국,메인,서브,유사도
0,958,찰밥,당면국,미나리강회,꼬막무침,0.9974219800896936
1,968,찰밥,당면국(양배추),두부찜,노가리채무침,0.9970405756580936
3,743,찰밥,고동국(올갱이국),계란후라이,꼴뚜기무침,0.9968531777161664
4,447,쌀밥,고동국(올갱이국),파강회,오징어무침(파),0.99511883876902
5,917,찰밥,고동국(올갱이국),미나리강회,쥐포무침,0.9942374838153104
6,799,찰밥,고동국(올갱이국),달걀부침(김말이),피조개무침,0.993319095403456
9,994,찰밥,당면국(양배추),파강회,굴무침,0.9867258601012204
11,412,쌀밥,고동국(올갱이국),부추잡채,오징어포무침,0.986577390511713
13,719,찰밥,고동국(올갱이국),계란말이,소라무침,0.9862641254699798
14,220,쌀밥,김치국(참치),달걀부침,닭무침,0.9862386823309498
17,817,찰밥,고동국(올갱이국),달걀부침,홍합무침,0.9859717636908504
18,547,쌀밥,당면국(양배추),계란후라이,꼬막무침,0.9857502260222002
19,904,찰밥,고동국(올갱이국),부추강회,오징어무침(어묵),0.9857122670716616
21,517,쌀밥,게장국,계란후라이,굴무침,0.9853131271823312
22,227,쌀밥,김치국(참치),파강회,굴무침,0.9853101520687658
23,117,쌀밥,복국(복지리),미나리강회,북어채무침,0.9852301341013084
25,99,쌀밥,복국(복지리),부추강회,소라무침,0.9850933564230844
27,933,찰밥,당면국,두부찜,꼬막무침,0.9849275523075414
29,136,쌀밥,김치무국,계란말이,닭무침,0.9847681354988722
33,54,쌀밥,복국(복지리),오믈렛(두부),새우무침,0.9846192308240632
35,781,찰밥,고동국(올갱이국),스크램블드에그,게맛살무침,0.984595100086029
36,524,쌀밥,게장국,파강회,홍합무침,0.9845828142386372
37,591,쌀밥,무국(새우젓),계란후라이,소라무침,0.984553602076179
38,250,쌀밥,고동국(올갱이국),두부찜,게맛살무침,0.9845032051206328
39,582,쌀밥,무국(새우젓),두부찜,굴무침,0.9844418387706232
40,651,쌀밥,당면국(새우),부추강회,꼬막무침,0.9843551469910048
42,831,찰밥,고동국(올갱이국),잡채,홍합무침,0.9842164873715322
46,956,찰밥,당면국,부추강회,닭무침,0.9839719523898884
47,357,쌀밥,고동국(올갱이국),달걀부침(야채),새우무침,0.9838536077080441
51,614,쌀밥,무국(새우젓),파강회,노가리채무침,0.9837007729588768
52,321,쌀밥,고동국(올갱이국),오믈렛(두부),소라무침,0.9836455719732567
54,232,쌀밥,김치국(참치),부추강회,새우무침,0.9835855106490292
55,145,쌀밥,김치무국,계란후라이,오징어포무침,0.9835299848936654
58,628,쌀밥,무국(새우젓),미나리강회,오징어포무침,0.983352111029929
64,62,쌀밥,복국(복지리),스크램블드에그,오징어포무침,0.9832002001044848
68,128,쌀밥,김치무국,두부찜,오징어포무침,0.983034675096282
77,69,쌀밥,복국(복지리),달걀부침,꼬막무침,0.9823198698695921
80,663,찰밥,복국(복지리),두부찜,오징어무침(파),0.9821592567947496
90,605,쌀밥,무국(새우젓),부추잡채,닭무침,0.9818191893682628
91,165,쌀밥,김치무국,부추잡채,닭무침,0.9818177330737841
92,153,쌀밥,김치무국,오믈렛,닭무침,0.98174768949325
95,942,찰밥,당면국,계란후라이,오징어포무침,0.981685949340161
105,639,쌀밥,당면국(새우),달걀부침(김말이),닭무침,0.9812301907442162
107,202,쌀밥,김치국(참치),두부찜,굴무침,0.9811471797446569
108,570,쌀밥,당면국(양배추),미나리강회,꼬막무침,0.9810383111323118
109,160,쌀밥,김치무국,달걀부침,새우무침,0.980937195416506
111,421,쌀밥,고동국(올갱이국),짜장볶음,새우무침,0.9808332149732856
113,43,쌀밥,복국(복지리),계란후라이,쥐포무침,0.9807159614867338
115,537,쌀밥,게장국,미나리강회,꼬막무침,0.9806560175671653
119,183,쌀밥,김치무국,부추강회,굴무침,0.9805498204711172
124,766,찰밥,고동국(올갱이국),오믈렛,홍합무침,0.9804195332771778
125,2,쌀밥,호박새우젓국,두부찜,닭무침,0.9804025259631872
128,998,찰밥,당면국(양배추),부추강회,홍합무침,0.9803342273006018
137,245,쌀밥,고동국(올갱이국),달걀찜,닭무침,0.9801282692103996
148,241,쌀밥,김치국(참치),미나리강회,북어채무침,0.979885056376542
149,654,쌀밥,당면국(새우),미나리강회,새우무침,0.9798156171184303
153,158,쌀밥,김치무국,달걀부침(김말이),꼬막무침,0.979743890368596
155,193,쌀밥,김치무국,미나리강회,노가리채무침,0.9796473440452568
161,711,찰밥,고동국(올갱이국),순대,닭무침,0.9795604565595344
163,78,쌀밥,복국(복지리),부추잡채,닭무침,0.979496389061586
165,640,쌀밥,당면국(새우),부추잡채,닭무침,0.9794619434799728
168,949,찰밥,당면국,파강회,꼬막무침,0.9793023532292304
183,648,쌀밥,당면국(새우),파강회,북어채무침,0.9789728152485414
186,4,쌀밥,호박새우젓국,계란후라이,꼬막무침,0.9789027599465799
200,210,쌀밥,김치국(참치),계란후라이,꼬막무침,0.9786153483462392
209,677,찰밥,복국(복지리),잡채,닭무침,0.9784296127742456
219,658,찰밥,두부계란탕,계란후라이,닭무침,0.9783122620199256
225,152,쌀밥,김치무국,오믈렛(두부),닭무침,0.9781367470010841
235,634,쌀밥,당면국(새우),두부찜,오징어포무침,0.9780203842775334
236,637,쌀밥,당면국(새우),계란후라이,닭무침,0.9779989794486178
242,534,쌀밥,게장국,부추강회,오징어포무침,0.9779261374011416
246,119,쌀밥,김치국(소시지),두부찜,닭무침,0.9778755209328136
250,550,쌀밥,당면국(양배추),스크램블드에그,닭무침,0.9778180017791308
256,79,쌀밥,복국(복지리),파강회,피조개무침,0.9777752813748952
258,67,쌀밥,복국(복지리),달걀부침(김말이),닭무침,0.9777384015188124
266,505,쌀밥,게장국,두부찜,골뱅이무침,0.9776370496735959
279,672,찰밥,복국(복지리),오믈렛,새우무침,0.9775417405593372
290,621,쌀밥,무국(새우젓),부추강회,골뱅이무침,0.9773702039313816
308,8,쌀밥,호박새우젓국,파강회,닭무침,0.9771048722781844
338,10,쌀밥,호박새우젓국,미나리강회,닭무침,0.9767281939757568
342,170,쌀밥,김치무국,파강회,소라무침,0.9766904010981704
365,521,쌀밥,게장국,스크램블드에그,닭무침,0.9764282223339708
374,154,쌀밥,김치무국,스크램블드에그,새우무침,0.9762800013197992
402,120,쌀밥,김치국(소시지),계란후라이,닭무침,0.9760574979077402
415,30,쌀밥,복국(복지리),계란말이,새우무침,0.975903194567138
460,986,찰밥,당면국(양배추),달걀부침,닭무침,0.975427713122333
469,599,쌀밥,무국(새우젓),스크램블드에그,꼬막무침,0.9753252280922868
