,Unnamed: 0,밥,국,메인,서브,유사도
0,865,찰밥,고동국(올갱이국),파강회,굴무침,0.9871045625082094
1,986,찰밥,당면국(양배추),파강회,골뱅이무침,0.9868418484474524
2,953,찰밥,당면국(양배추),두부찜,홍합무침,0.9867181663096024
3,412,쌀밥,고동국(올갱이국),부추잡채,오징어포무침,0.9866948428746812
4,904,찰밥,고동국(올갱이국),미나리강회,대구포무침,0.9863904326048308
5,718,찰밥,고동국(올갱이국),계란후라이,홍어회무침,0.9863789747796916
6,220,쌀밥,김치국(참치),달걀부침,닭무침,0.9863523251854048
8,806,찰밥,고동국(올갱이국),달걀부침,게맛살무침,0.9861996097158726
12,743,찰밥,고동국(올갱이국),오믈렛(두부),대구포무침,0.9854985805825148
13,516,쌀밥,게장국,계란후라이,골뱅이무침,0.9854364192273892
14,227,쌀밥,김치국(참치),파강회,굴무침,0.985425669519813
15,117,쌀밥,복국(복지리),미나리강회,북어채무침,0.9853522524180588
17,99,쌀밥,복국(복지리),부추강회,소라무침,0.9852154931548076
19,928,찰밥,당면국,두부찜,골뱅이무침,0.9850401894060782
21,136,쌀밥,김치무국,계란말이,닭무침,0.9848864727540616
22,972,찰밥,당면국(양배추),계란후라이,골뱅이무침,0.9848398093925146
23,880,찰밥,고동국(올갱이국),부추강회,멸치무침,0.9848040397643568
24,279,쌀밥,고동국(올갱이국),계란말이,대구포무침,0.9847964817511484
25,54,쌀밥,복국(복지리),오믈렛(두부),새우무침,0.9847378484609348
27,779,찰밥,고동국(올갱이국),스크램블드에그,북어채무침,0.9847124237439958
28,523,쌀밥,게장국,부추잡채,닭무침,0.9847109411325874
29,590,쌀밥,무국(새우젓),부추잡채,닭무침,0.9846709041878704
30,250,쌀밥,고동국(올갱이국),두부찜,게맛살무침,0.984619536328254
31,581,쌀밥,무국(새우젓),계란후라이,노가리채무침,0.9845549911080947
32,650,찰밥,복국(복지리),계란후라이,오징어무침,0.9844710562102671
34,828,찰밥,고동국(올갱이국),잡채,북어채무침,0.984331960064502
36,558,쌀밥,당면국(양배추),미나리강회,닭무침,0.9842509316562141
38,951,찰밥,당면국,미나리강회,꼬막무침,0.9840918744710988
39,357,쌀밥,고동국(올갱이국),달걀부침(야채),새우무침,0.9839724822982016
41,793,찰밥,고동국(올갱이국),달걀부침(김말이),꼬막무침,0.9838570638719746
43,613,쌀밥,무국(새우젓),미나리강회,오징어포무침,0.9838134081300512
46,232,쌀밥,김치국(참치),부추강회,새우무침,0.9837084724612958
47,145,쌀밥,김치무국,계란후라이,오징어포무침,0.9836528994184212
50,626,쌀밥,당면국(새우),부추강회,꼬막무침,0.9834681674215042
56,62,쌀밥,복국(복지리),스크램블드에그,오징어포무침,0.9833198685970216
60,128,쌀밥,김치무국,두부찜,오징어포무침,0.9831540277884304
68,69,쌀밥,복국(복지리),달걀부침,꼬막무침,0.982440006800958
72,662,찰밥,복국(복지리),잡채,꼬막무침,0.9822727013092538
79,993,찰밥,당면국(양배추),부추강회,꼬막무침,0.9820635843025852
82,604,쌀밥,무국(새우젓),부추강회,꼬막무침,0.9819370102947552
83,165,쌀밥,김치무국,부추잡채,닭무침,0.9819343599944641
85,153,쌀밥,김치무국,오믈렛,닭무침,0.9818680106560616
88,937,찰밥,당면국,계란후라이,노가리채무침,0.9818037870505052
98,638,찰밥,복국(복지리),두부찜,오징어무침,0.9813441535201498
100,202,쌀밥,김치국(참치),두부찜,굴무침,0.9812679449864038
101,569,쌀밥,무국(새우젓),두부찜,북어채무침,0.981158992097068
103,160,쌀밥,김치무국,달걀부침,새우무침,0.9810579478494617
105,421,쌀밥,고동국(올갱이국),짜장볶음,새우무침,0.9809459232823418
110,536,쌀밥,게장국,미나리강회,새우무침,0.9807729603992362
111,625,쌀밥,당면국(새우),파강회,닭무침,0.9807633770579591
114,183,쌀밥,김치무국,부추강회,굴무침,0.9806673634057186
117,764,찰밥,고동국(올갱이국),오믈렛,북어채무침,0.9805397089070316
119,2,쌀밥,호박새우젓국,두부찜,닭무침,0.9805206453258832
132,245,쌀밥,고동국(올갱이국),달걀찜,닭무침,0.9802396458510227
138,664,찰밥,복국(복지리),부추잡채,홍합무침,0.9801118165218452
142,241,쌀밥,김치국(참치),미나리강회,북어채무침,0.9799984973465816
148,158,쌀밥,김치무국,달걀부침(김말이),꼬막무침,0.9798564403790572
150,193,쌀밥,김치무국,미나리강회,노가리채무침,0.9797662317656866
152,528,쌀밥,게장국,파강회,골뱅이무침,0.9797262289156417
161,697,찰밥,고동국(올갱이국),순대,꼬막무침,0.979498037346401
165,944,찰밥,당면국,파강회,골뱅이무침,0.9793903130028055
181,4,쌀밥,호박새우젓국,계란후라이,꼬막무침,0.9790258206897944
193,210,쌀밥,김치국(참치),계란후라이,꼬막무침,0.9787345802957416
214,657,찰밥,복국(복지리),오믈렛,닭무침,0.9784344240290982
219,152,쌀밥,김치무국,오믈렛(두부),닭무침,0.9782640205753004
236,587,쌀밥,무국(새우젓),달걀부침,닭무침,0.9780577739256714
238,533,쌀밥,게장국,부추강회,꼬막무침,0.9780219490183892
241,119,쌀밥,김치국(소시지),두부찜,닭무침,0.9779932914895528
247,510,쌀밥,게장국,계란말이,닭무침,0.9779228366037036
251,79,쌀밥,복국(복지리),파강회,피조개무침,0.9778922188882396
252,67,쌀밥,복국(복지리),달걀부침(김말이),닭무침,0.9778656133644934
261,504,쌀밥,게장국,두부찜,오징어포무침,0.9777572702695744
278,666,찰밥,김치국(소시지),계란후라이,닭무침,0.977595918151325
303,8,쌀밥,호박새우젓국,파강회,닭무침,0.9772240773223316
319,594,쌀밥,무국(새우젓),파강회,꼬막무침,0.977049384156999
334,10,쌀밥,호박새우젓국,미나리강회,닭무침,0.9768486905463344
337,170,쌀밥,김치무국,파강회,소라무침,0.9768083630144028
351,628,쌀밥,당면국(새우),미나리강회,꼬막무침,0.9766285102176016
370,154,쌀밥,김치무국,스크램블드에그,새우무침,0.9764074228209516
406,949,찰밥,당면국,부추강회,닭무침,0.976075524415648
411,30,쌀밥,복국(복지리),계란말이,새우무침,0.9760235703829554
456,978,찰밥,당면국(양배추),달걀부침(김말이),닭무침,0.9755474045818512
