,Unnamed: 0,밥,국,메인,서브,유사도
0,803,찰밥,당면국(양배추),두부찜,꼬막무침,0.998475067935172
1,802,찰밥,당면국,파강회,꼬막무침,0.998475067935172
2,684,찰밥,고동국(올갱이국),짜장볶음,꼬막무침,0.9980733387724172
3,703,찰밥,고동국(올갱이국),파강회,낙지무침,0.9972596570923036
4,878,찰밥,무국(새우젓),미나리강회,홍합무침,0.9971619489359956
6,345,찰밥,복국(복지리),스크램블드에그,북어채무침,0.9955319841986656
7,596,찰밥,고동국(올갱이국),오믈렛,골뱅이무침,0.9935276069489688
8,235,쌀밥,게장국,부추강회,닭무침,0.9933370697608032
9,583,찰밥,고동국(올갱이국),오믈렛(두부),오징어포무침,0.9930461094898008
10,245,쌀밥,무국(새우젓),두부찜,닭무침,0.992857985022246
11,441,찰밥,김치무국,오믈렛,닭무침,0.9924103746469172
12,898,현미밥,호박새우젓국,두부찜,새우무침,0.9924096442520236
13,316,찰밥,복국(복지리),계란후라이,해파리냉채,0.9923615762854202
14,385,찰밥,복국(복지리),부추강회,소라무침,0.9918219845799884
15,907,현미밥,호박새우젓국,미나리강회,닭무침,0.9915266469233076
16,858,찰밥,무국(새우젓),파강회,홍합무침,0.9911193645530928
17,891,찰밥,당면국(새우),파강회,노가리채무침,0.9910983723638268
18,542,찰밥,고동국(올갱이국),계란말이,소라무침,0.9909093353492859
20,743,찰밥,고동국(올갱이국),미나리강회,대구포무침,0.9904895093169824
21,719,찰밥,고동국(올갱이국),부추강회,멸치무침,0.9904836700729984
23,451,찰밥,김치무국,잡채,닭무침,0.990284477345768
25,562,찰밥,고동국(올갱이국),계란후라이,쥐포무침,0.9898654189059748
26,904,현미밥,호박새우젓국,파강회,새우무침,0.989631041834016
28,601,찰밥,고동국(올갱이국),스크램블드에그,피조개무침,0.9894571276586268
31,646,찰밥,고동국(올갱이국),달걀부침,굴무생채,0.9892226133237512
33,482,찰밥,김치국(참치),두부찜,닭무침,0.9889437079864524
35,464,찰밥,김치무국,부추강회,닭무침,0.9887579146460258
36,485,찰밥,김치국(참치),계란후라이,대구포무침,0.9885163284277574
37,512,찰밥,고동국(올갱이국),두부찜,새우무침,0.9884848609652882
39,774,찰밥,게장국,계란후라이,대구포무침,0.9883302150829848
41,143,쌀밥,김치무국,미나리강회,홍합무침,0.9881364525522855
49,655,찰밥,고동국(올갱이국),잡채,대구포무침,0.9877059180609491
51,766,찰밥,게장국,두부찜,오징어포무침,0.9876820127750968
54,194,쌀밥,김치국(참치),미나리강회,새우무침,0.9874417368588974
57,816,찰밥,당면국(양배추),부추강회,오징어포무침,0.9871903047224752
58,437,찰밥,김치무국,계란후라이,북어채무침,0.9871770696248116
60,406,찰밥,김치국(소시지),계란후라이,닭무침,0.9871608210639348
63,994,현미밥,복국(복지리),미나리강회,홍합무침,0.987096126751846
66,837,찰밥,무국(새우젓),계란후라이,새우무침,0.9869221495511816
68,849,찰밥,무국(새우젓),스크램블드에그,새우무침,0.9869073991391984
70,847,찰밥,무국(새우젓),오믈렛(두부),닭무침,0.9868760979811908
72,677,찰밥,고동국(올갱이국),부추잡채,노가리채무침,0.986563745746024
74,877,찰밥,무국(새우젓),부추강회,닭무침,0.98650238286795
77,298,찰밥,복국(복지리),두부찜,새우무침,0.9864610307936842
78,377,찰밥,복국(복지리),파강회,오징어무채,0.9864439476235316
81,636,찰밥,고동국(올갱이국),달걀부침(김말이),오징어무채,0.9862048220013372
91,287,찰밥,호박새우젓국,계란후라이,닭무침,0.985956989923614
96,948,현미밥,복국(복지리),오믈렛(두부),닭무침,0.985716134227442
97,805,찰밥,당면국(양배추),파강회,홍합무침,0.9856722913686888
106,791,찰밥,게장국,파강회,노가리채무침,0.9854765293392708
110,314,찰밥,복국(복지리),계란말이,닭무침,0.9853137966537576
137,819,찰밥,당면국(양배추),미나리강회,오징어포무침,0.9844127794995494
138,957,현미밥,복국(복지리),달걀부침(김말이),닭무침,0.9843978832919036
140,182,쌀밥,김치국(참치),파강회,골뱅이무침,0.984347653322292
142,409,찰밥,김치무국,두부찜,대구포무침,0.984313189092492
145,959,현미밥,복국(복지리),달걀부침,꼬막무침,0.9842308908376975
147,162,쌀밥,김치국(참치),계란말이,닭무침,0.9842057553144836
148,497,찰밥,김치국(참치),부추강회,새우무침,0.9841783050531208
158,786,찰밥,게장국,부추잡채,닭무침,0.9839238393376032
169,784,찰밥,게장국,달걀부침(김말이),닭무침,0.983562349058652
171,339,찰밥,복국(복지리),오믈렛,꼬막무침,0.9835418065869844
182,362,찰밥,복국(복지리),부추잡채,닭무침,0.983382434998266
183,894,찰밥,당면국(새우),부추강회,꼬막무침,0.9833772864392148
188,801,찰밥,게장국,미나리강회,닭무침,0.9833305866412104
205,123,쌀밥,김치무국,파강회,대구포무침,0.9828251308220192
211,852,찰밥,무국(새우젓),달걀부침(김말이),닭무침,0.9826672963922756
237,447,찰밥,김치무국,달걀부침(김말이),닭무침,0.9820007214268582
244,453,찰밥,김치무국,부추잡채,꼬막무침,0.9817338765119088
246,112,쌀밥,김치무국,스크램블드에그,닭무침,0.9817151134603952
250,783,찰밥,게장국,스크램블드에그,닭무침,0.9815760054290716
256,534,찰밥,고동국(올갱이국),순대,닭무침,0.9812977734575392
260,855,찰밥,무국(새우젓),부추잡채,새우무침,0.98126969039957
266,502,찰밥,고동국(올갱이국),달걀찜,새우무침,0.981166875694046
267,620,찰밥,고동국(올갱이국),달걀부침(야채),꼬막무침,0.9811443734396575
275,785,찰밥,게장국,달걀부침,닭무침,0.9807698588472222
282,834,찰밥,무국(새우젓),계란말이,닭무침,0.980658905969634
318,804,찰밥,당면국(양배추),부추잡채,닭무침,0.9798575549752516
385,210,쌀밥,게장국,계란말이,닭무침,0.9778767616246671
406,854,찰밥,무국(새우젓),달걀부침,닭무침,0.9771867189748248
420,92,쌀밥,김치무국,계란말이,닭무침,0.9767616802691234
428,405,찰밥,김치국(소시지),두부찜,닭무침,0.976578049727182
470,176,쌀밥,김치국(참치),달걀부침,닭무침,0.9753053043999677
474,9,쌀밥,호박새우젓국,부추강회,닭무침,0.9751199608367704
