,Unnamed: 0,밥,국,메인,서브,유사도
0,971,찰밥,당면국(양배추),계란후라이,홍합무침,0.9898533002988285
2,739,찰밥,고동국(올갱이국),오믈렛(두부),닭무침,0.9875547723173334
3,850,찰밥,고동국(올갱이국),파강회,오징어포무침,0.9872911186546868
4,818,찰밥,고동국(올갱이국),부추잡채,홍합무침,0.9871786274947848
7,718,찰밥,고동국(올갱이국),계란후라이,낙지무침,0.9868479794447684
8,775,찰밥,고동국(올갱이국),달걀부침(김말이),홍합무침,0.9868230037107548
9,189,쌀밥,김치무국,미나리강회,꼬막무침,0.9867918330630604
10,425,쌀밥,고동국(올갱이국),미나리강회,쥐포무침,0.9867316659202192
11,687,찰밥,고동국(올갱이국),계란말이,해파리냉채,0.986631838584368
13,923,찰밥,게장국,계란후라이,대구포무침,0.9865412021517008
14,771,찰밥,고동국(올갱이국),달걀부침(야채),꼬막무침,0.9862711965764204
15,918,찰밥,게장국,두부찜,굴무침,0.986208994379088
16,940,찰밥,당면국,계란후라이,새우무침,0.9860993167061348
17,445,쌀밥,게장국,계란말이,닭무침,0.9859161905871646
18,196,쌀밥,김치국(참치),두부찜,홍합무침,0.985873025635803
19,99,쌀밥,복국(복지리),부추강회,소라무침,0.9858271329293788
20,83,쌀밥,복국(복지리),파강회,대구포무침,0.9856904552042836
22,795,찰밥,고동국(올갱이국),달걀부침,꼬막무침,0.9854755495086794
23,116,쌀밥,복국(복지리),미나리강회,노가리채무침,0.9853456046033942
24,836,찰밥,고동국(올갱이국),짜장볶음,오징어포무침,0.9852748437866048
25,751,찰밥,고동국(올갱이국),오믈렛,닭무침,0.985255700411178
28,50,쌀밥,복국(복지리),계란후라이,오징어무채,0.9851981545128377
29,270,쌀밥,고동국(올갱이국),순대,닭무침,0.9851672630097936
30,503,쌀밥,무국(새우젓),달걀부침,닭무침,0.9851257275801016
31,215,쌀밥,김치국(참치),계란후라이,노가리채무침,0.9850703133921216
32,556,찰밥,복국(복지리),계란말이,새우무침,0.9849200789896636
37,306,쌀밥,고동국(올갱이국),스크램블드에그,게맛살무침,0.9844338863278036
39,524,쌀밥,무국(새우젓),부추강회,북어채무침,0.9842488028797798
43,125,쌀밥,김치무국,두부찜,꼬막무침,0.9841311587877032
47,534,찰밥,호박새우젓국,두부찜,새우무침,0.9839178387186976
48,535,찰밥,호박새우젓국,계란후라이,새우무침,0.9839178387186976
49,245,쌀밥,고동국(올갱이국),달걀찜,닭무침,0.9837970055604855
51,267,쌀밥,고동국(올갱이국),두부찜,닭무침,0.9836798311593676
56,997,찰밥,당면국(양배추),부추강회,홍합무침,0.9833529744805074
65,397,쌀밥,고동국(올갱이국),부추강회,대구포무침,0.9826682348535732
66,591,찰밥,복국(복지리),스크램블드에그,닭무침,0.9825463689889156
67,592,찰밥,복국(복지리),달걀부침(김말이),새우무침,0.9825463689889156
69,477,쌀밥,무국(새우젓),두부찜,새우무침,0.9824587926749216
71,141,쌀밥,김치무국,계란후라이,새우무침,0.9823864634376784
75,936,찰밥,당면국,두부찜,골뱅이무침,0.9822725127020024
86,946,찰밥,당면국,파강회,홍합무침,0.9818247052400018
88,173,쌀밥,김치무국,파강회,골뱅이무침,0.981737326051948
91,488,쌀밥,무국(새우젓),계란후라이,홍합무침,0.9816280255664585
97,995,찰밥,당면국(양배추),파강회,북어채무침,0.9813276899083804
100,460,쌀밥,게장국,파강회,새우무침,0.9812264214208848
102,158,쌀밥,김치무국,달걀부침(김말이),꼬막무침,0.9811233301862782
106,652,찰밥,김치무국,잡채,닭무침,0.9810066569650004
108,815,찰밥,고동국(올갱이국),잡채,닭무침,0.980954182674812
115,643,찰밥,김치국(소시지),두부찜,닭무침,0.9807430874507588
118,25,쌀밥,복국(복지리),두부찜,북어채무침,0.9806912339105428
124,222,쌀밥,김치국(참치),파강회,홍합무침,0.9805974764885048
129,206,쌀밥,김치국(참치),계란말이,닭무침,0.9804373845488146
135,135,쌀밥,김치무국,계란말이,꼬막무침,0.9802916177311336
140,69,쌀밥,복국(복지리),달걀부침,꼬막무침,0.980042465067034
144,967,찰밥,당면국(양배추),두부찜,노가리채무침,0.9799681269146128
148,155,쌀밥,김치무국,스크램블드에그,꼬막무침,0.9797632434761724
153,232,쌀밥,김치국(참치),부추강회,새우무침,0.9795880795137648
161,164,쌀밥,김치무국,부추잡채,꼬막무침,0.9794255862614292
170,180,쌀밥,김치무국,부추강회,꼬막무침,0.9791976565509166
213,470,쌀밥,게장국,부추강회,닭무침,0.9783852443481446
229,955,찰밥,당면국,부추강회,닭무침,0.9781670966487522
230,956,찰밥,당면국,미나리강회,새우무침,0.9781670966487522
234,607,찰밥,복국(복지리),부추잡채,닭무침,0.9781430031489264
243,161,쌀밥,김치무국,달걀부침,꼬막무침,0.9779969188039732
245,530,쌀밥,무국(새우젓),미나리강회,골뱅이무침,0.9779758612813156
256,56,쌀밥,복국(복지리),오믈렛(두부),닭무침,0.9777915002579058
267,7,쌀밥,호박새우젓국,파강회,꼬막무침,0.9776870939521302
283,507,쌀밥,무국(새우젓),파강회,홍합무침,0.9775223677816872
332,504,쌀밥,무국(새우젓),부추잡채,새우무침,0.9768916321737082
352,584,찰밥,복국(복지리),오믈렛,꼬막무침,0.976694853838792
358,221,쌀밥,김치국(참치),부추잡채,닭무침,0.9766403328534708
385,600,찰밥,복국(복지리),잡채,꼬막무침,0.9763676532937504
402,487,쌀밥,무국(새우젓),계란말이,닭무침,0.9762050871340788
429,241,쌀밥,김치국(참치),미나리강회,북어채무침,0.9758682477527594
439,153,쌀밥,김치무국,오믈렛,닭무침,0.9757983947453944
459,10,쌀밥,호박새우젓국,미나리강회,닭무침,0.9756483168142472
480,152,쌀밥,김치무국,오믈렛(두부),닭무침,0.9754108059479452
