,Unnamed: 0,밥,국,메인,서브,유사도
0,216,찰밥,김치무국,파강회,대구포무침,0.993928185144938
1,42,찰밥,호박새우젓국,두부찜,꼬막무침,0.993731678844088
2,772,현미밥,김치국(참치),파강회,굴무침,0.9934535857130968
3,210,찰밥,김치무국,달걀부침,닭무침,0.9934277654689452
4,45,찰밥,호박새우젓국,계란후라이,꼬막무침,0.993233741362918
5,693,현미밥,김치무국,계란후라이,소라무침,0.9930865945241809
6,890,현미밥,고동국(올갱이국),파강회,게맛살무침,0.992972437742386
7,70,찰밥,복국(복지리),두부찜,닭무침,0.9927610306694924
8,443,찰밥,고동국(올갱이국),미나리강회,새우무침,0.992753453029303
9,841,현미밥,고동국(올갱이국),스크램블드에그,굴무생채,0.9925454285743588
10,556,찰밥,무국(새우젓),미나리강회,새우무침,0.9923783306938254
11,751,현미밥,김치국(참치),두부찜,닭무침,0.9922560616301456
12,102,찰밥,복국(복지리),스크램블드에그,새우무침,0.9922022926828602
16,932,현미밥,고동국(올갱이국),부추강회,오징어무채,0.9913299518270772
17,179,찰밥,김치무국,두부찜,오징어무채,0.9912884487229572
18,651,현미밥,복국(복지리),부추강회,꼬막무침,0.991153836718218
20,383,찰밥,고동국(올갱이국),부추잡채,골뱅이무침,0.9909548622790791
21,314,찰밥,고동국(올갱이국),두부찜,오징어무채,0.9908771137862904
24,127,찰밥,복국(복지리),파강회,대구포무침,0.9906669557476072
25,976,현미밥,게장국,파강회,새우무침,0.9906479547257956
32,740,현미밥,김치무국,미나리강회,북어채무침,0.9897945581986224
36,667,현미밥,복국(복지리),미나리강회,골뱅이무침,0.9894066786887096
37,319,찰밥,고동국(올갱이국),계란말이,새우무침,0.9893604994747756
39,811,현미밥,고동국(올갱이국),순대,꼬막무침,0.9893001324773768
41,832,현미밥,고동국(올갱이국),계란후라이,꼴뚜기무침,0.9892231891426166
50,853,현미밥,고동국(올갱이국),달걀부침(김말이),꼬막무침,0.9886095161926216
54,13,쌀밥,김치무국,부추강회,꼬막무침,0.9885262470954428
61,285,찰밥,김치국(참치),부추강회,오징어포무침,0.988291128109134
62,84,찰밥,복국(복지리),계란후라이,쥐포무침,0.9881254284042654
72,986,현미밥,게장국,미나리강회,새우무침,0.9877795858399224
73,960,현미밥,게장국,두부찜,골뱅이무침,0.9877785777340088
74,713,현미밥,김치무국,부추잡채,닭무침,0.9877636633329352
76,965,현미밥,게장국,계란후라이,새우무침,0.9876796108842028
78,868,현미밥,고동국(올갱이국),달걀부침,굴무침,0.9876491180010256
80,109,찰밥,복국(복지리),달걀부침(김말이),오징어포무침,0.9875855883651335
81,122,찰밥,복국(복지리),부추잡채,닭무침,0.9875533644245744
85,532,찰밥,무국(새우젓),부추잡채,새우무침,0.9874653249059052
87,492,찰밥,게장국,부추강회,오징어포무침,0.9874293432600459
96,626,현미밥,복국(복지리),달걀부침,닭무침,0.9871284791003055
97,616,현미밥,복국(복지리),오믈렛,닭무침,0.9871063967980742
98,764,현미밥,김치국(참치),달걀부침(김말이),닭무침,0.9869454962004041
103,96,찰밥,복국(복지리),오믈렛(두부),꼬막무침,0.9868530199211816
104,544,찰밥,무국(새우젓),파강회,노가리채무침,0.9868481919079256
105,479,찰밥,게장국,달걀부침(김말이),닭무침,0.9868184085845371
109,202,찰밥,김치무국,스크램블드에그,새우무침,0.9866670545755772
116,547,찰밥,무국(새우젓),부추강회,홍합무침,0.9864753877842248
118,519,찰밥,무국(새우젓),계란후라이,골뱅이무침,0.986472954539172
119,71,찰밥,복국(복지리),계란말이,새우무침,0.9864265489689608
123,571,현미밥,호박새우젓국,파강회,닭무침,0.9863024460239384
126,754,현미밥,김치국(참치),계란후라이,대구포무침,0.9861418397902242
137,507,찰밥,무국(새우젓),두부찜,노가리채무침,0.9859387034687854
148,527,찰밥,무국(새우젓),스크램블드에그,꼬막무침,0.9857411659224472
151,271,찰밥,김치국(참치),부추잡채,닭무침,0.9857079162771909
159,35,쌀밥,김치국(참치),미나리강회,새우무침,0.9856296119878964
175,765,현미밥,김치국(참치),달걀부침,닭무침,0.9852972184937672
193,268,찰밥,김치국(참치),스크램블드에그,닭무침,0.9849540643464048
213,531,찰밥,무국(새우젓),달걀부침,닭무침,0.984539343242549
216,524,찰밥,무국(새우젓),오믈렛(두부),닭무침,0.9843869502744804
243,50,찰밥,호박새우젓국,부추강회,닭무침,0.983913487595922
259,200,찰밥,김치무국,오믈렛(두부),닭무침,0.9837471832926936
269,672,현미밥,김치국(소시지),계란후라이,닭무침,0.9835387162598588
270,181,찰밥,김치무국,계란말이,새우무침,0.983538008189136
286,525,찰밥,무국(새우젓),오믈렛,닭무침,0.9831531092434898
304,116,찰밥,복국(복지리),잡채,닭무침,0.9829438162480454
333,351,찰밥,고동국(올갱이국),달걀부침(야채),닭무침,0.9823874075869512
336,573,현미밥,호박새우젓국,미나리강회,닭무침,0.9823418252251472
351,1,쌀밥,김치무국,달걀부침(김말이),꼬막무침,0.981938524742022
352,702,현미밥,김치무국,오믈렛,닭무침,0.9819365558807868
354,789,현미밥,고동국(올갱이국),달걀찜,꼬막무침,0.9818930268445464
389,165,찰밥,김치국(소시지),두부찜,닭무침,0.9812073860816564
463,467,찰밥,게장국,계란말이,닭무침,0.9800061279595806
