,Unnamed: 0,밥,국,메인,서브,유사도
0,801,찰밥,무국(새우젓),파강회,굴무생채,0.9985508882249341
1,865,현미밥,복국(복지리),계란후라이,꼬막무침,0.9985323402556564
3,887,현미밥,복국(복지리),달걀부침(김말이),닭무침,0.9981485803053676
4,760,찰밥,무국(새우젓),두부찜,대구포무침,0.9975464379333446
5,437,찰밥,김치국(참치),계란후라이,굴무침,0.9973411789790788
6,590,찰밥,고동국(올갱이국),달걀부침,피조개무침,0.997246277202874
9,929,현미밥,복국(복지리),미나리강회,굴무생채,0.995974156768192
10,349,찰밥,김치무국,두부찜,굴무생채,0.9936207506793968
11,98,쌀밥,김치무국,부추강회,꼬막무침,0.993428910486656
13,960,현미밥,김치무국,계란후라이,골뱅이무침,0.9931251490762348
16,880,현미밥,복국(복지리),오믈렛,닭무침,0.9926701991970592
17,227,찰밥,호박새우젓국,미나리강회,닭무침,0.9924981857051672
18,610,찰밥,고동국(올갱이국),잡채,오징어포무침,0.9924903997548602
19,149,쌀밥,김치국(참치),부추강회,홍합무침,0.9924544681280272
20,728,찰밥,게장국,계란후라이,오징어포무침,0.9921122357030584
22,194,쌀밥,게장국,미나리강회,오징어포무침,0.9919106973745472
23,618,찰밥,고동국(올갱이국),부추잡채,홍합무침,0.9916082000462344
24,572,찰밥,고동국(올갱이국),달걀부침(야채),꼬막무침,0.9912089585836444
26,302,찰밥,복국(복지리),파강회,게맛살무침,0.9909977822614684
27,827,현미밥,호박새우젓국,두부찜,새우무침,0.9908708031515988
29,546,찰밥,고동국(올갱이국),오믈렛,굴무생채,0.990675685375544
30,472,찰밥,고동국(올갱이국),두부찜,꼴뚜기무침,0.9905798057443358
31,451,찰밥,김치국(참치),미나리강회,새우무침,0.9905689063025844
33,234,찰밥,복국(복지리),두부찜,새우무침,0.9903736545571818
35,320,찰밥,복국(복지리),부추강회,꼬막무침,0.9899547381096584
42,297,찰밥,복국(복지리),부추잡채,북어채무침,0.989321687285676
43,388,찰밥,김치무국,부추잡채,새우무침,0.9893126448623656
48,581,찰밥,고동국(올갱이국),달걀부침(김말이),소라무침,0.9889190581102332
54,754,찰밥,당면국(양배추),파강회,새우무침,0.9882715840517942
65,168,쌀밥,게장국,두부찜,닭무침,0.9877988197002711
66,397,찰밥,김치무국,파강회,굴무침,0.9877965190716714
67,250,찰밥,복국(복지리),계란말이,닭무침,0.9877785765496554
68,492,찰밥,고동국(올갱이국),계란말이,새우무침,0.987761757944644
71,123,쌀밥,김치국(참치),두부찜,닭무침,0.9875833094973188
72,74,쌀밥,김치무국,스크램블드에그,닭무침,0.9875283456283888
76,536,찰밥,고동국(올갱이국),오믈렛(두부),골뱅이무침,0.9872844493988022
77,225,찰밥,호박새우젓국,파강회,닭무침,0.9872648800945378
83,703,찰밥,고동국(올갱이국),미나리강회,굴무침,0.9871823889327884
84,661,찰밥,고동국(올갱이국),파강회,오징어무침(어묵),0.9871471843641324
88,553,찰밥,고동국(올갱이국),스크램블드에그,피조개무침,0.9870122741650429
93,784,찰밥,무국(새우젓),계란후라이,닭무침,0.9868865175257564
95,791,찰밥,무국(새우젓),달걀부침,꼬막무침,0.986823692401912
97,416,찰밥,김치무국,미나리강회,북어채무침,0.98664323941124
98,951,현미밥,김치무국,계란말이,닭무침,0.9866417846446168
101,273,찰밥,복국(복지리),오믈렛(두부),닭무침,0.9865663414699204
103,137,쌀밥,김치국(참치),달걀부침(김말이),닭무침,0.9865592995646554
104,186,쌀밥,게장국,파강회,북어채무침,0.9865389027878932
113,381,찰밥,김치무국,달걀부침(김말이),새우무침,0.9862945222487284
114,287,찰밥,복국(복지리),달걀부침,새우무침,0.9862534060438836
119,124,쌀밥,김치국(참치),계란말이,닭무침,0.9861571202386342
136,525,찰밥,고동국(올갱이국),계란후라이,오징어무침(파),0.9857345015563052
138,484,찰밥,고동국(올갱이국),순대,꼬막무침,0.9857029523717074
141,677,찰밥,고동국(올갱이국),부추강회,골뱅이무침,0.9856566099307436
145,831,현미밥,호박새우젓국,계란후라이,꼬막무침,0.9855051902104172
150,147,쌀밥,김치국(참치),파강회,북어채무침,0.9854076613420096
154,966,현미밥,김치무국,오믈렛,닭무침,0.9853667367711232
162,455,찰밥,고동국(올갱이국),달걀찜,꼬막무침,0.98529676258814
167,810,찰밥,무국(새우젓),부추강회,꼬막무침,0.9851642759434014
171,636,찰밥,고동국(올갱이국),짜장볶음,오징어포무침,0.9850493654371204
180,786,찰밥,무국(새우젓),오믈렛,닭무침,0.9848682772827929
181,387,찰밥,김치무국,잡채,닭무침,0.9848667506275596
205,444,찰밥,김치국(참치),부추잡채,닭무침,0.9843066091847208
210,282,찰밥,복국(복지리),스크램블드에그,닭무침,0.9841803942138349
215,385,찰밥,김치무국,달걀부침,꼬막무침,0.9840571951065684
250,177,쌀밥,게장국,스크램블드에그,닭무침,0.9834672658009272
287,216,쌀밥,무국(새우젓),미나리강회,닭무침,0.9826310348014318
290,376,찰밥,김치무국,오믈렛(두부),닭무침,0.9825562901432
315,746,찰밥,게장국,부추강회,새우무침,0.982030800306388
350,291,찰밥,복국(복지리),잡채,꼬막무침,0.9812341339062326
370,736,찰밥,게장국,달걀부침,닭무침,0.9808066008521884
371,737,찰밥,게장국,부추잡채,닭무침,0.9808066008521884
377,342,찰밥,김치국(소시지),계란후라이,닭무침,0.9807179520584101
381,169,쌀밥,게장국,계란말이,닭무침,0.9806203949721732
384,9,쌀밥,호박새우젓국,부추강회,닭무침,0.9805465755750784
