,Unnamed: 0,밥,국,메인,서브,유사도
0,710,찰밥,고동국(올갱이국),달걀부침(김말이),노가리채무침,0.9900009750818592
1,742,찰밥,고동국(올갱이국),부추잡채,해파리냉채,0.988543427862038
2,717,찰밥,고동국(올갱이국),달걀부침,게맛살무침,0.9884135073007231
3,850,찰밥,게장국,계란후라이,대구포무침,0.9878872578580926
4,536,찰밥,복국(복지리),미나리강회,골뱅이무침,0.9877114282373384
5,618,찰밥,고동국(올갱이국),계란말이,소라무침,0.9874474211544892
6,245,쌀밥,고동국(올갱이국),달걀찜,닭무침,0.987308850049842
7,520,찰밥,복국(복지리),부추강회,꼬막무침,0.9870153123327868
8,561,찰밥,김치무국,계란후라이,굴무생채,0.9869729629167144
9,129,쌀밥,김치무국,두부찜,골뱅이무침,0.9869444305832876
10,671,찰밥,고동국(올갱이국),오믈렛,오징어포무침,0.9867103961411916
11,501,찰밥,복국(복지리),파강회,해파리냉채,0.9866991622907452
14,682,찰밥,고동국(올갱이국),스크램블드에그,새우무침,0.9862605474036442
15,134,쌀밥,김치무국,계란말이,새우무침,0.9860286211491084
16,67,쌀밥,복국(복지리),달걀부침(김말이),닭무침,0.9859931958560167
17,56,쌀밥,복국(복지리),오믈렛(두부),닭무침,0.9858565511507028
19,258,쌀밥,고동국(올갱이국),달걀부침(야채),닭무침,0.9857146013505136
21,825,찰밥,고동국(올갱이국),미나리강회,쥐포무침,0.9856846614667508
22,577,찰밥,김치국(참치),계란후라이,북어채무침,0.9856265891370051
23,76,쌀밥,복국(복지리),부추잡채,오징어포무침,0.9855056858585478
27,190,쌀밥,김치무국,미나리강회,오징어포무침,0.9853211673730372
29,404,쌀밥,무국(새우젓),파강회,닭무침,0.9850763223234094
30,899,찰밥,당면국(양배추),계란후라이,소라무침,0.9850265133269366
34,933,찰밥,당면국(양배추),미나리강회,북어채무침,0.98467596912377
35,879,찰밥,당면국,부추강회,닭무침,0.984633775115298
37,230,쌀밥,김치국(참치),파강회,닭무침,0.9845449710148776
38,380,쌀밥,무국(새우젓),계란후라이,굴무생채,0.9843998737524762
43,986,찰밥,무국(새우젓),부추강회,오징어포무침,0.9840923399802978
44,389,쌀밥,무국(새우젓),달걀부침(김말이),닭무침,0.9840743434273962
45,388,쌀밥,무국(새우젓),스크램블드에그,닭무침,0.9840743434273962
46,916,찰밥,당면국(양배추),파강회,골뱅이무침,0.98395882631344
47,171,쌀밥,김치무국,파강회,굴무생채,0.9839555537113429
50,241,쌀밥,김치국(참치),미나리강회,북어채무침,0.9838168896534348
51,798,찰밥,고동국(올갱이국),부추강회,소라무침,0.9837588342681554
55,730,찰밥,고동국(올갱이국),잡채,홍합무침,0.9835124036799476
60,249,쌀밥,고동국(올갱이국),두부찜,낙지무침,0.9828602820901132
61,278,쌀밥,고동국(올갱이국),파강회,굴무생채,0.9828252059403212
62,456,찰밥,복국(복지리),계란후라이,대구포무침,0.9828131798178662
63,428,찰밥,호박새우젓국,미나리강회,닭무침,0.9827038734417156
64,427,찰밥,호박새우젓국,부추강회,닭무침,0.9827038734417156
67,343,쌀밥,게장국,스크램블드에그,닭무침,0.9826219254605856
71,448,찰밥,복국(복지리),계란말이,새우무침,0.9824964617306452
77,847,찰밥,게장국,두부찜,닭무침,0.982150632772516
78,865,찰밥,게장국,부추강회,오징어포무침,0.9821501830536558
80,425,찰밥,호박새우젓국,계란후라이,꼬막무침,0.9821093405386548
81,995,찰밥,무국(새우젓),미나리강회,골뱅이무침,0.98202677282923
86,627,찰밥,고동국(올갱이국),계란후라이,피조개무침,0.9817111331715606
91,18,쌀밥,복국(복지리),두부찜,꼬막무침,0.9814581178798244
96,346,쌀밥,게장국,파강회,홍합무침,0.9812579894469
113,184,쌀밥,김치무국,부추강회,노가리채무침,0.980804912467848
120,658,찰밥,고동국(올갱이국),오믈렛(두부),굴무생채,0.9805532661968408
121,759,찰밥,고동국(올갱이국),짜장볶음,새우무침,0.9805329573278434
133,883,찰밥,당면국(양배추),두부찜,홍합무침,0.9801824979563988
139,429,찰밥,두부계란탕,계란후라이,닭무침,0.9800103859703476
146,156,쌀밥,김치무국,스크램블드에그,닭무침,0.9798475360870988
150,59,쌀밥,복국(복지리),오믈렛,닭무침,0.9796889209105326
162,608,찰밥,고동국(올갱이국),순대,꼬막무침,0.9793569750567483
167,570,찰밥,김치무국,달걀부침,새우무침,0.9792344638482948
169,923,찰밥,당면국(양배추),부추강회,꼬막무침,0.979174787511396
170,70,쌀밥,복국(복지리),달걀부침,오징어포무침,0.9791497311219646
184,393,쌀밥,무국(새우젓),부추잡채,닭무침,0.9787755340966066
187,907,찰밥,당면국(양배추),스크램블드에그,닭무침,0.9786715073143464
191,60,쌀밥,복국(복지리),스크램블드에그,새우무침,0.9786217980837544
197,881,찰밥,당면국,미나리강회,꼬막무침,0.978460805171545
201,1,쌀밥,호박새우젓국,두부찜,꼬막무침,0.9784094842995478
206,198,쌀밥,김치국(참치),두부찜,새우무침,0.9783844667377308
207,231,쌀밥,김치국(참치),부추강회,홍합무침,0.9783780103898176
211,153,쌀밥,김치무국,오믈렛,닭무침,0.9783132695903608
247,366,쌀밥,무국(새우젓),두부찜,소라무침,0.977687831699796
250,119,쌀밥,김치국(소시지),두부찜,닭무침,0.9776332399264964
266,157,쌀밥,김치무국,달걀부침(김말이),새우무침,0.9773113315332344
268,390,쌀밥,무국(새우젓),달걀부침,닭무침,0.9772470762302607
278,872,찰밥,당면국,파강회,꼬막무침,0.9770769725210244
282,7,쌀밥,호박새우젓국,파강회,꼬막무침,0.977051788047499
334,206,쌀밥,김치국(참치),계란말이,닭무침,0.9762848255211912
384,542,찰밥,김치국(소시지),계란후라이,닭무침,0.9757780360258606
385,219,쌀밥,김치국(참치),달걀부침(김말이),닭무침,0.975774926037163
405,567,찰밥,김치무국,오믈렛(두부),닭무침,0.9755104639507128
434,868,찰밥,당면국,두부찜,꼬막무침,0.9748776707775489
476,571,찰밥,김치무국,잡채,닭무침,0.9741829308617604
481,360,쌀밥,게장국,미나리강회,오징어포무침,0.9740926251823302
