,Unnamed: 0,밥,국,메인,서브,유사도
0,13,찰밥,복국(복지리),달걀부침(김말이),꼬막무침,0.9940587883961562
1,168,찰밥,김치국(참치),미나리강회,꼬막무침,0.9926585802458492
2,758,녹두밥,김치무국,부추잡채,닭무침,0.9926252345585276
3,941,율무밥,김치무국,계란후라이,닭무침,0.9924459938252026
4,699,녹두밥,복국(복지리),파강회,꼬막무침,0.9921176759294746
5,120,찰밥,김치무국,미나리강회,노가리채무침,0.9917334140002
6,370,현미밥,김치국(참치),계란후라이,굴무침,0.9916193760213096
8,234,현미밥,호박새우젓국,두부찜,새우무침,0.9904020950250202
11,315,현미밥,김치무국,스크램블드에그,꼬막무침,0.9895499403933432
12,113,찰밥,김치무국,부추강회,닭무침,0.989504681645872
13,383,현미밥,김치국(참치),파강회,굴무침,0.9894656817039148
15,327,현미밥,김치무국,파강회,새우무침,0.9889376747583244
16,921,율무밥,김치무국,두부찜,오징어무채,0.9888842258014271
18,6,찰밥,호박새우젓국,파강회,새우무침,0.988848893377954
22,415,현미밥,게장국,부추잡채,닭무침,0.9883868250258792
25,247,현미밥,복국(복지리),계란말이,꼬막무침,0.9880889352684804
26,403,현미밥,게장국,두부찜,노가리채무침,0.9880831576857092
29,43,찰밥,복국(복지리),미나리강회,오징어포무침,0.9878219397052856
31,213,찰밥,무국(새우젓),부추잡채,닭무침,0.9876736391742458
32,877,녹두밥,무국(새우젓),부추강회,닭무침,0.987584633604652
33,163,찰밥,김치국(참치),부추강회,오징어포무침,0.9871527801173504
49,210,찰밥,무국(새우젓),계란후라이,꼬막무침,0.9860923508418592
51,273,현미밥,복국(복지리),부추강회,꼬막무침,0.9860336718623656
53,191,찰밥,게장국,달걀부침,닭무침,0.9859781187877368
60,318,현미밥,김치무국,달걀부침(김말이),닭무침,0.9857320606623368
61,127,찰밥,김치국(참치),두부찜,굴무생채,0.985691711131752
64,217,찰밥,무국(새우젓),파강회,꼬막무침,0.9856497716481648
67,9,찰밥,호박새우젓국,부추강회,닭무침,0.9855917546892184
71,188,찰밥,게장국,계란후라이,닭무침,0.9854214957023992
73,745,녹두밥,김치무국,오믈렛(두부),닭무침,0.9853543155569308
75,680,완두콩밥,무국(새우젓),미나리강회,꼬막무침,0.9851579517714596
77,313,현미밥,김치무국,오믈렛,닭무침,0.9851386222964059
85,419,현미밥,게장국,파강회,오징어포무침,0.9848370869230976
87,134,찰밥,김치국(참치),계란말이,닭무침,0.9845322382039352
93,377,현미밥,김치국(참치),부추잡채,닭무침,0.9844107567360644
100,428,현미밥,게장국,미나리강회,꼬막무침,0.9842609980077862
105,319,현미밥,김치무국,달걀부침,새우무침,0.9841223982917644
114,17,찰밥,복국(복지리),부추잡채,닭무침,0.9840027365521778
143,11,찰밥,복국(복지리),두부찜,꼬막무침,0.9831782166998784
149,458,완두콩밥,호박새우젓국,계란후라이,새우무침,0.9830640844664996
154,433,현미밥,무국(새우젓),달걀부침(김말이),닭무침,0.9829618951929928
191,62,찰밥,김치무국,계란말이,닭무침,0.9820446555856172
212,201,찰밥,게장국,부추강회,새우무침,0.9814844600694884
257,600,완두콩밥,김치국(참치),달걀부침,닭무침,0.98032260574789
262,846,녹두밥,게장국,달걀부침(김말이),닭무침,0.9802316773779096
266,467,완두콩밥,복국(복지리),계란후라이,꼬막무침,0.9801622018069892
316,889,율무밥,호박새우젓국,미나리강회,닭무침,0.9788307185617736
339,249,현미밥,복국(복지리),스크램블드에그,꼬막무침,0.9784938076928767
426,252,현미밥,복국(복지리),달걀부침,꼬막무침,0.9768545718536252
490,841,녹두밥,게장국,계란말이,닭무침,0.975921068414063
