,Unnamed: 0,밥,국,메인,서브,유사도
0,195,찰밥,김치무국,미나리강회,오징어포무침,0.9940508903634092
1,40,찰밥,복국(복지리),계란후라이,새우무침,0.993852323893058
2,692,현미밥,게장국,계란후라이,새우무침,0.9935855818183706
3,933,완두콩밥,김치무국,스크램블드에그,새우무침,0.9933708029329741
5,614,현미밥,김치국(참치),파강회,닭무침,0.9931957356387836
6,803,완두콩밥,복국(복지리),두부찜,새우무침,0.9930976717521864
7,66,찰밥,복국(복지리),달걀부침(김말이),오징어포무침,0.9928833659360934
8,397,찰밥,무국(새우젓),부추강회,북어채무침,0.9928565539404918
9,756,현미밥,무국(새우젓),파강회,닭무침,0.9926515788832668
10,497,현미밥,복국(복지리),부추강회,북어채무침,0.9924827812621138
11,671,현미밥,고동국(올갱이국),부추강회,문어무침,0.9923670309031812
12,95,찰밥,복국(복지리),파강회,오징어무침(파),0.9923180186995028
13,405,찰밥,무국(새우젓),미나리강회,북어채무침,0.9919785233500495
16,164,찰밥,김치무국,달걀부침,새우무침,0.9914037762581928
17,977,완두콩밥,김치국(참치),두부찜,새우무침,0.9913126943422076
18,345,찰밥,무국(새우젓),두부찜,꼬막무침,0.9910651149741732
19,266,찰밥,고동국(올갱이국),파강회,대구포무침,0.9909583240749359
20,117,찰밥,복국(복지리),미나리강회,굴무침,0.9907834562931754
22,190,찰밥,김치무국,부추강회,북어채무침,0.9906603093939492
23,175,찰밥,김치무국,파강회,소라무침,0.9903652955753972
24,618,현미밥,김치국(참치),부추강회,오징어포무침,0.9902172336092462
29,340,찰밥,게장국,미나리강회,오징어포무침,0.989873483777862
30,222,찰밥,김치국(참치),계란후라이,북어채무침,0.9897269181257132
31,162,찰밥,김치무국,달걀부침(김말이),꼬막무침,0.9895907564252068
32,591,현미밥,김치국(참치),계란말이,닭무침,0.9895203027525704
33,729,현미밥,무국(새우젓),계란후라이,홍합무침,0.9894138005029636
35,374,찰밥,무국(새우젓),달걀부침,꼬막무침,0.989314367143438
37,125,찰밥,김치무국,두부찜,대구포무침,0.9892608456330436
38,839,완두콩밥,복국(복지리),오믈렛,꼬막무침,0.9889219720812428
39,146,찰밥,김치무국,계란후라이,꼬막무침,0.988815137402088
42,12,찰밥,호박새우젓국,파강회,닭무침,0.9886453104813804
43,636,현미밥,고동국(올갱이국),달걀부침(김말이),닭무침,0.9886099257756636
44,844,완두콩밥,복국(복지리),스크램블드에그,닭무침,0.9886026807185191
50,255,찰밥,고동국(올갱이국),계란후라이,낙지무침,0.9884043750111764
52,227,찰밥,김치국(참치),부추잡채,닭무침,0.9882138147729532
54,296,찰밥,고동국(올갱이국),미나리강회,꼬막무침,0.9881229335290171
59,53,찰밥,복국(복지리),오믈렛(두부),꼬막무침,0.9880190371261308
61,898,완두콩밥,김치국(소시지),두부찜,닭무침,0.9878920557256834
63,633,현미밥,고동국(올갱이국),달걀부침(야채),꼬막무침,0.9878836276535092
67,335,찰밥,게장국,부추강회,꼬막무침,0.9877200914263959
80,684,현미밥,게장국,두부찜,새우무침,0.9870666483718349
82,8,찰밥,호박새우젓국,계란후라이,꼬막무침,0.9870078734788956
95,224,찰밥,김치국(참치),스크램블드에그,닭무침,0.9866045749569292
98,465,현미밥,복국(복지리),달걀부침,꼬막무침,0.9865845490295004
100,13,찰밥,호박새우젓국,부추강회,닭무침,0.9865317499134056
109,4,찰밥,호박새우젓국,두부찜,새우무침,0.9862187308257178
112,526,현미밥,김치무국,계란말이,닭무침,0.9861819620452176
121,325,찰밥,게장국,부추잡채,닭무침,0.9860051306297732
124,245,찰밥,김치국(참치),미나리강회,새우무침,0.9859945021838358
137,76,찰밥,복국(복지리),부추잡채,오징어포무침,0.9857813562925812
139,251,찰밥,고동국(올갱이국),달걀찜,닭무침,0.9857566847236756
140,33,찰밥,복국(복지리),계란말이,오징어포무침,0.9857537358485928
154,226,찰밥,김치국(참치),달걀부침,닭무침,0.9854490420197044
161,705,현미밥,게장국,파강회,오징어포무침,0.9853213657709128
165,540,현미밥,김치무국,오믈렛(두부),닭무침,0.9852429881356031
171,552,현미밥,김치무국,부추잡채,닭무침,0.985144767402029
174,378,찰밥,무국(새우젓),부추잡채,닭무침,0.9850084998551868
199,311,찰밥,게장국,계란말이,닭무침,0.9844431547174736
210,253,찰밥,고동국(올갱이국),두부찜,낙지무침,0.9841711072847492
236,323,찰밥,게장국,달걀부침(김말이),닭무침,0.9838586181883556
250,637,현미밥,고동국(올갱이국),부추잡채,꼬막무침,0.9834881856317884
355,157,찰밥,김치무국,오믈렛,닭무침,0.9816729149395768
370,122,찰밥,김치국(소시지),계란후라이,닭무침,0.981279135986696
404,322,찰밥,게장국,스크램블드에그,닭무침,0.9807648750610104
431,742,현미밥,무국(새우젓),달걀부침(김말이),닭무침,0.980479490550334
436,324,찰밥,게장국,달걀부침,닭무침,0.9803923218125906
456,167,찰밥,김치무국,잡채,닭무침,0.9799464610320008
465,354,찰밥,무국(새우젓),계란말이,꼬막무침,0.9797786799359036
