,Unnamed: 0,밥,국,메인,서브,유사도
0,984,현미밥,고동국(올갱이국),스크램블드에그,해파리냉채,0.9981019883551671
1,223,찰밥,복국(복지리),미나리강회,꼬막무침,0.9938115667560136
2,42,쌀밥,김치무국,부추강회,노가리채무침,0.9936169046154468
4,217,찰밥,복국(복지리),부추강회,노가리채무침,0.9933169940001146
5,45,쌀밥,김치무국,미나리강회,새우무침,0.9931247925916994
6,705,현미밥,복국(복지리),두부찜,굴무침,0.9929821149190248
7,905,현미밥,김치국(참치),미나리강회,닭무침,0.9928535639672402
9,453,찰밥,고동국(올갱이국),달걀부침(김말이),피조개무침,0.992654378633896
10,71,쌀밥,김치국(참치),스크램블드에그,닭무침,0.9926447512545079
12,566,찰밥,고동국(올갱이국),미나리강회,오징어포무침,0.9922780516305392
13,764,현미밥,복국(복지리),파강회,노가리채무침,0.9921499524847628
14,107,쌀밥,무국(새우젓),파강회,꼬막무침,0.9920919290418764
16,418,찰밥,고동국(올갱이국),계란후라이,골뱅이무침,0.9913921080199686
18,947,현미밥,고동국(올갱이국),계란말이,노가리채무침,0.9912268529122285
19,186,찰밥,복국(복지리),부추잡채,꼬막무침,0.9911784478271146
23,324,찰밥,김치국(참치),계란후라이,홍합무침,0.9907644845323352
35,388,찰밥,고동국(올갱이국),순대,닭무침,0.9896544102040871
36,256,찰밥,김치무국,계란후라이,새우무침,0.9894967636454188
37,183,찰밥,복국(복지리),잡채,닭무침,0.9894449308096864
38,677,찰밥,무국(새우젓),미나리강회,꼬막무침,0.9892982145205916
40,152,찰밥,복국(복지리),계란후라이,오징어포무침,0.9892126387340568
41,825,현미밥,김치무국,스크램블드에그,닭무침,0.9891916297211996
43,689,현미밥,호박새우젓국,파강회,새우무침,0.9891175880029804
50,167,찰밥,복국(복지리),오믈렛,닭무침,0.988669658498834
53,867,현미밥,김치국(참치),두부찜,골뱅이무침,0.9884944886117928
55,591,찰밥,게장국,계란후라이,꼬막무침,0.9884564397751509
60,931,현미밥,고동국(올갱이국),두부찜,사태초무침,0.9882824141450086
62,323,찰밥,김치국(참치),계란말이,닭무침,0.988255200330266
65,236,찰밥,김치무국,두부찜,대구포무침,0.9880045176373109
66,86,쌀밥,김치국(참치),부추강회,꼬막무침,0.9880011989541077
69,342,찰밥,김치국(참치),파강회,오징어포무침,0.9879235997004764
74,32,쌀밥,김치무국,파강회,골뱅이무침,0.9877050658913784
75,975,현미밥,고동국(올갱이국),오믈렛(두부),오징어포무침,0.9876716563819542
78,980,현미밥,고동국(올갱이국),오믈렛,오징어포무침,0.9876234958096568
80,4,쌀밥,호박새우젓국,미나리강회,닭무침,0.9875560121492766
87,542,찰밥,고동국(올갱이국),부추강회,오징어포무침,0.9873583618636598
89,502,찰밥,고동국(올갱이국),부추잡채,오징어무침(파),0.987322687321534
90,671,찰밥,무국(새우젓),부추강회,골뱅이무침,0.98728234357623
94,111,찰밥,호박새우젓국,계란후라이,새우무침,0.9871829885249774
97,619,찰밥,무국(새우젓),두부찜,대구포무침,0.9870613089726332
98,636,찰밥,무국(새우젓),계란후라이,소라무침,0.9870206799280798
107,101,쌀밥,게장국,파강회,북어채무침,0.986733723727628
114,250,찰밥,김치무국,계란말이,닭무침,0.9864779565988152
116,175,찰밥,복국(복지리),달걀부침(김말이),꼬막무침,0.9864218035014238
119,529,찰밥,고동국(올갱이국),파강회,사태초무침,0.9863663260544672
123,72,쌀밥,김치국(참치),달걀부침(김말이),닭무침,0.9863026119692744
127,581,찰밥,게장국,두부찜,오징어포무침,0.98618458880048
132,74,쌀밥,김치국(참치),부추잡채,닭무침,0.9860172760328152
139,281,찰밥,김치무국,부추잡채,닭무침,0.9858684336157408
140,337,찰밥,김치국(참치),달걀부침,닭무침,0.985859881538146
142,614,찰밥,게장국,미나리강회,새우무침,0.9858577885623414
145,908,현미밥,고동국(올갱이국),달걀찜,닭무침,0.985804444996226
159,3,쌀밥,호박새우젓국,부추강회,닭무침,0.9855496617100016
171,644,찰밥,무국(새우젓),오믈렛(두부),닭무침,0.9853477161179168
174,478,찰밥,고동국(올갱이국),달걀부침,오징어포무침,0.9852345460909152
175,684,현미밥,호박새우젓국,두부찜,꼬막무침,0.9852294682311634
180,20,쌀밥,김치무국,달걀부침,꼬막무침,0.9851790294447256
204,233,찰밥,김치국(소시지),계란후라이,닭무침,0.9847114738599572
207,272,찰밥,김치무국,달걀부침(김말이),새우무침,0.9846341143143156
220,171,찰밥,복국(복지리),스크램블드에그,오징어포무침,0.9843575908012914
253,613,찰밥,게장국,부추강회,닭무침,0.9837849831817266
380,178,찰밥,복국(복지리),달걀부침,새우무침,0.9814284420810224
387,162,찰밥,복국(복지리),오믈렛(두부),새우무침,0.981271159285862
392,651,찰밥,무국(새우젓),달걀부침,닭무침,0.9810694615334272
396,139,찰밥,복국(복지리),계란말이,꼬막무침,0.9810343994639076
419,822,현미밥,김치무국,오믈렛,닭무침,0.9807606587924768
481,631,찰밥,무국(새우젓),계란말이,닭무침,0.9796639343324166
