,Unnamed: 0,밥,국,메인,서브,유사도
0,34,찰밥,복국(복지리),스크램블드에그,오징어포무침,0.9939835534565564
1,479,현미밥,김치국(참치),계란후라이,대구포무침,0.99373013211788
2,36,찰밥,복국(복지리),달걀부침(김말이),새우무침,0.9934714758799534
3,408,현미밥,김치무국,두부찜,북어채무침,0.9933134746860101
4,50,찰밥,복국(복지리),파강회,홍합무침,0.9930165886602556
5,313,찰밥,무국(새우젓),미나리강회,닭무침,0.9925950243895312
6,461,현미밥,김치무국,미나리강회,꼬막무침,0.9924869234977546
7,948,녹두밥,복국(복지리),부추강회,굴무생채,0.991872820170858
8,251,찰밥,게장국,파강회,노가리채무침,0.9916689590049655
9,599,완두콩밥,호박새우젓국,계란후라이,새우무침,0.9915535251413484
10,107,찰밥,김치무국,계란후라이,피조개무침,0.991528792317214
11,169,찰밥,김치국(참치),두부찜,대구포무침,0.9910773874526456
14,411,현미밥,김치무국,계란말이,꼬막무침,0.9903350784910224
15,738,완두콩밥,김치무국,파강회,북어채무침,0.9903145918611892
16,451,현미밥,김치무국,부추강회,홍합무침,0.9900439859906696
17,215,찰밥,김치국(참치),미나리강회,북어채무침,0.9899946485517148
19,527,현미밥,게장국,계란후라이,새우무침,0.9894747660014968
21,614,완두콩밥,복국(복지리),두부찜,골뱅이무침,0.9893973583180656
23,10,찰밥,호박새우젓국,미나리강회,닭무침,0.9887747383846688
24,428,현미밥,김치무국,스크램블드에그,새우무침,0.9887352401519456
34,40,찰밥,복국(복지리),달걀부침,꼬막무침,0.9881548194874432
36,26,찰밥,복국(복지리),계란후라이,새우무침,0.9880467527304296
38,641,완두콩밥,복국(복지리),부추잡채,북어채무침,0.9880137554301898
43,78,찰밥,복국(복지리),미나리강회,홍합무침,0.987791758158014
44,552,현미밥,무국(새우젓),두부찜,새우무침,0.9877821445769341
46,519,현미밥,게장국,두부찜,새우무침,0.987685871855164
47,899,녹두밥,호박새우젓국,두부찜,꼬막무침,0.9876219221087008
54,304,찰밥,무국(새우젓),부추강회,북어채무침,0.9870831184086588
55,791,완두콩밥,김치국(참치),파강회,북어채무침,0.9869534231293206
58,505,현미밥,김치국(참치),부추강회,북어채무침,0.9868333672906636
68,323,현미밥,호박새우젓국,부추강회,닭무침,0.9865620128491734
70,714,완두콩밥,김치무국,오믈렛(두부),닭무침,0.9864565944723134
82,296,찰밥,무국(새우젓),파강회,북어채무침,0.98597526581
98,258,찰밥,게장국,미나리강회,새우무침,0.9856186244670376
106,490,현미밥,김치국(참치),달걀부침,닭무침,0.9854557439537448
114,491,현미밥,김치국(참치),부추잡채,닭무침,0.9852924379773668
117,243,찰밥,게장국,달걀부침(김말이),닭무침,0.9851435498310492
119,219,찰밥,고동국(올갱이국),파강회,꼴뚜기무침,0.9851134801510648
137,136,찰밥,김치무국,부추잡채,꼬막무침,0.9845732234916692
148,570,현미밥,무국(새우젓),부추잡채,닭무침,0.9842351087914246
155,435,현미밥,김치무국,달걀부침,닭무침,0.9841666537778356
159,271,찰밥,무국(새우젓),계란말이,닭무침,0.9840924996869704
167,134,찰밥,김치무국,잡채,닭무침,0.9839303165772152
176,179,찰밥,김치국(참치),계란말이,닭무침,0.9836175295031035
185,489,현미밥,김치국(참치),달걀부침(김말이),닭무침,0.9834066661884224
205,23,찰밥,복국(복지리),계란말이,닭무침,0.9829410121472852
222,321,현미밥,호박새우젓국,파강회,꼬막무침,0.9826524293891042
226,244,찰밥,게장국,달걀부침,닭무침,0.9826113502380716
236,130,찰밥,김치무국,달걀부침(김말이),닭무침,0.9823620928246162
250,536,현미밥,게장국,부추잡채,닭무침,0.9819723266871088
258,278,찰밥,무국(새우젓),스크램블드에그,꼬막무침,0.9818982905512448
327,547,현미밥,게장국,부추강회,닭무침,0.9804532192547804
329,560,현미밥,무국(새우젓),계란후라이,새우무침,0.9803215927280812
408,427,현미밥,김치무국,오믈렛,닭무침,0.9784175818752578
410,535,현미밥,게장국,스크램블드에그,닭무침,0.9783909291132048
