,Unnamed: 0,밥,국,메인,서브,유사도
0,210,찰밥,김치무국,부추강회,노가리채무침,0.9939799054467571
1,41,찰밥,복국(복지리),두부찜,굴무침,0.9937825470716882
2,749,현미밥,고동국(올갱이국),달걀부침(김말이),닭무침,0.9935091473280456
6,670,현미밥,김치국(참치),두부찜,노가리채무침,0.9931327052375388
7,867,현미밥,무국(새우젓),두부찜,굴무침,0.9930252027554912
8,69,찰밥,복국(복지리),계란후라이,오징어무침,0.9928125968434204
9,431,찰밥,무국(새우젓),계란말이,꼬막무침,0.9927970657893836
10,818,현미밥,고동국(올갱이국),미나리강회,굴무침,0.9925903020549968
11,543,현미밥,복국(복지리),달걀부침(김말이),꼬막무침,0.9924225011666408
12,728,현미밥,고동국(올갱이국),계란후라이,꼬막무침,0.9923029274667456
13,99,찰밥,복국(복지리),부추잡채,닭무침,0.9922511253799337
14,439,찰밥,무국(새우젓),계란후라이,오징어포무침,0.9919182799927256
15,397,찰밥,게장국,계란후라이,북어채무침,0.9915531485532204
17,909,현미밥,무국(새우젓),미나리강회,꼬막무침,0.9913754281527823
18,174,찰밥,김치무국,계란후라이,북어채무침,0.9913371157453674
22,418,찰밥,게장국,미나리강회,닭무침,0.990893502726384
23,124,찰밥,복국(복지리),부추강회,오징어포무침,0.9907161071959729
24,953,콩밥(대두),김치국(참치),미나리강회,꼬막무침,0.990696905112001
25,202,찰밥,김치무국,파강회,북어채무침,0.9905928971668232
26,187,찰밥,김치무국,달걀부침,닭무침,0.9902978079278508
27,674,현미밥,김치국(참치),계란후라이,홍합무침,0.990154162823172
30,213,찰밥,김치무국,미나리강회,홍합무침,0.9898929974537344
31,717,현미밥,고동국(올갱이국),두부찜,굴무생채,0.9898449492108368
36,788,현미밥,고동국(올갱이국),부추강회,해파리냉채,0.9893481113286756
39,405,찰밥,게장국,파강회,꼬막무침,0.9892496144013969
40,927,조밥,김치국(참치),파강회,닭무침,0.9892132749201168
41,132,찰밥,복국(복지리),미나리강회,새우무침,0.989192889109608
42,903,현미밥,무국(새우젓),부추강회,오징어포무침,0.9888612103073352
43,142,찰밥,김치국(소시지),두부찜,닭무침,0.9887864308496312
44,155,찰밥,김치무국,두부찜,북어채무침,0.9887731888893396
46,830,현미밥,게장국,두부찜,골뱅이무침,0.9886605128209172
47,565,현미밥,복국(복지리),파강회,노가리채무침,0.9886191541016184
55,296,찰밥,고동국(올갱이국),달걀부침(야채),꼬막무침,0.9883806145852276
56,893,현미밥,무국(새우젓),파강회,굴무생채,0.9883766516137672
58,83,찰밥,복국(복지리),스크램블드에그,닭무침,0.9881806798823716
60,247,찰밥,김치국(참치),달걀부침,닭무침,0.988145101861176
62,322,찰밥,고동국(올갱이국),파강회,게맛살무침,0.9880643102631488
64,751,현미밥,고동국(올갱이국),달걀부침,오징어포무침,0.988004097446868
87,388,찰밥,게장국,계란말이,닭무침,0.9873068603218358
92,412,찰밥,게장국,부추강회,꼬막무침,0.98694223632154
96,93,찰밥,복국(복지리),잡채,닭무침,0.9869059936865314
110,534,현미밥,복국(복지리),오믈렛(두부),꼬막무침,0.9865244607092128
117,189,찰밥,김치무국,부추잡채,새우무침,0.9862957861174741
128,315,찰밥,고동국(올갱이국),부추잡채,골뱅이무침,0.9860247173269681
131,89,찰밥,복국(복지리),달걀부침,꼬막무침,0.9859668951274168
141,515,현미밥,복국(복지리),계란말이,닭무침,0.9857886285380479
144,264,찰밥,김치국(참치),부추강회,닭무침,0.9857601893714324
155,293,찰밥,고동국(올갱이국),스크램블드에그,오징어포무침,0.9856593221018756
159,271,찰밥,고동국(올갱이국),달걀찜,새우무침,0.985590454425074
161,973,완두콩밥,호박새우젓국,두부찜,닭무침,0.9855267842786049
167,246,찰밥,김치국(참치),달걀부침(김말이),닭무침,0.9853770405504214
172,885,현미밥,무국(새우젓),달걀부침(김말이),닭무침,0.9853248517774894
183,606,현미밥,김치무국,계란말이,새우무침,0.9850761519149474
197,24,찰밥,호박새우젓국,파강회,새우무침,0.9848003251683471
202,487,현미밥,호박새우젓국,계란후라이,새우무침,0.9846540847371484
204,284,찰밥,고동국(올갱이국),계란말이,닭무침,0.9846349206145446
213,447,찰밥,무국(새우젓),스크램블드에그,새우무침,0.9844101829193144
254,445,찰밥,무국(새우젓),오믈렛(두부),닭무침,0.9837909322137186
266,888,현미밥,무국(새우젓),부추잡채,닭무침,0.9835732967169544
268,177,찰밥,김치무국,오믈렛(두부),닭무침,0.9834409644055389
277,183,찰밥,김치무국,달걀부침(김말이),꼬막무침,0.9832528984026656
283,180,찰밥,김치무국,스크램블드에그,꼬막무침,0.9831394987595596
299,844,현미밥,게장국,부추잡채,닭무침,0.9829422759945804
306,28,찰밥,호박새우젓국,미나리강회,닭무침,0.9827354903645026
335,188,찰밥,김치무국,잡채,닭무침,0.9821995352832016
386,623,현미밥,김치무국,오믈렛,닭무침,0.981225659315058
434,76,찰밥,복국(복지리),오믈렛,꼬막무침,0.9805389950002392
446,29,찰밥,두부계란탕,계란후라이,닭무침,0.9804236669086696
462,451,찰밥,무국(새우젓),달걀부침,꼬막무침,0.9800376973522597
491,27,찰밥,호박새우젓국,부추강회,닭무침,0.9793288420733643
