,Unnamed: 0,밥,국,메인,서브,유사도
0,923,차수수밥,김치무국,미나리강회,꼬막무침,0.9929360099730304
1,302,완두콩밥,김치무국,두부찜,굴무침,0.9922119217954278
2,740,차조밥,김치국(참치),미나리강회,새우무침,0.9920859852172071
3,752,차조밥,게장국,부추강회,꼬막무침,0.9919340740500546
5,168,현미밥,김치무국,계란말이,새우무침,0.9910577651201212
6,968,차수수밥,김치국(참치),부추강회,닭무침,0.9901655628246994
7,641,율무밥,게장국,파강회,노가리채무침,0.9901323428826904
8,650,차조밥,호박새우젓국,파강회,꼬막무침,0.9900521443682679
9,597,율무밥,김치국(참치),두부찜,오징어포무침,0.9899983043414506
10,376,완두콩밥,김치국(참치),계란후라이,오징어포무침,0.9889419776651421
11,26,찰밥,김치무국,계란후라이,대구포무침,0.9880939160927672
16,229,현미밥,김치국(참치),계란말이,닭무침,0.9869961372225662
17,568,율무밥,김치무국,파강회,새우무침,0.9865642857962764
18,984,차수수밥,게장국,미나리강회,꼬막무침,0.9865470931868648
22,109,찰밥,김치국(참치),파강회,굴무침,0.9861261220235824
25,350,완두콩밥,김치무국,부추강회,닭무침,0.9860010744931672
27,322,완두콩밥,김치무국,달걀부침(김말이),꼬막무침,0.9859568365241936
28,43,찰밥,김치무국,부추잡채,새우무침,0.9857894566619516
42,777,수수찹쌀밥,김치무국,스크램블드에그,닭무침,0.9849039708820622
51,539,녹두밥,무국(새우젓),파강회,꼬막무침,0.9843747825435208
60,126,찰밥,게장국,계란후라이,꼬막무침,0.9842044734772184
77,326,완두콩밥,김치무국,달걀부침,닭무침,0.9836062740212324
85,292,완두콩밥,복국(복지리),파강회,꼬막무침,0.9834977882195556
93,950,차수수밥,김치국(참치),스크램블드에그,닭무침,0.9832743280811336
95,384,완두콩밥,김치국(참치),달걀부침,닭무침,0.9832134471577
98,291,완두콩밥,호박새우젓국,미나리강회,닭무침,0.9831041551906892
116,0,찰밥,호박새우젓국,두부찜,꼬막무침,0.9823632465117118
169,128,찰밥,게장국,부추잡채,닭무침,0.9804653585761232
170,504,녹두밥,김치국(참치),달걀부침(김말이),닭무침,0.9804248757583051
237,385,완두콩밥,김치국(참치),부추잡채,닭무침,0.9784140103996708
242,873,차수수밥,호박새우젓국,부추강회,닭무침,0.9783632854637461
258,125,찰밥,게장국,두부찜,꼬막무침,0.9780140165800968
301,147,현미밥,호박새우젓국,계란후라이,꼬막무침,0.9770061781659652
