,Unnamed: 0,밥,국,메인,서브,유사도
0,447,쌀밥,고동국(올갱이국),파강회,오징어무침(파),0.9965116661197112
1,799,찰밥,고동국(올갱이국),달걀부침(김말이),피조개무침,0.9962247395878948
2,958,찰밥,당면국,미나리강회,꼬막무침,0.9938777846603748
3,969,찰밥,당면국(양배추),두부찜,북어채무침,0.993354304543518
5,922,찰밥,고동국(올갱이국),미나리강회,낙지무침,0.9928698099903864
6,743,찰밥,고동국(올갱이국),계란후라이,꼴뚜기무침,0.9922780477587207
9,412,쌀밥,고동국(올갱이국),부추잡채,오징어포무침,0.9807255242603244
10,719,찰밥,고동국(올갱이국),계란말이,소라무침,0.9800109226113348
11,220,쌀밥,김치국(참치),달걀부침,닭무침,0.9799060667384908
13,563,쌀밥,당면국(양배추),파강회,닭무침,0.9786358752891464
14,517,쌀밥,게장국,계란후라이,굴무침,0.9782396453951178
15,117,쌀밥,복국(복지리),미나리강회,북어채무침,0.9780770569853298
19,605,쌀밥,무국(새우젓),부추잡채,닭무침,0.9776747636667384
20,165,쌀밥,김치무국,부추잡채,닭무침,0.9775988112129358
21,99,쌀밥,복국(복지리),부추강회,소라무침,0.9775681435794584
22,904,찰밥,고동국(올갱이국),부추강회,오징어무침(어묵),0.9774730303330924
26,524,쌀밥,게장국,파강회,홍합무침,0.9771899030392568
27,136,쌀밥,김치무국,계란말이,닭무침,0.9771743773949338
32,54,쌀밥,복국(복지리),오믈렛(두부),새우무침,0.9766910106495154
33,227,쌀밥,김치국(참치),파강회,굴무침,0.9766751992917446
34,547,쌀밥,당면국(양배추),계란후라이,꼬막무침,0.976572710708053
35,817,찰밥,고동국(올갱이국),달걀부침,홍합무침,0.9765261915374448
36,647,쌀밥,당면국(새우),파강회,노가리채무침,0.976403376196083
39,232,쌀밥,김치국(참치),부추강회,새우무침,0.9760998962978236
40,933,찰밥,당면국,두부찜,꼬막무침,0.9757827926353224
41,145,쌀밥,김치무국,계란후라이,오징어포무침,0.9756939937957584
42,831,찰밥,고동국(올갱이국),잡채,홍합무침,0.9756670690318192
43,259,쌀밥,고동국(올갱이국),두부찜,골뱅이무침,0.9754912142791864
47,781,찰밥,고동국(올갱이국),스크램블드에그,게맛살무침,0.9750581982475665
48,582,쌀밥,무국(새우젓),두부찜,굴무침,0.9749842175380764
51,128,쌀밥,김치무국,두부찜,오징어포무침,0.9747983363432472
52,956,찰밥,당면국,부추강회,닭무침,0.9747369775750148
53,357,쌀밥,고동국(올갱이국),달걀부침(야채),새우무침,0.974544482087381
54,651,쌀밥,당면국(새우),부추강회,꼬막무침,0.9745198852666959
55,942,찰밥,당면국,계란후라이,오징어포무침,0.9743647547182472
58,591,쌀밥,무국(새우젓),계란후라이,소라무침,0.974226970583646
59,321,쌀밥,고동국(올갱이국),오믈렛(두부),소라무침,0.9741451979386928
61,628,쌀밥,무국(새우젓),미나리강회,오징어포무침,0.9739248421319556
70,639,쌀밥,당면국(새우),달걀부침(김말이),닭무침,0.973452132987754
72,62,쌀밥,복국(복지리),스크램블드에그,오징어포무침,0.9733664067027488
96,43,쌀밥,복국(복지리),계란후라이,쥐포무침,0.9717600097442446
99,614,쌀밥,무국(새우젓),파강회,노가리채무침,0.9716708743190609
100,69,쌀밥,복국(복지리),달걀부침,꼬막무침,0.971670123881118
102,153,쌀밥,김치무국,오믈렛,닭무침,0.9716296335554826
105,78,쌀밥,복국(복지리),부추잡채,닭무침,0.9714703506206588
119,27,쌀밥,복국(복지리),두부찜,오징어무침,0.9707842570222004
124,533,쌀밥,게장국,부추강회,꼬막무침,0.9705062362054696
126,337,쌀밥,고동국(올갱이국),오믈렛,굴무침,0.9704859317571424
128,193,쌀밥,김치무국,미나리강회,노가리채무침,0.9704145003532568
130,210,쌀밥,김치국(참치),계란후라이,꼬막무침,0.9702309746961142
131,570,쌀밥,당면국(양배추),미나리강회,꼬막무침,0.970202055843537
133,2,쌀밥,호박새우젓국,두부찜,닭무침,0.9700759531862104
135,160,쌀밥,김치무국,달걀부침,새우무침,0.9700153897872268
139,537,쌀밥,게장국,미나리강회,꼬막무침,0.9699058996964864
149,202,쌀밥,김치국(참치),두부찜,굴무침,0.9697509620562134
151,998,찰밥,당면국(양배추),부추강회,홍합무침,0.9697401185701128
152,170,쌀밥,김치무국,파강회,소라무침,0.9696770368700875
153,245,쌀밥,고동국(올갱이국),달걀찜,닭무침,0.9696027466838318
164,158,쌀밥,김치무국,달걀부침(김말이),꼬막무침,0.9693490029077276
170,421,쌀밥,고동국(올갱이국),짜장볶음,새우무침,0.9692041789870376
173,65,쌀밥,복국(복지리),달걀부침(김말이),꼬막무침,0.969169193968305
178,654,쌀밥,당면국(새우),미나리강회,새우무침,0.9690070588107382
185,5,쌀밥,호박새우젓국,계란후라이,닭무침,0.9688691108418592
186,180,쌀밥,김치무국,부추강회,꼬막무침,0.9688562903443532
192,601,쌀밥,무국(새우젓),달걀부침(김말이),닭무침,0.9687534474764452
197,711,찰밥,고동국(올갱이국),순대,닭무침,0.968708450105896
199,152,쌀밥,김치무국,오믈렛(두부),닭무침,0.9686821010014174
201,241,쌀밥,김치국(참치),미나리강회,북어채무침,0.9686545980208427
206,79,쌀밥,복국(복지리),파강회,피조개무침,0.9685441811955215
212,677,찰밥,복국(복지리),잡채,닭무침,0.9683524705181192
228,621,쌀밥,무국(새우젓),부추강회,골뱅이무침,0.9679474185691568
230,8,쌀밥,호박새우젓국,파강회,닭무침,0.9679141394025303
246,949,찰밥,당면국,파강회,꼬막무침,0.9675144546274408
280,154,쌀밥,김치무국,스크램블드에그,새우무침,0.9668572431045253
281,634,쌀밥,당면국(새우),두부찜,오징어포무침,0.966856071409196
292,550,쌀밥,당면국(양배추),스크램블드에그,닭무침,0.9666778527987706
301,637,쌀밥,당면국(새우),계란후라이,닭무침,0.9665619197213196
321,658,찰밥,두부계란탕,계란후라이,닭무침,0.966202820984562
347,505,쌀밥,게장국,두부찜,골뱅이무침,0.9659209834061884
353,640,쌀밥,당면국(새우),부추잡채,닭무침,0.9658736603790634
368,551,쌀밥,당면국(양배추),달걀부침(김말이),닭무침,0.9656282621198008
393,119,쌀밥,김치국(소시지),두부찜,닭무침,0.9651727902896382
413,59,쌀밥,복국(복지리),오믈렛,닭무침,0.9647767407870166
417,10,쌀밥,호박새우젓국,미나리강회,닭무침,0.9646996423785906
430,521,쌀밥,게장국,스크램블드에그,닭무침,0.9644543161792826
434,120,쌀밥,김치국(소시지),계란후라이,닭무침,0.9643451395925492
465,33,쌀밥,복국(복지리),계란말이,닭무침,0.9639036573020316
