,Unnamed: 0,밥,국,메인,서브,유사도
0,445,쌀밥,고동국(올갱이국),미나리강회,새우무침,0.9958470310780941
1,626,쌀밥,무국(새우젓),부추강회,오징어포무침,0.9958408425183228
3,659,쌀밥,당면국(새우),계란후라이,닭무침,0.995555046324797
4,327,쌀밥,고동국(올갱이국),달걀부침(김말이),새우무침,0.9955468315911552
5,226,쌀밥,고동국(올갱이국),두부찜,문어무침,0.9955461539794545
6,820,찰밥,당면국(양배추),두부찜,골뱅이무침,0.9954290703737592
7,857,찰밥,당면국(양배추),부추강회,북어채무침,0.9949509227069876
8,693,찰밥,고동국(올갱이국),순대,새우무침,0.9945225299852668
9,609,쌀밥,무국(새우젓),부추잡채,새우무침,0.9945136544749236
10,683,쌀밥,당면국(새우),미나리강회,북어채무침,0.9942819421087736
11,258,쌀밥,고동국(올갱이국),계란후라이,대구포무침,0.993800450773182
12,772,찰밥,고동국(올갱이국),부추잡채,오징어무침,0.9936280249591092
14,524,쌀밥,당면국,부추강회,새우무침,0.993303228769118
16,980,현미밥,고동국(올갱이국),잡채,대구포무침,0.9930834751556346
17,735,찰밥,고동국(올갱이국),오믈렛,노가리채무침,0.9930175771095856
18,990,현미밥,고동국(올갱이국),짜장볶음,꼬막무침,0.99254264457817
20,279,쌀밥,고동국(올갱이국),오믈렛(두부),홍합무침,0.9923844700726168
22,501,쌀밥,당면국,두부찜,홍합무침,0.9919348581924692
24,585,쌀밥,무국(새우젓),두부찜,굴무생채,0.9914049603410956
27,900,찰밥,당면국(새우),부추강회,홍합무침,0.9892344705150516
28,547,쌀밥,당면국(양배추),계란후라이,굴무생채,0.9890579947756846
29,607,쌀밥,무국(새우젓),달걀부침(김말이),닭무침,0.9851735860296176
30,635,쌀밥,무국(새우젓),미나리강회,골뱅이무침,0.9830257635767552
31,992,현미밥,고동국(올갱이국),파강회,오징어무침(어묵),0.9815911149063348
33,416,쌀밥,고동국(올갱이국),부추강회,홍합무침,0.9799240152023728
34,738,찰밥,고동국(올갱이국),스크램블드에그,피조개무침,0.9792240125642008
38,523,쌀밥,당면국,파강회,닭무침,0.9774076370860038
39,117,쌀밥,복국(복지리),미나리강회,닭무침,0.9772515298875109
41,889,찰밥,당면국(새우),달걀부침,닭무침,0.9770165146322348
42,616,쌀밥,무국(새우젓),파강회,굴무생채,0.976870506680098
44,165,쌀밥,김치무국,파강회,소라무침,0.9768011275194638
45,99,쌀밥,복국(복지리),부추강회,굴무생채,0.9767428758980712
46,926,현미밥,고동국(올갱이국),계란말이,노가리채무침,0.9766885120149132
50,136,쌀밥,김치무국,계란후라이,피조개무침,0.9763699285478344
56,54,쌀밥,복국(복지리),오믈렛(두부),꼬막무침,0.9758853618397004
57,555,쌀밥,당면국(양배추),달걀부침(김말이),닭무침,0.9758011578163038
60,567,쌀밥,당면국(양배추),파강회,닭무침,0.9754886585840922
61,498,쌀밥,게장국,미나리강회,꼬막무침,0.975411658728946
73,128,쌀밥,김치무국,두부찜,골뱅이무침,0.9739892292061706
74,978,현미밥,고동국(올갱이국),달걀부침,오징어무채,0.973925512880008
76,666,쌀밥,당면국(새우),파강회,꼬막무침,0.9737307632433232
80,600,쌀밥,무국(새우젓),계란후라이,골뱅이무침,0.9734306701580718
83,641,쌀밥,당면국(새우),두부찜,새우무침,0.9731347188052211
92,62,쌀밥,복국(복지리),스크램블드에그,닭무침,0.972556995900112
115,493,쌀밥,게장국,부추강회,새우무침,0.9710152906538704
116,43,쌀밥,복국(복지리),계란후라이,오징어포무침,0.9709539681697402
120,69,쌀밥,복국(복지리),달걀부침,오징어포무침,0.9708590477058426
121,466,쌀밥,게장국,두부찜,오징어포무침,0.9708414084171124
122,153,쌀밥,김치무국,스크램블드에그,새우무침,0.9708171693975656
125,78,쌀밥,복국(복지리),파강회,피조개무침,0.9707004663728852
126,863,찰밥,당면국(양배추),미나리강회,골뱅이무침,0.9706728541011996
130,484,쌀밥,게장국,달걀부침,닭무침,0.9704391172239192
131,483,쌀밥,게장국,스크램블드에그,닭무침,0.9704391172239192
139,27,쌀밥,복국(복지리),두부찜,오징어무침(파),0.9699981996396332
147,193,쌀밥,김치국(참치),계란후라이,오징어포무침,0.9696094009332686
153,2,쌀밥,호박새우젓국,두부찜,닭무침,0.9692759018697418
156,160,쌀밥,김치무국,달걀부침,꼬막무침,0.9692014399248972
169,202,쌀밥,김치국(참치),부추강회,북어채무침,0.9689373360266272
170,170,쌀밥,김치무국,부추강회,굴무침,0.968875474210778
180,158,쌀밥,김치무국,달걀부침(김말이),닭무침,0.9685794699498176
189,65,쌀밥,복국(복지리),달걀부침(김말이),오징어포무침,0.9683817814450292
193,813,찰밥,당면국,미나리강회,닭무침,0.9682808436020252
195,180,쌀밥,김치국(참치),두부찜,홍합무침,0.9681902757721156
205,5,쌀밥,호박새우젓국,계란후라이,닭무침,0.968040861828277
212,320,쌀밥,고동국(올갱이국),달걀부침(야채),꼬막무침,0.9679097515956846
218,152,쌀밥,김치무국,오믈렛,닭무침,0.9678317665247111
220,793,찰밥,당면국,계란후라이,홍합무침,0.9677729266951958
226,179,쌀밥,김치무국,미나리강회,북어채무침,0.9675949807175208
235,73,쌀밥,복국(복지리),부추잡채,새우무침,0.9674264609986828
241,479,쌀밥,게장국,계란후라이,굴무침,0.9672638071913312
247,8,쌀밥,호박새우젓국,부추강회,닭무침,0.9671077029072308
265,488,쌀밥,게장국,파강회,오징어포무침,0.966648082342882
285,541,쌀밥,당면국(양배추),계란말이,닭무침,0.966283942507014
286,118,쌀밥,김치국(소시지),두부찜,닭무침,0.9662416915630908
315,841,찰밥,당면국(양배추),부추잡채,닭무침,0.965771978105619
318,163,쌀밥,김치무국,부추잡채,닭무침,0.9657289105926848
328,133,쌀밥,김치무국,계란말이,새우무침,0.9655743766078476
339,188,쌀밥,김치국(참치),계란말이,닭무침,0.9653432879529548
341,71,쌀밥,복국(복지리),잡채,닭무침,0.9653244055562552
343,890,찰밥,당면국(새우),부추잡채,닭무침,0.9652952108127992
371,203,쌀밥,김치국(참치),미나리강회,홍합무침,0.9649847267300394
408,119,쌀밥,김치국(소시지),계란후라이,닭무침,0.9643772162328036
415,151,쌀밥,김치무국,오믈렛(두부),닭무침,0.964272070257082
429,207,쌀밥,고동국(올갱이국),달걀찜,닭무침,0.963933470177113
432,10,쌀밥,두부계란탕,계란후라이,닭무침,0.9638887995622316
438,29,쌀밥,복국(복지리),계란말이,새우무침,0.9637275256716294
496,57,쌀밥,복국(복지리),오믈렛,꼬막무침,0.9627252906528748
