,Unnamed: 0,밥,국,메인,서브,유사도
0,870,찰밥,고동국(올갱이국),부추강회,홍합무침,0.981544577609942
1,377,쌀밥,고동국(올갱이국),파강회,해파리냉채,0.9814360086736164
2,982,찰밥,당면국(양배추),계란후라이,굴무침,0.98098618077115
3,648,찰밥,김치국(소시지),두부찜,닭무침,0.9807068149834118
4,200,쌀밥,김치국(참치),두부찜,오징어포무침,0.9805952914143296
7,511,쌀밥,무국(새우젓),스크램블드에그,닭무침,0.97931082046691
8,470,쌀밥,게장국,파강회,새우무침,0.9789809975548784
9,106,쌀밥,복국(복지리),부추강회,닭무침,0.978811916138274
10,288,쌀밥,고동국(올갱이국),계란후라이,홍합무침,0.9786384977973815
11,783,찰밥,고동국(올갱이국),달걀부침(김말이),소라무침,0.9785093918994936
12,151,쌀밥,김치무국,계란후라이,닭무침,0.9783057550844784
13,89,쌀밥,복국(복지리),파강회,골뱅이무침,0.9783027912128354
14,961,찰밥,당면국,미나리강회,닭무침,0.9782221232293516
15,817,찰밥,고동국(올갱이국),잡채,북어채무침,0.9781667651819717
17,821,찰밥,고동국(올갱이국),부추잡채,홍합무침,0.9781069137310135
19,477,쌀밥,게장국,부추강회,새우무침,0.9779573967856696
20,123,쌀밥,김치무국,두부찜,대구포무침,0.9778881559335872
22,988,찰밥,당면국(양배추),달걀부침,닭무침,0.977717994275788
23,902,찰밥,고동국(올갱이국),미나리강회,굴무생채,0.9776677491564242
24,761,찰밥,고동국(올갱이국),스크램블드에그,꼬막무침,0.9776456985583812
25,53,쌀밥,복국(복지리),계란후라이,닭무침,0.97740604076889
26,207,쌀밥,김치국(참치),계란후라이,홍합무침,0.9773727430746969
27,733,찰밥,고동국(올갱이국),오믈렛(두부),새우무침,0.9772303925728014
29,507,쌀밥,무국(새우젓),계란후라이,노가리채무침,0.9770736131137936
30,450,쌀밥,게장국,두부찜,골뱅이무침,0.9769057305544242
34,746,찰밥,고동국(올갱이국),오믈렛,꼬막무침,0.9763643569239971
35,235,쌀밥,김치국(참치),부추강회,북어채무침,0.9762021616841974
39,657,찰밥,고동국(올갱이국),달걀찜,꼬막무침,0.9758591859973964
40,228,쌀밥,김치국(참치),파강회,노가리채무침,0.975596637153512
41,356,쌀밥,고동국(올갱이국),달걀부침,노가리채무침,0.9755818355615942
42,117,쌀밥,복국(복지리),미나리강회,북어채무침,0.9755170216530948
47,534,쌀밥,무국(새우젓),부추강회,북어채무침,0.9749328499521868
51,565,찰밥,복국(복지리),계란말이,새우무침,0.9746245473282729
59,61,쌀밥,복국(복지리),스크램블드에그,꼬막무침,0.9740855348229186
65,666,찰밥,고동국(올갱이국),두부찜,새우무침,0.9734030362415858
71,120,쌀밥,김치국(소시지),계란후라이,닭무침,0.9730858956666444
79,973,찰밥,당면국(양배추),계란말이,닭무침,0.9725167366165128
82,68,쌀밥,복국(복지리),달걀부침,새우무침,0.9723910877362204
85,555,찰밥,복국(복지리),두부찜,굴무생채,0.9723497717098556
86,481,쌀밥,게장국,미나리강회,새우무침,0.9723335860154808
88,526,쌀밥,무국(새우젓),파강회,북어채무침,0.9723286403951852
90,996,찰밥,당면국(양배추),파강회,굴무침,0.9721631923599676
92,75,쌀밥,복국(복지리),부추잡채,꼬막무침,0.972149967328777
93,654,찰밥,김치무국,오믈렛,닭무침,0.9721161913533064
98,242,쌀밥,김치국(참치),미나리강회,닭무침,0.9718747840899256
101,932,찰밥,게장국,스크램블드에그,닭무침,0.9716857197160012
109,134,쌀밥,김치무국,계란말이,새우무침,0.9711737044773956
112,191,쌀밥,김치무국,미나리강회,골뱅이무침,0.9709485540205
114,962,찰밥,당면국(양배추),두부찜,홍합무침,0.9708446099706336
115,455,쌀밥,게장국,계란말이,닭무침,0.9708189844860008
116,2,쌀밥,호박새우젓국,두부찜,닭무침,0.9707859989693692
119,488,쌀밥,무국(새우젓),두부찜,꼬막무침,0.9706091825640836
124,184,쌀밥,김치무국,부추강회,노가리채무침,0.970474671331428
126,274,쌀밥,고동국(올갱이국),계란말이,새우무침,0.9704332040199174
130,156,쌀밥,김치무국,스크램블드에그,닭무침,0.9703886388023788
141,688,찰밥,고동국(올갱이국),순대,닭무침,0.9700918829445752
150,986,찰밥,당면국(양배추),스크램블드에그,닭무침,0.9699089675224422
154,64,쌀밥,복국(복지리),달걀부침(김말이),새우무침,0.9698666347295508
155,931,찰밥,게장국,계란후라이,북어채무침,0.9697880010893588
163,5,쌀밥,호박새우젓국,계란후라이,닭무침,0.9696075899311364
177,950,찰밥,당면국,파강회,새우무침,0.9693847036241816
178,174,쌀밥,김치무국,파강회,굴무침,0.969361394269408
180,219,쌀밥,김치국(참치),달걀부침(김말이),닭무침,0.9693382730269964
185,933,찰밥,게장국,달걀부침,닭무침,0.969227521919746
189,165,쌀밥,김치무국,부추잡채,닭무침,0.969082326701034
193,947,찰밥,당면국,계란후라이,북어채무침,0.9690212842788902
197,72,쌀밥,복국(복지리),잡채,닭무침,0.9689475336042116
200,220,쌀밥,김치국(참치),달걀부침,닭무침,0.9689276172926986
206,8,쌀밥,호박새우젓국,파강회,닭무침,0.9686308055346312
220,59,쌀밥,복국(복지리),오믈렛,닭무침,0.968158275567999
245,513,쌀밥,무국(새우젓),달걀부침,닭무침,0.967695935664902
248,512,쌀밥,무국(새우젓),달걀부침(김말이),닭무침,0.9676108985362232
257,206,쌀밥,김치국(참치),계란말이,닭무침,0.9674458281827834
266,838,찰밥,고동국(올갱이국),짜장볶음,꼬막무침,0.9673062011594304
308,159,쌀밥,김치무국,달걀부침(김말이),닭무침,0.9667579212753838
341,591,찰밥,복국(복지리),오믈렛(두부),닭무침,0.9662701963265238
354,218,쌀밥,김치국(참치),스크램블드에그,닭무침,0.9660558064015888
361,940,찰밥,당면국,두부찜,북어채무침,0.9659190948591274
374,516,쌀밥,무국(새우젓),부추잡채,닭무침,0.9657205934898344
379,538,쌀밥,무국(새우젓),미나리강회,꼬막무침,0.9656527195946172
381,497,쌀밥,무국(새우젓),계란말이,닭무침,0.9656444090809684
387,10,쌀밥,호박새우젓국,미나리강회,닭무침,0.9654210429680096
416,773,찰밥,고동국(올갱이국),달걀부침(야채),새우무침,0.9647689461771564
487,162,쌀밥,김치무국,달걀부침,닭무침,0.963751426365994
