,Unnamed: 0,밥,국,메인,서브,유사도
0,971,찰밥,당면국(양배추),계란후라이,홍합무침,0.9816387725192623
1,818,찰밥,고동국(올갱이국),부추잡채,홍합무침,0.981603024981703
3,923,찰밥,게장국,계란후라이,대구포무침,0.9810472425197896
4,189,쌀밥,김치무국,미나리강회,꼬막무침,0.9806512852012926
5,918,찰밥,게장국,두부찜,굴무침,0.9802253063677026
7,372,쌀밥,고동국(올갱이국),파강회,멸치무침,0.979563779436198
8,481,쌀밥,무국(새우젓),두부찜,오징어포무침,0.9793655664831552
10,445,쌀밥,게장국,계란말이,닭무침,0.9790415753837112
11,99,쌀밥,복국(복지리),부추강회,소라무침,0.9788719246835352
12,270,쌀밥,고동국(올갱이국),순대,닭무침,0.9786948485897216
13,739,찰밥,고동국(올갱이국),오믈렛(두부),닭무침,0.9785664331871652
14,141,쌀밥,김치무국,계란후라이,새우무침,0.978363315100804
15,83,쌀밥,복국(복지리),파강회,대구포무침,0.9783627835330052
16,904,찰밥,고동국(올갱이국),미나리강회,꼴뚜기무침,0.9782800778780572
17,771,찰밥,고동국(올갱이국),달걀부침(야채),꼬막무침,0.9782231661341674
19,775,찰밥,고동국(올갱이국),달걀부침(김말이),홍합무침,0.9781619406852192
21,116,쌀밥,복국(복지리),미나리강회,노가리채무침,0.9779463179328896
22,687,찰밥,고동국(올갱이국),계란말이,해파리냉채,0.9778506068395314
25,718,찰밥,고동국(올갱이국),계란후라이,낙지무침,0.9777059566224215
26,50,쌀밥,복국(복지리),계란후라이,오징어무채,0.9774643148735852
27,196,쌀밥,김치국(참치),두부찜,홍합무침,0.9774294820956396
29,552,찰밥,복국(복지리),두부찜,오징어무채,0.9771377810879904
32,940,찰밥,당면국,계란후라이,새우무침,0.9765500090563972
33,795,찰밥,고동국(올갱이국),달걀부침,꼬막무침,0.9765194545780652
34,125,쌀밥,김치무국,두부찜,꼬막무침,0.9764928721923336
36,222,쌀밥,김치국(참치),파강회,홍합무침,0.9762600828876512
38,836,찰밥,고동국(올갱이국),짜장볶음,오징어포무침,0.9761958140936609
39,267,쌀밥,고동국(올갱이국),두부찜,닭무침,0.9759511026067368
41,215,쌀밥,김치국(참치),계란후라이,노가리채무침,0.9756537007095516
45,306,쌀밥,고동국(올갱이국),스크램블드에그,게맛살무침,0.9753180444170464
46,556,찰밥,복국(복지리),계란말이,새우무침,0.9752753730283936
48,503,쌀밥,무국(새우젓),달걀부침,닭무침,0.97499033204813
52,534,찰밥,호박새우젓국,두부찜,새우무침,0.9746814887745684
53,535,찰밥,호박새우젓국,계란후라이,새우무침,0.9746814887745684
60,997,찰밥,당면국(양배추),부추강회,홍합무침,0.973883869885323
61,751,찰밥,고동국(올갱이국),오믈렛,닭무침,0.973787088938625
65,245,쌀밥,고동국(올갱이국),달걀찜,닭무침,0.9734482909301562
66,587,찰밥,복국(복지리),스크램블드에그,새우무침,0.9734292353218474
70,592,찰밥,복국(복지리),달걀부침(김말이),새우무침,0.9730398709916837
72,962,찰밥,당면국(양배추),두부찜,꼬막무침,0.9727850771352669
82,524,쌀밥,무국(새우젓),부추강회,북어채무침,0.9724048967860082
84,397,쌀밥,고동국(올갱이국),부추강회,대구포무침,0.972389116466298
85,496,쌀밥,무국(새우젓),계란후라이,굴무침,0.9723710270108972
86,946,찰밥,당면국,파강회,홍합무침,0.9723031066656038
88,936,찰밥,당면국,두부찜,골뱅이무침,0.9722221684810128
90,69,쌀밥,복국(복지리),달걀부침,꼬막무침,0.9722051564789004
110,180,쌀밥,김치무국,부추강회,꼬막무침,0.9710070816861336
117,460,쌀밥,게장국,파강회,새우무침,0.9706664566159672
119,218,쌀밥,김치국(참치),스크램블드에그,닭무침,0.9706524601901292
122,173,쌀밥,김치무국,파강회,골뱅이무침,0.9705337393677956
130,643,찰밥,김치국(소시지),두부찜,닭무침,0.9703597196507054
139,652,찰밥,김치무국,잡채,닭무침,0.9701506896017502
141,135,쌀밥,김치무국,계란말이,꼬막무침,0.9700836569527156
142,815,찰밥,고동국(올갱이국),잡채,닭무침,0.9700611565644808
151,59,쌀밥,복국(복지리),오믈렛,닭무침,0.9699233992865588
166,513,쌀밥,무국(새우젓),파강회,골뱅이무침,0.9695186129635188
172,163,쌀밥,김치무국,부추잡채,새우무침,0.9694239159639018
174,206,쌀밥,김치국(참치),계란말이,닭무침,0.9693938314346332
182,155,쌀밥,김치무국,스크램블드에그,꼬막무침,0.9691392078407276
189,161,쌀밥,김치무국,달걀부침,꼬막무침,0.9690263187477296
197,530,쌀밥,무국(새우젓),미나리강회,골뱅이무침,0.9687493534317394
199,7,쌀밥,호박새우젓국,파강회,꼬막무침,0.9686892637032594
201,995,찰밥,당면국(양배추),파강회,북어채무침,0.9685992364308532
210,158,쌀밥,김치무국,달걀부침(김말이),꼬막무침,0.9682849430013556
212,56,쌀밥,복국(복지리),오믈렛(두부),닭무침,0.9682187943172096
219,235,쌀밥,김치국(참치),부추강회,북어채무침,0.9680440604569585
247,956,찰밥,당면국,미나리강회,새우무침,0.9675509272660116
248,955,찰밥,당면국,부추강회,닭무침,0.9675509272660116
254,470,쌀밥,게장국,부추강회,닭무침,0.967434099331209
264,73,쌀밥,복국(복지리),부추잡채,홍합무침,0.9673064179435108
326,471,쌀밥,게장국,미나리강회,새우무침,0.9664218557015536
348,153,쌀밥,김치무국,오믈렛,닭무침,0.9659505457463856
373,600,찰밥,복국(복지리),잡채,꼬막무침,0.9653649683391436
410,221,쌀밥,김치국(참치),부추잡채,닭무침,0.9647641889562522
417,241,쌀밥,김치국(참치),미나리강회,북어채무침,0.9646783238894951
427,504,쌀밥,무국(새우젓),부추잡채,새우무침,0.9645237257648698
473,152,쌀밥,김치무국,오믈렛(두부),닭무침,0.963811889720932
484,487,쌀밥,무국(새우젓),계란말이,닭무침,0.963538314647962
492,10,쌀밥,호박새우젓국,미나리강회,닭무침,0.9634053695799264
