,Unnamed: 0,밥,국,메인,서브,유사도
0,953,찰밥,당면국(양배추),두부찜,홍합무침,0.980986115388824
1,412,쌀밥,고동국(올갱이국),부추잡채,오징어포무침,0.9808828647307138
2,718,찰밥,고동국(올갱이국),계란후라이,홍어회무침,0.9801651872900382
3,220,쌀밥,김치국(참치),달걀부침,닭무침,0.9800589277395402
4,432,쌀밥,고동국(올갱이국),파강회,새우무침,0.9789490272596812
5,562,쌀밥,무국(새우젓),두부찜,꼬막무침,0.9787857218029871
6,516,쌀밥,게장국,계란후라이,골뱅이무침,0.9784034603050814
7,117,쌀밥,복국(복지리),미나리강회,북어채무침,0.9782395045084269
11,604,쌀밥,무국(새우젓),부추강회,꼬막무침,0.9778327220772178
12,165,쌀밥,김치무국,부추잡채,닭무침,0.977755381720542
13,99,쌀밥,복국(복지리),부추강회,소라무침,0.9777305425219102
14,901,찰밥,고동국(올갱이국),미나리강회,홍어회무침,0.9776268207453428
18,523,쌀밥,게장국,부추잡채,닭무침,0.9773592095463988
19,136,쌀밥,김치무국,계란말이,닭무침,0.9773323824680356
20,806,찰밥,고동국(올갱이국),달걀부침,게맛살무침,0.9772684903724516
21,986,찰밥,당면국(양배추),파강회,골뱅이무침,0.9771233961830464
22,279,쌀밥,고동국(올갱이국),계란말이,대구포무침,0.9769825097553524
23,743,찰밥,고동국(올갱이국),오믈렛(두부),대구포무침,0.9769767899985764
24,54,쌀밥,복국(복지리),오믈렛(두부),새우무침,0.9768492751729206
25,227,쌀밥,김치국(참치),파강회,굴무침,0.9768297846837354
28,646,찰밥,복국(복지리),계란후라이,골뱅이무침,0.9765541145202004
29,558,쌀밥,당면국(양배추),미나리강회,닭무침,0.9764914009139924
31,232,쌀밥,김치국(참치),부추강회,새우무침,0.9762632167377888
32,928,찰밥,당면국,두부찜,골뱅이무침,0.9759339619762136
33,145,쌀밥,김치무국,계란후라이,오징어포무침,0.9758571958190904
34,828,찰밥,고동국(올갱이국),잡채,북어채무침,0.9758215925070902
35,259,쌀밥,고동국(올갱이국),두부찜,골뱅이무침,0.9756486102125604
36,972,찰밥,당면국(양배추),계란후라이,골뱅이무침,0.9756108008641364
39,779,찰밥,고동국(올갱이국),스크램블드에그,북어채무침,0.975214684813824
40,581,쌀밥,무국(새우젓),계란후라이,노가리채무침,0.9751359126494816
43,128,쌀밥,김치무국,두부찜,오징어포무침,0.9749573547258248
44,951,찰밥,당면국,미나리강회,꼬막무침,0.974896494823346
45,357,쌀밥,고동국(올갱이국),달걀부침(야채),새우무침,0.9747027774169964
47,937,찰밥,당면국,계란후라이,노가리채무침,0.9745221610657424
48,793,찰밥,고동국(올갱이국),달걀부침(김말이),꼬막무침,0.974466196897708
50,590,쌀밥,무국(새우젓),부추잡채,닭무침,0.9743832901055312
54,627,쌀밥,당면국(새우),부추강회,닭무침,0.9740798602293146
62,638,찰밥,복국(복지리),두부찜,오징어무침,0.9736049860705118
64,62,쌀밥,복국(복지리),스크램블드에그,오징어포무침,0.9735255067742132
67,880,찰밥,고동국(올갱이국),부추강회,멸치무침,0.9731846083530038
72,850,찰밥,고동국(올갱이국),짜장볶음,오징어포무침,0.9728947734366178
91,69,쌀밥,복국(복지리),달걀부침,꼬막무침,0.9718295965847086
92,613,쌀밥,무국(새우젓),미나리강회,오징어포무침,0.9718214965344092
93,153,쌀밥,김치무국,오믈렛,닭무침,0.9717894000134728
95,528,쌀밥,게장국,파강회,골뱅이무침,0.971756986597326
98,78,쌀밥,복국(복지리),부추잡채,닭무침,0.9716211225684376
101,993,찰밥,당면국(양배추),부추강회,꼬막무침,0.9715003612579186
116,624,쌀밥,당면국(새우),파강회,북어채무침,0.970716090943187
118,337,쌀밥,고동국(올갱이국),오믈렛,굴무침,0.97064390337534
119,532,쌀밥,게장국,부추강회,새우무침,0.9706303435249712
122,193,쌀밥,김치무국,미나리강회,노가리채무침,0.970572725634082
124,210,쌀밥,김치국(참치),계란후라이,꼬막무침,0.9703897237845508
127,2,쌀밥,호박새우젓국,두부찜,닭무침,0.9702331160271496
129,160,쌀밥,김치무국,달걀부침,새우무침,0.9701754899120016
133,536,쌀밥,게장국,미나리강회,새우무침,0.9700616383037944
142,202,쌀밥,김치국(참치),두부찜,굴무침,0.9699109969972914
144,662,찰밥,복국(복지리),잡채,꼬막무침,0.9698987101222564
146,170,쌀밥,김치무국,파강회,소라무침,0.9698345239172036
147,245,쌀밥,고동국(올갱이국),달걀찜,닭무침,0.969752105253374
158,158,쌀밥,김치무국,달걀부침(김말이),꼬막무침,0.969499726602302
168,65,쌀밥,복국(복지리),달걀부침(김말이),꼬막무침,0.9693236975327956
180,5,쌀밥,호박새우젓국,계란후라이,닭무침,0.969032246182978
183,180,쌀밥,김치무국,부추강회,꼬막무침,0.9689851482764744
187,600,쌀밥,무국(새우젓),파강회,북어채무침,0.9689100671782456
193,152,쌀밥,김치무국,오믈렛(두부),닭무침,0.9688499049401332
196,241,쌀밥,김치국(참치),미나리강회,북어채무침,0.968806201241382
200,79,쌀밥,복국(복지리),파강회,피조개무침,0.9687001177274897
202,697,찰밥,고동국(올갱이국),순대,꼬막무침,0.9686735369430972
225,8,쌀밥,호박새우젓국,파강회,닭무침,0.9680726777946947
242,944,찰밥,당면국,파강회,골뱅이무침,0.9676366104190992
274,154,쌀밥,김치무국,스크램블드에그,새우무침,0.9670251794242692
285,587,쌀밥,무국(새우젓),달걀부침,닭무침,0.9668711401566812
315,657,찰밥,복국(복지리),오믈렛,닭무침,0.9663642697130146
342,504,쌀밥,게장국,두부찜,오징어포무침,0.9660802516789009
365,666,찰밥,김치국(소시지),계란후라이,닭무침,0.965710223734331
388,119,쌀밥,김치국(소시지),두부찜,닭무침,0.9653290671793407
396,510,쌀밥,게장국,계란말이,닭무침,0.9652232670658784
403,542,쌀밥,당면국(양배추),부추잡채,닭무침,0.9651153727255876
412,10,쌀밥,호박새우젓국,미나리강회,닭무침,0.9648591511072684
460,33,쌀밥,복국(복지리),계란말이,닭무침,0.9640634331365624
