,Unnamed: 0,밥,국,메인,서브,유사도
0,693,찰밥,고동국(올갱이국),파강회,멸치무침,0.9969220120995906
1,802,찰밥,당면국,파강회,꼬막무침,0.9961653581208338
2,803,찰밥,당면국(양배추),두부찜,꼬막무침,0.9961653581208338
3,441,찰밥,김치무국,오믈렛,닭무침,0.9959530274861496
4,684,찰밥,고동국(올갱이국),짜장볶음,꼬막무침,0.9948344827182564
5,878,찰밥,무국(새우젓),미나리강회,홍합무침,0.9942098744065646
7,778,찰밥,게장국,계란후라이,골뱅이무침,0.9909771629321752
8,345,찰밥,복국(복지리),스크램블드에그,북어채무침,0.9896394537538626
9,719,찰밥,고동국(올갱이국),부추강회,멸치무침,0.9889091900654658
10,596,찰밥,고동국(올갱이국),오믈렛,골뱅이무침,0.9878858836395848
11,235,쌀밥,게장국,부추강회,닭무침,0.9876090938451096
12,822,찰밥,무국(새우젓),두부찜,대구포무침,0.9874572843288998
13,583,찰밥,고동국(올갱이국),오믈렛(두부),오징어포무침,0.9868909000724176
15,316,찰밥,복국(복지리),계란후라이,해파리냉채,0.986272332150075
16,738,찰밥,고동국(올갱이국),미나리강회,피조개무침,0.9856856769988728
17,770,찰밥,게장국,두부찜,북어채무침,0.9854812319885842
18,385,찰밥,복국(복지리),부추강회,소라무침,0.9852224794039348
19,898,현미밥,호박새우젓국,두부찜,새우무침,0.9845313675067684
21,907,현미밥,호박새우젓국,미나리강회,닭무침,0.9833264489465916
22,891,찰밥,당면국(새우),파강회,노가리채무침,0.9832334090778416
24,858,찰밥,무국(새우젓),파강회,홍합무침,0.9829784995150268
25,542,찰밥,고동국(올갱이국),계란말이,소라무침,0.982688372948409
32,451,찰밥,김치무국,잡채,닭무침,0.9816554061722508
33,437,찰밥,김치무국,계란후라이,북어채무침,0.9815914356898544
35,791,찰밥,게장국,파강회,노가리채무침,0.9813465376032388
36,562,찰밥,고동국(올갱이국),계란후라이,쥐포무침,0.981311169455548
37,482,찰밥,김치국(참치),두부찜,닭무침,0.9811518191084372
40,512,찰밥,고동국(올갱이국),두부찜,새우무침,0.9807771230445153
41,485,찰밥,김치국(참치),계란후라이,대구포무침,0.9806107018991298
42,143,쌀밥,김치무국,미나리강회,홍합무침,0.9805544658748652
43,904,현미밥,호박새우젓국,파강회,새우무침,0.9804737730580029
44,646,찰밥,고동국(올갱이국),달걀부침,굴무생채,0.9802651629490072
46,601,찰밥,고동국(올갱이국),스크램블드에그,피조개무침,0.9800390395850817
48,786,찰밥,게장국,부추잡채,닭무침,0.9796066007705287
51,194,쌀밥,김치국(참치),미나리강회,새우무침,0.979381088122859
52,406,찰밥,김치국(소시지),계란후라이,닭무침,0.9792005912785172
53,464,찰밥,김치무국,부추강회,닭무침,0.9791335061305236
54,784,찰밥,게장국,달걀부침(김말이),닭무침,0.9790521612526778
55,807,찰밥,당면국(양배추),파강회,새우무침,0.97902622525566
58,816,찰밥,당면국(양배추),부추강회,오징어포무침,0.9789278669652534
67,298,찰밥,복국(복지리),두부찜,새우무침,0.9782235714072348
70,655,찰밥,고동국(올갱이국),잡채,대구포무침,0.9777688409273178
79,287,찰밥,호박새우젓국,계란후라이,닭무침,0.97742135487064
80,994,현미밥,복국(복지리),미나리강회,홍합무침,0.9772665023819564
81,847,찰밥,무국(새우젓),오믈렛(두부),닭무침,0.9772642803952418
83,837,찰밥,무국(새우젓),계란후라이,새우무침,0.9772166952310444
91,849,찰밥,무국(새우젓),스크램블드에그,새우무침,0.9765330332475038
92,682,찰밥,고동국(올갱이국),부추잡채,닭무침,0.976512719533264
93,314,찰밥,복국(복지리),계란말이,닭무침,0.9764257865546596
99,636,찰밥,고동국(올갱이국),달걀부침(김말이),오징어무채,0.9762148833684492
101,980,현미밥,복국(복지리),파강회,오징어무채,0.9760859612609794
102,877,찰밥,무국(새우젓),부추강회,닭무침,0.9760644545843736
115,948,현미밥,복국(복지리),오믈렛(두부),닭무침,0.9755369364632044
128,182,쌀밥,김치국(참치),파강회,골뱅이무침,0.9747559156995156
157,819,찰밥,당면국(양배추),미나리강회,오징어포무침,0.9733073144968888
158,162,쌀밥,김치국(참치),계란말이,닭무침,0.9732970635866102
160,31,쌀밥,복국(복지리),달걀부침(김말이),오징어포무침,0.9732116872720142
162,409,찰밥,김치무국,두부찜,대구포무침,0.9731595732609198
173,801,찰밥,게장국,미나리강회,닭무침,0.9727333564953794
176,497,찰밥,김치국(참치),부추강회,새우무침,0.9726379283892652
178,354,찰밥,복국(복지리),달걀부침,닭무침,0.9725740640083654
190,894,찰밥,당면국(새우),부추강회,꼬막무침,0.9722418516062888
201,123,쌀밥,김치무국,파강회,대구포무침,0.971922833165567
205,852,찰밥,무국(새우젓),달걀부침(김말이),닭무침,0.9717143814949684
208,338,찰밥,복국(복지리),오믈렛,새우무침,0.9716177180322646
225,362,찰밥,복국(복지리),부추잡채,닭무침,0.970958704874672
243,452,찰밥,김치무국,부추잡채,새우무침,0.9701017668386602
254,783,찰밥,게장국,스크램블드에그,닭무침,0.9697758596715872
255,447,찰밥,김치무국,달걀부침(김말이),닭무침,0.969766062356706
264,855,찰밥,무국(새우젓),부추잡채,새우무침,0.9694729612703146
270,502,찰밥,고동국(올갱이국),달걀찜,새우무침,0.9693197438546298
279,834,찰밥,무국(새우젓),계란말이,닭무침,0.9692017254581159
287,112,쌀밥,김치무국,스크램블드에그,닭무침,0.9691182145779556
291,534,찰밥,고동국(올갱이국),순대,닭무침,0.9688280609612496
294,785,찰밥,게장국,달걀부침,닭무침,0.9687556457404366
301,620,찰밥,고동국(올갱이국),달걀부침(야채),꼬막무침,0.9686136471963268
322,804,찰밥,당면국(양배추),부추잡채,닭무침,0.9678398996097052
440,210,쌀밥,게장국,계란말이,닭무침,0.9637670578642388
450,92,쌀밥,김치무국,계란말이,닭무침,0.9627886142104889
451,854,찰밥,무국(새우젓),달걀부침,닭무침,0.9627708819875652
457,848,찰밥,무국(새우젓),오믈렛,닭무침,0.9625939739123726
462,405,찰밥,김치국(소시지),두부찜,닭무침,0.962237304687339
470,176,쌀밥,김치국(참치),달걀부침,닭무침,0.9619608332716268
492,9,쌀밥,호박새우젓국,부추강회,닭무침,0.9609950734645442
