,Unnamed: 0,밥,국,메인,서브,유사도
0,869,현미밥,복국(복지리),계란후라이,골뱅이무침,0.9981034773454641
2,760,찰밥,무국(새우젓),두부찜,대구포무침,0.9977112180403244
3,227,찰밥,호박새우젓국,미나리강회,닭무침,0.9960728209381196
5,801,찰밥,무국(새우젓),파강회,굴무생채,0.9950489832307532
7,887,현미밥,복국(복지리),달걀부침(김말이),닭무침,0.9943850607568628
8,590,찰밥,고동국(올갱이국),달걀부침,피조개무침,0.9943248404468896
9,437,찰밥,김치국(참치),계란후라이,굴무침,0.9940118994588282
10,929,현미밥,복국(복지리),미나리강회,굴무생채,0.989812914654028
11,729,찰밥,게장국,계란후라이,골뱅이무침,0.9892499432977248
12,451,찰밥,김치국(참치),미나리강회,새우무침,0.9890252710804864
13,349,찰밥,김치무국,두부찜,굴무생채,0.9880105609528748
14,98,쌀밥,김치무국,부추강회,꼬막무침,0.9877322551062414
15,960,현미밥,김치무국,계란후라이,골뱅이무침,0.9876040636396776
16,541,찰밥,고동국(올갱이국),오믈렛,홍합무침,0.9875745698965248
19,149,쌀밥,김치국(참치),부추강회,홍합무침,0.9863966357669922
20,496,찰밥,고동국(올갱이국),계란말이,오징어포무침,0.9855988725915696
21,194,쌀밥,게장국,미나리강회,오징어포무침,0.9853418894837004
22,880,현미밥,복국(복지리),오믈렛,닭무침,0.9848987115649672
23,610,찰밥,고동국(올갱이국),잡채,오징어포무침,0.9846414466838606
26,661,찰밥,고동국(올갱이국),파강회,오징어무침(어묵),0.9838926424012876
27,618,찰밥,고동국(올갱이국),부추잡채,홍합무침,0.9834373857166574
31,572,찰밥,고동국(올갱이국),달걀부침(야채),꼬막무침,0.9830986971276712
34,302,찰밥,복국(복지리),파강회,게맛살무침,0.9828072345294916
37,827,현미밥,호박새우젓국,두부찜,새우무침,0.9821353731959406
38,472,찰밥,고동국(올갱이국),두부찜,꼴뚜기무침,0.982060461379129
39,423,찰밥,김치국(참치),두부찜,오징어포무침,0.9820300064675062
40,297,찰밥,복국(복지리),부추잡채,북어채무침,0.9819258995780566
42,234,찰밥,복국(복지리),두부찜,새우무침,0.981775040555198
43,225,찰밥,호박새우젓국,파강회,닭무침,0.9817098626230838
45,514,찰밥,고동국(올갱이국),계란후라이,쥐포무침,0.9814707637847944
46,320,찰밥,복국(복지리),부추강회,꼬막무침,0.981430970093976
54,388,찰밥,김치무국,부추잡채,새우무침,0.9803857160554112
58,168,쌀밥,게장국,두부찜,닭무침,0.9797991999146164
61,250,찰밥,복국(복지리),계란말이,닭무침,0.9796186488235241
62,757,찰밥,당면국(양배추),파강회,굴무침,0.9795629901719296
64,74,쌀밥,김치무국,스크램블드에그,닭무침,0.979497791662748
70,738,찰밥,게장국,파강회,홍합무침,0.9791717731544356
75,536,찰밥,고동국(올갱이국),오믈렛(두부),골뱅이무침,0.97905321630534
79,581,찰밥,고동국(올갱이국),달걀부침(김말이),소라무침,0.9787991859307852
86,137,쌀밥,김치국(참치),달걀부침(김말이),닭무침,0.9783536602440388
89,273,찰밥,복국(복지리),오믈렛(두부),닭무침,0.9781668167842712
90,995,현미밥,김치무국,미나리강회,오징어포무침,0.9781286635477876
92,397,찰밥,김치무국,파강회,굴무침,0.9778898857766978
96,124,쌀밥,김치국(참치),계란말이,닭무침,0.977766679871474
105,562,찰밥,고동국(올갱이국),스크램블드에그,오징어포무침,0.977383497991879
106,703,찰밥,고동국(올갱이국),미나리강회,굴무침,0.9773825543419536
113,791,찰밥,무국(새우젓),달걀부침,꼬막무침,0.9770802461271396
117,786,찰밥,무국(새우젓),오믈렛,닭무침,0.9768354155153038
118,784,찰밥,무국(새우젓),계란후라이,닭무침,0.9767716239680792
122,147,쌀밥,김치국(참치),파강회,북어채무침,0.9765506920535236
130,381,찰밥,김치무국,달걀부침(김말이),새우무침,0.9763348560365014
141,831,현미밥,호박새우젓국,계란후라이,꼬막무침,0.9758175500588794
146,287,찰밥,복국(복지리),달걀부침,새우무침,0.9757598637950959
156,951,현미밥,김치무국,계란말이,닭무침,0.9755772006062297
160,486,찰밥,고동국(올갱이국),순대,닭무침,0.9754661404861112
163,677,찰밥,고동국(올갱이국),부추강회,골뱅이무침,0.9754221267063496
177,444,찰밥,김치국(참치),부추잡채,닭무침,0.9748603973240912
183,455,찰밥,고동국(올갱이국),달걀찜,꼬막무침,0.9745807773975436
186,636,찰밥,고동국(올갱이국),짜장볶음,오징어포무침,0.9743647733122064
188,974,현미밥,김치무국,달걀부침,닭무침,0.9743294524211024
191,966,현미밥,김치무국,오믈렛,닭무침,0.974032664553113
195,387,찰밥,김치무국,잡채,닭무침,0.973935938476183
197,810,찰밥,무국(새우젓),부추강회,꼬막무침,0.9738629529262964
200,216,쌀밥,무국(새우젓),미나리강회,닭무침,0.9737862589235562
234,282,찰밥,복국(복지리),스크램블드에그,닭무침,0.9728920088412366
295,177,쌀밥,게장국,스크램블드에그,닭무침,0.9710726795082836
299,746,찰밥,게장국,부추강회,새우무침,0.971001238909926
302,70,쌀밥,김치무국,오믈렛(두부),닭무침,0.9707319985800796
352,737,찰밥,게장국,부추잡채,닭무침,0.9694113495827416
353,736,찰밥,게장국,달걀부침,닭무침,0.9694113495827416
354,291,찰밥,복국(복지리),잡채,꼬막무침,0.969404301354163
395,169,쌀밥,게장국,계란말이,닭무침,0.9684663900929218
399,198,쌀밥,무국(새우젓),부추잡채,꼬막무침,0.9683353355488584
409,342,찰밥,김치국(소시지),계란후라이,닭무침,0.9680040247871864
412,9,쌀밥,호박새우젓국,부추강회,닭무침,0.9679564013678076
