,Unnamed: 0,밥,국,메인,서브,유사도
0,557,찰밥,무국(새우젓),미나리강회,꼬막무침,0.9896373047209404
1,298,찰밥,고동국(올갱이국),두부찜,홍어회무침,0.9894065504476109
2,216,찰밥,김치무국,파강회,대구포무침,0.988422698121052
3,42,찰밥,호박새우젓국,두부찜,꼬막무침,0.9881389663089074
4,772,현미밥,김치국(참치),파강회,굴무침,0.988040401070666
5,378,찰밥,고동국(올갱이국),부추잡채,새우무침,0.98796021941112
6,210,찰밥,김치무국,달걀부침,닭무침,0.9874055732564491
7,45,찰밥,호박새우젓국,계란후라이,꼬막무침,0.9871247771956964
8,890,현미밥,고동국(올갱이국),파강회,게맛살무침,0.9870365040465972
9,70,찰밥,복국(복지리),두부찜,닭무침,0.9868074900466651
10,102,찰밥,복국(복지리),스크램블드에그,새우무침,0.9857352352703436
11,932,현미밥,고동국(올갱이국),부추강회,오징어무채,0.985302348339104
12,841,현미밥,고동국(올갱이국),스크램블드에그,굴무생채,0.9851860341243416
13,443,찰밥,고동국(올갱이국),미나리강회,새우무침,0.9850013613227384
15,976,현미밥,게장국,파강회,새우무침,0.9847869114891764
16,693,현미밥,김치무국,계란후라이,소라무침,0.9847476237849856
17,492,찰밥,게장국,부추강회,오징어포무침,0.9842763650642375
21,479,찰밥,게장국,달걀부침(김말이),닭무침,0.9835111283440814
23,751,현미밥,김치국(참치),두부찜,닭무침,0.9834762102174444
24,740,현미밥,김치무국,미나리강회,북어채무침,0.9832948190079478
25,179,찰밥,김치무국,두부찜,오징어무채,0.9831987031915668
27,651,현미밥,복국(복지리),부추강회,꼬막무침,0.9825177904042548
28,494,찰밥,게장국,미나리강회,새우무침,0.9825148000486968
31,811,현미밥,고동국(올갱이국),순대,꼬막무침,0.9823536138485702
34,127,찰밥,복국(복지리),파강회,대구포무침,0.9821693165456256
35,959,현미밥,게장국,두부찜,오징어포무침,0.9821452404680632
36,122,찰밥,복국(복지리),부추잡채,닭무침,0.9820998116130366
38,352,찰밥,고동국(올갱이국),달걀부침(김말이),해파리냉채,0.981881514381942
44,160,찰밥,복국(복지리),미나리강회,골뱅이무침,0.9811470275045971
45,13,쌀밥,김치무국,부추강회,꼬막무침,0.9810772631511054
52,84,찰밥,복국(복지리),계란후라이,쥐포무침,0.9802319582223028
55,319,찰밥,고동국(올갱이국),계란말이,새우무침,0.9799434645252248
57,32,쌀밥,김치국(참치),부추강회,꼬막무침,0.9798816395594491
58,109,찰밥,복국(복지리),달걀부침(김말이),오징어포무침,0.9797633629989358
65,333,찰밥,고동국(올갱이국),계란후라이,쥐포무침,0.9795370945229344
84,868,현미밥,고동국(올갱이국),달걀부침,굴무침,0.9785870488285692
95,713,현미밥,김치무국,부추잡채,닭무침,0.9782379945001756
102,71,찰밥,복국(복지리),계란말이,새우무침,0.9780784366165058
107,626,현미밥,복국(복지리),달걀부침,닭무침,0.9778351874116354
110,532,찰밥,무국(새우젓),부추잡채,새우무침,0.977764140705058
114,544,찰밥,무국(새우젓),파강회,노가리채무침,0.9776088155229008
116,996,현미밥,무국(새우젓),두부찜,골뱅이무침,0.977563343893652
117,616,현미밥,복국(복지리),오믈렛,닭무침,0.9774615700106324
125,965,현미밥,게장국,계란후라이,새우무침,0.9770258834564184
127,271,찰밥,김치국(참치),부추잡채,닭무침,0.9769440558427314
135,35,쌀밥,김치국(참치),미나리강회,새우무침,0.976788347156678
140,519,찰밥,무국(새우젓),계란후라이,골뱅이무침,0.9765821336909014
145,96,찰밥,복국(복지리),오믈렛(두부),꼬막무침,0.976431650428054
146,202,찰밥,김치무국,스크램블드에그,새우무침,0.976286850717316
151,754,현미밥,김치국(참치),계란후라이,대구포무침,0.976124873563215
152,527,찰밥,무국(새우젓),스크램블드에그,꼬막무침,0.97611843537949
162,764,현미밥,김치국(참치),달걀부침(김말이),닭무침,0.9759820960622956
168,571,현미밥,호박새우젓국,파강회,닭무침,0.975806795654622
175,547,찰밥,무국(새우젓),부추강회,홍합무침,0.9755609218636736
192,268,찰밥,김치국(참치),스크램블드에그,닭무침,0.9749185063257976
202,510,찰밥,무국(새우젓),계란말이,꼬막무침,0.9743739082803548
207,116,찰밥,복국(복지리),잡채,닭무침,0.9742023845787168
209,531,찰밥,무국(새우젓),달걀부침,닭무침,0.9741088755892724
215,524,찰밥,무국(새우젓),오믈렛(두부),닭무침,0.9739221147232714
222,765,현미밥,김치국(참치),달걀부침,닭무침,0.9738413111905904
248,200,찰밥,김치무국,오믈렛(두부),닭무침,0.9732907881051014
267,181,찰밥,김치무국,계란말이,새우무침,0.9728885001208658
269,50,찰밥,호박새우젓국,부추강회,닭무침,0.9728166460806276
271,846,현미밥,고동국(올갱이국),달걀부침(야채),새우무침,0.9727981159785226
282,256,찰밥,김치국(참치),계란말이,닭무침,0.9725792951148078
289,672,현미밥,김치국(소시지),계란후라이,닭무침,0.9724040842273411
290,525,찰밥,무국(새우젓),오믈렛,닭무침,0.9723779901556172
325,573,현미밥,호박새우젓국,미나리강회,닭무침,0.971414292299902
328,789,현미밥,고동국(올갱이국),달걀찜,꼬막무침,0.9711448188550346
338,702,현미밥,김치무국,오믈렛,닭무침,0.9708320171737324
394,1,쌀밥,김치무국,달걀부침(김말이),꼬막무침,0.9696505578543376
401,165,찰밥,김치국(소시지),두부찜,닭무침,0.9694276403071422
443,467,찰밥,게장국,계란말이,닭무침,0.9684610632231676
