,Unnamed: 0,밥,국,메인,서브,유사도
0,710,찰밥,고동국(올갱이국),달걀부침(김말이),노가리채무침,0.9818388805149704
1,245,쌀밥,고동국(올갱이국),달걀찜,닭무침,0.9817071280599832
2,671,찰밥,고동국(올갱이국),오믈렛,오징어포무침,0.9812726924749502
3,742,찰밥,고동국(올갱이국),부추잡채,해파리냉채,0.9808642335091476
4,129,쌀밥,김치무국,두부찜,골뱅이무침,0.9808574735583736
6,850,찰밥,게장국,계란후라이,대구포무침,0.9802211085461804
7,717,찰밥,고동국(올갱이국),달걀부침,게맛살무침,0.979848403982068
8,258,쌀밥,고동국(올갱이국),달걀부침(야채),닭무침,0.9797785070433148
9,346,쌀밥,게장국,파강회,홍합무침,0.9795670205515558
10,67,쌀밥,복국(복지리),달걀부침(김말이),닭무침,0.979093385974216
11,190,쌀밥,김치무국,미나리강회,오징어포무침,0.9789024072683638
12,536,찰밥,복국(복지리),미나리강회,골뱅이무침,0.9787766174411509
14,56,쌀밥,복국(복지리),오믈렛(두부),닭무침,0.9785841866040472
15,558,찰밥,김치무국,계란후라이,대구포무침,0.9784309186807696
18,76,쌀밥,복국(복지리),부추잡채,오징어포무침,0.9781607664327491
19,618,찰밥,고동국(올갱이국),계란말이,소라무침,0.9779342683895113
20,520,찰밥,복국(복지리),부추강회,꼬막무침,0.9779283742935981
21,899,찰밥,당면국(양배추),계란후라이,소라무침,0.9778277614649912
22,134,쌀밥,김치무국,계란말이,새우무침,0.977638525091678
23,501,찰밥,복국(복지리),파강회,해파리냉채,0.9774989849129958
24,825,찰밥,고동국(올갱이국),미나리강회,쥐포무침,0.9774214766072749
25,400,쌀밥,무국(새우젓),파강회,골뱅이무침,0.9773407322851408
28,682,찰밥,고동국(올갱이국),스크램블드에그,새우무침,0.9767652755719362
29,577,찰밥,김치국(참치),계란후라이,북어채무침,0.9767231123809056
33,450,찰밥,복국(복지리),계란말이,오징어포무침,0.9761296756542008
36,230,쌀밥,김치국(참치),파강회,닭무침,0.9758491384853551
40,879,찰밥,당면국,부추강회,닭무침,0.9752643455045344
41,389,쌀밥,무국(새우젓),달걀부침(김말이),닭무침,0.9748913198756064
42,388,쌀밥,무국(새우젓),스크램블드에그,닭무침,0.9748913198756064
46,933,찰밥,당면국(양배추),미나리강회,북어채무침,0.9745343506347968
47,986,찰밥,무국(새우젓),부추강회,오징어포무침,0.9744164638065728
50,241,쌀밥,김치국(참치),미나리강회,북어채무침,0.9741615379534776
51,730,찰밥,고동국(올갱이국),잡채,홍합무침,0.9740969927660972
54,302,쌀밥,고동국(올갱이국),부추강회,굴무침,0.9736976961539008
55,171,쌀밥,김치무국,파강회,굴무생채,0.9736601968857704
56,456,찰밥,복국(복지리),계란후라이,대구포무침,0.9736475910989204
60,428,찰밥,호박새우젓국,미나리강회,닭무침,0.9732507422173874
61,427,찰밥,호박새우젓국,부추강회,닭무침,0.9732507422173874
62,917,찰밥,당면국(양배추),파강회,굴무침,0.973175624184355
65,343,쌀밥,게장국,스크램블드에그,닭무침,0.9728976880690874
69,18,쌀밥,복국(복지리),두부찜,꼬막무침,0.9727495699122948
71,249,쌀밥,고동국(올갱이국),두부찜,낙지무침,0.9726489859642594
73,380,쌀밥,무국(새우젓),계란후라이,굴무생채,0.9726078389679716
74,278,쌀밥,고동국(올갱이국),파강회,굴무생채,0.9725991870411432
84,156,쌀밥,김치무국,스크램블드에그,닭무침,0.972158468587396
89,425,찰밥,호박새우젓국,계란후라이,꼬막무침,0.971639802458416
91,847,찰밥,게장국,두부찜,닭무침,0.9715483817683188
93,627,찰밥,고동국(올갱이국),계란후라이,피조개무침,0.9714289213848294
94,865,찰밥,게장국,부추강회,오징어포무침,0.9713866259647832
97,656,찰밥,고동국(올갱이국),오믈렛(두부),꼬막무침,0.9710274342141564
121,231,쌀밥,김치국(참치),부추강회,홍합무침,0.9703065940255264
124,995,찰밥,무국(새우젓),미나리강회,골뱅이무침,0.9702694700208984
125,198,쌀밥,김치국(참치),두부찜,새우무침,0.9702687667281944
130,61,쌀밥,복국(복지리),스크램블드에그,꼬막무침,0.9701908363579916
138,153,쌀밥,김치무국,오믈렛,닭무침,0.9699239905786936
140,1,쌀밥,호박새우젓국,두부찜,꼬막무침,0.9698908517195841
142,59,쌀밥,복국(복지리),오믈렛,닭무침,0.9698069294325468
148,371,쌀밥,무국(새우젓),두부찜,노가리채무침,0.9697311757682456
149,184,쌀밥,김치무국,부추강회,노가리채무침,0.9697157740757056
150,759,찰밥,고동국(올갱이국),짜장볶음,새우무침,0.9696894772593186
168,883,찰밥,당면국(양배추),두부찜,홍합무침,0.9691748481945636
176,429,찰밥,두부계란탕,계란후라이,닭무침,0.9688802168845794
179,608,찰밥,고동국(올갱이국),순대,꼬막무침,0.9688009665867708
185,70,쌀밥,복국(복지리),달걀부침,오징어포무침,0.968388349307116
189,162,쌀밥,김치무국,달걀부침,닭무침,0.9682677720893892
207,393,쌀밥,무국(새우젓),부추잡채,닭무침,0.967857708833188
220,344,쌀밥,게장국,달걀부침,닭무침,0.9676802991535356
228,907,찰밥,당면국(양배추),스크램블드에그,닭무침,0.9675340542176668
233,7,쌀밥,호박새우젓국,파강회,꼬막무침,0.9674442762953558
265,119,쌀밥,김치국(소시지),두부찜,닭무침,0.9667652651467054
271,157,쌀밥,김치무국,달걀부침(김말이),새우무침,0.9666605198421158
294,872,찰밥,당면국,파강회,꼬막무침,0.9660665936366932
301,332,쌀밥,게장국,계란말이,닭무침,0.9659673992245172
315,923,찰밥,당면국(양배추),부추강회,꼬막무침,0.9654949175501012
317,882,찰밥,당면국,미나리강회,닭무침,0.9653856305601024
380,206,쌀밥,김치국(참치),계란말이,닭무침,0.9641988289897694
414,219,쌀밥,김치국(참치),달걀부침(김말이),닭무침,0.9635176709382752
422,868,찰밥,당면국,두부찜,꼬막무침,0.963088656540894
424,390,쌀밥,무국(새우젓),달걀부침,닭무침,0.9630291365250024
449,359,쌀밥,게장국,미나리강회,꼬막무침,0.9621797364629332
469,542,찰밥,김치국(소시지),계란후라이,닭무침,0.9617771734810776
480,567,찰밥,김치무국,오믈렛(두부),닭무침,0.9614126402352172
