,Unnamed: 0,밥,국,메인,서브,유사도
0,266,찰밥,고동국(올갱이국),파강회,대구포무침,0.989557710896244
1,195,찰밥,김치무국,미나리강회,오징어포무침,0.9885875196086036
2,40,찰밥,복국(복지리),계란후라이,새우무침,0.9883013937125672
3,692,현미밥,게장국,계란후라이,새우무침,0.9882159293876868
4,340,찰밥,게장국,미나리강회,오징어포무침,0.9881133375787372
6,803,완두콩밥,복국(복지리),두부찜,새우무침,0.98720413403661
7,66,찰밥,복국(복지리),달걀부침(김말이),오징어포무침,0.9869717727481936
8,95,찰밥,복국(복지리),파강회,오징어무침(파),0.9858917955068186
10,756,현미밥,무국(새우젓),파강회,닭무침,0.9853314064543812
11,933,완두콩밥,김치무국,스크램블드에그,새우무침,0.985178401811668
12,397,찰밥,무국(새우젓),부추강회,북어채무침,0.9851431529658848
13,497,현미밥,복국(복지리),부추강회,북어채무침,0.9850882035883376
14,888,완두콩밥,복국(복지리),미나리강회,새우무침,0.984943878932346
15,614,현미밥,김치국(참치),파강회,닭무침,0.9848962708910703
16,405,찰밥,무국(새우젓),미나리강회,북어채무침,0.9839436089200109
18,618,현미밥,김치국(참치),부추강회,오징어포무침,0.9838550359272614
19,671,현미밥,고동국(올갱이국),부추강회,문어무침,0.9836268599716032
22,977,완두콩밥,김치국(참치),두부찜,새우무침,0.9834073627282218
23,164,찰밥,김치무국,달걀부침,새우무침,0.9833544781243936
26,245,찰밥,김치국(참치),미나리강회,새우무침,0.9825539254774422
27,729,현미밥,무국(새우젓),계란후라이,홍합무침,0.9825076423305564
28,345,찰밥,무국(새우젓),두부찜,꼬막무침,0.982391796799104
30,162,찰밥,김치무국,달걀부침(김말이),꼬막무침,0.9823158064301432
34,175,찰밥,김치무국,파강회,소라무침,0.9819831636444518
36,190,찰밥,김치무국,부추강회,북어채무침,0.9816955904235548
38,146,찰밥,김치무국,계란후라이,꼬막무침,0.9812542965027078
39,12,찰밥,호박새우젓국,파강회,닭무침,0.9812373928578562
42,222,찰밥,김치국(참치),계란후라이,북어채무침,0.9809418720680044
47,311,찰밥,게장국,계란말이,닭무침,0.9803037134082174
48,839,완두콩밥,복국(복지리),오믈렛,꼬막무침,0.9802406375768004
50,129,찰밥,김치무국,두부찜,굴무생채,0.979985789360532
54,309,찰밥,게장국,두부찜,북어채무침,0.9797485523111568
56,326,찰밥,게장국,파강회,홍합무침,0.9797229189798512
57,253,찰밥,고동국(올갱이국),두부찜,낙지무침,0.9797105562294309
58,297,찰밥,고동국(올갱이국),미나리강회,오징어포무침,0.9797008460703024
59,335,찰밥,게장국,부추강회,꼬막무침,0.9796342637615162
61,591,현미밥,김치국(참치),계란말이,닭무침,0.9796110781671608
64,374,찰밥,무국(새우젓),달걀부침,꼬막무침,0.9793326888628372
70,61,찰밥,복국(복지리),스크램블드에그,오징어포무침,0.9789592623904988
81,227,찰밥,김치국(참치),부추잡채,닭무침,0.9784487555277808
83,636,현미밥,고동국(올갱이국),달걀부침(김말이),닭무침,0.9784190289509695
84,633,현미밥,고동국(올갱이국),달걀부침(야채),꼬막무침,0.9783987543103148
85,54,찰밥,복국(복지리),오믈렛(두부),닭무침,0.9783718001438056
86,898,완두콩밥,김치국(소시지),두부찜,닭무침,0.978366422607758
87,224,찰밥,김치국(참치),스크램블드에그,닭무침,0.9783520091715484
91,13,찰밥,호박새우젓국,부추강회,닭무침,0.9781977952502676
93,255,찰밥,고동국(올갱이국),계란후라이,낙지무침,0.9781265089994048
99,8,찰밥,호박새우젓국,계란후라이,꼬막무침,0.9777668153616788
101,69,찰밥,복국(복지리),달걀부침,꼬막무침,0.9777296149827434
104,4,찰밥,호박새우젓국,두부찜,새우무침,0.977559482143285
105,540,현미밥,김치무국,오믈렛(두부),닭무침,0.9773462043259266
115,76,찰밥,복국(복지리),부추잡채,오징어포무침,0.9770086950937636
117,33,찰밥,복국(복지리),계란말이,오징어포무침,0.9769539734136892
137,325,찰밥,게장국,부추잡채,닭무침,0.976188856494778
139,526,현미밥,김치무국,계란말이,닭무침,0.9761621489413144
143,251,찰밥,고동국(올갱이국),달걀찜,닭무침,0.9761057554431288
167,226,찰밥,김치국(참치),달걀부침,닭무침,0.9753974939968452
182,552,현미밥,김치무국,부추잡채,닭무침,0.9746533555512786
194,378,찰밥,무국(새우젓),부추잡채,닭무침,0.9741100850725026
229,323,찰밥,게장국,달걀부침(김말이),닭무침,0.9734354856848476
244,637,현미밥,고동국(올갱이국),부추잡채,꼬막무침,0.9730548753845086
360,157,찰밥,김치무국,오믈렛,닭무침,0.9699861038810341
364,322,찰밥,게장국,스크램블드에그,닭무침,0.9699106186495736
391,122,찰밥,김치국(소시지),계란후라이,닭무침,0.9694031444067732
411,742,현미밥,무국(새우젓),달걀부침(김말이),닭무침,0.968970810232354
427,324,찰밥,게장국,달걀부침,닭무침,0.9685483030602816
480,167,찰밥,김치무국,잡채,닭무침,0.9670818614857865
