,Unnamed: 0,밥,국,메인,서브,유사도
0,984,현미밥,고동국(올갱이국),스크램블드에그,해파리냉채,0.993866308798802
1,567,찰밥,고동국(올갱이국),미나리강회,골뱅이무침,0.9894906513503626
2,308,찰밥,김치무국,미나리강회,굴무침,0.9892623007770056
3,223,찰밥,복국(복지리),미나리강회,꼬막무침,0.988266238860828
4,42,쌀밥,김치무국,부추강회,노가리채무침,0.9879846509398718
6,388,찰밥,고동국(올갱이국),순대,닭무침,0.987814231963854
7,217,찰밥,복국(복지리),부추강회,노가리채무침,0.9872559507722288
9,905,현미밥,김치국(참치),미나리강회,닭무침,0.9868775455092084
10,71,쌀밥,김치국(참치),스크램블드에그,닭무침,0.9866515274570112
11,107,쌀밥,무국(새우젓),파강회,꼬막무침,0.985586189549272
12,947,현미밥,고동국(올갱이국),계란말이,노가리채무침,0.9851616120810754
13,710,현미밥,복국(복지리),두부찜,오징어무침(파),0.9851256371865637
15,453,찰밥,고동국(올갱이국),달걀부침(김말이),피조개무침,0.9848655315125086
19,502,찰밥,고동국(올갱이국),부추잡채,오징어무침(파),0.9841311152937424
24,418,찰밥,고동국(올갱이국),계란후라이,골뱅이무침,0.983344737324235
25,764,현미밥,복국(복지리),파강회,노가리채무침,0.9833324715622658
27,186,찰밥,복국(복지리),부추잡채,꼬막무침,0.9830503830565336
29,504,찰밥,고동국(올갱이국),파강회,피조개무침,0.9824257507952584
31,324,찰밥,김치국(참치),계란후라이,홍합무침,0.9823081218504026
32,284,찰밥,김치무국,파강회,새우무침,0.9822633664066859
33,825,현미밥,김치무국,스크램블드에그,닭무침,0.9822068634890496
34,183,찰밥,복국(복지리),잡채,닭무침,0.9821030798561559
37,974,현미밥,고동국(올갱이국),오믈렛(두부),꼬막무침,0.981989310546321
40,362,찰밥,고동국(올갱이국),두부찜,피조개무침,0.9817255602742618
42,867,현미밥,김치국(참치),두부찜,골뱅이무침,0.9816272210635808
43,152,찰밥,복국(복지리),계란후라이,오징어포무침,0.981513692438422
45,167,찰밥,복국(복지리),오믈렛,닭무침,0.9810421103967872
47,13,쌀밥,김치무국,계란후라이,오징어포무침,0.9809250674613448
54,86,쌀밥,김치국(참치),부추강회,꼬막무침,0.9800672900065313
56,689,현미밥,호박새우젓국,파강회,새우무침,0.9799775981388282
63,737,현미밥,복국(복지리),스크램블드에그,새우무침,0.9794466899153292
67,681,찰밥,무국(새우젓),미나리강회,북어채무침,0.9794041003583238
70,343,찰밥,김치국(참치),파강회,골뱅이무침,0.9793816735054908
74,591,찰밥,게장국,계란후라이,꼬막무침,0.9792016658299814
80,323,찰밥,김치국(참치),계란말이,닭무침,0.9789302660888324
84,4,쌀밥,호박새우젓국,미나리강회,닭무침,0.9786484112963979
92,884,현미밥,김치국(참치),달걀부침(김말이),닭무침,0.9782570424665736
103,236,찰밥,김치무국,두부찜,대구포무침,0.9779215803599054
109,636,찰밥,무국(새우젓),계란후라이,소라무침,0.9776897123103849
111,542,찰밥,고동국(올갱이국),부추강회,오징어포무침,0.9776196927677104
117,74,쌀밥,김치국(참치),부추잡채,닭무침,0.9774067117965431
118,626,찰밥,무국(새우젓),두부찜,굴무침,0.9773172238765276
125,980,현미밥,고동국(올갱이국),오믈렛,오징어포무침,0.9769401602680576
129,280,찰밥,김치무국,부추잡채,꼬막무침,0.9767870311143864
131,671,찰밥,무국(새우젓),부추강회,골뱅이무침,0.9767748039121948
134,111,찰밥,호박새우젓국,계란후라이,새우무침,0.9767018457092111
138,250,찰밥,김치무국,계란말이,닭무침,0.9765805083997008
141,609,찰밥,게장국,파강회,닭무침,0.9764422504193536
152,175,찰밥,복국(복지리),달걀부침(김말이),꼬막무침,0.9759880435352484
168,337,찰밥,김치국(참치),달걀부침,닭무침,0.975702464996696
171,908,현미밥,고동국(올갱이국),달걀찜,닭무침,0.9756791809742864
173,581,찰밥,게장국,두부찜,오징어포무침,0.975649968255391
177,614,찰밥,게장국,미나리강회,새우무침,0.9754649368048078
182,3,쌀밥,호박새우젓국,부추강회,닭무침,0.975288699289486
183,20,쌀밥,김치무국,달걀부침,꼬막무침,0.975209940919048
191,684,현미밥,호박새우젓국,두부찜,꼬막무침,0.9749420336131068
199,478,찰밥,고동국(올갱이국),달걀부침,오징어포무침,0.9746121819722487
211,644,찰밥,무국(새우젓),오믈렛(두부),닭무침,0.9741081845522254
225,233,찰밥,김치국(소시지),계란후라이,닭무침,0.9737060809220685
228,18,쌀밥,김치무국,달걀부침(김말이),꼬막무침,0.9736629608383656
266,613,찰밥,게장국,부추강회,닭무침,0.9728110228639478
381,651,찰밥,무국(새우젓),달걀부침,닭무침,0.9696848709457584
386,178,찰밥,복국(복지리),달걀부침,새우무침,0.9696617496497468
402,822,현미밥,김치무국,오믈렛,닭무침,0.9693485229486324
411,162,찰밥,복국(복지리),오믈렛(두부),새우무침,0.9690860698373378
413,139,찰밥,복국(복지리),계란말이,꼬막무침,0.9690785741973338
442,652,찰밥,무국(새우젓),부추잡채,새우무침,0.9683911408154949
