,Unnamed: 0,밥,국,메인,서브,유사도
0,13,찰밥,복국(복지리),달걀부침(김말이),꼬막무침,0.9885800211425952
1,941,율무밥,김치무국,계란후라이,닭무침,0.9871652197399016
2,699,녹두밥,복국(복지리),파강회,꼬막무침,0.9867451341512191
3,370,현미밥,김치국(참치),계란후라이,굴무침,0.98569960853995
4,758,녹두밥,김치무국,부추잡채,닭무침,0.9854367140161272
5,168,찰밥,김치국(참치),미나리강회,꼬막무침,0.9853308493302521
8,974,율무밥,김치무국,부추강회,북어채무침,0.9842776546364636
9,234,현미밥,호박새우젓국,두부찜,새우무침,0.9841083592317358
10,120,찰밥,김치무국,미나리강회,노가리채무침,0.984101781041808
14,389,현미밥,김치국(참치),부추강회,꼬막무침,0.9825918775684442
15,327,현미밥,김치무국,파강회,새우무침,0.9822227750365046
16,6,찰밥,호박새우젓국,파강회,새우무침,0.9815118738615008
17,415,현미밥,게장국,부추잡채,닭무침,0.9812248792134086
18,82,찰밥,김치무국,스크램블드에그,꼬막무침,0.9811509721520656
19,383,현미밥,김치국(참치),파강회,굴무침,0.9810421503578696
24,921,율무밥,김치무국,두부찜,오징어무채,0.9799062161762712
35,247,현미밥,복국(복지리),계란말이,꼬막무침,0.9786745139265408
37,403,현미밥,게장국,두부찜,노가리채무침,0.978625805924858
47,188,찰밥,게장국,계란후라이,닭무침,0.9775914963734328
48,213,찰밥,무국(새우젓),부추잡채,닭무침,0.9773079665598636
50,43,찰밥,복국(복지리),미나리강회,오징어포무침,0.9772946806322188
51,666,완두콩밥,무국(새우젓),파강회,새우무침,0.9771593947758644
52,680,완두콩밥,무국(새우젓),미나리강회,꼬막무침,0.977157219762378
55,877,녹두밥,무국(새우젓),부추강회,닭무침,0.976994803617412
57,127,찰밥,김치국(참치),두부찜,굴무생채,0.9768847785821102
61,210,찰밥,무국(새우젓),계란후라이,꼬막무침,0.976611195321172
62,419,현미밥,게장국,파강회,오징어포무침,0.9765587081506636
64,273,현미밥,복국(복지리),부추강회,꼬막무침,0.97651093807346
66,191,찰밥,게장국,달걀부침,닭무침,0.976416389242751
76,428,현미밥,게장국,미나리강회,꼬막무침,0.9760641213964126
79,9,찰밥,호박새우젓국,부추강회,닭무침,0.975767968295673
86,318,현미밥,김치무국,달걀부침(김말이),닭무침,0.9753169726476392
94,745,녹두밥,김치무국,오믈렛(두부),닭무침,0.9750141327977718
105,313,현미밥,김치무국,오믈렛,닭무침,0.9743917455980984
110,320,현미밥,김치무국,달걀부침,꼬막무침,0.974098115737716
121,377,현미밥,김치국(참치),부추잡채,닭무침,0.9737887061137922
140,134,찰밥,김치국(참치),계란말이,닭무침,0.9730807414705652
157,17,찰밥,복국(복지리),부추잡채,닭무침,0.9723956011978684
174,458,완두콩밥,호박새우젓국,계란후라이,새우무침,0.9718478255105842
190,433,현미밥,무국(새우젓),달걀부침(김말이),닭무침,0.9711384452202596
192,11,찰밥,복국(복지리),두부찜,꼬막무침,0.97107910777624
213,201,찰밥,게장국,부추강회,새우무침,0.9702441681012106
232,62,찰밥,김치무국,계란말이,닭무침,0.9698340016372232
243,467,완두콩밥,복국(복지리),계란후라이,꼬막무침,0.9694142162840084
270,600,완두콩밥,김치국(참치),달걀부침,닭무침,0.9684159568980168
275,846,녹두밥,게장국,달걀부침(김말이),닭무침,0.9682044517856075
308,889,율무밥,호박새우젓국,미나리강회,닭무침,0.96706745487369
319,249,현미밥,복국(복지리),스크램블드에그,꼬막무침,0.9665985185298884
455,599,완두콩밥,김치국(참치),달걀부침(김말이),닭무침,0.9627307002333024
484,252,현미밥,복국(복지리),달걀부침,꼬막무침,0.9622997852997012
