,Unnamed: 0,밥,국,메인,서브,유사도
0,169,찰밥,김치국(참치),두부찜,대구포무침,0.9897214581040756
1,34,찰밥,복국(복지리),스크램블드에그,오징어포무침,0.988478378787416
2,479,현미밥,김치국(참치),계란후라이,대구포무침,0.9884082881648116
3,215,찰밥,김치국(참치),미나리강회,북어채무침,0.9882794018461843
4,36,찰밥,복국(복지리),달걀부침(김말이),새우무침,0.9874476735189088
5,50,찰밥,복국(복지리),파강회,홍합무침,0.9871509531225716
6,948,녹두밥,복국(복지리),부추강회,굴무생채,0.9860191389937109
7,599,완두콩밥,호박새우젓국,계란후라이,새우무침,0.9856088662864146
8,313,찰밥,무국(새우젓),미나리강회,닭무침,0.9852429022400072
10,408,현미밥,김치무국,두부찜,북어채무침,0.9850571331343884
11,411,현미밥,김치무국,계란말이,꼬막무침,0.9840163380676809
12,251,찰밥,게장국,파강회,노가리채무침,0.9840128490757909
13,738,완두콩밥,김치무국,파강회,북어채무침,0.9839816274418318
14,461,현미밥,김치무국,미나리강회,꼬막무침,0.9837900895852878
15,451,현미밥,김치무국,부추강회,홍합무침,0.9836308525362032
16,107,찰밥,김치무국,계란후라이,피조개무침,0.9835237253389999
19,621,완두콩밥,복국(복지리),계란후라이,게맛살무침,0.9824887919748958
20,78,찰밥,복국(복지리),미나리강회,홍합무침,0.9824234306052214
23,314,현미밥,호박새우젓국,두부찜,새우무침,0.9814927200880474
24,10,찰밥,호박새우젓국,미나리강회,닭무침,0.9814117790819776
27,614,완두콩밥,복국(복지리),두부찜,골뱅이무침,0.980948892687368
28,197,찰밥,김치국(참치),파강회,새우무침,0.980482405976674
31,435,현미밥,김치무국,달걀부침,닭무침,0.979943916804144
34,206,찰밥,김치국(참치),부추강회,새우무침,0.9799015039009774
40,527,현미밥,게장국,계란후라이,새우무침,0.979650583485966
46,47,찰밥,복국(복지리),부추잡채,닭무침,0.979149627862909
52,552,현미밥,무국(새우젓),두부찜,새우무침,0.9787878860079416
55,519,현미밥,게장국,두부찜,새우무침,0.9786669320225054
57,428,현미밥,김치무국,스크램블드에그,새우무침,0.9785881030879996
59,41,찰밥,복국(복지리),달걀부침,오징어포무침,0.9785620087637856
72,304,찰밥,무국(새우젓),부추강회,북어채무침,0.9779269159414749
87,258,찰밥,게장국,미나리강회,새우무침,0.976786139381458
95,296,찰밥,무국(새우젓),파강회,북어채무침,0.9764353755957312
103,323,현미밥,호박새우젓국,부추강회,닭무침,0.976152756136862
106,570,현미밥,무국(새우젓),부추잡채,닭무침,0.9760030106137796
111,714,완두콩밥,김치무국,오믈렛(두부),닭무침,0.9756539783605528
116,517,현미밥,고동국(올갱이국),파강회,닭무침,0.9753404862687534
124,489,현미밥,김치국(참치),달걀부침(김말이),닭무침,0.9750937594277088
125,490,현미밥,김치국(참치),달걀부침,닭무침,0.9750864976977632
140,243,찰밥,게장국,달걀부침(김말이),닭무침,0.9742901298724024
147,726,완두콩밥,김치무국,부추잡채,꼬막무침,0.9740727314698072
153,491,현미밥,김치국(참치),부추잡채,닭무침,0.9739626870400002
160,321,현미밥,호박새우젓국,파강회,꼬막무침,0.9738500095342644
168,134,찰밥,김치무국,잡채,닭무침,0.973512688817482
179,536,현미밥,게장국,부추잡채,닭무침,0.9731553172018051
184,559,현미밥,무국(새우젓),계란말이,닭무침,0.9730693146972916
218,619,완두콩밥,복국(복지리),계란말이,닭무침,0.971952410182442
220,179,찰밥,김치국(참치),계란말이,닭무침,0.971843944045104
259,244,찰밥,게장국,달걀부침,닭무침,0.9705784716363892
267,130,찰밥,김치무국,달걀부침(김말이),닭무침,0.9702445585030021
300,278,찰밥,무국(새우젓),스크램블드에그,꼬막무침,0.9696325954078342
322,547,현미밥,게장국,부추강회,닭무침,0.9689076052390136
328,560,현미밥,무국(새우젓),계란후라이,새우무침,0.9688332097471828
390,427,현미밥,김치무국,오믈렛,닭무침,0.9664967451093004
391,535,현미밥,게장국,스크램블드에그,닭무침,0.9664555248408672
477,231,찰밥,게장국,계란말이,닭무침,0.9634891898980318
