,Unnamed: 0,밥,국,메인,서브,유사도
0,544,현미밥,복국(복지리),달걀부침(김말이),닭무침,0.9897022137926048
1,290,찰밥,고동국(올갱이국),계란후라이,문어무침,0.9894703489554948
2,210,찰밥,김치무국,부추강회,노가리채무침,0.9884921440298916
3,41,찰밥,복국(복지리),두부찜,굴무침,0.988207421918986
4,749,현미밥,고동국(올갱이국),달걀부침(김말이),닭무침,0.988114273634972
5,367,찰밥,고동국(올갱이국),미나리강회,굴무생채,0.9880248255206916
8,867,현미밥,무국(새우젓),두부찜,굴무침,0.987107109425446
9,69,찰밥,복국(복지리),계란후라이,오징어무침,0.9868767110587968
10,99,찰밥,복국(복지리),부추잡채,닭무침,0.9858012617245041
11,909,현미밥,무국(새우젓),미나리강회,꼬막무침,0.9853645345682313
14,431,찰밥,무국(새우젓),계란말이,꼬막무침,0.9850612801655594
16,953,콩밥(대두),김치국(참치),미나리강회,꼬막무침,0.9848531050772732
17,670,현미밥,김치국(참치),두부찜,노가리채무침,0.9848103769539744
19,439,찰밥,무국(새우젓),계란후라이,오징어포무침,0.9838609137220502
21,674,현미밥,김치국(참치),계란후라이,홍합무침,0.9837689279127652
22,397,찰밥,게장국,계란후라이,북어채무침,0.9835615163804912
23,467,찰밥,무국(새우젓),파강회,닭무침,0.9835495600466264
25,717,현미밥,고동국(올갱이국),두부찜,굴무생채,0.9833626127373852
26,174,찰밥,김치무국,계란후라이,북어채무침,0.9832644016105032
30,788,현미밥,고동국(올갱이국),부추강회,해파리냉채,0.9824185890229457
33,124,찰밥,복국(복지리),부추강회,오징어포무침,0.9822355343566692
34,936,콩밥(대두),김치무국,파강회,골뱅이무침,0.9822144599889752
36,418,찰밥,게장국,미나리강회,닭무침,0.9819726534259596
38,187,찰밥,김치무국,달걀부침,닭무침,0.9818921854093428
39,830,현미밥,게장국,두부찜,골뱅이무침,0.9818499440380902
41,546,현미밥,복국(복지리),달걀부침,꼬막무침,0.9812186276760088
42,155,찰밥,김치무국,두부찜,북어채무침,0.98119266656814
43,12,쌀밥,김치국(참치),파강회,북어채무침,0.9811447594436749
45,142,찰밥,김치국(소시지),두부찜,닭무침,0.9810051218021028
48,296,찰밥,고동국(올갱이국),달걀부침(야채),꼬막무침,0.9807490937064192
50,213,찰밥,김치무국,미나리강회,홍합무침,0.9806234393199059
51,83,찰밥,복국(복지리),스크램블드에그,닭무침,0.9803052230676004
52,337,찰밥,고동국(올갱이국),파강회,북어채무침,0.9802089327012536
53,903,현미밥,무국(새우젓),부추강회,오징어포무침,0.980157459093826
55,136,찰밥,복국(복지리),미나리강회,오징어포무침,0.9799280706157169
56,106,찰밥,복국(복지리),파강회,꼬막무침,0.9798365835137036
58,701,현미밥,김치국(참치),부추강회,북어채무침,0.9796708465705259
71,405,찰밥,게장국,파강회,꼬막무침,0.9792450491420652
72,751,현미밥,고동국(올갱이국),달걀부침,오징어포무침,0.9791477377085516
89,247,찰밥,김치국(참치),달걀부침,닭무침,0.9783565468342864
106,388,찰밥,게장국,계란말이,닭무침,0.9778424338782448
111,72,찰밥,복국(복지리),오믈렛(두부),새우무침,0.977633692128627
112,973,완두콩밥,호박새우젓국,두부찜,닭무침,0.977631454663322
132,412,찰밥,게장국,부추강회,꼬막무침,0.9766524824849104
138,93,찰밥,복국(복지리),잡채,닭무침,0.976502079677416
146,515,현미밥,복국(복지리),계란말이,닭무침,0.9761825683836406
155,725,현미밥,고동국(올갱이국),계란말이,오징어포무침,0.9760677310794512
160,317,찰밥,고동국(올갱이국),부추잡채,닭무침,0.9759100947433738
171,189,찰밥,김치무국,부추잡채,새우무침,0.9755719207444572
177,24,찰밥,호박새우젓국,파강회,새우무침,0.9753590906870084
179,246,찰밥,김치국(참치),달걀부침(김말이),닭무침,0.975301568237314
184,293,찰밥,고동국(올갱이국),스크램블드에그,오징어포무침,0.9750629190741836
186,888,현미밥,무국(새우젓),부추잡채,닭무침,0.9750129759102548
189,271,찰밥,고동국(올갱이국),달걀찜,새우무침,0.9749275295351776
194,606,현미밥,김치무국,계란말이,새우무침,0.9745613817298856
198,445,찰밥,무국(새우젓),오믈렛(두부),닭무침,0.9744261131590904
209,844,현미밥,게장국,부추잡채,닭무침,0.9739982824045572
219,885,현미밥,무국(새우젓),달걀부침(김말이),닭무침,0.9738764810900202
233,449,찰밥,무국(새우젓),스크램블드에그,닭무침,0.97362707681015
271,488,현미밥,호박새우젓국,계란후라이,꼬막무침,0.972745356703645
288,180,찰밥,김치무국,스크램블드에그,꼬막무침,0.9723445157498652
297,184,찰밥,김치무국,달걀부침(김말이),닭무침,0.9722218914977044
304,177,찰밥,김치무국,오믈렛(두부),닭무침,0.9720084900394846
324,28,찰밥,호박새우젓국,미나리강회,닭무침,0.9712104436830864
340,188,찰밥,김치무국,잡채,닭무침,0.9707126347395206
376,623,현미밥,김치무국,오믈렛,닭무침,0.9698948728082916
435,27,찰밥,호박새우젓국,부추강회,닭무침,0.9686150833278636
447,76,찰밥,복국(복지리),오믈렛,꼬막무침,0.9683586734355996
449,451,찰밥,무국(새우젓),달걀부침,꼬막무침,0.9682993017838136
455,29,찰밥,두부계란탕,계란후라이,닭무침,0.9681911651483536
