,Unnamed: 0,밥,국,메인,서브,유사도
0,740,차조밥,김치국(참치),미나리강회,새우무침,0.9869438791822904
1,302,완두콩밥,김치무국,두부찜,굴무침,0.9868739833279384
2,488,녹두밥,김치국(참치),두부찜,골뱅이무침,0.9863660040043366
4,168,현미밥,김치무국,계란말이,새우무침,0.9853430855465553
5,923,차수수밥,김치무국,미나리강회,꼬막무침,0.9846850375606512
6,322,완두콩밥,김치무국,달걀부침(김말이),꼬막무침,0.9846403222245312
7,752,차조밥,게장국,부추강회,꼬막무침,0.9832169943004804
8,968,차수수밥,김치국(참치),부추강회,닭무침,0.9823543746094812
9,641,율무밥,게장국,파강회,노가리채무침,0.9821671140246584
10,650,차조밥,호박새우젓국,파강회,꼬막무침,0.9814344944756364
12,376,완두콩밥,김치국(참치),계란후라이,오징어포무침,0.9806302549503748
13,26,찰밥,김치무국,계란후라이,대구포무침,0.9792893583034028
14,126,찰밥,게장국,계란후라이,꼬막무침,0.9790179718040168
15,142,찰밥,게장국,미나리강회,닭무침,0.9789416754584636
20,794,수수찹쌀밥,김치무국,파강회,굴무침,0.978102887037468
28,43,찰밥,김치무국,부추잡채,새우무침,0.9770169669484272
29,229,현미밥,김치국(참치),계란말이,닭무침,0.9769306265338504
31,504,녹두밥,김치국(참치),달걀부침(김말이),닭무침,0.9768943775571101
32,109,찰밥,김치국(참치),파강회,굴무침,0.976636918067364
34,349,완두콩밥,김치무국,부추강회,북어채무침,0.9765021131683509
40,539,녹두밥,무국(새우젓),파강회,꼬막무침,0.9761891489487541
50,326,완두콩밥,김치무국,달걀부침,닭무침,0.9753853503395948
53,777,수수찹쌀밥,김치무국,스크램블드에그,닭무침,0.9752288719198045
86,6,찰밥,복국(복지리),파강회,꼬막무침,0.973530654809897
88,382,완두콩밥,김치국(참치),스크램블드에그,닭무침,0.9734698853191156
96,384,완두콩밥,김치국(참치),달걀부침,닭무침,0.9729969166295512
149,291,완두콩밥,호박새우젓국,미나리강회,닭무침,0.9704611148454166
154,0,찰밥,호박새우젓국,두부찜,꼬막무침,0.9702188016745524
210,128,찰밥,게장국,부추잡채,닭무침,0.9675896371009308
236,385,완두콩밥,김치국(참치),부추잡채,닭무침,0.966350058414828
268,125,찰밥,게장국,두부찜,꼬막무침,0.9650271934378044
293,873,차수수밥,호박새우젓국,부추강회,닭무침,0.9643636794033515
356,147,현미밥,호박새우젓국,계란후라이,꼬막무침,0.9626605068103148
